Starting job on  Fri Dec 10 07:52:07 KST 2021
Running on  Linux n7 3.10.0-1160.15.2.el7.x86_64 #1 SMP Wed Feb 3 15:06:38 UTC 2021 x86_64 x86_64 x86_64 GNU/Linux
System release  CentOS Linux release 7.9.2009 (Core)
name: WWToLNuQQ_4f_amcatnloFxFx
carddir: cards/production/13TeV/VV/WWToLNuQQ_4f_amcatnloFxFx
queue: local
scram_arch: slc7_amd64_gcc700
cmssw_version: CMSSW_10_6_19
# On branch master
# Changes not staged for commit:
#   (use "git add <file>..." to update what will be committed)
#   (use "git checkout -- <file>..." to discard changes in working directory)
#
#	modified:   gridpack_generation.sh
#
# Untracked files:
#   (use "git add <file>..." to include in what will be committed)
#
#	CLUSTER/
#	VV/
#	WWTo4Q_4f_amcatnloFxFx.log
#	WWToLNuQQ_4f_amcatnloFxFx.log
#	WZToL3Nu_4f_amcatnloFxFx.log
#	WZToLNu2Q_4f_amcatnloFxFx.log
#	ZZTo2Nu2Q_5f_amcatnloFxFx.log
#	ZZTo4Q_5f_amcatnloFxFx.log
#	logs/
#	makeSubmitCLUSTER.py
#	submitVV.sh
no changes added to commit (use "git add" and/or "git commit -a")
Current git revision is:
5aa4091fd1b916913f11f53497d75a688ddda259
diff --git a/bin/MadGraph5_aMCatNLO/gridpack_generation.sh b/bin/MadGraph5_aMCatNLO/gridpack_generation.sh
index d0b2ad4..68c6126 100755
--- a/bin/MadGraph5_aMCatNLO/gridpack_generation.sh
+++ b/bin/MadGraph5_aMCatNLO/gridpack_generation.sh
@@ -200,6 +200,7 @@ make_gridpack () {
     
       if [ "$queue" == "local" ]; then
           echo "set run_mode 2" >> mgconfigscript
+          echo "set nb_core 30" >> mgconfigscript
       else
           #suppress lsf emails
           export LSB_JOB_REPORT_MAIL="N"
/data9/Users/shjeon/MadGraph_Contact/forVV/genproductions/bin/MadGraph5_aMCatNLO
WARNING: In non-interactive mode release checks e.g. deprecated releases, production architectures are disabled.
--2021-12-10 07:52:34--  https://cms-project-generators.web.cern.ch/cms-project-generators/MG5_aMC_v2.6.5.tar.gz
Resolving cms-project-generators.web.cern.ch (cms-project-generators.web.cern.ch)... 188.184.101.152, 2001:1458:d00:35::100:23d
Connecting to cms-project-generators.web.cern.ch (cms-project-generators.web.cern.ch)|188.184.101.152|:443... connected.
HTTP request sent, awaiting response... 200 OK
Length: 34635867 (33M) [application/gzip]
Saving to: 'MG5_aMC_v2.6.5.tar.gz'

     0K .......... .......... .......... .......... ..........  0% 88.1K 6m23s
    50K .......... .......... .......... .......... ..........  0%  176K 4m47s
   100K .......... .......... .......... .......... ..........  0% 73.7M 3m11s
   150K .......... .......... .......... .......... ..........  0%  100M 2m23s
   200K .......... .......... .......... .......... ..........  0%  177K 2m32s
   250K .......... .......... .......... .......... ..........  0% 86.9M 2m7s
   300K .......... .......... .......... .......... ..........  1% 82.1M 1m49s
   350K .......... .......... .......... .......... ..........  1%  176K 1m59s
   400K .......... .......... .......... .......... ..........  1% 80.8M 1m45s
   450K .......... .......... .......... .......... ..........  1%  106M 95s
   500K .......... .......... .......... .......... ..........  1%  105M 86s
   550K .......... .......... .......... .......... ..........  1%  102M 79s
   600K .......... .......... .......... .......... ..........  1%  106M 73s
   650K .......... .......... .......... .......... ..........  2%  178K 81s
   700K .......... .......... .......... .......... ..........  2% 83.0M 75s
   750K .......... .......... .......... .......... ..........  2% 87.1M 70s
   800K .......... .......... .......... .......... ..........  2%  176K 77s
   850K .......... .......... .......... .......... ..........  2%  177K 83s
   900K .......... .......... .......... .......... ..........  2% 81.5M 79s
   950K .......... .......... .......... .......... ..........  2% 85.7M 75s
  1000K .......... .......... .......... .......... ..........  3% 85.7M 71s
  1050K .......... .......... .......... .......... ..........  3% 96.5M 68s
  1100K .......... .......... .......... .......... ..........  3% 81.5M 65s
  1150K .......... .......... .......... .......... ..........  3%  106M 62s
  1200K .......... .......... .......... .......... ..........  3%  102M 59s
  1250K .......... .......... .......... .......... ..........  3%  179K 64s
  1300K .......... .......... .......... .......... ..........  3% 53.1M 61s
  1350K .......... .......... .......... .......... ..........  4% 86.8M 59s
  1400K .......... .......... .......... .......... ..........  4% 90.1M 57s
  1450K .......... .......... .......... .......... ..........  4%  178K 61s
  1500K .......... .......... .......... .......... ..........  4% 83.9M 59s
  1550K .......... .......... .......... .......... ..........  4% 50.0M 57s
  1600K .......... .......... .......... .......... ..........  4% 85.5M 55s
  1650K .......... .......... .......... .......... ..........  5%  178K 59s
  1700K .......... .......... .......... .......... ..........  5% 87.0M 57s
  1750K .......... .......... .......... .......... ..........  5% 66.2M 56s
  1800K .......... .......... .......... .......... ..........  5% 85.5M 54s
  1850K .......... .......... .......... .......... ..........  5%  178K 57s
  1900K .......... .......... .......... .......... ..........  5% 84.5M 56s
  1950K .......... .......... .......... .......... ..........  5% 63.2M 54s
  2000K .......... .......... .......... .......... ..........  6% 57.4M 53s
  2050K .......... .......... .......... .......... ..........  6%  178K 56s
  2100K .......... .......... .......... .......... ..........  6% 77.5M 54s
  2150K .......... .......... .......... .......... ..........  6% 80.6M 53s
  2200K .......... .......... .......... .......... ..........  6% 49.2M 52s
  2250K .......... .......... .......... .......... ..........  6% 68.5M 51s
  2300K .......... .......... .......... .......... ..........  6%  178K 53s
  2350K .......... .......... .......... .......... ..........  7% 84.9M 52s
  2400K .......... .......... .......... .......... ..........  7% 67.3M 51s
  2450K .......... .......... .......... .......... ..........  7% 41.4M 50s
  2500K .......... .......... .......... .......... ..........  7%  178K 52s
  2550K .......... .......... .......... .......... ..........  7% 82.6M 51s
  2600K .......... .......... .......... .......... ..........  7% 88.9M 50s
  2650K .......... .......... .......... .......... ..........  7% 70.8M 49s
  2700K .......... .......... .......... .......... ..........  8% 92.2M 48s
  2750K .......... .......... .......... .......... ..........  8%  178K 50s
  2800K .......... .......... .......... .......... ..........  8% 88.0M 49s
  2850K .......... .......... .......... .......... ..........  8% 68.5M 48s
  2900K .......... .......... .......... .......... ..........  8% 90.4M 47s
  2950K .......... .......... .......... .......... ..........  8%  178K 50s
  3000K .......... .......... .......... .......... ..........  9% 85.7M 49s
  3050K .......... .......... .......... .......... ..........  9% 88.7M 48s
  3100K .......... .......... .......... .......... ..........  9% 69.0M 47s
  3150K .......... .......... .......... .......... ..........  9% 96.4M 46s
  3200K .......... .......... .......... .......... ..........  9%  178K 48s
  3250K .......... .......... .......... .......... ..........  9% 86.2M 47s
  3300K .......... .......... .......... .......... ..........  9% 68.7M 46s
  3350K .......... .......... .......... .......... .......... 10% 92.3M 46s
  3400K .......... .......... .......... .......... .......... 10%  178K 47s
  3450K .......... .......... .......... .......... .......... 10% 84.4M 47s
  3500K .......... .......... .......... .......... .......... 10% 69.1M 46s
  3550K .......... .......... .......... .......... .......... 10% 88.1M 45s
  3600K .......... .......... .......... .......... .......... 10% 96.7M 45s
  3650K .......... .......... .......... .......... .......... 10%  178K 46s
  3700K .......... .......... .......... .......... .......... 11% 85.1M 45s
  3750K .......... .......... .......... .......... .......... 11% 61.6M 45s
  3800K .......... .......... .......... .......... .......... 11% 85.6M 44s
  3850K .......... .......... .......... .......... .......... 11% 90.9M 44s
  3900K .......... .......... .......... .......... .......... 11%  178K 45s
  3950K .......... .......... .......... .......... .......... 11% 62.7M 44s
  4000K .......... .......... .......... .......... .......... 11% 88.0M 44s
  4050K .......... .......... .......... .......... .......... 12% 84.5M 43s
  4100K .......... .......... .......... .......... .......... 12%  178K 45s
  4150K .......... .......... .......... .......... .......... 12% 51.0M 44s
  4200K .......... .......... .......... .......... .......... 12% 81.8M 43s
  4250K .......... .......... .......... .......... .......... 12% 65.9M 43s
  4300K .......... .......... .......... .......... .......... 12% 94.5M 42s
  4350K .......... .......... .......... .......... .......... 13%  178K 44s
  4400K .......... .......... .......... .......... .......... 13% 83.2M 43s
  4450K .......... .......... .......... .......... .......... 13% 67.3M 43s
  4500K .......... .......... .......... .......... .......... 13% 89.5M 42s
  4550K .......... .......... .......... .......... .......... 13%  178K 43s
  4600K .......... .......... .......... .......... .......... 13% 76.2M 43s
  4650K .......... .......... .......... .......... .......... 13% 88.9M 42s
  4700K .......... .......... .......... .......... .......... 14% 67.9M 42s
  4750K .......... .......... .......... .......... .......... 14% 90.8M 41s
  4800K .......... .......... .......... .......... .......... 14%  178K 42s
  4850K .......... .......... .......... .......... .......... 14% 89.1M 42s
  4900K .......... .......... .......... .......... .......... 14% 60.7M 41s
  4950K .......... .......... .......... .......... .......... 14% 87.4M 41s
  5000K .......... .......... .......... .......... .......... 14% 91.7M 40s
  5050K .......... .......... .......... .......... .......... 15%  178K 42s
  5100K .......... .......... .......... .......... .......... 15% 84.7M 41s
  5150K .......... .......... .......... .......... .......... 15% 65.5M 41s
  5200K .......... .......... .......... .......... .......... 15% 89.2M 40s
  5250K .......... .......... .......... .......... .......... 15%  178K 41s
  5300K .......... .......... .......... .......... .......... 15% 76.4M 41s
  5350K .......... .......... .......... .......... .......... 15% 57.4M 40s
  5400K .......... .......... .......... .......... .......... 16% 88.5M 40s
  5450K .......... .......... .......... .......... .......... 16% 88.7M 39s
  5500K .......... .......... .......... .......... .......... 16%  178K 40s
  5550K .......... .......... .......... .......... .......... 16% 46.0M 40s
  5600K .......... .......... .......... .......... .......... 16% 83.6M 40s
  5650K .......... .......... .......... .......... .......... 16% 86.9M 39s
  5700K .......... .......... .......... .......... .......... 16% 92.5M 39s
  5750K .......... .......... .......... .......... .......... 17%  178K 40s
  5800K .......... .......... .......... .......... .......... 17% 67.4M 39s
  5850K .......... .......... .......... .......... .......... 17% 85.4M 39s
  5900K .......... .......... .......... .......... .......... 17% 85.4M 39s
  5950K .......... .......... .......... .......... .......... 17%  178K 39s
  6000K .......... .......... .......... .......... .......... 17% 68.1M 39s
  6050K .......... .......... .......... .......... .......... 18% 83.5M 39s
  6100K .......... .......... .......... .......... .......... 18% 89.3M 38s
  6150K .......... .......... .......... .......... .......... 18% 82.7M 38s
  6200K .......... .......... .......... .......... .......... 18%  178K 39s
  6250K .......... .......... .......... .......... .......... 18% 32.4M 38s
  6300K .......... .......... .......... .......... .......... 18% 87.0M 38s
  6350K .......... .......... .......... .......... .......... 18% 88.0M 38s
  6400K .......... .......... .......... .......... .......... 19% 98.9M 37s
  6450K .......... .......... .......... .......... .......... 19%  178K 38s
  6500K .......... .......... .......... .......... .......... 19% 59.9M 38s
  6550K .......... .......... .......... .......... .......... 19% 84.5M 37s
  6600K .......... .......... .......... .......... .......... 19% 89.2M 37s
  6650K .......... .......... .......... .......... .......... 19% 97.2M 37s
  6700K .......... .......... .......... .......... .......... 19%  178K 38s
  6750K .......... .......... .......... .......... .......... 20% 66.3M 37s
  6800K .......... .......... .......... .......... .......... 20% 81.8M 37s
  6850K .......... .......... .......... .......... .......... 20% 88.0M 37s
  6900K .......... .......... .......... .......... .......... 20%  178K 37s
  6950K .......... .......... .......... .......... .......... 20% 78.3M 37s
  7000K .......... .......... .......... .......... .......... 20% 61.4M 37s
  7050K .......... .......... .......... .......... .......... 20% 87.2M 36s
  7100K .......... .......... .......... .......... .......... 21% 70.2M 36s
  7150K .......... .......... .......... .......... .......... 21%  178K 37s
  7200K .......... .......... .......... .......... .......... 21% 63.5M 36s
  7250K .......... .......... .......... .......... .......... 21% 78.5M 36s
  7300K .......... .......... .......... .......... .......... 21% 78.9M 36s
  7350K .......... .......... .......... .......... .......... 21% 65.5M 35s
  7400K .......... .......... .......... .......... .......... 22%  178K 36s
  7450K .......... .......... .......... .......... .......... 22% 67.3M 36s
  7500K .......... .......... .......... .......... .......... 22% 83.3M 36s
  7550K .......... .......... .......... .......... .......... 22% 66.5M 35s
  7600K .......... .......... .......... .......... .......... 22% 90.7M 35s
  7650K .......... .......... .......... .......... .......... 22% 1.25M 35s
  7700K .......... .......... .......... .......... .......... 22%  207K 35s
  7750K .......... .......... .......... .......... .......... 23% 71.2M 35s
  7800K .......... .......... .......... .......... .......... 23% 68.8M 35s
  7850K .......... .......... .......... .......... .......... 23% 78.6M 34s
  7900K .......... .......... .......... .......... .......... 23% 87.1M 34s
  7950K .......... .......... .......... .......... .......... 23%  178K 35s
  8000K .......... .......... .......... .......... .......... 23% 66.0M 34s
  8050K .......... .......... .......... .......... .......... 23% 89.6M 34s
  8100K .......... .......... .......... .......... .......... 24% 84.8M 34s
  8150K .......... .......... .......... .......... .......... 24% 86.8M 34s
  8200K .......... .......... .......... .......... .......... 24% 1.26M 34s
  8250K .......... .......... .......... .......... .......... 24%  206K 34s
  8300K .......... .......... .......... .......... .......... 24% 67.3M 34s
  8350K .......... .......... .......... .......... .......... 24% 86.9M 33s
  8400K .......... .......... .......... .......... .......... 24% 82.4M 33s
  8450K .......... .......... .......... .......... .......... 25% 93.0M 33s
  8500K .......... .......... .......... .......... .......... 25%  178K 34s
  8550K .......... .......... .......... .......... .......... 25% 81.4M 33s
  8600K .......... .......... .......... .......... .......... 25% 81.6M 33s
  8650K .......... .......... .......... .......... .......... 25% 88.5M 33s
  8700K .......... .......... .......... .......... .......... 25% 87.2M 32s
  8750K .......... .......... .......... .......... .......... 26% 76.5M 32s
  8800K .......... .......... .......... .......... .......... 26%  178K 33s
  8850K .......... .......... .......... .......... .......... 26% 74.2M 33s
  8900K .......... .......... .......... .......... .......... 26% 86.8M 32s
  8950K .......... .......... .......... .......... .......... 26% 68.7M 32s
  9000K .......... .......... .......... .......... .......... 26% 92.7M 32s
  9050K .......... .......... .......... .......... .......... 26% 98.5M 32s
  9100K .......... .......... .......... .......... .......... 27%  179K 32s
  9150K .......... .......... .......... .......... .......... 27% 39.8M 32s
  9200K .......... .......... .......... .......... .......... 27% 84.1M 32s
  9250K .......... .......... .......... .......... .......... 27% 83.7M 31s
  9300K .......... .......... .......... .......... .......... 27% 85.3M 31s
  9350K .......... .......... .......... .......... .......... 27% 98.7M 31s
  9400K .......... .......... .......... .......... .......... 27%  178K 31s
  9450K .......... .......... .......... .......... .......... 28% 81.0M 31s
  9500K .......... .......... .......... .......... .......... 28% 81.4M 31s
  9550K .......... .......... .......... .......... .......... 28% 81.9M 31s
  9600K .......... .......... .......... .......... .......... 28% 68.2M 31s
  9650K .......... .......... .......... .......... .......... 28% 93.7M 30s
  9700K .......... .......... .......... .......... .......... 28% 1.29M 30s
  9750K .......... .......... .......... .......... .......... 28%  206K 31s
  9800K .......... .......... .......... .......... .......... 29% 80.1M 30s
  9850K .......... .......... .......... .......... .......... 29% 63.3M 30s
  9900K .......... .......... .......... .......... .......... 29% 85.9M 30s
  9950K .......... .......... .......... .......... .......... 29% 84.5M 30s
 10000K .......... .......... .......... .......... .......... 29% 96.6M 30s
 10050K .......... .......... .......... .......... .......... 29%  179K 30s
 10100K .......... .......... .......... .......... .......... 30% 79.5M 30s
 10150K .......... .......... .......... .......... .......... 30% 84.5M 30s
 10200K .......... .......... .......... .......... .......... 30% 87.4M 29s
 10250K .......... .......... .......... .......... .......... 30% 88.0M 29s
 10300K .......... .......... .......... .......... .......... 30% 67.7M 29s
 10350K .......... .......... .......... .......... .......... 30% 95.5M 29s
 10400K .......... .......... .......... .......... .......... 30% 1.31M 29s
 10450K .......... .......... .......... .......... .......... 31%  206K 29s
 10500K .......... .......... .......... .......... .......... 31% 58.2M 29s
 10550K .......... .......... .......... .......... .......... 31% 86.1M 29s
 10600K .......... .......... .......... .......... .......... 31% 79.0M 28s
 10650K .......... .......... .......... .......... .......... 31% 85.6M 28s
 10700K .......... .......... .......... .......... .......... 31% 72.3M 28s
 10750K .......... .......... .......... .......... .......... 31%  101M 28s
 10800K .......... .......... .......... .......... .......... 32%  179K 28s
 10850K .......... .......... .......... .......... .......... 32% 76.8M 28s
 10900K .......... .......... .......... .......... .......... 32% 86.2M 28s
 10950K .......... .......... .......... .......... .......... 32% 68.5M 28s
 11000K .......... .......... .......... .......... .......... 32% 86.3M 27s
 11050K .......... .......... .......... .......... .......... 32% 84.4M 27s
 11100K .......... .......... .......... .......... .......... 32% 93.6M 27s
 11150K .......... .......... .......... .......... .......... 33% 1.34M 27s
 11200K .......... .......... .......... .......... .......... 33%  205K 27s
 11250K .......... .......... .......... .......... .......... 33% 85.8M 27s
 11300K .......... .......... .......... .......... .......... 33% 80.0M 27s
 11350K .......... .......... .......... .......... .......... 33% 84.7M 27s
 11400K .......... .......... .......... .......... .......... 33% 66.4M 27s
 11450K .......... .......... .......... .......... .......... 33% 87.1M 26s
 11500K .......... .......... .......... .......... .......... 34% 89.1M 26s
 11550K .......... .......... .......... .......... .......... 34%  105M 26s
 11600K .......... .......... .......... .......... .......... 34%  179K 26s
 11650K .......... .......... .......... .......... .......... 34% 86.4M 26s
 11700K .......... .......... .......... .......... .......... 34% 85.2M 26s
 11750K .......... .......... .......... .......... .......... 34% 86.3M 26s
 11800K .......... .......... .......... .......... .......... 35% 87.0M 26s
 11850K .......... .......... .......... .......... .......... 35% 68.8M 26s
 11900K .......... .......... .......... .......... .......... 35% 86.8M 25s
 11950K .......... .......... .......... .......... .......... 35% 93.8M 25s
 12000K .......... .......... .......... .......... .......... 35% 96.1M 25s
 12050K .......... .......... .......... .......... .......... 35%  179K 25s
 12100K .......... .......... .......... .......... .......... 35% 84.6M 25s
 12150K .......... .......... .......... .......... .......... 36% 85.2M 25s
 12200K .......... .......... .......... .......... .......... 36% 85.0M 25s
 12250K .......... .......... .......... .......... .......... 36% 77.9M 25s
 12300K .......... .......... .......... .......... .......... 36% 79.2M 25s
 12350K .......... .......... .......... .......... .......... 36% 69.9M 24s
 12400K .......... .......... .......... .......... .......... 36% 99.4M 24s
 12450K .......... .......... .......... .......... .......... 36%  101M 24s
 12500K .......... .......... .......... .......... .......... 37%  180K 25s
 12550K .......... .......... .......... .......... .......... 37% 54.0M 24s
 12600K .......... .......... .......... .......... .......... 37% 88.1M 24s
 12650K .......... .......... .......... .......... .......... 37% 84.5M 24s
 12700K .......... .......... .......... .......... .......... 37% 87.3M 24s
 12750K .......... .......... .......... .......... .......... 37% 69.2M 24s
 12800K .......... .......... .......... .......... .......... 37% 86.6M 24s
 12850K .......... .......... .......... .......... .......... 38% 93.9M 23s
 12900K .......... .......... .......... .......... .......... 38% 96.3M 23s
 12950K .......... .......... .......... .......... .......... 38% 1.34M 23s
 13000K .......... .......... .......... .......... .......... 38%  206K 23s
 13050K .......... .......... .......... .......... .......... 38% 83.9M 23s
 13100K .......... .......... .......... .......... .......... 38% 84.3M 23s
 13150K .......... .......... .......... .......... .......... 39% 88.7M 23s
 13200K .......... .......... .......... .......... .......... 39% 68.3M 23s
 13250K .......... .......... .......... .......... .......... 39% 88.0M 23s
 13300K .......... .......... .......... .......... .......... 39% 88.9M 23s
 13350K .......... .......... .......... .......... .......... 39% 88.1M 22s
 13400K .......... .......... .......... .......... .......... 39%  101M 22s
 13450K .......... .......... .......... .......... .......... 39% 1.34M 22s
 13500K .......... .......... .......... .......... .......... 40%  206K 22s
 13550K .......... .......... .......... .......... .......... 40% 75.5M 22s
 13600K .......... .......... .......... .......... .......... 40% 86.0M 22s
 13650K .......... .......... .......... .......... .......... 40% 68.1M 22s
 13700K .......... .......... .......... .......... .......... 40% 85.7M 22s
 13750K .......... .......... .......... .......... .......... 40% 79.1M 22s
 13800K .......... .......... .......... .......... .......... 40% 87.2M 22s
 13850K .......... .......... .......... .......... .......... 41% 79.4M 22s
 13900K .......... .......... .......... .......... .......... 41% 75.8M 21s
 13950K .......... .......... .......... .......... .......... 41%  105M 21s
 14000K .......... .......... .......... .......... .......... 41%  180K 22s
 14050K .......... .......... .......... .......... .......... 41% 82.6M 21s
 14100K .......... .......... .......... .......... .......... 41% 68.2M 21s
 14150K .......... .......... .......... .......... .......... 41% 87.5M 21s
 14200K .......... .......... .......... .......... .......... 42% 84.8M 21s
 14250K .......... .......... .......... .......... .......... 42% 82.8M 21s
 14300K .......... .......... .......... .......... .......... 42% 67.8M 21s
 14350K .......... .......... .......... .......... .......... 42% 87.2M 21s
 14400K .......... .......... .......... .......... .......... 42% 86.7M 21s
 14450K .......... .......... .......... .......... .......... 42% 89.5M 20s
 14500K .......... .......... .......... .......... .......... 43%  100M 20s
 14550K .......... .......... .......... .......... .......... 43% 1.35M 20s
 14600K .......... .......... .......... .......... .......... 43%  207K 20s
 14650K .......... .......... .......... .......... .......... 43% 80.4M 20s
 14700K .......... .......... .......... .......... .......... 43% 86.3M 20s
 14750K .......... .......... .......... .......... .......... 43% 68.6M 20s
 14800K .......... .......... .......... .......... .......... 43% 89.3M 20s
 14850K .......... .......... .......... .......... .......... 44% 98.4M 20s
 14900K .......... .......... .......... .......... .......... 44% 24.9M 20s
 14950K .......... .......... .......... .......... .......... 44% 79.4M 20s
 15000K .......... .......... .......... .......... .......... 44%  176K 20s
 15050K .......... .......... .......... .......... .......... 44% 1.42M 20s
 15100K .......... .......... .......... .......... .......... 44%  205K 20s
 15150K .......... .......... .......... .......... .......... 44% 86.4M 20s
 15200K .......... .......... .......... .......... .......... 45% 62.3M 20s
 15250K .......... .......... .......... .......... .......... 45% 87.6M 20s
 15300K .......... .......... .......... .......... .......... 45% 86.1M 19s
 15350K .......... .......... .......... .......... .......... 45% 97.7M 19s
 15400K .......... .......... .......... .......... .......... 45% 98.2M 19s
 15450K .......... .......... .......... .......... .......... 45% 71.1M 19s
 15500K .......... .......... .......... .......... .......... 45% 87.5M 19s
 15550K .......... .......... .......... .......... .......... 46% 84.8M 19s
 15600K .......... .......... .......... .......... .......... 46% 99.0M 19s
 15650K .......... .......... .......... .......... .......... 46% 75.7M 19s
 15700K .......... .......... .......... .......... .......... 46%  106M 19s
 15750K .......... .......... .......... .......... .......... 46%  100M 18s
 15800K .......... .......... .......... .......... .......... 46%  106M 18s
 15850K .......... .......... .......... .......... .......... 47% 80.9M 18s
 15900K .......... .......... .......... .......... .......... 47%  105M 18s
 15950K .......... .......... .......... .......... .......... 47%  105M 18s
 16000K .......... .......... .......... .......... .......... 47% 1.60M 18s
 16050K .......... .......... .......... .......... .......... 47%  205K 18s
 16100K .......... .......... .......... .......... .......... 47% 58.0M 18s
 16150K .......... .......... .......... .......... .......... 47% 87.2M 18s
 16200K .......... .......... .......... .......... .......... 48% 85.4M 18s
 16250K .......... .......... .......... .......... .......... 48% 93.4M 18s
 16300K .......... .......... .......... .......... .......... 48% 30.7M 18s
 16350K .......... .......... .......... .......... .......... 48% 75.4M 17s
 16400K .......... .......... .......... .......... .......... 48% 90.9M 17s
 16450K .......... .......... .......... .......... .......... 48%  649K 17s
 16500K .......... .......... .......... .......... .......... 48%  249K 17s
 16550K .......... .......... .......... .......... .......... 49% 85.4M 17s
 16600K .......... .......... .......... .......... .......... 49% 67.7M 17s
 16650K .......... .......... .......... .......... .......... 49% 84.1M 17s
 16700K .......... .......... .......... .......... .......... 49% 91.1M 17s
 16750K .......... .......... .......... .......... .......... 49% 90.3M 17s
 16800K .......... .......... .......... .......... .......... 49% 30.6M 17s
 16850K .......... .......... .......... .......... .......... 49% 80.1M 17s
 16900K .......... .......... .......... .......... .......... 50% 1.41M 17s
 16950K .......... .......... .......... .......... .......... 50%  205K 17s
 17000K .......... .......... .......... .......... .......... 50% 82.1M 17s
 17050K .......... .......... .......... .......... .......... 50% 67.7M 17s
 17100K .......... .......... .......... .......... .......... 50% 86.1M 17s
 17150K .......... .......... .......... .......... .......... 50% 87.1M 16s
 17200K .......... .......... .......... .......... .......... 50% 83.6M 16s
 17250K .......... .......... .......... .......... .......... 51% 57.1M 16s
 17300K .......... .......... .......... .......... .......... 51% 71.9M 16s
 17350K .......... .......... .......... .......... .......... 51% 83.6M 16s
 17400K .......... .......... .......... .......... .......... 51% 1.35M 16s
 17450K .......... .......... .......... .......... .......... 51%  206K 16s
 17500K .......... .......... .......... .......... .......... 51% 68.0M 16s
 17550K .......... .......... .......... .......... .......... 52% 87.0M 16s
 17600K .......... .......... .......... .......... .......... 52% 85.8M 16s
 17650K .......... .......... .......... .......... .......... 52% 82.6M 16s
 17700K .......... .......... .......... .......... .......... 52% 75.5M 16s
 17750K .......... .......... .......... .......... .......... 52% 89.8M 16s
 17800K .......... .......... .......... .......... .......... 52% 69.4M 15s
 17850K .......... .......... .......... .......... .......... 52% 86.5M 15s
 17900K .......... .......... .......... .......... .......... 53%  428K 15s
 17950K .......... .......... .......... .......... .......... 53%  309K 15s
 18000K .......... .......... .......... .......... .......... 53% 83.9M 15s
 18050K .......... .......... .......... .......... .......... 53% 83.8M 15s
 18100K .......... .......... .......... .......... .......... 53% 85.8M 15s
 18150K .......... .......... .......... .......... .......... 53% 69.0M 15s
 18200K .......... .......... .......... .......... .......... 53% 94.5M 15s
 18250K .......... .......... .......... .......... .......... 54% 85.9M 15s
 18300K .......... .......... .......... .......... .......... 54% 86.1M 15s
 18350K .......... .......... .......... .......... .......... 54% 66.2M 15s
 18400K .......... .......... .......... .......... .......... 54% 1.41M 15s
 18450K .......... .......... .......... .......... .......... 54%  205K 15s
 18500K .......... .......... .......... .......... .......... 54% 82.2M 15s
 18550K .......... .......... .......... .......... .......... 54% 86.7M 15s
 18600K .......... .......... .......... .......... .......... 55% 67.9M 15s
 18650K .......... .......... .......... .......... .......... 55% 82.6M 14s
 18700K .......... .......... .......... .......... .......... 55% 81.8M 14s
 18750K .......... .......... .......... .......... .......... 55% 87.8M 14s
 18800K .......... .......... .......... .......... .......... 55% 68.4M 14s
 18850K .......... .......... .......... .......... .......... 55% 90.1M 14s
 18900K .......... .......... .......... .......... .......... 56% 93.1M 14s
 18950K .......... .......... .......... .......... .......... 56%  660K 14s
 19000K .......... .......... .......... .......... .......... 56%  247K 14s
 19050K .......... .......... .......... .......... .......... 56% 65.4M 14s
 19100K .......... .......... .......... .......... .......... 56% 87.5M 14s
 19150K .......... .......... .......... .......... .......... 56% 83.9M 14s
 19200K .......... .......... .......... .......... .......... 56% 87.0M 14s
 19250K .......... .......... .......... .......... .......... 57% 70.4M 14s
 19300K .......... .......... .......... .......... .......... 57% 88.1M 14s
 19350K .......... .......... .......... .......... .......... 57% 85.2M 13s
 19400K .......... .......... .......... .......... .......... 57% 91.9M 13s
 19450K .......... .......... .......... .......... .......... 57% 79.2M 13s
 19500K .......... .......... .......... .......... .......... 57%  180K 13s
 19550K .......... .......... .......... .......... .......... 57% 83.1M 13s
 19600K .......... .......... .......... .......... .......... 58% 82.7M 13s
 19650K .......... .......... .......... .......... .......... 58% 88.1M 13s
 19700K .......... .......... .......... .......... .......... 58% 64.2M 13s
 19750K .......... .......... .......... .......... .......... 58% 87.6M 13s
 19800K .......... .......... .......... .......... .......... 58% 84.7M 13s
 19850K .......... .......... .......... .......... .......... 58% 86.9M 13s
 19900K .......... .......... .......... .......... .......... 58% 71.2M 13s
 19950K .......... .......... .......... .......... .......... 59%  100M 13s
 20000K .......... .......... .......... .......... .......... 59%  104M 13s
 20050K .......... .......... .......... .......... .......... 59% 1.40M 13s
 20100K .......... .......... .......... .......... .......... 59%  206K 13s
 20150K .......... .......... .......... .......... .......... 59% 67.0M 13s
 20200K .......... .......... .......... .......... .......... 59% 86.0M 13s
 20250K .......... .......... .......... .......... .......... 60% 82.4M 12s
 20300K .......... .......... .......... .......... .......... 60% 87.6M 12s
 20350K .......... .......... .......... .......... .......... 60% 68.9M 12s
 20400K .......... .......... .......... .......... .......... 60% 87.3M 12s
 20450K .......... .......... .......... .......... .......... 60% 80.6M 12s
 20500K .......... .......... .......... .......... .......... 60% 97.4M 12s
 20550K .......... .......... .......... .......... .......... 60%  100M 12s
 20600K .......... .......... .......... .......... .......... 61%  104M 12s
 20650K .......... .......... .......... .......... .......... 61%  180K 12s
 20700K .......... .......... .......... .......... .......... 61% 72.0M 12s
 20750K .......... .......... .......... .......... .......... 61% 89.1M 12s
 20800K .......... .......... .......... .......... .......... 61% 80.0M 12s
 20850K .......... .......... .......... .......... .......... 61% 67.6M 12s
 20900K .......... .......... .......... .......... .......... 61% 87.0M 12s
 20950K .......... .......... .......... .......... .......... 62% 82.7M 12s
 21000K .......... .......... .......... .......... .......... 62% 87.2M 12s
 21050K .......... .......... .......... .......... .......... 62% 89.1M 11s
 21100K .......... .......... .......... .......... .......... 62% 78.1M 11s
 21150K .......... .......... .......... .......... .......... 62%  104M 11s
 21200K .......... .......... .......... .......... .......... 62%  669K 11s
 21250K .......... .......... .......... .......... .......... 62%  246K 11s
 21300K .......... .......... .......... .......... .......... 63% 67.5M 11s
 21350K .......... .......... .......... .......... .......... 63% 89.8M 11s
 21400K .......... .......... .......... .......... .......... 63% 83.1M 11s
 21450K .......... .......... .......... .......... .......... 63% 87.9M 11s
 21500K .......... .......... .......... .......... .......... 63% 67.9M 11s
 21550K .......... .......... .......... .......... .......... 63% 86.6M 11s
 21600K .......... .......... .......... .......... .......... 64% 88.4M 11s
 21650K .......... .......... .......... .......... .......... 64% 90.2M 11s
 21700K .......... .......... .......... .......... .......... 64%  102M 11s
 21750K .......... .......... .......... .......... .......... 64% 80.6M 11s
 21800K .......... .......... .......... .......... .......... 64%  180K 11s
 21850K .......... .......... .......... .......... .......... 64% 78.6M 11s
 21900K .......... .......... .......... .......... .......... 64% 86.0M 11s
 21950K .......... .......... .......... .......... .......... 65% 65.0M 11s
 22000K .......... .......... .......... .......... .......... 65% 87.0M 10s
 22050K .......... .......... .......... .......... .......... 65% 86.1M 10s
 22100K .......... .......... .......... .......... .......... 65% 83.9M 10s
 22150K .......... .......... .......... .......... .......... 65% 88.1M 10s
 22200K .......... .......... .......... .......... .......... 65% 67.6M 10s
 22250K .......... .......... .......... .......... .......... 65% 98.7M 10s
 22300K .......... .......... .......... .......... .......... 66% 99.3M 10s
 22350K .......... .......... .......... .......... .......... 66%  105M 10s
 22400K .......... .......... .......... .......... .......... 66%  180K 10s
 22450K .......... .......... .......... .......... .......... 66% 84.2M 10s
 22500K .......... .......... .......... .......... .......... 66% 82.8M 10s
 22550K .......... .......... .......... .......... .......... 66% 87.5M 10s
 22600K .......... .......... .......... .......... .......... 66% 81.5M 10s
 22650K .......... .......... .......... .......... .......... 67% 68.5M 10s
 22700K .......... .......... .......... .......... .......... 67% 87.8M 10s
 22750K .......... .......... .......... .......... .......... 67% 84.7M 10s
 22800K .......... .......... .......... .......... .......... 67% 87.7M 10s
 22850K .......... .......... .......... .......... .......... 67% 75.9M 9s
 22900K .......... .......... .......... .......... .......... 67%  105M 9s
 22950K .......... .......... .......... .......... .......... 67%  100M 9s
 23000K .......... .......... .......... .......... .......... 68%  181K 9s
 23050K .......... .......... .......... .......... .......... 68% 64.7M 9s
 23100K .......... .......... .......... .......... .......... 68% 84.1M 9s
 23150K .......... .......... .......... .......... .......... 68% 87.1M 9s
 23200K .......... .......... .......... .......... .......... 68% 83.3M 9s
 23250K .......... .......... .......... .......... .......... 68% 82.1M 9s
 23300K .......... .......... .......... .......... .......... 69% 66.8M 9s
 23350K .......... .......... .......... .......... .......... 69% 87.9M 9s
 23400K .......... .......... .......... .......... .......... 69% 85.6M 9s
 23450K .......... .......... .......... .......... .......... 69%  100M 9s
 23500K .......... .......... .......... .......... .......... 69% 80.9M 9s
 23550K .......... .......... .......... .......... .......... 69%  104M 9s
 23600K .......... .......... .......... .......... .......... 69%  181K 9s
 23650K .......... .......... .......... .......... .......... 70% 76.9M 9s
 23700K .......... .......... .......... .......... .......... 70% 89.7M 9s
 23750K .......... .......... .......... .......... .......... 70% 64.1M 9s
 23800K .......... .......... .......... .......... .......... 70% 88.1M 9s
 23850K .......... .......... .......... .......... .......... 70% 79.5M 8s
 23900K .......... .......... .......... .......... .......... 70% 87.5M 8s
 23950K .......... .......... .......... .......... .......... 70% 68.2M 8s
 24000K .......... .......... .......... .......... .......... 71% 87.6M 8s
 24050K .......... .......... .......... .......... .......... 71% 86.5M 8s
 24100K .......... .......... .......... .......... .......... 71% 98.2M 8s
 24150K .......... .......... .......... .......... .......... 71%  105M 8s
 24200K .......... .......... .......... .......... .......... 71%  675K 8s
 24250K .......... .......... .......... .......... .......... 71%  245K 8s
 24300K .......... .......... .......... .......... .......... 71% 83.1M 8s
 24350K .......... .......... .......... .......... .......... 72% 87.1M 8s
 24400K .......... .......... .......... .......... .......... 72% 68.1M 8s
 24450K .......... .......... .......... .......... .......... 72% 88.1M 8s
 24500K .......... .......... .......... .......... .......... 72% 87.5M 8s
 24550K .......... .......... .......... .......... .......... 72% 78.5M 8s
 24600K .......... .......... .......... .......... .......... 72% 88.2M 8s
 24650K .......... .......... .......... .......... .......... 73% 86.9M 8s
 24700K .......... .......... .......... .......... .......... 73% 75.0M 8s
 24750K .......... .......... .......... .......... .......... 73%  104M 8s
 24800K .......... .......... .......... .......... .......... 73% 1.50M 7s
 24850K .......... .......... .......... .......... .......... 73%  204K 8s
 24900K .......... .......... .......... .......... .......... 73% 69.3M 7s
 24950K .......... .......... .......... .......... .......... 73% 84.0M 7s
 25000K .......... .......... .......... .......... .......... 74% 83.4M 7s
 25050K .......... .......... .......... .......... .......... 74% 88.2M 7s
 25100K .......... .......... .......... .......... .......... 74% 64.0M 7s
 25150K .......... .......... .......... .......... .......... 74% 86.1M 7s
 25200K .......... .......... .......... .......... .......... 74% 90.8M 7s
 25250K .......... .......... .......... .......... .......... 74% 85.9M 7s
 25300K .......... .......... .......... .......... .......... 74% 89.4M 7s
 25350K .......... .......... .......... .......... .......... 75% 76.0M 7s
 25400K .......... .......... .......... .......... .......... 75%  102M 7s
 25450K .......... .......... .......... .......... .......... 75%  181K 7s
 25500K .......... .......... .......... .......... .......... 75% 82.5M 7s
 25550K .......... .......... .......... .......... .......... 75% 68.2M 7s
 25600K .......... .......... .......... .......... .......... 75% 87.9M 7s
 25650K .......... .......... .......... .......... .......... 75% 80.7M 7s
 25700K .......... .......... .......... .......... .......... 76% 88.9M 7s
 25750K .......... .......... .......... .......... .......... 76% 85.0M 7s
 25800K .......... .......... .......... .......... .......... 76% 68.4M 7s
 25850K .......... .......... .......... .......... .......... 76% 88.4M 7s
 25900K .......... .......... .......... .......... .......... 76% 85.0M 6s
 25950K .......... .......... .......... .......... .......... 76% 99.8M 6s
 26000K .......... .......... .......... .......... .......... 77% 80.9M 6s
 26050K .......... .......... .......... .......... .......... 77%  680K 6s
 26100K .......... .......... .......... .......... .......... 77%  245K 6s
 26150K .......... .......... .......... .......... .......... 77% 80.6M 6s
 26200K .......... .......... .......... .......... .......... 77% 88.3M 6s
 26250K .......... .......... .......... .......... .......... 77% 67.3M 6s
 26300K .......... .......... .......... .......... .......... 77% 84.4M 6s
 26350K .......... .......... .......... .......... .......... 78% 82.5M 6s
 26400K .......... .......... .......... .......... .......... 78% 87.4M 6s
 26450K .......... .......... .......... .......... .......... 78% 67.6M 6s
 26500K .......... .......... .......... .......... .......... 78% 87.9M 6s
 26550K .......... .......... .......... .......... .......... 78% 92.5M 6s
 26600K .......... .......... .......... .......... .......... 78%  105M 6s
 26650K .......... .......... .......... .......... .......... 78% 1.50M 6s
 26700K .......... .......... .......... .......... .......... 79%  204K 6s
 26750K .......... .......... .......... .......... .......... 79% 86.5M 6s
 26800K .......... .......... .......... .......... .......... 79% 84.1M 6s
 26850K .......... .......... .......... .......... .......... 79% 87.7M 6s
 26900K .......... .......... .......... .......... .......... 79% 64.9M 6s
 26950K .......... .......... .......... .......... .......... 79% 82.6M 6s
 27000K .......... .......... .......... .......... .......... 79% 84.3M 5s
 27050K .......... .......... .......... .......... .......... 80% 90.4M 5s
 27100K .......... .......... .......... .......... .......... 80% 68.6M 5s
 27150K .......... .......... .......... .......... .......... 80% 94.3M 5s
 27200K .......... .......... .......... .......... .......... 80%  102M 5s
 27250K .......... .......... .......... .......... .......... 80% 99.1M 5s
 27300K .......... .......... .......... .......... .......... 80%  682K 5s
 27350K .......... .......... .......... .......... .......... 81%  245K 5s
 27400K .......... .......... .......... .......... .......... 81% 86.3M 5s
 27450K .......... .......... .......... .......... .......... 81% 84.9M 5s
 27500K .......... .......... .......... .......... .......... 81% 82.0M 5s
 27550K .......... .......... .......... .......... .......... 81% 68.1M 5s
 27600K .......... .......... .......... .......... .......... 81% 89.5M 5s
 27650K .......... .......... .......... .......... .......... 81% 84.9M 5s
 27700K .......... .......... .......... .......... .......... 82% 89.0M 5s
 27750K .......... .......... .......... .......... .......... 82% 88.7M 5s
 27800K .......... .......... .......... .......... .......... 82% 78.5M 5s
 27850K .......... .......... .......... .......... .......... 82%  104M 5s
 27900K .......... .......... .......... .......... .......... 82% 1.49M 5s
 27950K .......... .......... .......... .......... .......... 82%  205K 5s
 28000K .......... .......... .......... .......... .......... 82% 66.2M 5s
 28050K .......... .......... .......... .......... .......... 83% 84.1M 5s
 28100K .......... .......... .......... .......... .......... 83% 84.0M 5s
 28150K .......... .......... .......... .......... .......... 83% 88.2M 4s
 28200K .......... .......... .......... .......... .......... 83% 68.0M 4s
 28250K .......... .......... .......... .......... .......... 83% 86.8M 4s
 28300K .......... .......... .......... .......... .......... 83% 88.5M 4s
 28350K .......... .......... .......... .......... .......... 83% 83.3M 4s
 28400K .......... .......... .......... .......... .......... 84% 89.0M 4s
 28450K .......... .......... .......... .......... .......... 84% 76.9M 4s
 28500K .......... .......... .......... .......... .......... 84%  104M 4s
 28550K .......... .......... .......... .......... .......... 84%  181K 4s
 28600K .......... .......... .......... .......... .......... 84% 45.6M 4s
 28650K .......... .......... .......... .......... .......... 84% 78.3M 4s
 28700K .......... .......... .......... .......... .......... 84% 68.1M 4s
 28750K .......... .......... .......... .......... .......... 85% 87.2M 4s
 28800K .......... .......... .......... .......... .......... 85% 88.7M 4s
 28850K .......... .......... .......... .......... .......... 85% 84.7M 4s
 28900K .......... .......... .......... .......... .......... 85% 86.8M 4s
 28950K .......... .......... .......... .......... .......... 85% 68.1M 4s
 29000K .......... .......... .......... .......... .......... 85% 88.6M 4s
 29050K .......... .......... .......... .......... .......... 86%  101M 4s
 29100K .......... .......... .......... .......... .......... 86% 98.7M 4s
 29150K .......... .......... .......... .......... .......... 86% 1.38M 4s
 29200K .......... .......... .......... .......... .......... 86%  207K 4s
 29250K .......... .......... .......... .......... .......... 86% 88.0M 4s
 29300K .......... .......... .......... .......... .......... 86% 82.0M 4s
 29350K .......... .......... .......... .......... .......... 86% 86.2M 3s
 29400K .......... .......... .......... .......... .......... 87% 66.1M 3s
 29450K .......... .......... .......... .......... .......... 87% 87.1M 3s
 29500K .......... .......... .......... .......... .......... 87% 84.3M 3s
 29550K .......... .......... .......... .......... .......... 87% 87.1M 3s
 29600K .......... .......... .......... .......... .......... 87% 65.0M 3s
 29650K .......... .......... .......... .......... .......... 87% 91.5M 3s
 29700K .......... .......... .......... .......... .......... 87% 96.6M 3s
 29750K .......... .......... .......... .......... .......... 88% 93.9M 3s
 29800K .......... .......... .......... .......... .......... 88%  181K 3s
 29850K .......... .......... .......... .......... .......... 88% 64.8M 3s
 29900K .......... .......... .......... .......... .......... 88% 85.0M 3s
 29950K .......... .......... .......... .......... .......... 88% 80.3M 3s
 30000K .......... .......... .......... .......... .......... 88% 90.8M 3s
 30050K .......... .......... .......... .......... .......... 88% 64.5M 3s
 30100K .......... .......... .......... .......... .......... 89% 86.6M 3s
 30150K .......... .......... .......... .......... .......... 89% 80.8M 3s
 30200K .......... .......... .......... .......... .......... 89% 90.0M 3s
 30250K .......... .......... .......... .......... .......... 89% 69.8M 3s
 30300K .......... .......... .......... .......... .......... 89% 92.4M 3s
 30350K .......... .......... .......... .......... .......... 89%  101M 3s
 30400K .......... .......... .......... .......... .......... 90% 1.40M 3s
 30450K .......... .......... .......... .......... .......... 90%  206K 3s
 30500K .......... .......... .......... .......... .......... 90% 65.6M 3s
 30550K .......... .......... .......... .......... .......... 90% 80.7M 2s
 30600K .......... .......... .......... .......... .......... 90% 83.2M 2s
 30650K .......... .......... .......... .......... .......... 90% 88.5M 2s
 30700K .......... .......... .......... .......... .......... 90% 67.8M 2s
 30750K .......... .......... .......... .......... .......... 91% 88.0M 2s
 30800K .......... .......... .......... .......... .......... 91% 88.6M 2s
 30850K .......... .......... .......... .......... .......... 91% 84.5M 2s
 30900K .......... .......... .......... .......... .......... 91% 95.8M 2s
 30950K .......... .......... .......... .......... .......... 91% 75.6M 2s
 31000K .......... .......... .......... .......... .......... 91% 1.52M 2s
 31050K .......... .......... .......... .......... .......... 91%  204K 2s
 31100K .......... .......... .......... .......... .......... 92% 82.2M 2s
 31150K .......... .......... .......... .......... .......... 92% 63.3M 2s
 31200K .......... .......... .......... .......... .......... 92% 86.6M 2s
 31250K .......... .......... .......... .......... .......... 92% 82.6M 2s
 31300K .......... .......... .......... .......... .......... 92% 87.4M 2s
 31350K .......... .......... .......... .......... .......... 92% 87.9M 2s
 31400K .......... .......... .......... .......... .......... 92% 68.3M 2s
 31450K .......... .......... .......... .......... .......... 93% 89.0M 2s
 31500K .......... .......... .......... .......... .......... 93% 87.6M 2s
 31550K .......... .......... .......... .......... .......... 93% 92.5M 2s
 31600K .......... .......... .......... .......... .......... 93% 81.4M 2s
 31650K .......... .......... .......... .......... .......... 93%  434K 2s
 31700K .......... .......... .......... .......... .......... 93%  308K 2s
 31750K .......... .......... .......... .......... .......... 94% 81.4M 2s
 31800K .......... .......... .......... .......... .......... 94% 67.8M 1s
 31850K .......... .......... .......... .......... .......... 94% 88.8M 1s
 31900K .......... .......... .......... .......... .......... 94% 87.1M 1s
 31950K .......... .......... .......... .......... .......... 94% 83.6M 1s
 32000K .......... .......... .......... .......... .......... 94% 87.6M 1s
 32050K .......... .......... .......... .......... .......... 94% 68.3M 1s
 32100K .......... .......... .......... .......... .......... 95% 88.6M 1s
 32150K .......... .......... .......... .......... .......... 95% 94.2M 1s
 32200K .......... .......... .......... .......... .......... 95%  105M 1s
 32250K .......... .......... .......... .......... .......... 95% 1.45M 1s
 32300K .......... .......... .......... .......... .......... 95%  205K 1s
 32350K .......... .......... .......... .......... .......... 95% 83.9M 1s
 32400K .......... .......... .......... .......... .......... 95% 83.2M 1s
 32450K .......... .......... .......... .......... .......... 96% 83.7M 1s
 32500K .......... .......... .......... .......... .......... 96% 67.9M 1s
 32550K .......... .......... .......... .......... .......... 96% 87.8M 1s
 32600K .......... .......... .......... .......... .......... 96% 84.3M 1s
 32650K .......... .......... .......... .......... .......... 96% 82.4M 1s
 32700K .......... .......... .......... .......... .......... 96% 67.8M 1s
 32750K .......... .......... .......... .......... .......... 96% 87.2M 1s
 32800K .......... .......... .......... .......... .......... 97%  104M 1s
 32850K .......... .......... .......... .......... .......... 97%  105M 1s
 32900K .......... .......... .......... .......... .......... 97%  680K 1s
 32950K .......... .......... .......... .......... .......... 97%  246K 1s
 33000K .......... .......... .......... .......... .......... 97% 61.0M 1s
 33050K .......... .......... .......... .......... .......... 97% 89.7M 1s
 33100K .......... .......... .......... .......... .......... 98% 83.0M 1s
 33150K .......... .......... .......... .......... .......... 98% 88.5M 0s
 33200K .......... .......... .......... .......... .......... 98% 68.1M 0s
 33250K .......... .......... .......... .......... .......... 98% 88.0M 0s
 33300K .......... .......... .......... .......... .......... 98% 84.0M 0s
 33350K .......... .......... .......... .......... .......... 98% 87.7M 0s
 33400K .......... .......... .......... .......... .......... 98% 92.8M 0s
 33450K .......... .......... .......... .......... .......... 99% 78.8M 0s
 33500K .......... .......... .......... .......... .......... 99% 1.50M 0s
 33550K .......... .......... .......... .......... .......... 99%  204K 0s
 33600K .......... .......... .......... .......... .......... 99% 87.8M 0s
 33650K .......... .......... .......... .......... .......... 99% 68.8M 0s
 33700K .......... .......... .......... .......... .......... 99% 87.2M 0s
 33750K .......... .......... .......... .......... .......... 99% 91.8M 0s
 33800K .......... .......... ....                            100%  117M=25s

2021-12-10 07:53:00 (1.32 MB/s) - 'MG5_aMC_v2.6.5.tar.gz' saved [34635867/34635867]

patching file models/loop_qcd_qed_sm/restrict_lepton_masses_no_lepton_yukawas.dat
patching file models/loop_sm/restrict_ckm_no_b_mass.dat
patching file models/sm/restrict_ckm_lepton_masses.dat
patching file models/sm/restrict_ckm_lepton_masses_no_b_mass.dat
patching file models/sm/restrict_ckm_no_b_mass.dat
patching file models/sm/restrict_lepton_masses_no_b_mass.dat
patching file Template/NLO/SubProcesses/MCmasses_PYTHIA8.inc
patching file madgraph/interface/reweight_interface.py
patching file madgraph/interface/loop_interface.py
patching file madgraph/various/systematics.py
patching file Template/LO/Source/.make_opts
Hunk #1 succeeded at 118 (offset 4 lines).
patching file Template/NLO/Source/make_opts.inc
patching file madgraph/iolibs/export_v4.py
Hunk #1 succeeded at 521 (offset 23 lines).
patching file madgraph/iolibs/template_files/pdf_opendata.f
patching file madgraph/iolibs/template_files/pdf_wrap_lhapdf.f
Hunk #2 succeeded at 38 with fuzz 1.
patching file Template/LO/SubProcesses/refine.sh
patching file Template/LO/SubProcesses/refine_splitted.sh
patching file Template/LO/SubProcesses/survey.sh
patching file Template/NLO/SubProcesses/ajob_template
patching file Template/NLO/SubProcesses/reweight_xsec_events.local
patching file Template/LO/Source/.make_opts
Hunk #1 succeeded at 100 (offset 4 lines).
patching file Template/LO/Source/PDF/pdf_lhapdf6.cc
Hunk #1 succeeded at 16 with fuzz 2 (offset 4 lines).
patching file Template/NLO/Source/PDF/pdf_lhapdf6.cc
Hunk #1 succeeded at 16 with fuzz 2 (offset 4 lines).
patching file Template/NLO/Source/make_opts.inc
patching file madgraph/iolibs/template_files/pdf_wrap_lhapdf.f
patching file Template/LO/SubProcesses/refine.sh
Hunk #3 succeeded at 113 with fuzz 2.
patching file Template/LO/SubProcesses/refine_splitted.sh
patching file Template/LO/SubProcesses/survey.sh
patching file Template/NLO/SubProcesses/ajob_template
patching file Template/NLO/SubProcesses/reweight_xsec_events.local
patching file madgraph/interface/reweight_interface.py
Hunk #1 succeeded at 1885 (offset 37 lines).
patching file madgraph/interface/common_run_interface.py
Hunk #1 succeeded at 1701 (offset 101 lines).
patching file Template/LO/SubProcesses/refine.sh
patching file Template/LO/SubProcesses/refine_splitted.sh
patching file Template/LO/SubProcesses/survey.sh
patching file Template/NLO/SubProcesses/ajob_template
patching file Template/NLO/SubProcesses/reweight_xsec_events.local
patching file madgraph/various/misc.py
Hunk #1 succeeded at 450 (offset 48 lines).
patching file madgraph/interface/amcatnlo_run_interface.py
patching file madgraph/interface/madevent_interface.py
Hunk #1 succeeded at 6598 (offset 17 lines).
Hunk #2 succeeded at 6614 (offset 17 lines).
patching file madgraph/interface/reweight_interface.py
Hunk #2 succeeded at 1696 (offset 25 lines).
patching file MadSpin/decay.py
patching file Template/NLO/SubProcesses/handling_lhe_events.f
patching file madgraph/interface/amcatnlo_run_interface.py
patching file madgraph/interface/reweight_interface.py
Hunk #1 succeeded at 644 (offset 1 line).
Hunk #2 succeeded at 1788 (offset 7 lines).
patching file Template/NLO/SubProcesses/driver_mintFO.f
patching file Template/NLO/SubProcesses/driver_mintMC.f
patching file madgraph/core/helas_objects.py
patching file MadSpin/interface_madspin.py
patching file Template/LO/Source/PDF/PhotonFlux.f
patching file madgraph/interface/madevent_interface.py
patching file madgraph/interface/madgraph_interface.py
patching file Template/LO/bin/internal/restore_data
patching file madgraph/interface/madevent_interface.py
patching file madgraph/interface/madevent_interface.py
patching file Template/loop_material/StandAlone/SubProcesses/MadLoopCommons.inc
patching file MadSpin/interface_madspin.py
patching file madgraph/interface/common_run_interface.py
patching file MadSpin/interface_madspin.py
patching file madgraph/interface/amcatnlo_run_interface.py
Hunk #5 succeeded at 4324 (offset 1 line).
Hunk #6 succeeded at 5105 (offset 1 line).
Hunk #7 succeeded at 5440 (offset 1 line).
patching file madgraph/various/cluster.py
patching file madgraph/interface/reweight_interface.py
Hunk #1 succeeded at 751 with fuzz 1 (offset 1 line).
ls: cannot access /data9/Users/shjeon/MadGraph_Contact/forVV/genproductions/bin/MadGraph5_aMCatNLO/cards/production/13TeV/VV/WWToLNuQQ_4f_amcatnloFxFx/WWToLNuQQ_4f_amcatnloFxFx*.patch: No such file or directory
************************************************************
*                                                          *
*                     W E L C O M E to                     *
*              M A D G R A P H 5 _ a M C @ N L O           *
*                                                          *
*                                                          *
*                 *                       *                *
*                   *        * *        *                  *
*                     * * * * 5 * * * *                    *
*                   *        * *        *                  *
*                 *                       *                *
*                                                          *
*         VERSION 2.6.5                 2018-02-03         *
*                                                          *
*    The MadGraph5_aMC@NLO Development Team - Find us at   *
*    https://server06.fynu.ucl.ac.be/projects/madgraph     *
*                            and                           *
*            http://amcatnlo.web.cern.ch/amcatnlo/         *
*                                                          *
*               Type 'help' for in-line help.              *
*           Type 'tutorial' to learn how MG5 works         *
*    Type 'tutorial aMCatNLO' to learn how aMC@NLO works   *
*    Type 'tutorial MadLoop' to learn how MadLoop works    *
*                                                          *
************************************************************
load MG5 configuration from input/mg5_configuration.txt 
fastjet-config does not seem to correspond to a valid fastjet-config executable (v3+). We will use fjcore instead.
 Please set the 'fastjet'variable to the full (absolute) /PATH/TO/fastjet-config (including fastjet-config).
 MG5_aMC> set fastjet /PATH/TO/fastjet-config

set lhapdf to lhapdf-config
Using default text editor "vi". Set another one in ./input/mg5_configuration.txt
No valid eps viewer found. Please set in ./input/mg5_configuration.txt
No valid web browser found. Please set in ./input/mg5_configuration.txt
import /data9/Users/shjeon/MadGraph_Contact/forVV/genproductions/bin/MadGraph5_aMCatNLO/WWToLNuQQ_4f_amcatnloFxFx/WWToLNuQQ_4f_amcatnloFxFx_gridpack/work/MG5_aMC_v2_6_5/mgconfigscript
The import format was not given, so we guess it as command
set auto_update 0
save options auto_update
save configuration file to /data9/Users/shjeon/MadGraph_Contact/forVV/genproductions/bin/MadGraph5_aMCatNLO/WWToLNuQQ_4f_amcatnloFxFx/WWToLNuQQ_4f_amcatnloFxFx_gridpack/work/MG5_aMC_v2_6_5/input/mg5_configuration.txt
set automatic_html_opening False
This option will be the default in any output that you are going to create in this session.
In order to keep this changes permanent please run 'save options'
set lhapdf /cvmfs/cms.cern.ch/slc7_amd64_gcc700/external/lhapdf/6.2.1-pafccj3/share/LHAPDF/../../bin/lhapdf-config
set lhapdf to /cvmfs/cms.cern.ch/slc7_amd64_gcc700/external/lhapdf/6.2.1-pafccj3/share/LHAPDF/../../bin/lhapdf-config
save options lhapdf
save configuration file to /data9/Users/shjeon/MadGraph_Contact/forVV/genproductions/bin/MadGraph5_aMCatNLO/WWToLNuQQ_4f_amcatnloFxFx/WWToLNuQQ_4f_amcatnloFxFx_gridpack/work/MG5_aMC_v2_6_5/input/mg5_configuration.txt
set run_mode 2
This option will be the default in any output that you are going to create in this session.
In order to keep this changes permanent please run 'save options'
set nb_core 30
This option will be the default in any output that you are going to create in this session.
In order to keep this changes permanent please run 'save options'
save options
save configuration file to /data9/Users/shjeon/MadGraph_Contact/forVV/genproductions/bin/MadGraph5_aMCatNLO/WWToLNuQQ_4f_amcatnloFxFx/WWToLNuQQ_4f_amcatnloFxFx_gridpack/work/MG5_aMC_v2_6_5/input/mg5_configuration.txt
quit
/data9/Users/shjeon/MadGraph_Contact/forVV/genproductions/bin/MadGraph5_aMCatNLO/WWToLNuQQ_4f_amcatnloFxFx/WWToLNuQQ_4f_amcatnloFxFx_gridpack/work
************************************************************
*                                                          *
*                     W E L C O M E to                     *
*              M A D G R A P H 5 _ a M C @ N L O           *
*                                                          *
*                                                          *
*                 *                       *                *
*                   *        * *        *                  *
*                     * * * * 5 * * * *                    *
*                   *        * *        *                  *
*                 *                       *                *
*                                                          *
*         VERSION 2.6.5                 2018-02-03         *
*                                                          *
*    The MadGraph5_aMC@NLO Development Team - Find us at   *
*    https://server06.fynu.ucl.ac.be/projects/madgraph     *
*                            and                           *
*            http://amcatnlo.web.cern.ch/amcatnlo/         *
*                                                          *
*               Type 'help' for in-line help.              *
*           Type 'tutorial' to learn how MG5 works         *
*    Type 'tutorial aMCatNLO' to learn how aMC@NLO works   *
*    Type 'tutorial MadLoop' to learn how MadLoop works    *
*                                                          *
************************************************************
load MG5 configuration from MG5_aMC_v2_6_5/input/mg5_configuration.txt 
None does not seem to correspond to a valid fastjet-config executable (v3+). We will use fjcore instead.
 Please set the 'fastjet'variable to the full (absolute) /PATH/TO/fastjet-config (including fastjet-config).
 MG5_aMC> set fastjet /PATH/TO/fastjet-config

set lhapdf to /cvmfs/cms.cern.ch/slc7_amd64_gcc700/external/lhapdf/6.2.1-pafccj3/share/LHAPDF/../../bin/lhapdf-config
Using default text editor "vi". Set another one in ./input/mg5_configuration.txt
No valid eps viewer found. Please set in ./input/mg5_configuration.txt
No valid web browser found. Please set in ./input/mg5_configuration.txt
import /data9/Users/shjeon/MadGraph_Contact/forVV/genproductions/bin/MadGraph5_aMCatNLO/WWToLNuQQ_4f_amcatnloFxFx/WWToLNuQQ_4f_amcatnloFxFx_gridpack/work/WWToLNuQQ_4f_amcatnloFxFx_proc_card.dat
The import format was not given, so we guess it as command
import model loop_sm
INFO: load particles 
INFO: load vertices 
INFO: Restrict model loop_sm with file MG5_aMC_v2_6_5/models/loop_sm/restrict_default.dat . 
INFO: Run "set stdout_level DEBUG" before import for more information. 
INFO: Change particles name to pass to MG5 convention 
Defined multiparticle p = g u c d s u~ c~ d~ s~
Defined multiparticle j = g u c d s u~ c~ d~ s~
Defined multiparticle l+ = e+ mu+
Defined multiparticle l- = e- mu-
Defined multiparticle vl = ve vm vt
Defined multiparticle vl~ = ve~ vm~ vt~
Defined multiparticle all = g gh gh~ d u s c d~ u~ s~ c~ a ve vm vt e- mu- ve~ vm~ vt~ e+ mu+ b t b~ t~ z w+ h w- ta- ta+
define ell+ = e+ mu+ ta+
Defined multiparticle ell+ = e+ mu+ ta+
define ell- = e- mu- ta-
Defined multiparticle ell- = e- mu- ta-
define vl = ve vm vt
Defined multiparticle vl = ve vm vt
define vl~ = ve~ vm~ vt~
Defined multiparticle vl~ = ve~ vm~ vt~
generate p p > ell+ vl w- [QCD] @0
INFO: Generating FKS-subtracted matrix elements for born process: u u~ > e+ ve w- [ all = QCD ] (1 / 24) 
INFO: Generating FKS-subtracted matrix elements for born process: u u~ > mu+ vm w- [ all = QCD ] (2 / 24) 
INFO: Generating FKS-subtracted matrix elements for born process: u u~ > ta+ vt w- [ all = QCD ] (3 / 24) 
INFO: Generating FKS-subtracted matrix elements for born process: c c~ > e+ ve w- [ all = QCD ] (4 / 24) 
INFO: Generating FKS-subtracted matrix elements for born process: c c~ > mu+ vm w- [ all = QCD ] (5 / 24) 
INFO: Generating FKS-subtracted matrix elements for born process: c c~ > ta+ vt w- [ all = QCD ] (6 / 24) 
INFO: Generating FKS-subtracted matrix elements for born process: d d~ > e+ ve w- [ all = QCD ] (7 / 24) 
INFO: Generating FKS-subtracted matrix elements for born process: d d~ > mu+ vm w- [ all = QCD ] (8 / 24) 
INFO: Generating FKS-subtracted matrix elements for born process: d d~ > ta+ vt w- [ all = QCD ] (9 / 24) 
INFO: Generating FKS-subtracted matrix elements for born process: s s~ > e+ ve w- [ all = QCD ] (10 / 24) 
INFO: Generating FKS-subtracted matrix elements for born process: s s~ > mu+ vm w- [ all = QCD ] (11 / 24) 
INFO: Generating FKS-subtracted matrix elements for born process: s s~ > ta+ vt w- [ all = QCD ] (12 / 24) 
INFO: Generating FKS-subtracted matrix elements for born process: u~ u > e+ ve w- [ all = QCD ] (13 / 24) 
INFO: Generating FKS-subtracted matrix elements for born process: u~ u > mu+ vm w- [ all = QCD ] (14 / 24) 
INFO: Generating FKS-subtracted matrix elements for born process: u~ u > ta+ vt w- [ all = QCD ] (15 / 24) 
INFO: Generating FKS-subtracted matrix elements for born process: c~ c > e+ ve w- [ all = QCD ] (16 / 24) 
INFO: Generating FKS-subtracted matrix elements for born process: c~ c > mu+ vm w- [ all = QCD ] (17 / 24) 
INFO: Generating FKS-subtracted matrix elements for born process: c~ c > ta+ vt w- [ all = QCD ] (18 / 24) 
INFO: Generating FKS-subtracted matrix elements for born process: d~ d > e+ ve w- [ all = QCD ] (19 / 24) 
INFO: Generating FKS-subtracted matrix elements for born process: d~ d > mu+ vm w- [ all = QCD ] (20 / 24) 
INFO: Generating FKS-subtracted matrix elements for born process: d~ d > ta+ vt w- [ all = QCD ] (21 / 24) 
INFO: Generating FKS-subtracted matrix elements for born process: s~ s > e+ ve w- [ all = QCD ] (22 / 24) 
INFO: Generating FKS-subtracted matrix elements for born process: s~ s > mu+ vm w- [ all = QCD ] (23 / 24) 
INFO: Generating FKS-subtracted matrix elements for born process: s~ s > ta+ vt w- [ all = QCD ] (24 / 24) 
INFO: Generating virtual matrix elements using MadLoop: 
INFO: Generating virtual matrix element with MadLoop for process: u u~ > e+ ve w- QED<=3 [ all = QCD ] (1 / 24) 
INFO: Generating virtual matrix elements using MadLoop: 
INFO: Generating virtual matrix element with MadLoop for process: u u~ > mu+ vm w- QED<=3 [ all = QCD ] (2 / 24) 
INFO: Generating virtual matrix elements using MadLoop: 
INFO: Generating virtual matrix element with MadLoop for process: u u~ > ta+ vt w- QED<=3 [ all = QCD ] (3 / 24) 
INFO: Generating virtual matrix elements using MadLoop: 
INFO: Generating virtual matrix element with MadLoop for process: c c~ > e+ ve w- QED<=3 [ all = QCD ] (4 / 24) 
INFO: Generating virtual matrix elements using MadLoop: 
INFO: Generating virtual matrix element with MadLoop for process: c c~ > mu+ vm w- QED<=3 [ all = QCD ] (5 / 24) 
INFO: Generating virtual matrix elements using MadLoop: 
INFO: Generating virtual matrix element with MadLoop for process: c c~ > ta+ vt w- QED<=3 [ all = QCD ] (6 / 24) 
INFO: Generating virtual matrix elements using MadLoop: 
INFO: Generating virtual matrix element with MadLoop for process: d d~ > e+ ve w- QED<=3 [ all = QCD ] (7 / 24) 
INFO: Generating virtual matrix elements using MadLoop: 
INFO: Generating virtual matrix element with MadLoop for process: d d~ > mu+ vm w- QED<=3 [ all = QCD ] (8 / 24) 
INFO: Generating virtual matrix elements using MadLoop: 
INFO: Generating virtual matrix element with MadLoop for process: d d~ > ta+ vt w- QED<=3 [ all = QCD ] (9 / 24) 
INFO: Generating virtual matrix elements using MadLoop: 
INFO: Generating virtual matrix element with MadLoop for process: s s~ > e+ ve w- QED<=3 [ all = QCD ] (10 / 24) 
INFO: Generating virtual matrix elements using MadLoop: 
INFO: Generating virtual matrix element with MadLoop for process: s s~ > mu+ vm w- QED<=3 [ all = QCD ] (11 / 24) 
INFO: Generating virtual matrix elements using MadLoop: 
INFO: Generating virtual matrix element with MadLoop for process: s s~ > ta+ vt w- QED<=3 [ all = QCD ] (12 / 24) 
INFO: Generating virtual matrix elements using MadLoop: 
INFO: Generating virtual matrix element with MadLoop for process: u~ u > e+ ve w- QED<=3 [ all = QCD ] (13 / 24) 
INFO: Generating virtual matrix elements using MadLoop: 
INFO: Generating virtual matrix element with MadLoop for process: u~ u > mu+ vm w- QED<=3 [ all = QCD ] (14 / 24) 
INFO: Generating virtual matrix elements using MadLoop: 
INFO: Generating virtual matrix element with MadLoop for process: u~ u > ta+ vt w- QED<=3 [ all = QCD ] (15 / 24) 
INFO: Generating virtual matrix elements using MadLoop: 
INFO: Generating virtual matrix element with MadLoop for process: c~ c > e+ ve w- QED<=3 [ all = QCD ] (16 / 24) 
INFO: Generating virtual matrix elements using MadLoop: 
INFO: Generating virtual matrix element with MadLoop for process: c~ c > mu+ vm w- QED<=3 [ all = QCD ] (17 / 24) 
INFO: Generating virtual matrix elements using MadLoop: 
INFO: Generating virtual matrix element with MadLoop for process: c~ c > ta+ vt w- QED<=3 [ all = QCD ] (18 / 24) 
INFO: Generating virtual matrix elements using MadLoop: 
INFO: Generating virtual matrix element with MadLoop for process: d~ d > e+ ve w- QED<=3 [ all = QCD ] (19 / 24) 
INFO: Generating virtual matrix elements using MadLoop: 
INFO: Generating virtual matrix element with MadLoop for process: d~ d > mu+ vm w- QED<=3 [ all = QCD ] (20 / 24) 
INFO: Generating virtual matrix elements using MadLoop: 
INFO: Generating virtual matrix element with MadLoop for process: d~ d > ta+ vt w- QED<=3 [ all = QCD ] (21 / 24) 
INFO: Generating virtual matrix elements using MadLoop: 
INFO: Generating virtual matrix element with MadLoop for process: s~ s > e+ ve w- QED<=3 [ all = QCD ] (22 / 24) 
INFO: Generating virtual matrix elements using MadLoop: 
INFO: Generating virtual matrix element with MadLoop for process: s~ s > mu+ vm w- QED<=3 [ all = QCD ] (23 / 24) 
INFO: Generating virtual matrix elements using MadLoop: 
INFO: Generating virtual matrix element with MadLoop for process: s~ s > ta+ vt w- QED<=3 [ all = QCD ] (24 / 24) 
INFO: Generated 24 subprocesses with 936 real emission diagrams, 144 born diagrams and 216 virtual diagrams 
add process p p > ell+ vl w- j [QCD] @1
INFO: Generating FKS-subtracted matrix elements for born process: g u > e+ ve w- u [ all = QCD ] @1 (1 / 72) 
INFO: Generating FKS-subtracted matrix elements for born process: g u > mu+ vm w- u [ all = QCD ] @1 (2 / 72) 
INFO: Generating FKS-subtracted matrix elements for born process: g u > ta+ vt w- u [ all = QCD ] @1 (3 / 72) 
INFO: Generating FKS-subtracted matrix elements for born process: g c > e+ ve w- c [ all = QCD ] @1 (4 / 72) 
INFO: Generating FKS-subtracted matrix elements for born process: g c > mu+ vm w- c [ all = QCD ] @1 (5 / 72) 
INFO: Generating FKS-subtracted matrix elements for born process: g c > ta+ vt w- c [ all = QCD ] @1 (6 / 72) 
INFO: Generating FKS-subtracted matrix elements for born process: g d > e+ ve w- d [ all = QCD ] @1 (7 / 72) 
INFO: Generating FKS-subtracted matrix elements for born process: g d > mu+ vm w- d [ all = QCD ] @1 (8 / 72) 
INFO: Generating FKS-subtracted matrix elements for born process: g d > ta+ vt w- d [ all = QCD ] @1 (9 / 72) 
INFO: Generating FKS-subtracted matrix elements for born process: g s > e+ ve w- s [ all = QCD ] @1 (10 / 72) 
INFO: Generating FKS-subtracted matrix elements for born process: g s > mu+ vm w- s [ all = QCD ] @1 (11 / 72) 
INFO: Generating FKS-subtracted matrix elements for born process: g s > ta+ vt w- s [ all = QCD ] @1 (12 / 72) 
INFO: Generating FKS-subtracted matrix elements for born process: g u~ > e+ ve w- u~ [ all = QCD ] @1 (13 / 72) 
INFO: Generating FKS-subtracted matrix elements for born process: g u~ > mu+ vm w- u~ [ all = QCD ] @1 (14 / 72) 
INFO: Generating FKS-subtracted matrix elements for born process: g u~ > ta+ vt w- u~ [ all = QCD ] @1 (15 / 72) 
INFO: Generating FKS-subtracted matrix elements for born process: g c~ > e+ ve w- c~ [ all = QCD ] @1 (16 / 72) 
INFO: Generating FKS-subtracted matrix elements for born process: g c~ > mu+ vm w- c~ [ all = QCD ] @1 (17 / 72) 
INFO: Generating FKS-subtracted matrix elements for born process: g c~ > ta+ vt w- c~ [ all = QCD ] @1 (18 / 72) 
INFO: Generating FKS-subtracted matrix elements for born process: g d~ > e+ ve w- d~ [ all = QCD ] @1 (19 / 72) 
INFO: Generating FKS-subtracted matrix elements for born process: g d~ > mu+ vm w- d~ [ all = QCD ] @1 (20 / 72) 
INFO: Generating FKS-subtracted matrix elements for born process: g d~ > ta+ vt w- d~ [ all = QCD ] @1 (21 / 72) 
INFO: Generating FKS-subtracted matrix elements for born process: g s~ > e+ ve w- s~ [ all = QCD ] @1 (22 / 72) 
INFO: Generating FKS-subtracted matrix elements for born process: g s~ > mu+ vm w- s~ [ all = QCD ] @1 (23 / 72) 
INFO: Generating FKS-subtracted matrix elements for born process: g s~ > ta+ vt w- s~ [ all = QCD ] @1 (24 / 72) 
INFO: Generating FKS-subtracted matrix elements for born process: u g > e+ ve w- u [ all = QCD ] @1 (25 / 72) 
INFO: Generating FKS-subtracted matrix elements for born process: u g > mu+ vm w- u [ all = QCD ] @1 (26 / 72) 
INFO: Generating FKS-subtracted matrix elements for born process: u g > ta+ vt w- u [ all = QCD ] @1 (27 / 72) 
INFO: Generating FKS-subtracted matrix elements for born process: u u~ > e+ ve w- g [ all = QCD ] @1 (28 / 72) 
INFO: Generating FKS-subtracted matrix elements for born process: u u~ > mu+ vm w- g [ all = QCD ] @1 (29 / 72) 
INFO: Generating FKS-subtracted matrix elements for born process: u u~ > ta+ vt w- g [ all = QCD ] @1 (30 / 72) 
INFO: Generating FKS-subtracted matrix elements for born process: c g > e+ ve w- c [ all = QCD ] @1 (31 / 72) 
INFO: Generating FKS-subtracted matrix elements for born process: c g > mu+ vm w- c [ all = QCD ] @1 (32 / 72) 
INFO: Generating FKS-subtracted matrix elements for born process: c g > ta+ vt w- c [ all = QCD ] @1 (33 / 72) 
INFO: Generating FKS-subtracted matrix elements for born process: c c~ > e+ ve w- g [ all = QCD ] @1 (34 / 72) 
INFO: Generating FKS-subtracted matrix elements for born process: c c~ > mu+ vm w- g [ all = QCD ] @1 (35 / 72) 
INFO: Generating FKS-subtracted matrix elements for born process: c c~ > ta+ vt w- g [ all = QCD ] @1 (36 / 72) 
INFO: Generating FKS-subtracted matrix elements for born process: d g > e+ ve w- d [ all = QCD ] @1 (37 / 72) 
INFO: Generating FKS-subtracted matrix elements for born process: d g > mu+ vm w- d [ all = QCD ] @1 (38 / 72) 
INFO: Generating FKS-subtracted matrix elements for born process: d g > ta+ vt w- d [ all = QCD ] @1 (39 / 72) 
INFO: Generating FKS-subtracted matrix elements for born process: d d~ > e+ ve w- g [ all = QCD ] @1 (40 / 72) 
INFO: Generating FKS-subtracted matrix elements for born process: d d~ > mu+ vm w- g [ all = QCD ] @1 (41 / 72) 
INFO: Generating FKS-subtracted matrix elements for born process: d d~ > ta+ vt w- g [ all = QCD ] @1 (42 / 72) 
INFO: Generating FKS-subtracted matrix elements for born process: s g > e+ ve w- s [ all = QCD ] @1 (43 / 72) 
INFO: Generating FKS-subtracted matrix elements for born process: s g > mu+ vm w- s [ all = QCD ] @1 (44 / 72) 
INFO: Generating FKS-subtracted matrix elements for born process: s g > ta+ vt w- s [ all = QCD ] @1 (45 / 72) 
INFO: Generating FKS-subtracted matrix elements for born process: s s~ > e+ ve w- g [ all = QCD ] @1 (46 / 72) 
INFO: Generating FKS-subtracted matrix elements for born process: s s~ > mu+ vm w- g [ all = QCD ] @1 (47 / 72) 
INFO: Generating FKS-subtracted matrix elements for born process: s s~ > ta+ vt w- g [ all = QCD ] @1 (48 / 72) 
INFO: Generating FKS-subtracted matrix elements for born process: u~ g > e+ ve w- u~ [ all = QCD ] @1 (49 / 72) 
INFO: Generating FKS-subtracted matrix elements for born process: u~ g > mu+ vm w- u~ [ all = QCD ] @1 (50 / 72) 
INFO: Generating FKS-subtracted matrix elements for born process: u~ g > ta+ vt w- u~ [ all = QCD ] @1 (51 / 72) 
INFO: Generating FKS-subtracted matrix elements for born process: u~ u > e+ ve w- g [ all = QCD ] @1 (52 / 72) 
INFO: Generating FKS-subtracted matrix elements for born process: u~ u > mu+ vm w- g [ all = QCD ] @1 (53 / 72) 
INFO: Generating FKS-subtracted matrix elements for born process: u~ u > ta+ vt w- g [ all = QCD ] @1 (54 / 72) 
INFO: Generating FKS-subtracted matrix elements for born process: c~ g > e+ ve w- c~ [ all = QCD ] @1 (55 / 72) 
INFO: Generating FKS-subtracted matrix elements for born process: c~ g > mu+ vm w- c~ [ all = QCD ] @1 (56 / 72) 
INFO: Generating FKS-subtracted matrix elements for born process: c~ g > ta+ vt w- c~ [ all = QCD ] @1 (57 / 72) 
INFO: Generating FKS-subtracted matrix elements for born process: c~ c > e+ ve w- g [ all = QCD ] @1 (58 / 72) 
INFO: Generating FKS-subtracted matrix elements for born process: c~ c > mu+ vm w- g [ all = QCD ] @1 (59 / 72) 
INFO: Generating FKS-subtracted matrix elements for born process: c~ c > ta+ vt w- g [ all = QCD ] @1 (60 / 72) 
INFO: Generating FKS-subtracted matrix elements for born process: d~ g > e+ ve w- d~ [ all = QCD ] @1 (61 / 72) 
INFO: Generating FKS-subtracted matrix elements for born process: d~ g > mu+ vm w- d~ [ all = QCD ] @1 (62 / 72) 
INFO: Generating FKS-subtracted matrix elements for born process: d~ g > ta+ vt w- d~ [ all = QCD ] @1 (63 / 72) 
INFO: Generating FKS-subtracted matrix elements for born process: d~ d > e+ ve w- g [ all = QCD ] @1 (64 / 72) 
INFO: Generating FKS-subtracted matrix elements for born process: d~ d > mu+ vm w- g [ all = QCD ] @1 (65 / 72) 
INFO: Generating FKS-subtracted matrix elements for born process: d~ d > ta+ vt w- g [ all = QCD ] @1 (66 / 72) 
INFO: Generating FKS-subtracted matrix elements for born process: s~ g > e+ ve w- s~ [ all = QCD ] @1 (67 / 72) 
INFO: Generating FKS-subtracted matrix elements for born process: s~ g > mu+ vm w- s~ [ all = QCD ] @1 (68 / 72) 
INFO: Generating FKS-subtracted matrix elements for born process: s~ g > ta+ vt w- s~ [ all = QCD ] @1 (69 / 72) 
INFO: Generating FKS-subtracted matrix elements for born process: s~ s > e+ ve w- g [ all = QCD ] @1 (70 / 72) 
INFO: Generating FKS-subtracted matrix elements for born process: s~ s > mu+ vm w- g [ all = QCD ] @1 (71 / 72) 
INFO: Generating FKS-subtracted matrix elements for born process: s~ s > ta+ vt w- g [ all = QCD ] @1 (72 / 72) 
INFO: Generating virtual matrix elements using MadLoop: 
INFO: Generating virtual matrix element with MadLoop for process: g u > e+ ve w- u QCD<=1 QED<=3 [ all = QCD ] @1 (1 / 72) 
INFO: Generating virtual matrix elements using MadLoop: 
INFO: Generating virtual matrix element with MadLoop for process: g u > mu+ vm w- u QCD<=1 QED<=3 [ all = QCD ] @1 (2 / 72) 
INFO: Generating virtual matrix elements using MadLoop: 
INFO: Generating virtual matrix element with MadLoop for process: g u > ta+ vt w- u QCD<=1 QED<=3 [ all = QCD ] @1 (3 / 72) 
INFO: Generating virtual matrix elements using MadLoop: 
INFO: Generating virtual matrix element with MadLoop for process: g c > e+ ve w- c QCD<=1 QED<=3 [ all = QCD ] @1 (4 / 72) 
INFO: Generating virtual matrix elements using MadLoop: 
INFO: Generating virtual matrix element with MadLoop for process: g c > mu+ vm w- c QCD<=1 QED<=3 [ all = QCD ] @1 (5 / 72) 
INFO: Generating virtual matrix elements using MadLoop: 
INFO: Generating virtual matrix element with MadLoop for process: g c > ta+ vt w- c QCD<=1 QED<=3 [ all = QCD ] @1 (6 / 72) 
INFO: Generating virtual matrix elements using MadLoop: 
INFO: Generating virtual matrix element with MadLoop for process: g d > e+ ve w- d QCD<=1 QED<=3 [ all = QCD ] @1 (7 / 72) 
INFO: Generating virtual matrix elements using MadLoop: 
INFO: Generating virtual matrix element with MadLoop for process: g d > mu+ vm w- d QCD<=1 QED<=3 [ all = QCD ] @1 (8 / 72) 
INFO: Generating virtual matrix elements using MadLoop: 
INFO: Generating virtual matrix element with MadLoop for process: g d > ta+ vt w- d QCD<=1 QED<=3 [ all = QCD ] @1 (9 / 72) 
INFO: Generating virtual matrix elements using MadLoop: 
INFO: Generating virtual matrix element with MadLoop for process: g s > e+ ve w- s QCD<=1 QED<=3 [ all = QCD ] @1 (10 / 72) 
INFO: Generating virtual matrix elements using MadLoop: 
INFO: Generating virtual matrix element with MadLoop for process: g s > mu+ vm w- s QCD<=1 QED<=3 [ all = QCD ] @1 (11 / 72) 
INFO: Generating virtual matrix elements using MadLoop: 
INFO: Generating virtual matrix element with MadLoop for process: g s > ta+ vt w- s QCD<=1 QED<=3 [ all = QCD ] @1 (12 / 72) 
INFO: Generating virtual matrix elements using MadLoop: 
INFO: Generating virtual matrix element with MadLoop for process: g u~ > e+ ve w- u~ QCD<=1 QED<=3 [ all = QCD ] @1 (13 / 72) 
INFO: Generating virtual matrix elements using MadLoop: 
INFO: Generating virtual matrix element with MadLoop for process: g u~ > mu+ vm w- u~ QCD<=1 QED<=3 [ all = QCD ] @1 (14 / 72) 
INFO: Generating virtual matrix elements using MadLoop: 
INFO: Generating virtual matrix element with MadLoop for process: g u~ > ta+ vt w- u~ QCD<=1 QED<=3 [ all = QCD ] @1 (15 / 72) 
INFO: Generating virtual matrix elements using MadLoop: 
INFO: Generating virtual matrix element with MadLoop for process: g c~ > e+ ve w- c~ QCD<=1 QED<=3 [ all = QCD ] @1 (16 / 72) 
INFO: Generating virtual matrix elements using MadLoop: 
INFO: Generating virtual matrix element with MadLoop for process: g c~ > mu+ vm w- c~ QCD<=1 QED<=3 [ all = QCD ] @1 (17 / 72) 
INFO: Generating virtual matrix elements using MadLoop: 
INFO: Generating virtual matrix element with MadLoop for process: g c~ > ta+ vt w- c~ QCD<=1 QED<=3 [ all = QCD ] @1 (18 / 72) 
INFO: Generating virtual matrix elements using MadLoop: 
INFO: Generating virtual matrix element with MadLoop for process: g d~ > e+ ve w- d~ QCD<=1 QED<=3 [ all = QCD ] @1 (19 / 72) 
INFO: Generating virtual matrix elements using MadLoop: 
INFO: Generating virtual matrix element with MadLoop for process: g d~ > mu+ vm w- d~ QCD<=1 QED<=3 [ all = QCD ] @1 (20 / 72) 
INFO: Generating virtual matrix elements using MadLoop: 
INFO: Generating virtual matrix element with MadLoop for process: g d~ > ta+ vt w- d~ QCD<=1 QED<=3 [ all = QCD ] @1 (21 / 72) 
INFO: Generating virtual matrix elements using MadLoop: 
INFO: Generating virtual matrix element with MadLoop for process: g s~ > e+ ve w- s~ QCD<=1 QED<=3 [ all = QCD ] @1 (22 / 72) 
INFO: Generating virtual matrix elements using MadLoop: 
INFO: Generating virtual matrix element with MadLoop for process: g s~ > mu+ vm w- s~ QCD<=1 QED<=3 [ all = QCD ] @1 (23 / 72) 
INFO: Generating virtual matrix elements using MadLoop: 
INFO: Generating virtual matrix element with MadLoop for process: g s~ > ta+ vt w- s~ QCD<=1 QED<=3 [ all = QCD ] @1 (24 / 72) 
INFO: Generating virtual matrix elements using MadLoop: 
INFO: Generating virtual matrix element with MadLoop for process: u g > e+ ve w- u QCD<=1 QED<=3 [ all = QCD ] @1 (25 / 72) 
INFO: Generating virtual matrix elements using MadLoop: 
INFO: Generating virtual matrix element with MadLoop for process: u g > mu+ vm w- u QCD<=1 QED<=3 [ all = QCD ] @1 (26 / 72) 
INFO: Generating virtual matrix elements using MadLoop: 
INFO: Generating virtual matrix element with MadLoop for process: u g > ta+ vt w- u QCD<=1 QED<=3 [ all = QCD ] @1 (27 / 72) 
INFO: Generating virtual matrix elements using MadLoop: 
INFO: Generating virtual matrix element with MadLoop for process: u u~ > e+ ve w- g QCD<=1 QED<=3 [ all = QCD ] @1 (28 / 72) 
INFO: Generating virtual matrix elements using MadLoop: 
INFO: Generating virtual matrix element with MadLoop for process: u u~ > mu+ vm w- g QCD<=1 QED<=3 [ all = QCD ] @1 (29 / 72) 
INFO: Generating virtual matrix elements using MadLoop: 
INFO: Generating virtual matrix element with MadLoop for process: u u~ > ta+ vt w- g QCD<=1 QED<=3 [ all = QCD ] @1 (30 / 72) 
INFO: Generating virtual matrix elements using MadLoop: 
INFO: Generating virtual matrix element with MadLoop for process: c g > e+ ve w- c QCD<=1 QED<=3 [ all = QCD ] @1 (31 / 72) 
INFO: Generating virtual matrix elements using MadLoop: 
INFO: Generating virtual matrix element with MadLoop for process: c g > mu+ vm w- c QCD<=1 QED<=3 [ all = QCD ] @1 (32 / 72) 
INFO: Generating virtual matrix elements using MadLoop: 
INFO: Generating virtual matrix element with MadLoop for process: c g > ta+ vt w- c QCD<=1 QED<=3 [ all = QCD ] @1 (33 / 72) 
INFO: Generating virtual matrix elements using MadLoop: 
INFO: Generating virtual matrix element with MadLoop for process: c c~ > e+ ve w- g QCD<=1 QED<=3 [ all = QCD ] @1 (34 / 72) 
INFO: Generating virtual matrix elements using MadLoop: 
INFO: Generating virtual matrix element with MadLoop for process: c c~ > mu+ vm w- g QCD<=1 QED<=3 [ all = QCD ] @1 (35 / 72) 
INFO: Generating virtual matrix elements using MadLoop: 
INFO: Generating virtual matrix element with MadLoop for process: c c~ > ta+ vt w- g QCD<=1 QED<=3 [ all = QCD ] @1 (36 / 72) 
INFO: Generating virtual matrix elements using MadLoop: 
INFO: Generating virtual matrix element with MadLoop for process: d g > e+ ve w- d QCD<=1 QED<=3 [ all = QCD ] @1 (37 / 72) 
INFO: Generating virtual matrix elements using MadLoop: 
INFO: Generating virtual matrix element with MadLoop for process: d g > mu+ vm w- d QCD<=1 QED<=3 [ all = QCD ] @1 (38 / 72) 
INFO: Generating virtual matrix elements using MadLoop: 
INFO: Generating virtual matrix element with MadLoop for process: d g > ta+ vt w- d QCD<=1 QED<=3 [ all = QCD ] @1 (39 / 72) 
INFO: Generating virtual matrix elements using MadLoop: 
INFO: Generating virtual matrix element with MadLoop for process: d d~ > e+ ve w- g QCD<=1 QED<=3 [ all = QCD ] @1 (40 / 72) 
INFO: Generating virtual matrix elements using MadLoop: 
INFO: Generating virtual matrix element with MadLoop for process: d d~ > mu+ vm w- g QCD<=1 QED<=3 [ all = QCD ] @1 (41 / 72) 
INFO: Generating virtual matrix elements using MadLoop: 
INFO: Generating virtual matrix element with MadLoop for process: d d~ > ta+ vt w- g QCD<=1 QED<=3 [ all = QCD ] @1 (42 / 72) 
INFO: Generating virtual matrix elements using MadLoop: 
INFO: Generating virtual matrix element with MadLoop for process: s g > e+ ve w- s QCD<=1 QED<=3 [ all = QCD ] @1 (43 / 72) 
INFO: Generating virtual matrix elements using MadLoop: 
INFO: Generating virtual matrix element with MadLoop for process: s g > mu+ vm w- s QCD<=1 QED<=3 [ all = QCD ] @1 (44 / 72) 
INFO: Generating virtual matrix elements using MadLoop: 
INFO: Generating virtual matrix element with MadLoop for process: s g > ta+ vt w- s QCD<=1 QED<=3 [ all = QCD ] @1 (45 / 72) 
INFO: Generating virtual matrix elements using MadLoop: 
INFO: Generating virtual matrix element with MadLoop for process: s s~ > e+ ve w- g QCD<=1 QED<=3 [ all = QCD ] @1 (46 / 72) 
INFO: Generating virtual matrix elements using MadLoop: 
INFO: Generating virtual matrix element with MadLoop for process: s s~ > mu+ vm w- g QCD<=1 QED<=3 [ all = QCD ] @1 (47 / 72) 
INFO: Generating virtual matrix elements using MadLoop: 
INFO: Generating virtual matrix element with MadLoop for process: s s~ > ta+ vt w- g QCD<=1 QED<=3 [ all = QCD ] @1 (48 / 72) 
INFO: Generating virtual matrix elements using MadLoop: 
INFO: Generating virtual matrix element with MadLoop for process: u~ g > e+ ve w- u~ QCD<=1 QED<=3 [ all = QCD ] @1 (49 / 72) 
INFO: Generating virtual matrix elements using MadLoop: 
INFO: Generating virtual matrix element with MadLoop for process: u~ g > mu+ vm w- u~ QCD<=1 QED<=3 [ all = QCD ] @1 (50 / 72) 
INFO: Generating virtual matrix elements using MadLoop: 
INFO: Generating virtual matrix element with MadLoop for process: u~ g > ta+ vt w- u~ QCD<=1 QED<=3 [ all = QCD ] @1 (51 / 72) 
INFO: Generating virtual matrix elements using MadLoop: 
INFO: Generating virtual matrix element with MadLoop for process: u~ u > e+ ve w- g QCD<=1 QED<=3 [ all = QCD ] @1 (52 / 72) 
INFO: Generating virtual matrix elements using MadLoop: 
INFO: Generating virtual matrix element with MadLoop for process: u~ u > mu+ vm w- g QCD<=1 QED<=3 [ all = QCD ] @1 (53 / 72) 
INFO: Generating virtual matrix elements using MadLoop: 
INFO: Generating virtual matrix element with MadLoop for process: u~ u > ta+ vt w- g QCD<=1 QED<=3 [ all = QCD ] @1 (54 / 72) 
INFO: Generating virtual matrix elements using MadLoop: 
INFO: Generating virtual matrix element with MadLoop for process: c~ g > e+ ve w- c~ QCD<=1 QED<=3 [ all = QCD ] @1 (55 / 72) 
INFO: Generating virtual matrix elements using MadLoop: 
INFO: Generating virtual matrix element with MadLoop for process: c~ g > mu+ vm w- c~ QCD<=1 QED<=3 [ all = QCD ] @1 (56 / 72) 
INFO: Generating virtual matrix elements using MadLoop: 
INFO: Generating virtual matrix element with MadLoop for process: c~ g > ta+ vt w- c~ QCD<=1 QED<=3 [ all = QCD ] @1 (57 / 72) 
INFO: Generating virtual matrix elements using MadLoop: 
INFO: Generating virtual matrix element with MadLoop for process: c~ c > e+ ve w- g QCD<=1 QED<=3 [ all = QCD ] @1 (58 / 72) 
INFO: Generating virtual matrix elements using MadLoop: 
INFO: Generating virtual matrix element with MadLoop for process: c~ c > mu+ vm w- g QCD<=1 QED<=3 [ all = QCD ] @1 (59 / 72) 
INFO: Generating virtual matrix elements using MadLoop: 
INFO: Generating virtual matrix element with MadLoop for process: c~ c > ta+ vt w- g QCD<=1 QED<=3 [ all = QCD ] @1 (60 / 72) 
INFO: Generating virtual matrix elements using MadLoop: 
INFO: Generating virtual matrix element with MadLoop for process: d~ g > e+ ve w- d~ QCD<=1 QED<=3 [ all = QCD ] @1 (61 / 72) 
INFO: Generating virtual matrix elements using MadLoop: 
INFO: Generating virtual matrix element with MadLoop for process: d~ g > mu+ vm w- d~ QCD<=1 QED<=3 [ all = QCD ] @1 (62 / 72) 
INFO: Generating virtual matrix elements using MadLoop: 
INFO: Generating virtual matrix element with MadLoop for process: d~ g > ta+ vt w- d~ QCD<=1 QED<=3 [ all = QCD ] @1 (63 / 72) 
INFO: Generating virtual matrix elements using MadLoop: 
INFO: Generating virtual matrix element with MadLoop for process: d~ d > e+ ve w- g QCD<=1 QED<=3 [ all = QCD ] @1 (64 / 72) 
INFO: Generating virtual matrix elements using MadLoop: 
INFO: Generating virtual matrix element with MadLoop for process: d~ d > mu+ vm w- g QCD<=1 QED<=3 [ all = QCD ] @1 (65 / 72) 
INFO: Generating virtual matrix elements using MadLoop: 
INFO: Generating virtual matrix element with MadLoop for process: d~ d > ta+ vt w- g QCD<=1 QED<=3 [ all = QCD ] @1 (66 / 72) 
INFO: Generating virtual matrix elements using MadLoop: 
INFO: Generating virtual matrix element with MadLoop for process: s~ g > e+ ve w- s~ QCD<=1 QED<=3 [ all = QCD ] @1 (67 / 72) 
INFO: Generating virtual matrix elements using MadLoop: 
INFO: Generating virtual matrix element with MadLoop for process: s~ g > mu+ vm w- s~ QCD<=1 QED<=3 [ all = QCD ] @1 (68 / 72) 
INFO: Generating virtual matrix elements using MadLoop: 
INFO: Generating virtual matrix element with MadLoop for process: s~ g > ta+ vt w- s~ QCD<=1 QED<=3 [ all = QCD ] @1 (69 / 72) 
INFO: Generating virtual matrix elements using MadLoop: 
INFO: Generating virtual matrix element with MadLoop for process: s~ s > e+ ve w- g QCD<=1 QED<=3 [ all = QCD ] @1 (70 / 72) 
INFO: Generating virtual matrix elements using MadLoop: 
INFO: Generating virtual matrix element with MadLoop for process: s~ s > mu+ vm w- g QCD<=1 QED<=3 [ all = QCD ] @1 (71 / 72) 
INFO: Generating virtual matrix elements using MadLoop: 
INFO: Generating virtual matrix element with MadLoop for process: s~ s > ta+ vt w- g QCD<=1 QED<=3 [ all = QCD ] @1 (72 / 72) 
INFO: Generated 72 subprocesses with 14988 real emission diagrams, 936 born diagrams and 9096 virtual diagrams 
add process p p > ell- vl~ w+ [QCD] @2
INFO: Generating FKS-subtracted matrix elements for born process: u u~ > e- ve~ w+ [ all = QCD ] @2 (1 / 24) 
INFO: Generating FKS-subtracted matrix elements for born process: u u~ > mu- vm~ w+ [ all = QCD ] @2 (2 / 24) 
INFO: Generating FKS-subtracted matrix elements for born process: u u~ > ta- vt~ w+ [ all = QCD ] @2 (3 / 24) 
INFO: Generating FKS-subtracted matrix elements for born process: c c~ > e- ve~ w+ [ all = QCD ] @2 (4 / 24) 
INFO: Generating FKS-subtracted matrix elements for born process: c c~ > mu- vm~ w+ [ all = QCD ] @2 (5 / 24) 
INFO: Generating FKS-subtracted matrix elements for born process: c c~ > ta- vt~ w+ [ all = QCD ] @2 (6 / 24) 
INFO: Generating FKS-subtracted matrix elements for born process: d d~ > e- ve~ w+ [ all = QCD ] @2 (7 / 24) 
INFO: Generating FKS-subtracted matrix elements for born process: d d~ > mu- vm~ w+ [ all = QCD ] @2 (8 / 24) 
INFO: Generating FKS-subtracted matrix elements for born process: d d~ > ta- vt~ w+ [ all = QCD ] @2 (9 / 24) 
INFO: Generating FKS-subtracted matrix elements for born process: s s~ > e- ve~ w+ [ all = QCD ] @2 (10 / 24) 
INFO: Generating FKS-subtracted matrix elements for born process: s s~ > mu- vm~ w+ [ all = QCD ] @2 (11 / 24) 
INFO: Generating FKS-subtracted matrix elements for born process: s s~ > ta- vt~ w+ [ all = QCD ] @2 (12 / 24) 
INFO: Generating FKS-subtracted matrix elements for born process: u~ u > e- ve~ w+ [ all = QCD ] @2 (13 / 24) 
INFO: Generating FKS-subtracted matrix elements for born process: u~ u > mu- vm~ w+ [ all = QCD ] @2 (14 / 24) 
INFO: Generating FKS-subtracted matrix elements for born process: u~ u > ta- vt~ w+ [ all = QCD ] @2 (15 / 24) 
INFO: Generating FKS-subtracted matrix elements for born process: c~ c > e- ve~ w+ [ all = QCD ] @2 (16 / 24) 
INFO: Generating FKS-subtracted matrix elements for born process: c~ c > mu- vm~ w+ [ all = QCD ] @2 (17 / 24) 
INFO: Generating FKS-subtracted matrix elements for born process: c~ c > ta- vt~ w+ [ all = QCD ] @2 (18 / 24) 
INFO: Generating FKS-subtracted matrix elements for born process: d~ d > e- ve~ w+ [ all = QCD ] @2 (19 / 24) 
INFO: Generating FKS-subtracted matrix elements for born process: d~ d > mu- vm~ w+ [ all = QCD ] @2 (20 / 24) 
INFO: Generating FKS-subtracted matrix elements for born process: d~ d > ta- vt~ w+ [ all = QCD ] @2 (21 / 24) 
INFO: Generating FKS-subtracted matrix elements for born process: s~ s > e- ve~ w+ [ all = QCD ] @2 (22 / 24) 
INFO: Generating FKS-subtracted matrix elements for born process: s~ s > mu- vm~ w+ [ all = QCD ] @2 (23 / 24) 
INFO: Generating FKS-subtracted matrix elements for born process: s~ s > ta- vt~ w+ [ all = QCD ] @2 (24 / 24) 
INFO: Generating virtual matrix elements using MadLoop: 
INFO: Generating virtual matrix element with MadLoop for process: u u~ > e- ve~ w+ QED<=3 [ all = QCD ] @2 (1 / 24) 
INFO: Generating virtual matrix elements using MadLoop: 
INFO: Generating virtual matrix element with MadLoop for process: u u~ > mu- vm~ w+ QED<=3 [ all = QCD ] @2 (2 / 24) 
INFO: Generating virtual matrix elements using MadLoop: 
INFO: Generating virtual matrix element with MadLoop for process: u u~ > ta- vt~ w+ QED<=3 [ all = QCD ] @2 (3 / 24) 
INFO: Generating virtual matrix elements using MadLoop: 
INFO: Generating virtual matrix element with MadLoop for process: c c~ > e- ve~ w+ QED<=3 [ all = QCD ] @2 (4 / 24) 
INFO: Generating virtual matrix elements using MadLoop: 
INFO: Generating virtual matrix element with MadLoop for process: c c~ > mu- vm~ w+ QED<=3 [ all = QCD ] @2 (5 / 24) 
INFO: Generating virtual matrix elements using MadLoop: 
INFO: Generating virtual matrix element with MadLoop for process: c c~ > ta- vt~ w+ QED<=3 [ all = QCD ] @2 (6 / 24) 
INFO: Generating virtual matrix elements using MadLoop: 
INFO: Generating virtual matrix element with MadLoop for process: d d~ > e- ve~ w+ QED<=3 [ all = QCD ] @2 (7 / 24) 
INFO: Generating virtual matrix elements using MadLoop: 
INFO: Generating virtual matrix element with MadLoop for process: d d~ > mu- vm~ w+ QED<=3 [ all = QCD ] @2 (8 / 24) 
INFO: Generating virtual matrix elements using MadLoop: 
INFO: Generating virtual matrix element with MadLoop for process: d d~ > ta- vt~ w+ QED<=3 [ all = QCD ] @2 (9 / 24) 
INFO: Generating virtual matrix elements using MadLoop: 
INFO: Generating virtual matrix element with MadLoop for process: s s~ > e- ve~ w+ QED<=3 [ all = QCD ] @2 (10 / 24) 
INFO: Generating virtual matrix elements using MadLoop: 
INFO: Generating virtual matrix element with MadLoop for process: s s~ > mu- vm~ w+ QED<=3 [ all = QCD ] @2 (11 / 24) 
INFO: Generating virtual matrix elements using MadLoop: 
INFO: Generating virtual matrix element with MadLoop for process: s s~ > ta- vt~ w+ QED<=3 [ all = QCD ] @2 (12 / 24) 
INFO: Generating virtual matrix elements using MadLoop: 
INFO: Generating virtual matrix element with MadLoop for process: u~ u > e- ve~ w+ QED<=3 [ all = QCD ] @2 (13 / 24) 
INFO: Generating virtual matrix elements using MadLoop: 
INFO: Generating virtual matrix element with MadLoop for process: u~ u > mu- vm~ w+ QED<=3 [ all = QCD ] @2 (14 / 24) 
INFO: Generating virtual matrix elements using MadLoop: 
INFO: Generating virtual matrix element with MadLoop for process: u~ u > ta- vt~ w+ QED<=3 [ all = QCD ] @2 (15 / 24) 
INFO: Generating virtual matrix elements using MadLoop: 
INFO: Generating virtual matrix element with MadLoop for process: c~ c > e- ve~ w+ QED<=3 [ all = QCD ] @2 (16 / 24) 
INFO: Generating virtual matrix elements using MadLoop: 
INFO: Generating virtual matrix element with MadLoop for process: c~ c > mu- vm~ w+ QED<=3 [ all = QCD ] @2 (17 / 24) 
INFO: Generating virtual matrix elements using MadLoop: 
INFO: Generating virtual matrix element with MadLoop for process: c~ c > ta- vt~ w+ QED<=3 [ all = QCD ] @2 (18 / 24) 
INFO: Generating virtual matrix elements using MadLoop: 
INFO: Generating virtual matrix element with MadLoop for process: d~ d > e- ve~ w+ QED<=3 [ all = QCD ] @2 (19 / 24) 
INFO: Generating virtual matrix elements using MadLoop: 
INFO: Generating virtual matrix element with MadLoop for process: d~ d > mu- vm~ w+ QED<=3 [ all = QCD ] @2 (20 / 24) 
INFO: Generating virtual matrix elements using MadLoop: 
INFO: Generating virtual matrix element with MadLoop for process: d~ d > ta- vt~ w+ QED<=3 [ all = QCD ] @2 (21 / 24) 
INFO: Generating virtual matrix elements using MadLoop: 
INFO: Generating virtual matrix element with MadLoop for process: s~ s > e- ve~ w+ QED<=3 [ all = QCD ] @2 (22 / 24) 
INFO: Generating virtual matrix elements using MadLoop: 
INFO: Generating virtual matrix element with MadLoop for process: s~ s > mu- vm~ w+ QED<=3 [ all = QCD ] @2 (23 / 24) 
INFO: Generating virtual matrix elements using MadLoop: 
INFO: Generating virtual matrix element with MadLoop for process: s~ s > ta- vt~ w+ QED<=3 [ all = QCD ] @2 (24 / 24) 
INFO: Generated 24 subprocesses with 936 real emission diagrams, 144 born diagrams and 216 virtual diagrams 
add process p p > ell- vl~ w+ j [QCD] @3
INFO: Generating FKS-subtracted matrix elements for born process: g u > e- ve~ w+ u [ all = QCD ] @3 (1 / 72) 
INFO: Generating FKS-subtracted matrix elements for born process: g u > mu- vm~ w+ u [ all = QCD ] @3 (2 / 72) 
INFO: Generating FKS-subtracted matrix elements for born process: g u > ta- vt~ w+ u [ all = QCD ] @3 (3 / 72) 
INFO: Generating FKS-subtracted matrix elements for born process: g c > e- ve~ w+ c [ all = QCD ] @3 (4 / 72) 
INFO: Generating FKS-subtracted matrix elements for born process: g c > mu- vm~ w+ c [ all = QCD ] @3 (5 / 72) 
INFO: Generating FKS-subtracted matrix elements for born process: g c > ta- vt~ w+ c [ all = QCD ] @3 (6 / 72) 
INFO: Generating FKS-subtracted matrix elements for born process: g d > e- ve~ w+ d [ all = QCD ] @3 (7 / 72) 
INFO: Generating FKS-subtracted matrix elements for born process: g d > mu- vm~ w+ d [ all = QCD ] @3 (8 / 72) 
INFO: Generating FKS-subtracted matrix elements for born process: g d > ta- vt~ w+ d [ all = QCD ] @3 (9 / 72) 
INFO: Generating FKS-subtracted matrix elements for born process: g s > e- ve~ w+ s [ all = QCD ] @3 (10 / 72) 
INFO: Generating FKS-subtracted matrix elements for born process: g s > mu- vm~ w+ s [ all = QCD ] @3 (11 / 72) 
INFO: Generating FKS-subtracted matrix elements for born process: g s > ta- vt~ w+ s [ all = QCD ] @3 (12 / 72) 
INFO: Generating FKS-subtracted matrix elements for born process: g u~ > e- ve~ w+ u~ [ all = QCD ] @3 (13 / 72) 
INFO: Generating FKS-subtracted matrix elements for born process: g u~ > mu- vm~ w+ u~ [ all = QCD ] @3 (14 / 72) 
INFO: Generating FKS-subtracted matrix elements for born process: g u~ > ta- vt~ w+ u~ [ all = QCD ] @3 (15 / 72) 
INFO: Generating FKS-subtracted matrix elements for born process: g c~ > e- ve~ w+ c~ [ all = QCD ] @3 (16 / 72) 
INFO: Generating FKS-subtracted matrix elements for born process: g c~ > mu- vm~ w+ c~ [ all = QCD ] @3 (17 / 72) 
INFO: Generating FKS-subtracted matrix elements for born process: g c~ > ta- vt~ w+ c~ [ all = QCD ] @3 (18 / 72) 
INFO: Generating FKS-subtracted matrix elements for born process: g d~ > e- ve~ w+ d~ [ all = QCD ] @3 (19 / 72) 
INFO: Generating FKS-subtracted matrix elements for born process: g d~ > mu- vm~ w+ d~ [ all = QCD ] @3 (20 / 72) 
INFO: Generating FKS-subtracted matrix elements for born process: g d~ > ta- vt~ w+ d~ [ all = QCD ] @3 (21 / 72) 
INFO: Generating FKS-subtracted matrix elements for born process: g s~ > e- ve~ w+ s~ [ all = QCD ] @3 (22 / 72) 
INFO: Generating FKS-subtracted matrix elements for born process: g s~ > mu- vm~ w+ s~ [ all = QCD ] @3 (23 / 72) 
INFO: Generating FKS-subtracted matrix elements for born process: g s~ > ta- vt~ w+ s~ [ all = QCD ] @3 (24 / 72) 
INFO: Generating FKS-subtracted matrix elements for born process: u g > e- ve~ w+ u [ all = QCD ] @3 (25 / 72) 
INFO: Generating FKS-subtracted matrix elements for born process: u g > mu- vm~ w+ u [ all = QCD ] @3 (26 / 72) 
INFO: Generating FKS-subtracted matrix elements for born process: u g > ta- vt~ w+ u [ all = QCD ] @3 (27 / 72) 
INFO: Generating FKS-subtracted matrix elements for born process: u u~ > e- ve~ w+ g [ all = QCD ] @3 (28 / 72) 
INFO: Generating FKS-subtracted matrix elements for born process: u u~ > mu- vm~ w+ g [ all = QCD ] @3 (29 / 72) 
INFO: Generating FKS-subtracted matrix elements for born process: u u~ > ta- vt~ w+ g [ all = QCD ] @3 (30 / 72) 
INFO: Generating FKS-subtracted matrix elements for born process: c g > e- ve~ w+ c [ all = QCD ] @3 (31 / 72) 
INFO: Generating FKS-subtracted matrix elements for born process: c g > mu- vm~ w+ c [ all = QCD ] @3 (32 / 72) 
INFO: Generating FKS-subtracted matrix elements for born process: c g > ta- vt~ w+ c [ all = QCD ] @3 (33 / 72) 
INFO: Generating FKS-subtracted matrix elements for born process: c c~ > e- ve~ w+ g [ all = QCD ] @3 (34 / 72) 
INFO: Generating FKS-subtracted matrix elements for born process: c c~ > mu- vm~ w+ g [ all = QCD ] @3 (35 / 72) 
INFO: Generating FKS-subtracted matrix elements for born process: c c~ > ta- vt~ w+ g [ all = QCD ] @3 (36 / 72) 
INFO: Generating FKS-subtracted matrix elements for born process: d g > e- ve~ w+ d [ all = QCD ] @3 (37 / 72) 
INFO: Generating FKS-subtracted matrix elements for born process: d g > mu- vm~ w+ d [ all = QCD ] @3 (38 / 72) 
INFO: Generating FKS-subtracted matrix elements for born process: d g > ta- vt~ w+ d [ all = QCD ] @3 (39 / 72) 
INFO: Generating FKS-subtracted matrix elements for born process: d d~ > e- ve~ w+ g [ all = QCD ] @3 (40 / 72) 
INFO: Generating FKS-subtracted matrix elements for born process: d d~ > mu- vm~ w+ g [ all = QCD ] @3 (41 / 72) 
INFO: Generating FKS-subtracted matrix elements for born process: d d~ > ta- vt~ w+ g [ all = QCD ] @3 (42 / 72) 
INFO: Generating FKS-subtracted matrix elements for born process: s g > e- ve~ w+ s [ all = QCD ] @3 (43 / 72) 
INFO: Generating FKS-subtracted matrix elements for born process: s g > mu- vm~ w+ s [ all = QCD ] @3 (44 / 72) 
INFO: Generating FKS-subtracted matrix elements for born process: s g > ta- vt~ w+ s [ all = QCD ] @3 (45 / 72) 
INFO: Generating FKS-subtracted matrix elements for born process: s s~ > e- ve~ w+ g [ all = QCD ] @3 (46 / 72) 
INFO: Generating FKS-subtracted matrix elements for born process: s s~ > mu- vm~ w+ g [ all = QCD ] @3 (47 / 72) 
INFO: Generating FKS-subtracted matrix elements for born process: s s~ > ta- vt~ w+ g [ all = QCD ] @3 (48 / 72) 
INFO: Generating FKS-subtracted matrix elements for born process: u~ g > e- ve~ w+ u~ [ all = QCD ] @3 (49 / 72) 
INFO: Generating FKS-subtracted matrix elements for born process: u~ g > mu- vm~ w+ u~ [ all = QCD ] @3 (50 / 72) 
INFO: Generating FKS-subtracted matrix elements for born process: u~ g > ta- vt~ w+ u~ [ all = QCD ] @3 (51 / 72) 
INFO: Generating FKS-subtracted matrix elements for born process: u~ u > e- ve~ w+ g [ all = QCD ] @3 (52 / 72) 
INFO: Generating FKS-subtracted matrix elements for born process: u~ u > mu- vm~ w+ g [ all = QCD ] @3 (53 / 72) 
INFO: Generating FKS-subtracted matrix elements for born process: u~ u > ta- vt~ w+ g [ all = QCD ] @3 (54 / 72) 
INFO: Generating FKS-subtracted matrix elements for born process: c~ g > e- ve~ w+ c~ [ all = QCD ] @3 (55 / 72) 
INFO: Generating FKS-subtracted matrix elements for born process: c~ g > mu- vm~ w+ c~ [ all = QCD ] @3 (56 / 72) 
INFO: Generating FKS-subtracted matrix elements for born process: c~ g > ta- vt~ w+ c~ [ all = QCD ] @3 (57 / 72) 
INFO: Generating FKS-subtracted matrix elements for born process: c~ c > e- ve~ w+ g [ all = QCD ] @3 (58 / 72) 
INFO: Generating FKS-subtracted matrix elements for born process: c~ c > mu- vm~ w+ g [ all = QCD ] @3 (59 / 72) 
INFO: Generating FKS-subtracted matrix elements for born process: c~ c > ta- vt~ w+ g [ all = QCD ] @3 (60 / 72) 
INFO: Generating FKS-subtracted matrix elements for born process: d~ g > e- ve~ w+ d~ [ all = QCD ] @3 (61 / 72) 
INFO: Generating FKS-subtracted matrix elements for born process: d~ g > mu- vm~ w+ d~ [ all = QCD ] @3 (62 / 72) 
INFO: Generating FKS-subtracted matrix elements for born process: d~ g > ta- vt~ w+ d~ [ all = QCD ] @3 (63 / 72) 
INFO: Generating FKS-subtracted matrix elements for born process: d~ d > e- ve~ w+ g [ all = QCD ] @3 (64 / 72) 
INFO: Generating FKS-subtracted matrix elements for born process: d~ d > mu- vm~ w+ g [ all = QCD ] @3 (65 / 72) 
INFO: Generating FKS-subtracted matrix elements for born process: d~ d > ta- vt~ w+ g [ all = QCD ] @3 (66 / 72) 
INFO: Generating FKS-subtracted matrix elements for born process: s~ g > e- ve~ w+ s~ [ all = QCD ] @3 (67 / 72) 
INFO: Generating FKS-subtracted matrix elements for born process: s~ g > mu- vm~ w+ s~ [ all = QCD ] @3 (68 / 72) 
INFO: Generating FKS-subtracted matrix elements for born process: s~ g > ta- vt~ w+ s~ [ all = QCD ] @3 (69 / 72) 
INFO: Generating FKS-subtracted matrix elements for born process: s~ s > e- ve~ w+ g [ all = QCD ] @3 (70 / 72) 
INFO: Generating FKS-subtracted matrix elements for born process: s~ s > mu- vm~ w+ g [ all = QCD ] @3 (71 / 72) 
INFO: Generating FKS-subtracted matrix elements for born process: s~ s > ta- vt~ w+ g [ all = QCD ] @3 (72 / 72) 
INFO: Generating virtual matrix elements using MadLoop: 
INFO: Generating virtual matrix element with MadLoop for process: g u > e- ve~ w+ u QCD<=1 QED<=3 [ all = QCD ] @3 (1 / 72) 
INFO: Generating virtual matrix elements using MadLoop: 
INFO: Generating virtual matrix element with MadLoop for process: g u > mu- vm~ w+ u QCD<=1 QED<=3 [ all = QCD ] @3 (2 / 72) 
INFO: Generating virtual matrix elements using MadLoop: 
INFO: Generating virtual matrix element with MadLoop for process: g u > ta- vt~ w+ u QCD<=1 QED<=3 [ all = QCD ] @3 (3 / 72) 
INFO: Generating virtual matrix elements using MadLoop: 
INFO: Generating virtual matrix element with MadLoop for process: g c > e- ve~ w+ c QCD<=1 QED<=3 [ all = QCD ] @3 (4 / 72) 
INFO: Generating virtual matrix elements using MadLoop: 
INFO: Generating virtual matrix element with MadLoop for process: g c > mu- vm~ w+ c QCD<=1 QED<=3 [ all = QCD ] @3 (5 / 72) 
INFO: Generating virtual matrix elements using MadLoop: 
INFO: Generating virtual matrix element with MadLoop for process: g c > ta- vt~ w+ c QCD<=1 QED<=3 [ all = QCD ] @3 (6 / 72) 
INFO: Generating virtual matrix elements using MadLoop: 
INFO: Generating virtual matrix element with MadLoop for process: g d > e- ve~ w+ d QCD<=1 QED<=3 [ all = QCD ] @3 (7 / 72) 
INFO: Generating virtual matrix elements using MadLoop: 
INFO: Generating virtual matrix element with MadLoop for process: g d > mu- vm~ w+ d QCD<=1 QED<=3 [ all = QCD ] @3 (8 / 72) 
INFO: Generating virtual matrix elements using MadLoop: 
INFO: Generating virtual matrix element with MadLoop for process: g d > ta- vt~ w+ d QCD<=1 QED<=3 [ all = QCD ] @3 (9 / 72) 
INFO: Generating virtual matrix elements using MadLoop: 
INFO: Generating virtual matrix element with MadLoop for process: g s > e- ve~ w+ s QCD<=1 QED<=3 [ all = QCD ] @3 (10 / 72) 
INFO: Generating virtual matrix elements using MadLoop: 
INFO: Generating virtual matrix element with MadLoop for process: g s > mu- vm~ w+ s QCD<=1 QED<=3 [ all = QCD ] @3 (11 / 72) 
INFO: Generating virtual matrix elements using MadLoop: 
INFO: Generating virtual matrix element with MadLoop for process: g s > ta- vt~ w+ s QCD<=1 QED<=3 [ all = QCD ] @3 (12 / 72) 
INFO: Generating virtual matrix elements using MadLoop: 
INFO: Generating virtual matrix element with MadLoop for process: g u~ > e- ve~ w+ u~ QCD<=1 QED<=3 [ all = QCD ] @3 (13 / 72) 
INFO: Generating virtual matrix elements using MadLoop: 
INFO: Generating virtual matrix element with MadLoop for process: g u~ > mu- vm~ w+ u~ QCD<=1 QED<=3 [ all = QCD ] @3 (14 / 72) 
INFO: Generating virtual matrix elements using MadLoop: 
INFO: Generating virtual matrix element with MadLoop for process: g u~ > ta- vt~ w+ u~ QCD<=1 QED<=3 [ all = QCD ] @3 (15 / 72) 
INFO: Generating virtual matrix elements using MadLoop: 
INFO: Generating virtual matrix element with MadLoop for process: g c~ > e- ve~ w+ c~ QCD<=1 QED<=3 [ all = QCD ] @3 (16 / 72) 
INFO: Generating virtual matrix elements using MadLoop: 
INFO: Generating virtual matrix element with MadLoop for process: g c~ > mu- vm~ w+ c~ QCD<=1 QED<=3 [ all = QCD ] @3 (17 / 72) 
INFO: Generating virtual matrix elements using MadLoop: 
INFO: Generating virtual matrix element with MadLoop for process: g c~ > ta- vt~ w+ c~ QCD<=1 QED<=3 [ all = QCD ] @3 (18 / 72) 
INFO: Generating virtual matrix elements using MadLoop: 
INFO: Generating virtual matrix element with MadLoop for process: g d~ > e- ve~ w+ d~ QCD<=1 QED<=3 [ all = QCD ] @3 (19 / 72) 
INFO: Generating virtual matrix elements using MadLoop: 
INFO: Generating virtual matrix element with MadLoop for process: g d~ > mu- vm~ w+ d~ QCD<=1 QED<=3 [ all = QCD ] @3 (20 / 72) 
INFO: Generating virtual matrix elements using MadLoop: 
INFO: Generating virtual matrix element with MadLoop for process: g d~ > ta- vt~ w+ d~ QCD<=1 QED<=3 [ all = QCD ] @3 (21 / 72) 
INFO: Generating virtual matrix elements using MadLoop: 
INFO: Generating virtual matrix element with MadLoop for process: g s~ > e- ve~ w+ s~ QCD<=1 QED<=3 [ all = QCD ] @3 (22 / 72) 
INFO: Generating virtual matrix elements using MadLoop: 
INFO: Generating virtual matrix element with MadLoop for process: g s~ > mu- vm~ w+ s~ QCD<=1 QED<=3 [ all = QCD ] @3 (23 / 72) 
INFO: Generating virtual matrix elements using MadLoop: 
INFO: Generating virtual matrix element with MadLoop for process: g s~ > ta- vt~ w+ s~ QCD<=1 QED<=3 [ all = QCD ] @3 (24 / 72) 
INFO: Generating virtual matrix elements using MadLoop: 
INFO: Generating virtual matrix element with MadLoop for process: u g > e- ve~ w+ u QCD<=1 QED<=3 [ all = QCD ] @3 (25 / 72) 
INFO: Generating virtual matrix elements using MadLoop: 
INFO: Generating virtual matrix element with MadLoop for process: u g > mu- vm~ w+ u QCD<=1 QED<=3 [ all = QCD ] @3 (26 / 72) 
INFO: Generating virtual matrix elements using MadLoop: 
INFO: Generating virtual matrix element with MadLoop for process: u g > ta- vt~ w+ u QCD<=1 QED<=3 [ all = QCD ] @3 (27 / 72) 
INFO: Generating virtual matrix elements using MadLoop: 
INFO: Generating virtual matrix element with MadLoop for process: u u~ > e- ve~ w+ g QCD<=1 QED<=3 [ all = QCD ] @3 (28 / 72) 
INFO: Generating virtual matrix elements using MadLoop: 
INFO: Generating virtual matrix element with MadLoop for process: u u~ > mu- vm~ w+ g QCD<=1 QED<=3 [ all = QCD ] @3 (29 / 72) 
INFO: Generating virtual matrix elements using MadLoop: 
INFO: Generating virtual matrix element with MadLoop for process: u u~ > ta- vt~ w+ g QCD<=1 QED<=3 [ all = QCD ] @3 (30 / 72) 
INFO: Generating virtual matrix elements using MadLoop: 
INFO: Generating virtual matrix element with MadLoop for process: c g > e- ve~ w+ c QCD<=1 QED<=3 [ all = QCD ] @3 (31 / 72) 
INFO: Generating virtual matrix elements using MadLoop: 
INFO: Generating virtual matrix element with MadLoop for process: c g > mu- vm~ w+ c QCD<=1 QED<=3 [ all = QCD ] @3 (32 / 72) 
INFO: Generating virtual matrix elements using MadLoop: 
INFO: Generating virtual matrix element with MadLoop for process: c g > ta- vt~ w+ c QCD<=1 QED<=3 [ all = QCD ] @3 (33 / 72) 
INFO: Generating virtual matrix elements using MadLoop: 
INFO: Generating virtual matrix element with MadLoop for process: c c~ > e- ve~ w+ g QCD<=1 QED<=3 [ all = QCD ] @3 (34 / 72) 
INFO: Generating virtual matrix elements using MadLoop: 
INFO: Generating virtual matrix element with MadLoop for process: c c~ > mu- vm~ w+ g QCD<=1 QED<=3 [ all = QCD ] @3 (35 / 72) 
INFO: Generating virtual matrix elements using MadLoop: 
INFO: Generating virtual matrix element with MadLoop for process: c c~ > ta- vt~ w+ g QCD<=1 QED<=3 [ all = QCD ] @3 (36 / 72) 
INFO: Generating virtual matrix elements using MadLoop: 
INFO: Generating virtual matrix element with MadLoop for process: d g > e- ve~ w+ d QCD<=1 QED<=3 [ all = QCD ] @3 (37 / 72) 
INFO: Generating virtual matrix elements using MadLoop: 
INFO: Generating virtual matrix element with MadLoop for process: d g > mu- vm~ w+ d QCD<=1 QED<=3 [ all = QCD ] @3 (38 / 72) 
INFO: Generating virtual matrix elements using MadLoop: 
INFO: Generating virtual matrix element with MadLoop for process: d g > ta- vt~ w+ d QCD<=1 QED<=3 [ all = QCD ] @3 (39 / 72) 
INFO: Generating virtual matrix elements using MadLoop: 
INFO: Generating virtual matrix element with MadLoop for process: d d~ > e- ve~ w+ g QCD<=1 QED<=3 [ all = QCD ] @3 (40 / 72) 
INFO: Generating virtual matrix elements using MadLoop: 
INFO: Generating virtual matrix element with MadLoop for process: d d~ > mu- vm~ w+ g QCD<=1 QED<=3 [ all = QCD ] @3 (41 / 72) 
INFO: Generating virtual matrix elements using MadLoop: 
INFO: Generating virtual matrix element with MadLoop for process: d d~ > ta- vt~ w+ g QCD<=1 QED<=3 [ all = QCD ] @3 (42 / 72) 
INFO: Generating virtual matrix elements using MadLoop: 
INFO: Generating virtual matrix element with MadLoop for process: s g > e- ve~ w+ s QCD<=1 QED<=3 [ all = QCD ] @3 (43 / 72) 
INFO: Generating virtual matrix elements using MadLoop: 
INFO: Generating virtual matrix element with MadLoop for process: s g > mu- vm~ w+ s QCD<=1 QED<=3 [ all = QCD ] @3 (44 / 72) 
INFO: Generating virtual matrix elements using MadLoop: 
INFO: Generating virtual matrix element with MadLoop for process: s g > ta- vt~ w+ s QCD<=1 QED<=3 [ all = QCD ] @3 (45 / 72) 
INFO: Generating virtual matrix elements using MadLoop: 
INFO: Generating virtual matrix element with MadLoop for process: s s~ > e- ve~ w+ g QCD<=1 QED<=3 [ all = QCD ] @3 (46 / 72) 
INFO: Generating virtual matrix elements using MadLoop: 
INFO: Generating virtual matrix element with MadLoop for process: s s~ > mu- vm~ w+ g QCD<=1 QED<=3 [ all = QCD ] @3 (47 / 72) 
INFO: Generating virtual matrix elements using MadLoop: 
INFO: Generating virtual matrix element with MadLoop for process: s s~ > ta- vt~ w+ g QCD<=1 QED<=3 [ all = QCD ] @3 (48 / 72) 
INFO: Generating virtual matrix elements using MadLoop: 
INFO: Generating virtual matrix element with MadLoop for process: u~ g > e- ve~ w+ u~ QCD<=1 QED<=3 [ all = QCD ] @3 (49 / 72) 
INFO: Generating virtual matrix elements using MadLoop: 
INFO: Generating virtual matrix element with MadLoop for process: u~ g > mu- vm~ w+ u~ QCD<=1 QED<=3 [ all = QCD ] @3 (50 / 72) 
INFO: Generating virtual matrix elements using MadLoop: 
INFO: Generating virtual matrix element with MadLoop for process: u~ g > ta- vt~ w+ u~ QCD<=1 QED<=3 [ all = QCD ] @3 (51 / 72) 
INFO: Generating virtual matrix elements using MadLoop: 
INFO: Generating virtual matrix element with MadLoop for process: u~ u > e- ve~ w+ g QCD<=1 QED<=3 [ all = QCD ] @3 (52 / 72) 
INFO: Generating virtual matrix elements using MadLoop: 
INFO: Generating virtual matrix element with MadLoop for process: u~ u > mu- vm~ w+ g QCD<=1 QED<=3 [ all = QCD ] @3 (53 / 72) 
INFO: Generating virtual matrix elements using MadLoop: 
INFO: Generating virtual matrix element with MadLoop for process: u~ u > ta- vt~ w+ g QCD<=1 QED<=3 [ all = QCD ] @3 (54 / 72) 
INFO: Generating virtual matrix elements using MadLoop: 
INFO: Generating virtual matrix element with MadLoop for process: c~ g > e- ve~ w+ c~ QCD<=1 QED<=3 [ all = QCD ] @3 (55 / 72) 
INFO: Generating virtual matrix elements using MadLoop: 
INFO: Generating virtual matrix element with MadLoop for process: c~ g > mu- vm~ w+ c~ QCD<=1 QED<=3 [ all = QCD ] @3 (56 / 72) 
INFO: Generating virtual matrix elements using MadLoop: 
INFO: Generating virtual matrix element with MadLoop for process: c~ g > ta- vt~ w+ c~ QCD<=1 QED<=3 [ all = QCD ] @3 (57 / 72) 
INFO: Generating virtual matrix elements using MadLoop: 
INFO: Generating virtual matrix element with MadLoop for process: c~ c > e- ve~ w+ g QCD<=1 QED<=3 [ all = QCD ] @3 (58 / 72) 
INFO: Generating virtual matrix elements using MadLoop: 
INFO: Generating virtual matrix element with MadLoop for process: c~ c > mu- vm~ w+ g QCD<=1 QED<=3 [ all = QCD ] @3 (59 / 72) 
INFO: Generating virtual matrix elements using MadLoop: 
INFO: Generating virtual matrix element with MadLoop for process: c~ c > ta- vt~ w+ g QCD<=1 QED<=3 [ all = QCD ] @3 (60 / 72) 
INFO: Generating virtual matrix elements using MadLoop: 
INFO: Generating virtual matrix element with MadLoop for process: d~ g > e- ve~ w+ d~ QCD<=1 QED<=3 [ all = QCD ] @3 (61 / 72) 
INFO: Generating virtual matrix elements using MadLoop: 
INFO: Generating virtual matrix element with MadLoop for process: d~ g > mu- vm~ w+ d~ QCD<=1 QED<=3 [ all = QCD ] @3 (62 / 72) 
INFO: Generating virtual matrix elements using MadLoop: 
INFO: Generating virtual matrix element with MadLoop for process: d~ g > ta- vt~ w+ d~ QCD<=1 QED<=3 [ all = QCD ] @3 (63 / 72) 
INFO: Generating virtual matrix elements using MadLoop: 
INFO: Generating virtual matrix element with MadLoop for process: d~ d > e- ve~ w+ g QCD<=1 QED<=3 [ all = QCD ] @3 (64 / 72) 
INFO: Generating virtual matrix elements using MadLoop: 
INFO: Generating virtual matrix element with MadLoop for process: d~ d > mu- vm~ w+ g QCD<=1 QED<=3 [ all = QCD ] @3 (65 / 72) 
INFO: Generating virtual matrix elements using MadLoop: 
INFO: Generating virtual matrix element with MadLoop for process: d~ d > ta- vt~ w+ g QCD<=1 QED<=3 [ all = QCD ] @3 (66 / 72) 
INFO: Generating virtual matrix elements using MadLoop: 
INFO: Generating virtual matrix element with MadLoop for process: s~ g > e- ve~ w+ s~ QCD<=1 QED<=3 [ all = QCD ] @3 (67 / 72) 
INFO: Generating virtual matrix elements using MadLoop: 
INFO: Generating virtual matrix element with MadLoop for process: s~ g > mu- vm~ w+ s~ QCD<=1 QED<=3 [ all = QCD ] @3 (68 / 72) 
INFO: Generating virtual matrix elements using MadLoop: 
INFO: Generating virtual matrix element with MadLoop for process: s~ g > ta- vt~ w+ s~ QCD<=1 QED<=3 [ all = QCD ] @3 (69 / 72) 
INFO: Generating virtual matrix elements using MadLoop: 
INFO: Generating virtual matrix element with MadLoop for process: s~ s > e- ve~ w+ g QCD<=1 QED<=3 [ all = QCD ] @3 (70 / 72) 
INFO: Generating virtual matrix elements using MadLoop: 
INFO: Generating virtual matrix element with MadLoop for process: s~ s > mu- vm~ w+ g QCD<=1 QED<=3 [ all = QCD ] @3 (71 / 72) 
INFO: Generating virtual matrix elements using MadLoop: 
INFO: Generating virtual matrix element with MadLoop for process: s~ s > ta- vt~ w+ g QCD<=1 QED<=3 [ all = QCD ] @3 (72 / 72) 
INFO: Generated 72 subprocesses with 14988 real emission diagrams, 936 born diagrams and 9096 virtual diagrams 
output WWToLNuQQ_4f_amcatnloFxFx -nojpeg
[1mFirst output using loop matrix-elements has been detected. Now asking for loop reduction:[0m
For loop computations, MadLoop requires dedicated tools to perform the reduction of loop Feynman diagrams using OPP-based and/or TIR approaches.

Which one do you want to install? (this needs to be done only once)
1. [34mcuttools  (OPP) [0711.3596]  [0m : will be installed (required)
2. [34miregi     (TIR) [1405.0301]  [0m : will be installed (required)
3. [34mninja     (OPP) [1403.1229]  [0m : [92mwill be installed [0m(recommended)
4. [34mcollier   (TIR) [1604.06792] [0m : [91mdo not install[0m
5. [34mgolem     (TIR) [0807.0605]  [0m : [91mdo not install[0m
You can:
 -> hit 'enter' to proceed
 -> type a number to cycle its options
 -> enter the following command:
    [34m{tool_name}[0m [[34minstall[0m|[34mnoinstall[0m|[34m{prefixed_installation_path}[0m]

[1m[91mIf you are unsure about what this question means, just type enter to proceed. [0m
[1;34mfound line : display multiparticles[0m
[1;34mThis answer is not valid for current question. Keep it for next question and use here default: 0[0m
set golem ''
save options golem
save configuration file to /data9/Users/shjeon/MadGraph_Contact/forVV/genproductions/bin/MadGraph5_aMCatNLO/WWToLNuQQ_4f_amcatnloFxFx/WWToLNuQQ_4f_amcatnloFxFx_gridpack/work/MG5_aMC_v2_6_5/input/mg5_configuration.txt
save options golem
save configuration file to /data9/Users/shjeon/MadGraph_Contact/forVV/genproductions/bin/MadGraph5_aMCatNLO/WWToLNuQQ_4f_amcatnloFxFx/WWToLNuQQ_4f_amcatnloFxFx_gridpack/work/MG5_aMC_v2_6_5/input/mg5_configuration.txt
set pjfry ''
save options pjfry
save configuration file to /data9/Users/shjeon/MadGraph_Contact/forVV/genproductions/bin/MadGraph5_aMCatNLO/WWToLNuQQ_4f_amcatnloFxFx/WWToLNuQQ_4f_amcatnloFxFx_gridpack/work/MG5_aMC_v2_6_5/input/mg5_configuration.txt
save options pjfry
save configuration file to /data9/Users/shjeon/MadGraph_Contact/forVV/genproductions/bin/MadGraph5_aMCatNLO/WWToLNuQQ_4f_amcatnloFxFx/WWToLNuQQ_4f_amcatnloFxFx_gridpack/work/MG5_aMC_v2_6_5/input/mg5_configuration.txt
set collier ''
save options collier
save configuration file to /data9/Users/shjeon/MadGraph_Contact/forVV/genproductions/bin/MadGraph5_aMCatNLO/WWToLNuQQ_4f_amcatnloFxFx/WWToLNuQQ_4f_amcatnloFxFx_gridpack/work/MG5_aMC_v2_6_5/input/mg5_configuration.txt
save options collier
save configuration file to /data9/Users/shjeon/MadGraph_Contact/forVV/genproductions/bin/MadGraph5_aMCatNLO/WWToLNuQQ_4f_amcatnloFxFx/WWToLNuQQ_4f_amcatnloFxFx_gridpack/work/MG5_aMC_v2_6_5/input/mg5_configuration.txt
install ninja
[1m   You are installing 'ninja', please cite ref(s): [92marXiv:1203.0291, arXiv:1403.1229, arXiv:1604.01363[0m. [0m
Downloading the HEPToolInstaller at:
   http://madgraph.phys.ucl.ac.be/Downloads/HEPToolsInstaller/HEPToolsInstaller_V164.tar.gz
Now installing ninja. Be patient...
Detected 'ninja' missing dependency: 'oneloop'. Will install it now.
Fetching data with command:
  wget --no-check-certificate http://helac-phegas.web.cern.ch/helac-phegas/tar-files/OneLOop-3.6.tgz
--2021-12-10 08:15:40--  http://helac-phegas.web.cern.ch/helac-phegas/tar-files/OneLOop-3.6.tgz
Resolving helac-phegas.web.cern.ch (helac-phegas.web.cern.ch)... 188.184.100.128
Connecting to helac-phegas.web.cern.ch (helac-phegas.web.cern.ch)|188.184.100.128|:80... connected.
HTTP request sent, awaiting response... 301 Moved Permanently
Location: https://helac-phegas.web.cern.ch/tar-files/OneLOop-3.6.tgz [following]
--2021-12-10 08:15:41--  https://helac-phegas.web.cern.ch/tar-files/OneLOop-3.6.tgz
Connecting to helac-phegas.web.cern.ch (helac-phegas.web.cern.ch)|188.184.100.128|:443... connected.
HTTP request sent, awaiting response... 200 OK
Length: 111734 (109K) [application/x-compressed]
Saving to: 'OneLOop-3.6.tgz'

     0K .......... .......... .......... .......... .......... 45% 88.0K 1s
    50K .......... .......... .......... .......... .......... 91% 69.5M 0s
   100K .........                                             100%  379M=0.6s

2021-12-10 08:15:43 (192 KB/s) - 'OneLOop-3.6.tgz' saved [111734/111734]

Installing tool 'oneloop'...
    > Follow the installation progress by running the command below in a separate terminal)
    > tail -f /data9/Users/shjeon/MadGraph_Contact/forVV/genproductions/bin/MadGraph5_aMCatNLO/WWToLNuQQ_4f_amcatnloFxFx/WWToLNuQQ_4f_amcatnloFxFx_gridpack/work/MG5_aMC_v2_6_5/HEPTools/oneloop/oneloop_install.log
    > Successful installation of dependency 'oneloop' in '/data9/Users/shjeon/MadGraph_Contact/forVV/genproductions/bin/MadGraph5_aMCatNLO/WWToLNuQQ_4f_amcatnloFxFx/WWToLNuQQ_4f_amcatnloFxFx_gridpack/work/MG5_aMC_v2_6_5/HEPTools'.
    > See installation log at '/data9/Users/shjeon/MadGraph_Contact/forVV/genproductions/bin/MadGraph5_aMCatNLO/WWToLNuQQ_4f_amcatnloFxFx/WWToLNuQQ_4f_amcatnloFxFx_gridpack/work/MG5_aMC_v2_6_5/HEPTools/oneloop/oneloop_install.log'.
Fetching data with command:
  wget --no-check-certificate https://ninja.hepforge.org/downloads//ninja-1.1.0.tar.gz
--2021-12-10 08:15:55--  https://ninja.hepforge.org/downloads//ninja-1.1.0.tar.gz
Resolving ninja.hepforge.org (ninja.hepforge.org)... 129.234.186.186
Connecting to ninja.hepforge.org (ninja.hepforge.org)|129.234.186.186|:443... connected.
WARNING: cannot verify ninja.hepforge.org's certificate, issued by '/C=US/O=Let\'s Encrypt/CN=R3':
  Issued certificate has expired.
HTTP request sent, awaiting response... 302 Found
Location: /downloads?f=/ninja-1.1.0.tar.gz [following]
--2021-12-10 08:15:56--  https://ninja.hepforge.org/downloads?f=/ninja-1.1.0.tar.gz
Reusing existing connection to ninja.hepforge.org:443.
HTTP request sent, awaiting response... 302 Found
Location: /downloads?f=ninja-1.1.0.tar.gz [following]
--2021-12-10 08:15:56--  https://ninja.hepforge.org/downloads?f=ninja-1.1.0.tar.gz
Reusing existing connection to ninja.hepforge.org:443.
HTTP request sent, awaiting response... 200 OK
Length: unspecified [application/x-gzip]
Saving to: 'ninja-1.1.0.tar.gz'

     0K .......... .......... .......... .......... .......... 87.9K
    50K .......... .......... .......... .......... ..........  177K
   100K .......... .......... .......... .......... .......... 62.4M
   150K .......... .......... .......... .......... .......... 1.28M
   200K .......... .......... .......... .......... ..........  204K
   250K .......... .......... .......... .......... .......... 63.7M
   300K .......... .......... .......... .......... .......... 58.5M
   350K .......... .......... .......... .......... .......... 67.8M
   400K .......... .......... .......... .......... ..........  178K
   450K .......... .......... .......... .......... .......... 61.3M
   500K .......... .......... .......... .......... .......... 47.7M
   550K .......... .......                                      138M=1.4s

2021-12-10 08:15:58 (400 KB/s) - 'ninja-1.1.0.tar.gz' saved [581566]

Installing tool 'ninja'...
    > Follow the installation progress by running the command below in a separate terminal)
    > tail -f /data9/Users/shjeon/MadGraph_Contact/forVV/genproductions/bin/MadGraph5_aMCatNLO/WWToLNuQQ_4f_amcatnloFxFx/WWToLNuQQ_4f_amcatnloFxFx_gridpack/work/MG5_aMC_v2_6_5/HEPTools/ninja/ninja_install.log
Successful installation of 'ninja' in '/data9/Users/shjeon/MadGraph_Contact/forVV/genproductions/bin/MadGraph5_aMCatNLO/WWToLNuQQ_4f_amcatnloFxFx/WWToLNuQQ_4f_amcatnloFxFx_gridpack/work/MG5_aMC_v2_6_5/HEPTools'.
[1;32mninja successfully installed in /data9/Users/shjeon/MadGraph_Contact/forVV/genproductions/bin/MadGraph5_aMCatNLO/WWToLNuQQ_4f_amcatnloFxFx/WWToLNuQQ_4f_amcatnloFxFx_gridpack/work/MG5_aMC_v2_6_5/HEPTools.[0m
save configuration file to /data9/Users/shjeon/MadGraph_Contact/forVV/genproductions/bin/MadGraph5_aMCatNLO/WWToLNuQQ_4f_amcatnloFxFx/WWToLNuQQ_4f_amcatnloFxFx_gridpack/work/MG5_aMC_v2_6_5/input/mg5_configuration.txt
INFO: Writing out the aMC@NLO code, using optimized Loops 
INFO: initialize a new directory: WWToLNuQQ_4f_amcatnloFxFx 
INFO: remove old information in WWToLNuQQ_4f_amcatnloFxFx 
[1mINFO: Compiling CutTools. This has to be done only once and can take a couple of minutes. [0m
[1mINFO: Compiling IREGI. This has to be done only once and can take a couple of minutes. [0m
INFO: Generating real emission matrix-elements... 
INFO: Generating Helas calls for FKS process: u u~ > e+ ve w- [ all = QCD ] (1 / 192) 
INFO: Processing color information for process: u u~ > e+ ve w- [ all = QCD ] 
INFO: Generating Helas calls for FKS process: u u~ > mu+ vm w- [ all = QCD ] (2 / 192) 
INFO: Generating Helas calls for FKS process: u u~ > ta+ vt w- [ all = QCD ] (3 / 192) 
INFO: Reusing existing color information for process: u u~ > ta+ vt w- [ all = QCD ] 
INFO: Generating Helas calls for FKS process: c c~ > e+ ve w- [ all = QCD ] (4 / 192) 
INFO: Generating Helas calls for FKS process: c c~ > mu+ vm w- [ all = QCD ] (5 / 192) 
INFO: Generating Helas calls for FKS process: c c~ > ta+ vt w- [ all = QCD ] (6 / 192) 
INFO: Generating Helas calls for FKS process: d d~ > e+ ve w- [ all = QCD ] (7 / 192) 
INFO: Reusing existing color information for process: d d~ > e+ ve w- [ all = QCD ] 
INFO: Generating Helas calls for FKS process: d d~ > mu+ vm w- [ all = QCD ] (8 / 192) 
INFO: Generating Helas calls for FKS process: d d~ > ta+ vt w- [ all = QCD ] (9 / 192) 
INFO: Reusing existing color information for process: d d~ > ta+ vt w- [ all = QCD ] 
INFO: Generating Helas calls for FKS process: s s~ > e+ ve w- [ all = QCD ] (10 / 192) 
INFO: Generating Helas calls for FKS process: s s~ > mu+ vm w- [ all = QCD ] (11 / 192) 
INFO: Generating Helas calls for FKS process: s s~ > ta+ vt w- [ all = QCD ] (12 / 192) 
INFO: Generating Helas calls for FKS process: u~ u > e+ ve w- [ all = QCD ] (13 / 192) 
INFO: Processing color information for process: u~ u > e+ ve w- [ all = QCD ] 
INFO: Generating Helas calls for FKS process: u~ u > mu+ vm w- [ all = QCD ] (14 / 192) 
INFO: Generating Helas calls for FKS process: u~ u > ta+ vt w- [ all = QCD ] (15 / 192) 
INFO: Reusing existing color information for process: u~ u > ta+ vt w- [ all = QCD ] 
INFO: Generating Helas calls for FKS process: c~ c > e+ ve w- [ all = QCD ] (16 / 192) 
INFO: Generating Helas calls for FKS process: c~ c > mu+ vm w- [ all = QCD ] (17 / 192) 
INFO: Generating Helas calls for FKS process: c~ c > ta+ vt w- [ all = QCD ] (18 / 192) 
INFO: Generating Helas calls for FKS process: d~ d > e+ ve w- [ all = QCD ] (19 / 192) 
INFO: Reusing existing color information for process: d~ d > e+ ve w- [ all = QCD ] 
INFO: Generating Helas calls for FKS process: d~ d > mu+ vm w- [ all = QCD ] (20 / 192) 
INFO: Generating Helas calls for FKS process: d~ d > ta+ vt w- [ all = QCD ] (21 / 192) 
INFO: Reusing existing color information for process: d~ d > ta+ vt w- [ all = QCD ] 
INFO: Generating Helas calls for FKS process: s~ s > e+ ve w- [ all = QCD ] (22 / 192) 
INFO: Generating Helas calls for FKS process: s~ s > mu+ vm w- [ all = QCD ] (23 / 192) 
INFO: Generating Helas calls for FKS process: s~ s > ta+ vt w- [ all = QCD ] (24 / 192) 
INFO: Generating Helas calls for FKS process: g u > e+ ve w- u [ all = QCD ] @1 (25 / 192) 
INFO: Processing color information for process: g u > e+ ve w- u [ all = QCD ] @1 
INFO: Generating Helas calls for FKS process: g u > mu+ vm w- u [ all = QCD ] @1 (26 / 192) 
INFO: Generating Helas calls for FKS process: g u > ta+ vt w- u [ all = QCD ] @1 (27 / 192) 
INFO: Reusing existing color information for process: g u > ta+ vt w- u [ all = QCD ] @1 
INFO: Generating Helas calls for FKS process: g c > e+ ve w- c [ all = QCD ] @1 (28 / 192) 
INFO: Generating Helas calls for FKS process: g c > mu+ vm w- c [ all = QCD ] @1 (29 / 192) 
INFO: Generating Helas calls for FKS process: g c > ta+ vt w- c [ all = QCD ] @1 (30 / 192) 
INFO: Generating Helas calls for FKS process: g d > e+ ve w- d [ all = QCD ] @1 (31 / 192) 
INFO: Processing color information for process: g d > e+ ve w- d [ all = QCD ] @1 
INFO: Generating Helas calls for FKS process: g d > mu+ vm w- d [ all = QCD ] @1 (32 / 192) 
INFO: Generating Helas calls for FKS process: g d > ta+ vt w- d [ all = QCD ] @1 (33 / 192) 
INFO: Reusing existing color information for process: g d > ta+ vt w- d [ all = QCD ] @1 
INFO: Generating Helas calls for FKS process: g s > e+ ve w- s [ all = QCD ] @1 (34 / 192) 
INFO: Generating Helas calls for FKS process: g s > mu+ vm w- s [ all = QCD ] @1 (35 / 192) 
INFO: Generating Helas calls for FKS process: g s > ta+ vt w- s [ all = QCD ] @1 (36 / 192) 
INFO: Generating Helas calls for FKS process: g u~ > e+ ve w- u~ [ all = QCD ] @1 (37 / 192) 
INFO: Processing color information for process: g u~ > e+ ve w- u~ [ all = QCD ] @1 
INFO: Generating Helas calls for FKS process: g u~ > mu+ vm w- u~ [ all = QCD ] @1 (38 / 192) 
INFO: Generating Helas calls for FKS process: g u~ > ta+ vt w- u~ [ all = QCD ] @1 (39 / 192) 
INFO: Reusing existing color information for process: g u~ > ta+ vt w- u~ [ all = QCD ] @1 
INFO: Generating Helas calls for FKS process: g c~ > e+ ve w- c~ [ all = QCD ] @1 (40 / 192) 
INFO: Generating Helas calls for FKS process: g c~ > mu+ vm w- c~ [ all = QCD ] @1 (41 / 192) 
INFO: Generating Helas calls for FKS process: g c~ > ta+ vt w- c~ [ all = QCD ] @1 (42 / 192) 
INFO: Generating Helas calls for FKS process: g d~ > e+ ve w- d~ [ all = QCD ] @1 (43 / 192) 
INFO: Processing color information for process: g d~ > e+ ve w- d~ [ all = QCD ] @1 
INFO: Generating Helas calls for FKS process: g d~ > mu+ vm w- d~ [ all = QCD ] @1 (44 / 192) 
INFO: Generating Helas calls for FKS process: g d~ > ta+ vt w- d~ [ all = QCD ] @1 (45 / 192) 
INFO: Reusing existing color information for process: g d~ > ta+ vt w- d~ [ all = QCD ] @1 
INFO: Generating Helas calls for FKS process: g s~ > e+ ve w- s~ [ all = QCD ] @1 (46 / 192) 
INFO: Generating Helas calls for FKS process: g s~ > mu+ vm w- s~ [ all = QCD ] @1 (47 / 192) 
INFO: Generating Helas calls for FKS process: g s~ > ta+ vt w- s~ [ all = QCD ] @1 (48 / 192) 
INFO: Generating Helas calls for FKS process: u g > e+ ve w- u [ all = QCD ] @1 (49 / 192) 
INFO: Processing color information for process: u g > e+ ve w- u [ all = QCD ] @1 
INFO: Generating Helas calls for FKS process: u g > mu+ vm w- u [ all = QCD ] @1 (50 / 192) 
INFO: Generating Helas calls for FKS process: u g > ta+ vt w- u [ all = QCD ] @1 (51 / 192) 
INFO: Reusing existing color information for process: u g > ta+ vt w- u [ all = QCD ] @1 
INFO: Generating Helas calls for FKS process: u u~ > e+ ve w- g [ all = QCD ] @1 (52 / 192) 
INFO: Processing color information for process: u u~ > e+ ve w- g [ all = QCD ] @1 
INFO: Generating Helas calls for FKS process: u u~ > mu+ vm w- g [ all = QCD ] @1 (53 / 192) 
INFO: Generating Helas calls for FKS process: u u~ > ta+ vt w- g [ all = QCD ] @1 (54 / 192) 
INFO: Reusing existing color information for process: u u~ > ta+ vt w- g [ all = QCD ] @1 
INFO: Generating Helas calls for FKS process: c g > e+ ve w- c [ all = QCD ] @1 (55 / 192) 
INFO: Generating Helas calls for FKS process: c g > mu+ vm w- c [ all = QCD ] @1 (56 / 192) 
INFO: Generating Helas calls for FKS process: c g > ta+ vt w- c [ all = QCD ] @1 (57 / 192) 
INFO: Generating Helas calls for FKS process: c c~ > e+ ve w- g [ all = QCD ] @1 (58 / 192) 
INFO: Generating Helas calls for FKS process: c c~ > mu+ vm w- g [ all = QCD ] @1 (59 / 192) 
INFO: Generating Helas calls for FKS process: c c~ > ta+ vt w- g [ all = QCD ] @1 (60 / 192) 
INFO: Generating Helas calls for FKS process: d g > e+ ve w- d [ all = QCD ] @1 (61 / 192) 
INFO: Processing color information for process: d g > e+ ve w- d [ all = QCD ] @1 
INFO: Generating Helas calls for FKS process: d g > mu+ vm w- d [ all = QCD ] @1 (62 / 192) 
INFO: Generating Helas calls for FKS process: d g > ta+ vt w- d [ all = QCD ] @1 (63 / 192) 
INFO: Reusing existing color information for process: d g > ta+ vt w- d [ all = QCD ] @1 
INFO: Generating Helas calls for FKS process: d d~ > e+ ve w- g [ all = QCD ] @1 (64 / 192) 
INFO: Processing color information for process: d d~ > e+ ve w- g [ all = QCD ] @1 
INFO: Generating Helas calls for FKS process: d d~ > mu+ vm w- g [ all = QCD ] @1 (65 / 192) 
INFO: Generating Helas calls for FKS process: d d~ > ta+ vt w- g [ all = QCD ] @1 (66 / 192) 
INFO: Reusing existing color information for process: d d~ > ta+ vt w- g [ all = QCD ] @1 
INFO: Generating Helas calls for FKS process: s g > e+ ve w- s [ all = QCD ] @1 (67 / 192) 
INFO: Generating Helas calls for FKS process: s g > mu+ vm w- s [ all = QCD ] @1 (68 / 192) 
INFO: Generating Helas calls for FKS process: s g > ta+ vt w- s [ all = QCD ] @1 (69 / 192) 
INFO: Generating Helas calls for FKS process: s s~ > e+ ve w- g [ all = QCD ] @1 (70 / 192) 
INFO: Generating Helas calls for FKS process: s s~ > mu+ vm w- g [ all = QCD ] @1 (71 / 192) 
INFO: Generating Helas calls for FKS process: s s~ > ta+ vt w- g [ all = QCD ] @1 (72 / 192) 
INFO: Generating Helas calls for FKS process: u~ g > e+ ve w- u~ [ all = QCD ] @1 (73 / 192) 
INFO: Processing color information for process: u~ g > e+ ve w- u~ [ all = QCD ] @1 
INFO: Generating Helas calls for FKS process: u~ g > mu+ vm w- u~ [ all = QCD ] @1 (74 / 192) 
INFO: Generating Helas calls for FKS process: u~ g > ta+ vt w- u~ [ all = QCD ] @1 (75 / 192) 
INFO: Reusing existing color information for process: u~ g > ta+ vt w- u~ [ all = QCD ] @1 
INFO: Generating Helas calls for FKS process: u~ u > e+ ve w- g [ all = QCD ] @1 (76 / 192) 
INFO: Processing color information for process: u~ u > e+ ve w- g [ all = QCD ] @1 
INFO: Generating Helas calls for FKS process: u~ u > mu+ vm w- g [ all = QCD ] @1 (77 / 192) 
INFO: Generating Helas calls for FKS process: u~ u > ta+ vt w- g [ all = QCD ] @1 (78 / 192) 
INFO: Reusing existing color information for process: u~ u > ta+ vt w- g [ all = QCD ] @1 
INFO: Generating Helas calls for FKS process: c~ g > e+ ve w- c~ [ all = QCD ] @1 (79 / 192) 
INFO: Generating Helas calls for FKS process: c~ g > mu+ vm w- c~ [ all = QCD ] @1 (80 / 192) 
INFO: Generating Helas calls for FKS process: c~ g > ta+ vt w- c~ [ all = QCD ] @1 (81 / 192) 
INFO: Generating Helas calls for FKS process: c~ c > e+ ve w- g [ all = QCD ] @1 (82 / 192) 
INFO: Generating Helas calls for FKS process: c~ c > mu+ vm w- g [ all = QCD ] @1 (83 / 192) 
INFO: Generating Helas calls for FKS process: c~ c > ta+ vt w- g [ all = QCD ] @1 (84 / 192) 
INFO: Generating Helas calls for FKS process: d~ g > e+ ve w- d~ [ all = QCD ] @1 (85 / 192) 
INFO: Processing color information for process: d~ g > e+ ve w- d~ [ all = QCD ] @1 
INFO: Generating Helas calls for FKS process: d~ g > mu+ vm w- d~ [ all = QCD ] @1 (86 / 192) 
INFO: Generating Helas calls for FKS process: d~ g > ta+ vt w- d~ [ all = QCD ] @1 (87 / 192) 
INFO: Reusing existing color information for process: d~ g > ta+ vt w- d~ [ all = QCD ] @1 
INFO: Generating Helas calls for FKS process: d~ d > e+ ve w- g [ all = QCD ] @1 (88 / 192) 
INFO: Processing color information for process: d~ d > e+ ve w- g [ all = QCD ] @1 
INFO: Generating Helas calls for FKS process: d~ d > mu+ vm w- g [ all = QCD ] @1 (89 / 192) 
INFO: Generating Helas calls for FKS process: d~ d > ta+ vt w- g [ all = QCD ] @1 (90 / 192) 
INFO: Reusing existing color information for process: d~ d > ta+ vt w- g [ all = QCD ] @1 
INFO: Generating Helas calls for FKS process: s~ g > e+ ve w- s~ [ all = QCD ] @1 (91 / 192) 
INFO: Generating Helas calls for FKS process: s~ g > mu+ vm w- s~ [ all = QCD ] @1 (92 / 192) 
INFO: Generating Helas calls for FKS process: s~ g > ta+ vt w- s~ [ all = QCD ] @1 (93 / 192) 
INFO: Generating Helas calls for FKS process: s~ s > e+ ve w- g [ all = QCD ] @1 (94 / 192) 
INFO: Generating Helas calls for FKS process: s~ s > mu+ vm w- g [ all = QCD ] @1 (95 / 192) 
INFO: Generating Helas calls for FKS process: s~ s > ta+ vt w- g [ all = QCD ] @1 (96 / 192) 
INFO: Generating Helas calls for FKS process: u u~ > e- ve~ w+ [ all = QCD ] @2 (97 / 192) 
INFO: Reusing existing color information for process: u u~ > e- ve~ w+ [ all = QCD ] @2 
INFO: Generating Helas calls for FKS process: u u~ > mu- vm~ w+ [ all = QCD ] @2 (98 / 192) 
INFO: Generating Helas calls for FKS process: u u~ > ta- vt~ w+ [ all = QCD ] @2 (99 / 192) 
INFO: Reusing existing color information for process: u u~ > ta- vt~ w+ [ all = QCD ] @2 
INFO: Generating Helas calls for FKS process: c c~ > e- ve~ w+ [ all = QCD ] @2 (100 / 192) 
INFO: Generating Helas calls for FKS process: c c~ > mu- vm~ w+ [ all = QCD ] @2 (101 / 192) 
INFO: Generating Helas calls for FKS process: c c~ > ta- vt~ w+ [ all = QCD ] @2 (102 / 192) 
INFO: Generating Helas calls for FKS process: d d~ > e- ve~ w+ [ all = QCD ] @2 (103 / 192) 
INFO: Reusing existing color information for process: d d~ > e- ve~ w+ [ all = QCD ] @2 
INFO: Generating Helas calls for FKS process: d d~ > mu- vm~ w+ [ all = QCD ] @2 (104 / 192) 
INFO: Generating Helas calls for FKS process: d d~ > ta- vt~ w+ [ all = QCD ] @2 (105 / 192) 
INFO: Reusing existing color information for process: d d~ > ta- vt~ w+ [ all = QCD ] @2 
INFO: Generating Helas calls for FKS process: s s~ > e- ve~ w+ [ all = QCD ] @2 (106 / 192) 
INFO: Generating Helas calls for FKS process: s s~ > mu- vm~ w+ [ all = QCD ] @2 (107 / 192) 
INFO: Generating Helas calls for FKS process: s s~ > ta- vt~ w+ [ all = QCD ] @2 (108 / 192) 
INFO: Generating Helas calls for FKS process: u~ u > e- ve~ w+ [ all = QCD ] @2 (109 / 192) 
INFO: Reusing existing color information for process: u~ u > e- ve~ w+ [ all = QCD ] @2 
INFO: Generating Helas calls for FKS process: u~ u > mu- vm~ w+ [ all = QCD ] @2 (110 / 192) 
INFO: Generating Helas calls for FKS process: u~ u > ta- vt~ w+ [ all = QCD ] @2 (111 / 192) 
INFO: Reusing existing color information for process: u~ u > ta- vt~ w+ [ all = QCD ] @2 
INFO: Generating Helas calls for FKS process: c~ c > e- ve~ w+ [ all = QCD ] @2 (112 / 192) 
INFO: Generating Helas calls for FKS process: c~ c > mu- vm~ w+ [ all = QCD ] @2 (113 / 192) 
INFO: Generating Helas calls for FKS process: c~ c > ta- vt~ w+ [ all = QCD ] @2 (114 / 192) 
INFO: Generating Helas calls for FKS process: d~ d > e- ve~ w+ [ all = QCD ] @2 (115 / 192) 
INFO: Reusing existing color information for process: d~ d > e- ve~ w+ [ all = QCD ] @2 
INFO: Generating Helas calls for FKS process: d~ d > mu- vm~ w+ [ all = QCD ] @2 (116 / 192) 
INFO: Generating Helas calls for FKS process: d~ d > ta- vt~ w+ [ all = QCD ] @2 (117 / 192) 
INFO: Reusing existing color information for process: d~ d > ta- vt~ w+ [ all = QCD ] @2 
INFO: Generating Helas calls for FKS process: s~ s > e- ve~ w+ [ all = QCD ] @2 (118 / 192) 
INFO: Generating Helas calls for FKS process: s~ s > mu- vm~ w+ [ all = QCD ] @2 (119 / 192) 
INFO: Generating Helas calls for FKS process: s~ s > ta- vt~ w+ [ all = QCD ] @2 (120 / 192) 
INFO: Generating Helas calls for FKS process: g u > e- ve~ w+ u [ all = QCD ] @3 (121 / 192) 
INFO: Reusing existing color information for process: g u > e- ve~ w+ u [ all = QCD ] @3 
INFO: Generating Helas calls for FKS process: g u > mu- vm~ w+ u [ all = QCD ] @3 (122 / 192) 
INFO: Generating Helas calls for FKS process: g u > ta- vt~ w+ u [ all = QCD ] @3 (123 / 192) 
INFO: Reusing existing color information for process: g u > ta- vt~ w+ u [ all = QCD ] @3 
INFO: Generating Helas calls for FKS process: g c > e- ve~ w+ c [ all = QCD ] @3 (124 / 192) 
INFO: Generating Helas calls for FKS process: g c > mu- vm~ w+ c [ all = QCD ] @3 (125 / 192) 
INFO: Generating Helas calls for FKS process: g c > ta- vt~ w+ c [ all = QCD ] @3 (126 / 192) 
INFO: Generating Helas calls for FKS process: g d > e- ve~ w+ d [ all = QCD ] @3 (127 / 192) 
INFO: Reusing existing color information for process: g d > e- ve~ w+ d [ all = QCD ] @3 
INFO: Generating Helas calls for FKS process: g d > mu- vm~ w+ d [ all = QCD ] @3 (128 / 192) 
INFO: Generating Helas calls for FKS process: g d > ta- vt~ w+ d [ all = QCD ] @3 (129 / 192) 
INFO: Reusing existing color information for process: g d > ta- vt~ w+ d [ all = QCD ] @3 
INFO: Generating Helas calls for FKS process: g s > e- ve~ w+ s [ all = QCD ] @3 (130 / 192) 
INFO: Generating Helas calls for FKS process: g s > mu- vm~ w+ s [ all = QCD ] @3 (131 / 192) 
INFO: Generating Helas calls for FKS process: g s > ta- vt~ w+ s [ all = QCD ] @3 (132 / 192) 
INFO: Generating Helas calls for FKS process: g u~ > e- ve~ w+ u~ [ all = QCD ] @3 (133 / 192) 
INFO: Reusing existing color information for process: g u~ > e- ve~ w+ u~ [ all = QCD ] @3 
INFO: Generating Helas calls for FKS process: g u~ > mu- vm~ w+ u~ [ all = QCD ] @3 (134 / 192) 
INFO: Generating Helas calls for FKS process: g u~ > ta- vt~ w+ u~ [ all = QCD ] @3 (135 / 192) 
INFO: Reusing existing color information for process: g u~ > ta- vt~ w+ u~ [ all = QCD ] @3 
INFO: Generating Helas calls for FKS process: g c~ > e- ve~ w+ c~ [ all = QCD ] @3 (136 / 192) 
INFO: Generating Helas calls for FKS process: g c~ > mu- vm~ w+ c~ [ all = QCD ] @3 (137 / 192) 
INFO: Generating Helas calls for FKS process: g c~ > ta- vt~ w+ c~ [ all = QCD ] @3 (138 / 192) 
INFO: Generating Helas calls for FKS process: g d~ > e- ve~ w+ d~ [ all = QCD ] @3 (139 / 192) 
INFO: Reusing existing color information for process: g d~ > e- ve~ w+ d~ [ all = QCD ] @3 
INFO: Generating Helas calls for FKS process: g d~ > mu- vm~ w+ d~ [ all = QCD ] @3 (140 / 192) 
INFO: Generating Helas calls for FKS process: g d~ > ta- vt~ w+ d~ [ all = QCD ] @3 (141 / 192) 
INFO: Reusing existing color information for process: g d~ > ta- vt~ w+ d~ [ all = QCD ] @3 
INFO: Generating Helas calls for FKS process: g s~ > e- ve~ w+ s~ [ all = QCD ] @3 (142 / 192) 
INFO: Generating Helas calls for FKS process: g s~ > mu- vm~ w+ s~ [ all = QCD ] @3 (143 / 192) 
INFO: Generating Helas calls for FKS process: g s~ > ta- vt~ w+ s~ [ all = QCD ] @3 (144 / 192) 
INFO: Generating Helas calls for FKS process: u g > e- ve~ w+ u [ all = QCD ] @3 (145 / 192) 
INFO: Reusing existing color information for process: u g > e- ve~ w+ u [ all = QCD ] @3 
INFO: Generating Helas calls for FKS process: u g > mu- vm~ w+ u [ all = QCD ] @3 (146 / 192) 
INFO: Generating Helas calls for FKS process: u g > ta- vt~ w+ u [ all = QCD ] @3 (147 / 192) 
INFO: Reusing existing color information for process: u g > ta- vt~ w+ u [ all = QCD ] @3 
INFO: Generating Helas calls for FKS process: u u~ > e- ve~ w+ g [ all = QCD ] @3 (148 / 192) 
INFO: Reusing existing color information for process: u u~ > e- ve~ w+ g [ all = QCD ] @3 
INFO: Generating Helas calls for FKS process: u u~ > mu- vm~ w+ g [ all = QCD ] @3 (149 / 192) 
INFO: Generating Helas calls for FKS process: u u~ > ta- vt~ w+ g [ all = QCD ] @3 (150 / 192) 
INFO: Reusing existing color information for process: u u~ > ta- vt~ w+ g [ all = QCD ] @3 
INFO: Generating Helas calls for FKS process: c g > e- ve~ w+ c [ all = QCD ] @3 (151 / 192) 
INFO: Generating Helas calls for FKS process: c g > mu- vm~ w+ c [ all = QCD ] @3 (152 / 192) 
INFO: Generating Helas calls for FKS process: c g > ta- vt~ w+ c [ all = QCD ] @3 (153 / 192) 
INFO: Generating Helas calls for FKS process: c c~ > e- ve~ w+ g [ all = QCD ] @3 (154 / 192) 
INFO: Generating Helas calls for FKS process: c c~ > mu- vm~ w+ g [ all = QCD ] @3 (155 / 192) 
INFO: Generating Helas calls for FKS process: c c~ > ta- vt~ w+ g [ all = QCD ] @3 (156 / 192) 
INFO: Generating Helas calls for FKS process: d g > e- ve~ w+ d [ all = QCD ] @3 (157 / 192) 
INFO: Reusing existing color information for process: d g > e- ve~ w+ d [ all = QCD ] @3 
INFO: Generating Helas calls for FKS process: d g > mu- vm~ w+ d [ all = QCD ] @3 (158 / 192) 
INFO: Generating Helas calls for FKS process: d g > ta- vt~ w+ d [ all = QCD ] @3 (159 / 192) 
INFO: Reusing existing color information for process: d g > ta- vt~ w+ d [ all = QCD ] @3 
INFO: Generating Helas calls for FKS process: d d~ > e- ve~ w+ g [ all = QCD ] @3 (160 / 192) 
INFO: Reusing existing color information for process: d d~ > e- ve~ w+ g [ all = QCD ] @3 
INFO: Generating Helas calls for FKS process: d d~ > mu- vm~ w+ g [ all = QCD ] @3 (161 / 192) 
INFO: Generating Helas calls for FKS process: d d~ > ta- vt~ w+ g [ all = QCD ] @3 (162 / 192) 
INFO: Reusing existing color information for process: d d~ > ta- vt~ w+ g [ all = QCD ] @3 
INFO: Generating Helas calls for FKS process: s g > e- ve~ w+ s [ all = QCD ] @3 (163 / 192) 
INFO: Generating Helas calls for FKS process: s g > mu- vm~ w+ s [ all = QCD ] @3 (164 / 192) 
INFO: Generating Helas calls for FKS process: s g > ta- vt~ w+ s [ all = QCD ] @3 (165 / 192) 
INFO: Generating Helas calls for FKS process: s s~ > e- ve~ w+ g [ all = QCD ] @3 (166 / 192) 
INFO: Generating Helas calls for FKS process: s s~ > mu- vm~ w+ g [ all = QCD ] @3 (167 / 192) 
INFO: Generating Helas calls for FKS process: s s~ > ta- vt~ w+ g [ all = QCD ] @3 (168 / 192) 
INFO: Generating Helas calls for FKS process: u~ g > e- ve~ w+ u~ [ all = QCD ] @3 (169 / 192) 
INFO: Reusing existing color information for process: u~ g > e- ve~ w+ u~ [ all = QCD ] @3 
INFO: Generating Helas calls for FKS process: u~ g > mu- vm~ w+ u~ [ all = QCD ] @3 (170 / 192) 
INFO: Generating Helas calls for FKS process: u~ g > ta- vt~ w+ u~ [ all = QCD ] @3 (171 / 192) 
INFO: Reusing existing color information for process: u~ g > ta- vt~ w+ u~ [ all = QCD ] @3 
INFO: Generating Helas calls for FKS process: u~ u > e- ve~ w+ g [ all = QCD ] @3 (172 / 192) 
INFO: Reusing existing color information for process: u~ u > e- ve~ w+ g [ all = QCD ] @3 
INFO: Generating Helas calls for FKS process: u~ u > mu- vm~ w+ g [ all = QCD ] @3 (173 / 192) 
INFO: Generating Helas calls for FKS process: u~ u > ta- vt~ w+ g [ all = QCD ] @3 (174 / 192) 
INFO: Reusing existing color information for process: u~ u > ta- vt~ w+ g [ all = QCD ] @3 
INFO: Generating Helas calls for FKS process: c~ g > e- ve~ w+ c~ [ all = QCD ] @3 (175 / 192) 
INFO: Generating Helas calls for FKS process: c~ g > mu- vm~ w+ c~ [ all = QCD ] @3 (176 / 192) 
INFO: Generating Helas calls for FKS process: c~ g > ta- vt~ w+ c~ [ all = QCD ] @3 (177 / 192) 
INFO: Generating Helas calls for FKS process: c~ c > e- ve~ w+ g [ all = QCD ] @3 (178 / 192) 
INFO: Generating Helas calls for FKS process: c~ c > mu- vm~ w+ g [ all = QCD ] @3 (179 / 192) 
INFO: Generating Helas calls for FKS process: c~ c > ta- vt~ w+ g [ all = QCD ] @3 (180 / 192) 
INFO: Generating Helas calls for FKS process: d~ g > e- ve~ w+ d~ [ all = QCD ] @3 (181 / 192) 
INFO: Reusing existing color information for process: d~ g > e- ve~ w+ d~ [ all = QCD ] @3 
INFO: Generating Helas calls for FKS process: d~ g > mu- vm~ w+ d~ [ all = QCD ] @3 (182 / 192) 
INFO: Generating Helas calls for FKS process: d~ g > ta- vt~ w+ d~ [ all = QCD ] @3 (183 / 192) 
INFO: Reusing existing color information for process: d~ g > ta- vt~ w+ d~ [ all = QCD ] @3 
INFO: Generating Helas calls for FKS process: d~ d > e- ve~ w+ g [ all = QCD ] @3 (184 / 192) 
INFO: Reusing existing color information for process: d~ d > e- ve~ w+ g [ all = QCD ] @3 
INFO: Generating Helas calls for FKS process: d~ d > mu- vm~ w+ g [ all = QCD ] @3 (185 / 192) 
INFO: Generating Helas calls for FKS process: d~ d > ta- vt~ w+ g [ all = QCD ] @3 (186 / 192) 
INFO: Reusing existing color information for process: d~ d > ta- vt~ w+ g [ all = QCD ] @3 
INFO: Generating Helas calls for FKS process: s~ g > e- ve~ w+ s~ [ all = QCD ] @3 (187 / 192) 
INFO: Generating Helas calls for FKS process: s~ g > mu- vm~ w+ s~ [ all = QCD ] @3 (188 / 192) 
INFO: Generating Helas calls for FKS process: s~ g > ta- vt~ w+ s~ [ all = QCD ] @3 (189 / 192) 
INFO: Generating Helas calls for FKS process: s~ s > e- ve~ w+ g [ all = QCD ] @3 (190 / 192) 
INFO: Generating Helas calls for FKS process: s~ s > mu- vm~ w+ g [ all = QCD ] @3 (191 / 192) 
INFO: Generating Helas calls for FKS process: s~ s > ta- vt~ w+ g [ all = QCD ] @3 (192 / 192) 
INFO: ... Done 
INFO: Writing files in P0_uux_epvewm (1 / 64) 
INFO: Creating files in directory V0_uux_epvewm 
ALOHA: aloha creates FFV1 set of routines with options: L1,P0
INFO: Computing diagram color coefficients 
INFO: Drawing loop Feynman diagrams for Process: u u~ > e+ ve w- QED<=3 [ all = QCD ] 
INFO: Generating born Feynman diagrams for Process: u u~ > e+ ve w- QED<=3 [ all = QCD ] 
INFO: Writing files in P0_uux_tapvtwm (2 / 64) 
INFO: Creating files in directory V0_uux_tapvtwm 
ALOHA: aloha creates FFV1 set of routines with options: L1,P0
INFO: Computing diagram color coefficients 
INFO: Drawing loop Feynman diagrams for Process: u u~ > ta+ vt w- QED<=3 [ all = QCD ] 
INFO: Generating born Feynman diagrams for Process: u u~ > ta+ vt w- QED<=3 [ all = QCD ] 
INFO: Writing files in P0_ddx_epvewm (3 / 64) 
INFO: Creating files in directory V0_ddx_epvewm 
ALOHA: aloha creates FFV1 set of routines with options: L3
INFO: Computing diagram color coefficients 
INFO: Drawing loop Feynman diagrams for Process: d d~ > e+ ve w- QED<=3 [ all = QCD ] 
INFO: Generating born Feynman diagrams for Process: d d~ > e+ ve w- QED<=3 [ all = QCD ] 
INFO: Writing files in P0_ddx_tapvtwm (4 / 64) 
INFO: Creating files in directory V0_ddx_tapvtwm 
ALOHA: aloha creates FFV1 set of routines with options: L3
INFO: Computing diagram color coefficients 
INFO: Drawing loop Feynman diagrams for Process: d d~ > ta+ vt w- QED<=3 [ all = QCD ] 
INFO: Generating born Feynman diagrams for Process: d d~ > ta+ vt w- QED<=3 [ all = QCD ] 
INFO: Writing files in P0_uxu_epvewm (5 / 64) 
INFO: Creating files in directory V0_uxu_epvewm 
ALOHA: aloha creates FFV1 set of routines with options: L1,P0
INFO: Computing diagram color coefficients 
INFO: Drawing loop Feynman diagrams for Process: u~ u > e+ ve w- QED<=3 [ all = QCD ] 
INFO: Generating born Feynman diagrams for Process: u~ u > e+ ve w- QED<=3 [ all = QCD ] 
INFO: Writing files in P0_uxu_tapvtwm (6 / 64) 
INFO: Creating files in directory V0_uxu_tapvtwm 
ALOHA: aloha creates FFV1 set of routines with options: L1,P0
INFO: Computing diagram color coefficients 
INFO: Drawing loop Feynman diagrams for Process: u~ u > ta+ vt w- QED<=3 [ all = QCD ] 
INFO: Generating born Feynman diagrams for Process: u~ u > ta+ vt w- QED<=3 [ all = QCD ] 
INFO: Writing files in P0_dxd_epvewm (7 / 64) 
INFO: Creating files in directory V0_dxd_epvewm 
ALOHA: aloha creates FFV1 set of routines with options: L3
INFO: Computing diagram color coefficients 
INFO: Drawing loop Feynman diagrams for Process: d~ d > e+ ve w- QED<=3 [ all = QCD ] 
INFO: Generating born Feynman diagrams for Process: d~ d > e+ ve w- QED<=3 [ all = QCD ] 
INFO: Writing files in P0_dxd_tapvtwm (8 / 64) 
INFO: Creating files in directory V0_dxd_tapvtwm 
ALOHA: aloha creates FFV1 set of routines with options: L3
INFO: Computing diagram color coefficients 
INFO: Drawing loop Feynman diagrams for Process: d~ d > ta+ vt w- QED<=3 [ all = QCD ] 
INFO: Generating born Feynman diagrams for Process: d~ d > ta+ vt w- QED<=3 [ all = QCD ] 
INFO: Writing files in P1_gu_epvewmu (9 / 64) 
INFO: Creating files in directory V1_gu_epvewmu 
ALOHA: aloha creates FFV1 set of routines with options: L1,P0
INFO: Computing diagram color coefficients 
INFO: Drawing loop Feynman diagrams for Process: g u > e+ ve w- u QCD<=1 QED<=3 [ all = QCD ] @1 
INFO: Generating born Feynman diagrams for Process: g u > e+ ve w- u QCD<=1 QED<=3 [ all = QCD ] @1 
INFO: Writing files in P1_gu_tapvtwmu (10 / 64) 
INFO: Creating files in directory V1_gu_tapvtwmu 
ALOHA: aloha creates FFV1 set of routines with options: L1,P0
INFO: Computing diagram color coefficients 
INFO: Drawing loop Feynman diagrams for Process: g u > ta+ vt w- u QCD<=1 QED<=3 [ all = QCD ] @1 
INFO: Generating born Feynman diagrams for Process: g u > ta+ vt w- u QCD<=1 QED<=3 [ all = QCD ] @1 
INFO: Writing files in P1_gd_epvewmd (11 / 64) 
INFO: Creating files in directory V1_gd_epvewmd 
ALOHA: aloha creates FFV1 set of routines with options: L1,P0
INFO: Computing diagram color coefficients 
INFO: Drawing loop Feynman diagrams for Process: g d > e+ ve w- d QCD<=1 QED<=3 [ all = QCD ] @1 
INFO: Generating born Feynman diagrams for Process: g d > e+ ve w- d QCD<=1 QED<=3 [ all = QCD ] @1 
INFO: Writing files in P1_gd_tapvtwmd (12 / 64) 
INFO: Creating files in directory V1_gd_tapvtwmd 
ALOHA: aloha creates FFV1 set of routines with options: L1,P0
INFO: Computing diagram color coefficients 
INFO: Drawing loop Feynman diagrams for Process: g d > ta+ vt w- d QCD<=1 QED<=3 [ all = QCD ] @1 
INFO: Generating born Feynman diagrams for Process: g d > ta+ vt w- d QCD<=1 QED<=3 [ all = QCD ] @1 
INFO: Writing files in P1_gux_epvewmux (13 / 64) 
INFO: Creating files in directory V1_gux_epvewmux 
ALOHA: aloha creates FFV1 set of routines with options: L1,P0
INFO: Computing diagram color coefficients 
INFO: Drawing loop Feynman diagrams for Process: g u~ > e+ ve w- u~ QCD<=1 QED<=3 [ all = QCD ] @1 
INFO: Generating born Feynman diagrams for Process: g u~ > e+ ve w- u~ QCD<=1 QED<=3 [ all = QCD ] @1 
INFO: Writing files in P1_gux_tapvtwmux (14 / 64) 
INFO: Creating files in directory V1_gux_tapvtwmux 
ALOHA: aloha creates FFV1 set of routines with options: L1,P0
INFO: Computing diagram color coefficients 
INFO: Drawing loop Feynman diagrams for Process: g u~ > ta+ vt w- u~ QCD<=1 QED<=3 [ all = QCD ] @1 
INFO: Generating born Feynman diagrams for Process: g u~ > ta+ vt w- u~ QCD<=1 QED<=3 [ all = QCD ] @1 
INFO: Writing files in P1_gdx_epvewmdx (15 / 64) 
INFO: Creating files in directory V1_gdx_epvewmdx 
ALOHA: aloha creates FFV1 set of routines with options: L2,P0
INFO: Computing diagram color coefficients 
INFO: Drawing loop Feynman diagrams for Process: g d~ > e+ ve w- d~ QCD<=1 QED<=3 [ all = QCD ] @1 
INFO: Generating born Feynman diagrams for Process: g d~ > e+ ve w- d~ QCD<=1 QED<=3 [ all = QCD ] @1 
INFO: Writing files in P1_gdx_tapvtwmdx (16 / 64) 
INFO: Creating files in directory V1_gdx_tapvtwmdx 
ALOHA: aloha creates FFV1 set of routines with options: L2,P0
INFO: Computing diagram color coefficients 
INFO: Drawing loop Feynman diagrams for Process: g d~ > ta+ vt w- d~ QCD<=1 QED<=3 [ all = QCD ] @1 
INFO: Generating born Feynman diagrams for Process: g d~ > ta+ vt w- d~ QCD<=1 QED<=3 [ all = QCD ] @1 
INFO: Writing files in P1_ug_epvewmu (17 / 64) 
INFO: Creating files in directory V1_ug_epvewmu 
ALOHA: aloha creates FFV1 set of routines with options: L1,P0
INFO: Computing diagram color coefficients 
INFO: Drawing loop Feynman diagrams for Process: u g > e+ ve w- u QCD<=1 QED<=3 [ all = QCD ] @1 
INFO: Generating born Feynman diagrams for Process: u g > e+ ve w- u QCD<=1 QED<=3 [ all = QCD ] @1 
INFO: Writing files in P1_ug_tapvtwmu (18 / 64) 
INFO: Creating files in directory V1_ug_tapvtwmu 
ALOHA: aloha creates FFV1 set of routines with options: L1,P0
INFO: Computing diagram color coefficients 
INFO: Drawing loop Feynman diagrams for Process: u g > ta+ vt w- u QCD<=1 QED<=3 [ all = QCD ] @1 
INFO: Generating born Feynman diagrams for Process: u g > ta+ vt w- u QCD<=1 QED<=3 [ all = QCD ] @1 
INFO: Writing files in P1_uux_epvewmg (19 / 64) 
INFO: Creating files in directory V1_uux_epvewmg 
ALOHA: aloha creates FFV1 set of routines with options: L1
INFO: Computing diagram color coefficients 
INFO: Drawing loop Feynman diagrams for Process: u u~ > e+ ve w- g QCD<=1 QED<=3 [ all = QCD ] @1 
INFO: Generating born Feynman diagrams for Process: u u~ > e+ ve w- g QCD<=1 QED<=3 [ all = QCD ] @1 
INFO: Writing files in P1_uux_tapvtwmg (20 / 64) 
INFO: Creating files in directory V1_uux_tapvtwmg 
ALOHA: aloha creates FFV1 set of routines with options: L1
INFO: Computing diagram color coefficients 
INFO: Drawing loop Feynman diagrams for Process: u u~ > ta+ vt w- g QCD<=1 QED<=3 [ all = QCD ] @1 
INFO: Generating born Feynman diagrams for Process: u u~ > ta+ vt w- g QCD<=1 QED<=3 [ all = QCD ] @1 
INFO: Writing files in P1_dg_epvewmd (21 / 64) 
INFO: Creating files in directory V1_dg_epvewmd 
ALOHA: aloha creates FFV1 set of routines with options: L1,P0
INFO: Computing diagram color coefficients 
INFO: Drawing loop Feynman diagrams for Process: d g > e+ ve w- d QCD<=1 QED<=3 [ all = QCD ] @1 
INFO: Generating born Feynman diagrams for Process: d g > e+ ve w- d QCD<=1 QED<=3 [ all = QCD ] @1 
INFO: Writing files in P1_dg_tapvtwmd (22 / 64) 
INFO: Creating files in directory V1_dg_tapvtwmd 
ALOHA: aloha creates FFV1 set of routines with options: L1,P0
INFO: Computing diagram color coefficients 
INFO: Drawing loop Feynman diagrams for Process: d g > ta+ vt w- d QCD<=1 QED<=3 [ all = QCD ] @1 
INFO: Generating born Feynman diagrams for Process: d g > ta+ vt w- d QCD<=1 QED<=3 [ all = QCD ] @1 
INFO: Writing files in P1_ddx_epvewmg (23 / 64) 
INFO: Creating files in directory V1_ddx_epvewmg 
ALOHA: aloha creates FFV1 set of routines with options: L1
INFO: Computing diagram color coefficients 
INFO: Drawing loop Feynman diagrams for Process: d d~ > e+ ve w- g QCD<=1 QED<=3 [ all = QCD ] @1 
INFO: Generating born Feynman diagrams for Process: d d~ > e+ ve w- g QCD<=1 QED<=3 [ all = QCD ] @1 
INFO: Writing files in P1_ddx_tapvtwmg (24 / 64) 
INFO: Creating files in directory V1_ddx_tapvtwmg 
ALOHA: aloha creates FFV1 set of routines with options: L1
INFO: Computing diagram color coefficients 
INFO: Drawing loop Feynman diagrams for Process: d d~ > ta+ vt w- g QCD<=1 QED<=3 [ all = QCD ] @1 
INFO: Generating born Feynman diagrams for Process: d d~ > ta+ vt w- g QCD<=1 QED<=3 [ all = QCD ] @1 
INFO: Writing files in P1_uxg_epvewmux (25 / 64) 
INFO: Creating files in directory V1_uxg_epvewmux 
ALOHA: aloha creates FFV1 set of routines with options: L1,P0
INFO: Computing diagram color coefficients 
INFO: Drawing loop Feynman diagrams for Process: u~ g > e+ ve w- u~ QCD<=1 QED<=3 [ all = QCD ] @1 
INFO: Generating born Feynman diagrams for Process: u~ g > e+ ve w- u~ QCD<=1 QED<=3 [ all = QCD ] @1 
INFO: Writing files in P1_uxg_tapvtwmux (26 / 64) 
INFO: Creating files in directory V1_uxg_tapvtwmux 
ALOHA: aloha creates FFV1 set of routines with options: L1,P0
INFO: Computing diagram color coefficients 
INFO: Drawing loop Feynman diagrams for Process: u~ g > ta+ vt w- u~ QCD<=1 QED<=3 [ all = QCD ] @1 
INFO: Generating born Feynman diagrams for Process: u~ g > ta+ vt w- u~ QCD<=1 QED<=3 [ all = QCD ] @1 
INFO: Writing files in P1_uxu_epvewmg (27 / 64) 
INFO: Creating files in directory V1_uxu_epvewmg 
ALOHA: aloha creates FFV1 set of routines with options: L1
INFO: Computing diagram color coefficients 
INFO: Drawing loop Feynman diagrams for Process: u~ u > e+ ve w- g QCD<=1 QED<=3 [ all = QCD ] @1 
INFO: Generating born Feynman diagrams for Process: u~ u > e+ ve w- g QCD<=1 QED<=3 [ all = QCD ] @1 
INFO: Writing files in P1_uxu_tapvtwmg (28 / 64) 
INFO: Creating files in directory V1_uxu_tapvtwmg 
ALOHA: aloha creates FFV1 set of routines with options: L1
INFO: Computing diagram color coefficients 
INFO: Drawing loop Feynman diagrams for Process: u~ u > ta+ vt w- g QCD<=1 QED<=3 [ all = QCD ] @1 
INFO: Generating born Feynman diagrams for Process: u~ u > ta+ vt w- g QCD<=1 QED<=3 [ all = QCD ] @1 
INFO: Writing files in P1_dxg_epvewmdx (29 / 64) 
INFO: Creating files in directory V1_dxg_epvewmdx 
ALOHA: aloha creates FFV1 set of routines with options: L2,P0
INFO: Computing diagram color coefficients 
INFO: Drawing loop Feynman diagrams for Process: d~ g > e+ ve w- d~ QCD<=1 QED<=3 [ all = QCD ] @1 
INFO: Generating born Feynman diagrams for Process: d~ g > e+ ve w- d~ QCD<=1 QED<=3 [ all = QCD ] @1 
INFO: Writing files in P1_dxg_tapvtwmdx (30 / 64) 
INFO: Creating files in directory V1_dxg_tapvtwmdx 
ALOHA: aloha creates FFV1 set of routines with options: L2,P0
INFO: Computing diagram color coefficients 
INFO: Drawing loop Feynman diagrams for Process: d~ g > ta+ vt w- d~ QCD<=1 QED<=3 [ all = QCD ] @1 
INFO: Generating born Feynman diagrams for Process: d~ g > ta+ vt w- d~ QCD<=1 QED<=3 [ all = QCD ] @1 
INFO: Writing files in P1_dxd_epvewmg (31 / 64) 
INFO: Creating files in directory V1_dxd_epvewmg 
ALOHA: aloha creates FFV1 set of routines with options: L1
INFO: Computing diagram color coefficients 
INFO: Drawing loop Feynman diagrams for Process: d~ d > e+ ve w- g QCD<=1 QED<=3 [ all = QCD ] @1 
INFO: Generating born Feynman diagrams for Process: d~ d > e+ ve w- g QCD<=1 QED<=3 [ all = QCD ] @1 
INFO: Writing files in P1_dxd_tapvtwmg (32 / 64) 
INFO: Creating files in directory V1_dxd_tapvtwmg 
ALOHA: aloha creates FFV1 set of routines with options: L1
INFO: Computing diagram color coefficients 
INFO: Drawing loop Feynman diagrams for Process: d~ d > ta+ vt w- g QCD<=1 QED<=3 [ all = QCD ] @1 
INFO: Generating born Feynman diagrams for Process: d~ d > ta+ vt w- g QCD<=1 QED<=3 [ all = QCD ] @1 
INFO: Writing files in P2_uux_emvexwp (33 / 64) 
INFO: Creating files in directory V2_uux_emvexwp 
ALOHA: aloha creates FFV1 set of routines with options: L2,P0
ALOHA: aloha creates FFV2 set of routines with options: L2
INFO: Computing diagram color coefficients 
INFO: Drawing loop Feynman diagrams for Process: u u~ > e- ve~ w+ QED<=3 [ all = QCD ] @2 
INFO: Generating born Feynman diagrams for Process: u u~ > e- ve~ w+ QED<=3 [ all = QCD ] @2 
INFO: Writing files in P2_uux_tamvtxwp (34 / 64) 
INFO: Creating files in directory V2_uux_tamvtxwp 
ALOHA: aloha creates FFV1 set of routines with options: L2,P0
INFO: Computing diagram color coefficients 
INFO: Drawing loop Feynman diagrams for Process: u u~ > ta- vt~ w+ QED<=3 [ all = QCD ] @2 
INFO: Generating born Feynman diagrams for Process: u u~ > ta- vt~ w+ QED<=3 [ all = QCD ] @2 
INFO: Writing files in P2_ddx_emvexwp (35 / 64) 
INFO: Creating files in directory V2_ddx_emvexwp 
ALOHA: aloha creates FFV1 set of routines with options: L3
INFO: Computing diagram color coefficients 
INFO: Drawing loop Feynman diagrams for Process: d d~ > e- ve~ w+ QED<=3 [ all = QCD ] @2 
INFO: Generating born Feynman diagrams for Process: d d~ > e- ve~ w+ QED<=3 [ all = QCD ] @2 
INFO: Writing files in P2_ddx_tamvtxwp (36 / 64) 
INFO: Creating files in directory V2_ddx_tamvtxwp 
ALOHA: aloha creates FFV1 set of routines with options: L3
INFO: Computing diagram color coefficients 
INFO: Drawing loop Feynman diagrams for Process: d d~ > ta- vt~ w+ QED<=3 [ all = QCD ] @2 
INFO: Generating born Feynman diagrams for Process: d d~ > ta- vt~ w+ QED<=3 [ all = QCD ] @2 
INFO: Writing files in P2_uxu_emvexwp (37 / 64) 
INFO: Creating files in directory V2_uxu_emvexwp 
ALOHA: aloha creates FFV1 set of routines with options: L2,P0
INFO: Computing diagram color coefficients 
INFO: Drawing loop Feynman diagrams for Process: u~ u > e- ve~ w+ QED<=3 [ all = QCD ] @2 
INFO: Generating born Feynman diagrams for Process: u~ u > e- ve~ w+ QED<=3 [ all = QCD ] @2 
INFO: Writing files in P2_uxu_tamvtxwp (38 / 64) 
INFO: Creating files in directory V2_uxu_tamvtxwp 
ALOHA: aloha creates FFV1 set of routines with options: L2,P0
INFO: Computing diagram color coefficients 
INFO: Drawing loop Feynman diagrams for Process: u~ u > ta- vt~ w+ QED<=3 [ all = QCD ] @2 
INFO: Generating born Feynman diagrams for Process: u~ u > ta- vt~ w+ QED<=3 [ all = QCD ] @2 
INFO: Writing files in P2_dxd_emvexwp (39 / 64) 
INFO: Creating files in directory V2_dxd_emvexwp 
ALOHA: aloha creates FFV1 set of routines with options: L3
INFO: Computing diagram color coefficients 
INFO: Drawing loop Feynman diagrams for Process: d~ d > e- ve~ w+ QED<=3 [ all = QCD ] @2 
INFO: Generating born Feynman diagrams for Process: d~ d > e- ve~ w+ QED<=3 [ all = QCD ] @2 
INFO: Writing files in P2_dxd_tamvtxwp (40 / 64) 
INFO: Creating files in directory V2_dxd_tamvtxwp 
ALOHA: aloha creates FFV1 set of routines with options: L3
INFO: Computing diagram color coefficients 
INFO: Drawing loop Feynman diagrams for Process: d~ d > ta- vt~ w+ QED<=3 [ all = QCD ] @2 
INFO: Generating born Feynman diagrams for Process: d~ d > ta- vt~ w+ QED<=3 [ all = QCD ] @2 
INFO: Writing files in P3_gu_emvexwpu (41 / 64) 
INFO: Creating files in directory V3_gu_emvexwpu 
ALOHA: aloha creates FFV1 set of routines with options: L2,P0
INFO: Computing diagram color coefficients 
INFO: Drawing loop Feynman diagrams for Process: g u > e- ve~ w+ u QCD<=1 QED<=3 [ all = QCD ] @3 
INFO: Generating born Feynman diagrams for Process: g u > e- ve~ w+ u QCD<=1 QED<=3 [ all = QCD ] @3 
INFO: Writing files in P3_gu_tamvtxwpu (42 / 64) 
INFO: Creating files in directory V3_gu_tamvtxwpu 
ALOHA: aloha creates FFV1 set of routines with options: L2,P0
INFO: Computing diagram color coefficients 
INFO: Drawing loop Feynman diagrams for Process: g u > ta- vt~ w+ u QCD<=1 QED<=3 [ all = QCD ] @3 
INFO: Generating born Feynman diagrams for Process: g u > ta- vt~ w+ u QCD<=1 QED<=3 [ all = QCD ] @3 
INFO: Writing files in P3_gd_emvexwpd (43 / 64) 
INFO: Creating files in directory V3_gd_emvexwpd 
ALOHA: aloha creates FFV1 set of routines with options: L1,P0
INFO: Computing diagram color coefficients 
INFO: Drawing loop Feynman diagrams for Process: g d > e- ve~ w+ d QCD<=1 QED<=3 [ all = QCD ] @3 
INFO: Generating born Feynman diagrams for Process: g d > e- ve~ w+ d QCD<=1 QED<=3 [ all = QCD ] @3 
INFO: Writing files in P3_gd_tamvtxwpd (44 / 64) 
INFO: Creating files in directory V3_gd_tamvtxwpd 
ALOHA: aloha creates FFV1 set of routines with options: L1,P0
INFO: Computing diagram color coefficients 
INFO: Drawing loop Feynman diagrams for Process: g d > ta- vt~ w+ d QCD<=1 QED<=3 [ all = QCD ] @3 
INFO: Generating born Feynman diagrams for Process: g d > ta- vt~ w+ d QCD<=1 QED<=3 [ all = QCD ] @3 
INFO: Writing files in P3_gux_emvexwpux (45 / 64) 
INFO: Creating files in directory V3_gux_emvexwpux 
ALOHA: aloha creates FFV1 set of routines with options: L2,P0
INFO: Computing diagram color coefficients 
INFO: Drawing loop Feynman diagrams for Process: g u~ > e- ve~ w+ u~ QCD<=1 QED<=3 [ all = QCD ] @3 
INFO: Generating born Feynman diagrams for Process: g u~ > e- ve~ w+ u~ QCD<=1 QED<=3 [ all = QCD ] @3 
INFO: Writing files in P3_gux_tamvtxwpux (46 / 64) 
INFO: Creating files in directory V3_gux_tamvtxwpux 
ALOHA: aloha creates FFV1 set of routines with options: L2,P0
INFO: Computing diagram color coefficients 
INFO: Drawing loop Feynman diagrams for Process: g u~ > ta- vt~ w+ u~ QCD<=1 QED<=3 [ all = QCD ] @3 
INFO: Generating born Feynman diagrams for Process: g u~ > ta- vt~ w+ u~ QCD<=1 QED<=3 [ all = QCD ] @3 
INFO: Writing files in P3_gdx_emvexwpdx (47 / 64) 
INFO: Creating files in directory V3_gdx_emvexwpdx 
ALOHA: aloha creates FFV1 set of routines with options: L2,P0
INFO: Computing diagram color coefficients 
INFO: Drawing loop Feynman diagrams for Process: g d~ > e- ve~ w+ d~ QCD<=1 QED<=3 [ all = QCD ] @3 
INFO: Generating born Feynman diagrams for Process: g d~ > e- ve~ w+ d~ QCD<=1 QED<=3 [ all = QCD ] @3 
INFO: Writing files in P3_gdx_tamvtxwpdx (48 / 64) 
INFO: Creating files in directory V3_gdx_tamvtxwpdx 
ALOHA: aloha creates FFV1 set of routines with options: L2,P0
INFO: Computing diagram color coefficients 
INFO: Drawing loop Feynman diagrams for Process: g d~ > ta- vt~ w+ d~ QCD<=1 QED<=3 [ all = QCD ] @3 
INFO: Generating born Feynman diagrams for Process: g d~ > ta- vt~ w+ d~ QCD<=1 QED<=3 [ all = QCD ] @3 
INFO: Writing files in P3_ug_emvexwpu (49 / 64) 
INFO: Creating files in directory V3_ug_emvexwpu 
ALOHA: aloha creates FFV1 set of routines with options: L2,P0
INFO: Computing diagram color coefficients 
INFO: Drawing loop Feynman diagrams for Process: u g > e- ve~ w+ u QCD<=1 QED<=3 [ all = QCD ] @3 
INFO: Generating born Feynman diagrams for Process: u g > e- ve~ w+ u QCD<=1 QED<=3 [ all = QCD ] @3 
INFO: Writing files in P3_ug_tamvtxwpu (50 / 64) 
INFO: Creating files in directory V3_ug_tamvtxwpu 
ALOHA: aloha creates FFV1 set of routines with options: L2,P0
INFO: Computing diagram color coefficients 
INFO: Drawing loop Feynman diagrams for Process: u g > ta- vt~ w+ u QCD<=1 QED<=3 [ all = QCD ] @3 
INFO: Generating born Feynman diagrams for Process: u g > ta- vt~ w+ u QCD<=1 QED<=3 [ all = QCD ] @3 
INFO: Writing files in P3_uux_emvexwpg (51 / 64) 
INFO: Creating files in directory V3_uux_emvexwpg 
ALOHA: aloha creates FFV1 set of routines with options: L1
INFO: Computing diagram color coefficients 
INFO: Drawing loop Feynman diagrams for Process: u u~ > e- ve~ w+ g QCD<=1 QED<=3 [ all = QCD ] @3 
INFO: Generating born Feynman diagrams for Process: u u~ > e- ve~ w+ g QCD<=1 QED<=3 [ all = QCD ] @3 
INFO: Writing files in P3_uux_tamvtxwpg (52 / 64) 
INFO: Creating files in directory V3_uux_tamvtxwpg 
ALOHA: aloha creates FFV1 set of routines with options: L1
INFO: Computing diagram color coefficients 
INFO: Drawing loop Feynman diagrams for Process: u u~ > ta- vt~ w+ g QCD<=1 QED<=3 [ all = QCD ] @3 
INFO: Generating born Feynman diagrams for Process: u u~ > ta- vt~ w+ g QCD<=1 QED<=3 [ all = QCD ] @3 
INFO: Writing files in P3_dg_emvexwpd (53 / 64) 
INFO: Creating files in directory V3_dg_emvexwpd 
ALOHA: aloha creates FFV1 set of routines with options: L1,P0
INFO: Computing diagram color coefficients 
INFO: Drawing loop Feynman diagrams for Process: d g > e- ve~ w+ d QCD<=1 QED<=3 [ all = QCD ] @3 
INFO: Generating born Feynman diagrams for Process: d g > e- ve~ w+ d QCD<=1 QED<=3 [ all = QCD ] @3 
INFO: Writing files in P3_dg_tamvtxwpd (54 / 64) 
INFO: Creating files in directory V3_dg_tamvtxwpd 
ALOHA: aloha creates FFV1 set of routines with options: L1,P0
INFO: Computing diagram color coefficients 
INFO: Drawing loop Feynman diagrams for Process: d g > ta- vt~ w+ d QCD<=1 QED<=3 [ all = QCD ] @3 
INFO: Generating born Feynman diagrams for Process: d g > ta- vt~ w+ d QCD<=1 QED<=3 [ all = QCD ] @3 
INFO: Writing files in P3_ddx_emvexwpg (55 / 64) 
INFO: Creating files in directory V3_ddx_emvexwpg 
ALOHA: aloha creates FFV1 set of routines with options: L1
INFO: Computing diagram color coefficients 
INFO: Drawing loop Feynman diagrams for Process: d d~ > e- ve~ w+ g QCD<=1 QED<=3 [ all = QCD ] @3 
INFO: Generating born Feynman diagrams for Process: d d~ > e- ve~ w+ g QCD<=1 QED<=3 [ all = QCD ] @3 
INFO: Writing files in P3_ddx_tamvtxwpg (56 / 64) 
INFO: Creating files in directory V3_ddx_tamvtxwpg 
ALOHA: aloha creates FFV1 set of routines with options: L1
INFO: Computing diagram color coefficients 
INFO: Drawing loop Feynman diagrams for Process: d d~ > ta- vt~ w+ g QCD<=1 QED<=3 [ all = QCD ] @3 
INFO: Generating born Feynman diagrams for Process: d d~ > ta- vt~ w+ g QCD<=1 QED<=3 [ all = QCD ] @3 
INFO: Writing files in P3_uxg_emvexwpux (57 / 64) 
INFO: Creating files in directory V3_uxg_emvexwpux 
ALOHA: aloha creates FFV1 set of routines with options: L2,P0
INFO: Computing diagram color coefficients 
INFO: Drawing loop Feynman diagrams for Process: u~ g > e- ve~ w+ u~ QCD<=1 QED<=3 [ all = QCD ] @3 
INFO: Generating born Feynman diagrams for Process: u~ g > e- ve~ w+ u~ QCD<=1 QED<=3 [ all = QCD ] @3 
INFO: Writing files in P3_uxg_tamvtxwpux (58 / 64) 
INFO: Creating files in directory V3_uxg_tamvtxwpux 
ALOHA: aloha creates FFV1 set of routines with options: L2,P0
INFO: Computing diagram color coefficients 
INFO: Drawing loop Feynman diagrams for Process: u~ g > ta- vt~ w+ u~ QCD<=1 QED<=3 [ all = QCD ] @3 
INFO: Generating born Feynman diagrams for Process: u~ g > ta- vt~ w+ u~ QCD<=1 QED<=3 [ all = QCD ] @3 
INFO: Writing files in P3_uxu_emvexwpg (59 / 64) 
INFO: Creating files in directory V3_uxu_emvexwpg 
ALOHA: aloha creates FFV1 set of routines with options: L1
INFO: Computing diagram color coefficients 
INFO: Drawing loop Feynman diagrams for Process: u~ u > e- ve~ w+ g QCD<=1 QED<=3 [ all = QCD ] @3 
INFO: Generating born Feynman diagrams for Process: u~ u > e- ve~ w+ g QCD<=1 QED<=3 [ all = QCD ] @3 
INFO: Writing files in P3_uxu_tamvtxwpg (60 / 64) 
INFO: Creating files in directory V3_uxu_tamvtxwpg 
ALOHA: aloha creates FFV1 set of routines with options: L1
INFO: Computing diagram color coefficients 
INFO: Drawing loop Feynman diagrams for Process: u~ u > ta- vt~ w+ g QCD<=1 QED<=3 [ all = QCD ] @3 
INFO: Generating born Feynman diagrams for Process: u~ u > ta- vt~ w+ g QCD<=1 QED<=3 [ all = QCD ] @3 
INFO: Writing files in P3_dxg_emvexwpdx (61 / 64) 
INFO: Creating files in directory V3_dxg_emvexwpdx 
ALOHA: aloha creates FFV1 set of routines with options: L2,P0
INFO: Computing diagram color coefficients 
INFO: Drawing loop Feynman diagrams for Process: d~ g > e- ve~ w+ d~ QCD<=1 QED<=3 [ all = QCD ] @3 
INFO: Generating born Feynman diagrams for Process: d~ g > e- ve~ w+ d~ QCD<=1 QED<=3 [ all = QCD ] @3 
INFO: Writing files in P3_dxg_tamvtxwpdx (62 / 64) 
INFO: Creating files in directory V3_dxg_tamvtxwpdx 
ALOHA: aloha creates FFV1 set of routines with options: L2,P0
INFO: Computing diagram color coefficients 
INFO: Drawing loop Feynman diagrams for Process: d~ g > ta- vt~ w+ d~ QCD<=1 QED<=3 [ all = QCD ] @3 
INFO: Generating born Feynman diagrams for Process: d~ g > ta- vt~ w+ d~ QCD<=1 QED<=3 [ all = QCD ] @3 
INFO: Writing files in P3_dxd_emvexwpg (63 / 64) 
INFO: Creating files in directory V3_dxd_emvexwpg 
ALOHA: aloha creates FFV1 set of routines with options: L1
INFO: Computing diagram color coefficients 
INFO: Drawing loop Feynman diagrams for Process: d~ d > e- ve~ w+ g QCD<=1 QED<=3 [ all = QCD ] @3 
INFO: Generating born Feynman diagrams for Process: d~ d > e- ve~ w+ g QCD<=1 QED<=3 [ all = QCD ] @3 
INFO: Writing files in P3_dxd_tamvtxwpg (64 / 64) 
INFO: Creating files in directory V3_dxd_tamvtxwpg 
ALOHA: aloha creates FFV1 set of routines with options: L1
INFO: Computing diagram color coefficients 
INFO: Drawing loop Feynman diagrams for Process: d~ d > ta- vt~ w+ g QCD<=1 QED<=3 [ all = QCD ] @3 
INFO: Generating born Feynman diagrams for Process: d~ d > ta- vt~ w+ g QCD<=1 QED<=3 [ all = QCD ] @3 
History written to /data9/Users/shjeon/MadGraph_Contact/forVV/genproductions/bin/MadGraph5_aMCatNLO/WWToLNuQQ_4f_amcatnloFxFx/WWToLNuQQ_4f_amcatnloFxFx_gridpack/work/WWToLNuQQ_4f_amcatnloFxFx/Cards/proc_card_mg5.dat
ALOHA: aloha creates FFV1 routines
ALOHA: aloha creates FFV2 routines
ALOHA: aloha creates FFV3 routines
ALOHA: aloha creates VVV1 routines
ALOHA: aloha creates FFV4 routines
ALOHA: aloha creates FFV5 routines
ALOHA: aloha creates R2_GGZ routines
ALOHA: aloha creates R2_GGVV routines
ALOHA: aloha creates FFS1 set of routines with options: L2
ALOHA: aloha creates VVS1 routines
ALOHA: aloha creates R2_QQ_1 routines
ALOHA: aloha creates FFV2_5 routines
ALOHA: aloha creates FFV2_4 routines
ALOHA: aloha creates FFV2_3 routines
save configuration file to /data9/Users/shjeon/MadGraph_Contact/forVV/genproductions/bin/MadGraph5_aMCatNLO/WWToLNuQQ_4f_amcatnloFxFx/WWToLNuQQ_4f_amcatnloFxFx_gridpack/work/WWToLNuQQ_4f_amcatnloFxFx/Cards/amcatnlo_configuration.txt
INFO: Use Fortran compiler gfortran 
INFO: Use c++ compiler g++ 
INFO: Generate web pages 
INFO: Compiling StdHEP. This has to be done only once. 
INFO: Done. 
Type "launch" to generate events from this process, or see
/data9/Users/shjeon/MadGraph_Contact/forVV/genproductions/bin/MadGraph5_aMCatNLO/WWToLNuQQ_4f_amcatnloFxFx/WWToLNuQQ_4f_amcatnloFxFx_gridpack/work/WWToLNuQQ_4f_amcatnloFxFx/README
Run "open index.html" to see more information about this process.
display multiparticles
Multiparticle labels:
ell+ = e+ mu+ ta+
all = g gh gh~ d u s c d~ u~ s~ c~ a ve vm vt e- mu- ve~ vm~ vt~ e+ mu+ b t b~ t~ z w+ h w- ta- ta+
l- = e- mu-
ell- = e- mu- ta-
j = g u c d s u~ c~ d~ s~
vl = ve vm vt
l+ = e+ mu+
p = g u c d s u~ c~ d~ s~
vl~ = ve~ vm~ vt~
quit
copying generated process to working directory
INFO: Using default PDF sets for 2017 production
starting NLO mode
No module named madgraph
INFO: ************************************************************
*                                                          *
*           W E L C O M E  to  M A D G R A P H 5           *
*                       a M C @ N L O                      *
*                                                          *
*                 *                       *                *
*                   *        * *        *                  *
*                     * * * * 5 * * * *                    *
*                   *        * *        *                  *
*                 *                       *                *
*                                                          *
*         VERSION 5.2.6.5               20xx-xx-xx         *
*                                                          *
*    The MadGraph5_aMC@NLO Development Team - Find us at   *
*                 http://amcatnlo.cern.ch                  *
*                                                          *
*               Type 'help' for in-line help.              *
*                                                          *
************************************************************ 
INFO: load configuration from /data9/Users/shjeon/MadGraph_Contact/forVV/genproductions/bin/MadGraph5_aMCatNLO/WWToLNuQQ_4f_amcatnloFxFx/WWToLNuQQ_4f_amcatnloFxFx_gridpack/work/processtmp/Cards/amcatnlo_configuration.txt  
INFO: load configuration from /data9/Users/shjeon/MadGraph_Contact/forVV/genproductions/bin/MadGraph5_aMCatNLO/WWToLNuQQ_4f_amcatnloFxFx/WWToLNuQQ_4f_amcatnloFxFx_gridpack/work/MG5_aMC_v2_6_5/input/mg5_configuration.txt  
INFO: load configuration from /data9/Users/shjeon/MadGraph_Contact/forVV/genproductions/bin/MadGraph5_aMCatNLO/WWToLNuQQ_4f_amcatnloFxFx/WWToLNuQQ_4f_amcatnloFxFx_gridpack/work/processtmp/Cards/amcatnlo_configuration.txt  
Using default text editor "vi". Set another one in ./input/mg5_configuration.txt
No valid eps viewer found. Please set in ./input/mg5_configuration.txt
No valid web browser found. Please set in ./input/mg5_configuration.txt
launch -n pilotrun
[1;34mrun_card missed argument pt_min_pdg. Takes default: {}[0m
[1;34mrun_card missed argument pt_max_pdg. Takes default: {}[0m
[1;34mrun_card missed argument mxx_min_pdg. Takes default: {}[0m
stty: standard input: Inappropriate ioctl for device
stty: standard input: Inappropriate ioctl for device
stty: standard input: Inappropriate ioctl for device
stty: standard input: Inappropriate ioctl for device
stty: standard input: Inappropriate ioctl for device
The following switches determine which programs are run:
/=============================================================================\
1. Type of perturbative computation         [1m      order[0m = [32mNLO[0m         
2. No MC@[N]LO matching / event generation  [1mfixed_order[0m = [32mOFF[0m         
3. Shower the generated events              [1m     shower[0m = [31mPYTHIA8[0m     
4. Decay onshell particles                  [1m    madspin[0m = [32mON[0m          
5. Add weights to events for new hypp.      [1m   reweight[0m = [31mOFF[0m         
6. Run MadAnalysis5 on the events generated [1mmadanalysis[0m = [01mNot Avail.[0m  
\=============================================================================/
Either type the switch number (1 to 6) to change its setting,
Set any switch explicitly (e.g. type 'fixed_order=ON' at the prompt)
Type 'help' for the list of all valid option
Type '0', 'auto', 'done' or just press enter when you are done.[60s to answer] 
>The following switches determine which programs are run:
/=============================================================================\
1. Type of perturbative computation         [1m      order[0m = [32mNLO[0m         
2. No MC@[N]LO matching / event generation  [1mfixed_order[0m = [32mOFF[0m         
3. Shower the generated events              [1m     shower[0m = [32mOFF[0m         
4. Decay onshell particles                  [1m    madspin[0m = [32mON[0m          
5. Add weights to events for new hypp.      [1m   reweight[0m = [31mOFF[0m         
6. Run MadAnalysis5 on the events generated [1mmadanalysis[0m = [01mNot Avail.[0m  
\=============================================================================/
Either type the switch number (1 to 6) to change its setting,
Set any switch explicitly (e.g. type 'fixed_order=ON' at the prompt)
Type 'help' for the list of all valid option
Type '0', 'auto', 'done' or just press enter when you are done.
The following switches determine which programs are run:
/=============================================================================\
1. Type of perturbative computation         [1m      order[0m = [32mNLO[0m         
2. No MC@[N]LO matching / event generation  [1mfixed_order[0m = [32mOFF[0m         
3. Shower the generated events              [1m     shower[0m = [32mOFF[0m         
4. Decay onshell particles                  [1m    madspin[0m = [32mON[0m          
5. Add weights to events for new hypp.      [1m   reweight[0m = [31mOFF[0m         
6. Run MadAnalysis5 on the events generated [1mmadanalysis[0m = [01mNot Avail.[0m  
\=============================================================================/
Either type the switch number (1 to 6) to change its setting,
Set any switch explicitly (e.g. type 'fixed_order=ON' at the prompt)
Type 'help' for the list of all valid option
Type '0', 'auto', 'done' or just press enter when you are done.
>The following switches determine which programs are run:
/=============================================================================\
1. Type of perturbative computation         [1m      order[0m = [32mNLO[0m         
2. No MC@[N]LO matching / event generation  [1mfixed_order[0m = [32mOFF[0m         
3. Shower the generated events              [1m     shower[0m = [32mOFF[0m         
4. Decay onshell particles                  [1m    madspin[0m = [32mON[0m          
5. Add weights to events for new hypp.      [1m   reweight[0m = [31mOFF[0m         
6. Run MadAnalysis5 on the events generated [1mmadanalysis[0m = [01mNot Avail.[0m  
\=============================================================================/
Either type the switch number (1 to 6) to change its setting,
Set any switch explicitly (e.g. type 'fixed_order=ON' at the prompt)
Type 'help' for the list of all valid option
Type '0', 'auto', 'done' or just press enter when you are done.
The following switches determine which programs are run:
/=============================================================================\
1stty: standard input: Inappropriate ioctl for device
. Type of perturbative computation         [1m      order[0m = [32mNLO[0m         
2. No MC@[N]LO matching / event generation  [1mfixed_order[0m = [32mOFF[0m         
3. Shower the generated events              [1m     shower[0m = [32mOFF[0m         
4. Decay onshell particles                  [1m    madspin[0m = [32mON[0m          
5. Add weights to events for new hypp.      [1m   reweight[0m = [31mOFF[0m         
6. Run MadAnalysis5 on the events generated [1mmadanalysis[0m = [01mNot Avail.[0m  
\=============================================================================/
Either type the switch number (1 to 6) to change its setting,
Set any switch explicitly (e.g. type 'fixed_order=ON' at the prompt)
Type 'help' for the list of all valid option
Type '0', 'auto', 'done' or just press enter when you are done.
>INFO: will run in mode: noshower 
[1;34mWARNING: You have chosen not to run a parton shower.
    NLO events without showering are NOT physical.
    Please, shower the LesHouches events before using them for physics analyses.
    You have to choose NOW which parton-shower you WILL use and specify it in the run_card. [0m
[1;34mrun_card missed argument pt_min_pdg. Takes default: {}[0m
[1;34mrun_card missed argument pt_max_pdg. Takes default: {}[0m
[1;34mrun_card missed argument mxx_min_pdg. Takes default: {}[0m
Do you want to edit a card (press enter to bypass editing)?
/------------------------------------------------------------\
|  [31m1[0m. param   : [32mparam_card.dat[0m                               |
|  [31m2[0m. run     : [32mrun_card.dat[0m                                 |
|  [31m3[0m. madspin : [32mmadspin_card.dat[0m                             |
\------------------------------------------------------------/
 you can also
   - enter the path to a valid card or banner.
   - use the 'set' command to modify a parameter directly.
     The set option works only for param_card and run_card.
     Type 'help set' for more information on this command.
   - call an external program (ASperGE/MadWidth/...).
     Type 'help' for the list of available command
 [[4m0[0m, done, 1, param, 2, run, 3, madspin, enter path][90s to answer] 
>INFO: Update the dependent parameter of the param_card.dat 
[1;34mrun_card missed argument pt_min_pdg. Takes default: {}[0m
[1;34mrun_card missed argument pt_max_pdg. Takes default: {}[0m
[1;34mrun_card missed argument mxx_min_pdg. Takes default: {}[0m
[1;34mWARNING: You are running with FxFx merging enabled.  To be able to merge
    samples of various multiplicities without double counting, you
    have to remove some events after showering 'by hand'.  Please
    read http://amcatnlo.cern.ch/FxFx_merging.htm for more details. [0m
INFO: Starting run 
INFO: Compiling the code 
[1;34mrun_card missed argument pt_min_pdg. Takes default: {}[0m
[1;34mrun_card missed argument pt_max_pdg. Takes default: {}[0m
[1;34mrun_card missed argument mxx_min_pdg. Takes default: {}[0m
run_card missed argument shower_scale_factor. Takes default: 1.0
run_card missed argument muf_ref_fixed. Takes default: 91.188
run_card missed argument dynamical_scale_choice. Takes default: [-1]
run_card missed argument muf_over_ref. Takes default: 1.0
run_card missed argument rw_rscale. Takes default: [1.0, 2.0, 0.5]
run_card missed argument rw_fscale. Takes default: [1.0, 2.0, 0.5]
run_card missed argument iappl. Takes default: 0
INFO: Using LHAPDF v6.2.1 interface for PDFs 
INFO: Compiling source... 
INFO:           ...done, continuing with P* directories 
INFO: Compiling directories... 
INFO: Compiling on 30 cores 
INFO:  Compiling P0_uux_epvewm... 
INFO:  Compiling P0_uux_tapvtwm... 
INFO:  Compiling P0_ddx_epvewm... 
INFO:  Compiling P0_ddx_tapvtwm... 
INFO:  Compiling P0_uxu_epvewm... 
INFO:  Compiling P0_uxu_tapvtwm... 
INFO:  Compiling P0_dxd_epvewm... 
INFO:  Compiling P0_dxd_tapvtwm... 
INFO:  Compiling P1_gu_epvewmu... 
INFO:  Compiling P1_gu_tapvtwmu... 
INFO:  Compiling P1_gd_epvewmd... 
INFO:  Compiling P1_gd_tapvtwmd... 
INFO:  Compiling P1_gux_epvewmux... 
INFO:  Compiling P1_gux_tapvtwmux... 
INFO:  Compiling P1_gdx_epvewmdx... 
INFO:  Compiling P1_gdx_tapvtwmdx... 
INFO:  Compiling P1_ug_epvewmu... 
INFO:  Compiling P1_ug_tapvtwmu... 
INFO:  Compiling P1_uux_epvewmg... 
INFO:  Compiling P1_uux_tapvtwmg... 
INFO:  Compiling P1_dg_epvewmd... 
INFO:  Compiling P1_dg_tapvtwmd... 
INFO:  Compiling P1_ddx_epvewmg... 
INFO:  Compiling P1_ddx_tapvtwmg... 
INFO:  Compiling P1_uxg_epvewmux... 
INFO:  Compiling P1_uxg_tapvtwmux... 
INFO:  Compiling P1_uxu_epvewmg... 
INFO:  Compiling P1_uxu_tapvtwmg... 
INFO:  Compiling P1_dxg_epvewmdx... 
INFO:  Compiling P1_dxg_tapvtwmdx... 
INFO:     P0_ddx_epvewm done. 
INFO:  Compiling P1_dxd_epvewmg... 
INFO:     P0_dxd_epvewm done. 
INFO:  Compiling P1_dxd_tapvtwmg... 
INFO:     P0_uux_epvewm done. 
INFO:  Compiling P2_uux_emvexwp... 
INFO:     P0_uxu_tapvtwm done. 
INFO:  Compiling P2_uux_tamvtxwp... 
INFO:     P0_uxu_epvewm done. 
INFO:  Compiling P2_ddx_emvexwp... 
INFO:     P0_uux_tapvtwm done. 
INFO:  Compiling P2_ddx_tamvtxwp... 
INFO:     P0_dxd_tapvtwm done. 
INFO:  Compiling P2_uxu_emvexwp... 
INFO:     P0_ddx_tapvtwm done. 
INFO:  Compiling P2_uxu_tamvtxwp... 
INFO:     P1_uxu_epvewmg done. 
INFO:  Compiling P2_dxd_emvexwp... 
INFO:     P1_gu_epvewmu done. 
INFO:  Compiling P2_dxd_tamvtxwp... 
INFO:     P1_uux_tapvtwmg done. 
INFO:  Compiling P3_gu_emvexwpu... 
INFO:     P1_uxu_tapvtwmg done. 
INFO:  Compiling P3_gu_tamvtxwpu... 
INFO:     P1_gd_epvewmd done. 
INFO:  Compiling P3_gd_emvexwpd... 
INFO:     P1_dxg_epvewmdx done. 
INFO:  Compiling P3_gd_tamvtxwpd... 
INFO:     P1_gux_epvewmux done. 
INFO:  Compiling P3_gux_emvexwpux... 
INFO:     P1_gdx_epvewmdx done. 
INFO:  Compiling P3_gux_tamvtxwpux... 
INFO:     P1_ug_epvewmu done. 
INFO:  Compiling P3_gdx_emvexwpdx... 
INFO:     P1_dg_epvewmd done. 
INFO:  Compiling P3_gdx_tamvtxwpdx... 
INFO:     P1_uxg_epvewmux done. 
INFO:  Compiling P3_ug_emvexwpu... 
INFO:     P1_ddx_epvewmg done. 
INFO:  Compiling P3_ug_tamvtxwpu... 
INFO:     P1_gu_tapvtwmu done. 
INFO:  Compiling P3_uux_emvexwpg... 
INFO:     P1_uux_epvewmg done. 
INFO:  Compiling P3_uux_tamvtxwpg... 
INFO:     P1_dg_tapvtwmd done. 
INFO:  Compiling P3_dg_emvexwpd... 
INFO:     P1_dxg_tapvtwmdx done. 
INFO:  Compiling P3_dg_tamvtxwpd... 
INFO:     P1_gd_tapvtwmd done. 
INFO:  Compiling P3_ddx_emvexwpg... 
INFO:     P1_ug_tapvtwmu done. 
INFO:  Compiling P3_ddx_tamvtxwpg... 
INFO:     P1_ddx_tapvtwmg done. 
INFO:  Compiling P3_uxg_emvexwpux... 
INFO:     P1_gux_tapvtwmux done. 
INFO:  Compiling P3_uxg_tamvtxwpux... 
INFO:     P1_uxg_tapvtwmux done. 
INFO:  Compiling P3_uxu_emvexwpg... 
INFO:     P1_gdx_tapvtwmdx done. 
INFO:  Compiling P3_uxu_tamvtxwpg... 
INFO:     P2_uxu_emvexwp done. 
INFO:  Compiling P3_dxg_emvexwpdx... 
INFO:     P2_uux_emvexwp done. 
INFO:  Compiling P3_dxg_tamvtxwpdx... 
INFO:     P2_ddx_tamvtxwp done. 
INFO:  Compiling P3_dxd_emvexwpg... 
INFO:     P2_uxu_tamvtxwp done. 
INFO:  Compiling P3_dxd_tamvtxwpg... 
INFO:     P2_ddx_emvexwp done. 
INFO:     P2_uux_tamvtxwp done. 
INFO:     P1_dxd_epvewmg done. 
INFO:     P2_dxd_emvexwp done. 
INFO:     P2_dxd_tamvtxwp done. 
INFO:     P1_dxd_tapvtwmg done. 
INFO:     P3_gu_emvexwpu done. 
INFO:     P3_gdx_emvexwpdx done. 
INFO:     P3_gd_emvexwpd done. 
INFO:     P3_ug_emvexwpu done. 
INFO:     P3_gux_emvexwpux done. 
INFO:     P3_ddx_emvexwpg done. 
INFO:     P3_uux_emvexwpg done. 
INFO:     P3_gd_tamvtxwpd done. 
INFO:     P3_uxu_emvexwpg done. 
INFO:     P3_gdx_tamvtxwpdx done. 
INFO:     P3_gux_tamvtxwpux done. 
INFO:     P3_dg_emvexwpd done. 
INFO:     P3_uux_tamvtxwpg done. 
INFO:     P3_uxg_emvexwpux done. 
INFO:     P3_gu_tamvtxwpu done. 
INFO:     P3_ddx_tamvtxwpg done. 
INFO:     P3_uxu_tamvtxwpg done. 
INFO:     P3_ug_tamvtxwpu done. 
INFO:     P3_uxg_tamvtxwpux done. 
INFO:     P3_dg_tamvtxwpd done. 
INFO:     P3_dxd_emvexwpg done. 
INFO:     P3_dxg_emvexwpdx done. 
INFO:     P3_dxd_tamvtxwpg done. 
INFO:     P3_dxg_tamvtxwpdx done. 
INFO: Checking test output: 
INFO: P0_uux_epvewm 
INFO:  Result for test_ME: 
INFO:    Passed. 
INFO:  Result for test_MC: 
INFO:    Passed. 
INFO:  Result for check_poles: 
INFO:    Poles successfully cancel for 20 points over 20 (tolerance=1.0e-05) 
INFO: P0_uux_tapvtwm 
INFO:  Result for test_ME: 
INFO:    Passed. 
INFO:  Result for test_MC: 
INFO:    Passed. 
INFO:  Result for check_poles: 
INFO:    Poles successfully cancel for 20 points over 20 (tolerance=1.0e-05) 
INFO: P0_ddx_epvewm 
INFO:  Result for test_ME: 
INFO:    Passed. 
INFO:  Result for test_MC: 
INFO:    Passed. 
INFO:  Result for check_poles: 
INFO:    Poles successfully cancel for 20 points over 20 (tolerance=1.0e-05) 
INFO: P0_ddx_tapvtwm 
INFO:  Result for test_ME: 
INFO:    Passed. 
INFO:  Result for test_MC: 
INFO:    Passed. 
INFO:  Result for check_poles: 
INFO:    Poles successfully cancel for 20 points over 20 (tolerance=1.0e-05) 
INFO: P0_uxu_epvewm 
INFO:  Result for test_ME: 
INFO:    Passed. 
INFO:  Result for test_MC: 
INFO:    Passed. 
INFO:  Result for check_poles: 
INFO:    Poles successfully cancel for 20 points over 20 (tolerance=1.0e-05) 
INFO: P0_uxu_tapvtwm 
INFO:  Result for test_ME: 
INFO:    Passed. 
INFO:  Result for test_MC: 
INFO:    Passed. 
INFO:  Result for check_poles: 
INFO:    Poles successfully cancel for 20 points over 20 (tolerance=1.0e-05) 
INFO: P0_dxd_epvewm 
INFO:  Result for test_ME: 
INFO:    Passed. 
INFO:  Result for test_MC: 
INFO:    Passed. 
INFO:  Result for check_poles: 
INFO:    Poles successfully cancel for 20 points over 20 (tolerance=1.0e-05) 
INFO: P0_dxd_tapvtwm 
INFO:  Result for test_ME: 
INFO:    Passed. 
INFO:  Result for test_MC: 
INFO:    Passed. 
INFO:  Result for check_poles: 
INFO:    Poles successfully cancel for 20 points over 20 (tolerance=1.0e-05) 
INFO: P1_gu_epvewmu 
INFO:  Result for test_ME: 
INFO:    Passed. 
INFO:  Result for test_MC: 
INFO:    Passed. 
INFO:  Result for check_poles: 
INFO:    Poles successfully cancel for 20 points over 20 (tolerance=1.0e-05) 
INFO: P1_gu_tapvtwmu 
INFO:  Result for test_ME: 
INFO:    Passed. 
INFO:  Result for test_MC: 
INFO:    Passed. 
INFO:  Result for check_poles: 
INFO:    Poles successfully cancel for 20 points over 20 (tolerance=1.0e-05) 
INFO: P1_gd_epvewmd 
INFO:  Result for test_ME: 
INFO:    Passed. 
INFO:  Result for test_MC: 
INFO:    Passed. 
INFO:  Result for check_poles: 
INFO:    Poles successfully cancel for 20 points over 20 (tolerance=1.0e-05) 
INFO: P1_gd_tapvtwmd 
INFO:  Result for test_ME: 
INFO:    Passed. 
INFO:  Result for test_MC: 
INFO:    Passed. 
INFO:  Result for check_poles: 
INFO:    Poles successfully cancel for 20 points over 20 (tolerance=1.0e-05) 
INFO: P1_gux_epvewmux 
INFO:  Result for test_ME: 
INFO:    Passed. 
INFO:  Result for test_MC: 
INFO:    Passed. 
INFO:  Result for check_poles: 
INFO:    Poles successfully cancel for 20 points over 20 (tolerance=1.0e-05) 
INFO: P1_gux_tapvtwmux 
INFO:  Result for test_ME: 
INFO:    Passed. 
INFO:  Result for test_MC: 
INFO:    Passed. 
INFO:  Result for check_poles: 
INFO:    Poles successfully cancel for 20 points over 20 (tolerance=1.0e-05) 
INFO: P1_gdx_epvewmdx 
INFO:  Result for test_ME: 
INFO:    Passed. 
INFO:  Result for test_MC: 
INFO:    Passed. 
INFO:  Result for check_poles: 
INFO:    Poles successfully cancel for 20 points over 20 (tolerance=1.0e-05) 
INFO: P1_gdx_tapvtwmdx 
INFO:  Result for test_ME: 
INFO:    Passed. 
INFO:  Result for test_MC: 
INFO:    Passed. 
INFO:  Result for check_poles: 
INFO:    Poles successfully cancel for 20 points over 20 (tolerance=1.0e-05) 
INFO: P1_ug_epvewmu 
INFO:  Result for test_ME: 
INFO:    Passed. 
INFO:  Result for test_MC: 
INFO:    Passed. 
INFO:  Result for check_poles: 
INFO:    Poles successfully cancel for 20 points over 20 (tolerance=1.0e-05) 
INFO: P1_ug_tapvtwmu 
INFO:  Result for test_ME: 
INFO:    Passed. 
INFO:  Result for test_MC: 
INFO:    Passed. 
INFO:  Result for check_poles: 
INFO:    Poles successfully cancel for 20 points over 20 (tolerance=1.0e-05) 
INFO: P1_uux_epvewmg 
INFO:  Result for test_ME: 
INFO:    Passed. 
INFO:  Result for test_MC: 
INFO:    Passed. 
INFO:  Result for check_poles: 
INFO:    Poles successfully cancel for 20 points over 20 (tolerance=1.0e-05) 
INFO: P1_uux_tapvtwmg 
INFO:  Result for test_ME: 
INFO:    Passed. 
INFO:  Result for test_MC: 
INFO:    Passed. 
INFO:  Result for check_poles: 
INFO:    Poles successfully cancel for 20 points over 20 (tolerance=1.0e-05) 
INFO: P1_dg_epvewmd 
INFO:  Result for test_ME: 
INFO:    Passed. 
INFO:  Result for test_MC: 
INFO:    Passed. 
INFO:  Result for check_poles: 
INFO:    Poles successfully cancel for 20 points over 20 (tolerance=1.0e-05) 
INFO: P1_dg_tapvtwmd 
INFO:  Result for test_ME: 
INFO:    Passed. 
INFO:  Result for test_MC: 
INFO:    Passed. 
INFO:  Result for check_poles: 
INFO:    Poles successfully cancel for 20 points over 20 (tolerance=1.0e-05) 
INFO: P1_ddx_epvewmg 
INFO:  Result for test_ME: 
INFO:    Passed. 
INFO:  Result for test_MC: 
INFO:    Passed. 
INFO:  Result for check_poles: 
INFO:    Poles successfully cancel for 20 points over 20 (tolerance=1.0e-05) 
INFO: P1_ddx_tapvtwmg 
INFO:  Result for test_ME: 
INFO:    Passed. 
INFO:  Result for test_MC: 
INFO:    Passed. 
INFO:  Result for check_poles: 
INFO:    Poles successfully cancel for 20 points over 20 (tolerance=1.0e-05) 
INFO: P1_uxg_epvewmux 
INFO:  Result for test_ME: 
INFO:    Passed. 
INFO:  Result for test_MC: 
INFO:    Passed. 
INFO:  Result for check_poles: 
INFO:    Poles successfully cancel for 20 points over 20 (tolerance=1.0e-05) 
INFO: P1_uxg_tapvtwmux 
INFO:  Result for test_ME: 
INFO:    Passed. 
INFO:  Result for test_MC: 
INFO:    Passed. 
INFO:  Result for check_poles: 
INFO:    Poles successfully cancel for 20 points over 20 (tolerance=1.0e-05) 
INFO: P1_uxu_epvewmg 
INFO:  Result for test_ME: 
INFO:    Passed. 
INFO:  Result for test_MC: 
INFO:    Passed. 
INFO:  Result for check_poles: 
INFO:    Poles successfully cancel for 20 points over 20 (tolerance=1.0e-05) 
INFO: P1_uxu_tapvtwmg 
INFO:  Result for test_ME: 
INFO:    Passed. 
INFO:  Result for test_MC: 
INFO:    Passed. 
INFO:  Result for check_poles: 
INFO:    Poles successfully cancel for 20 points over 20 (tolerance=1.0e-05) 
INFO: P1_dxg_epvewmdx 
INFO:  Result for test_ME: 
INFO:    Passed. 
INFO:  Result for test_MC: 
INFO:    Passed. 
INFO:  Result for check_poles: 
INFO:    Poles successfully cancel for 20 points over 20 (tolerance=1.0e-05) 
INFO: P1_dxg_tapvtwmdx 
INFO:  Result for test_ME: 
INFO:    Passed. 
INFO:  Result for test_MC: 
INFO:    Passed. 
INFO:  Result for check_poles: 
INFO:    Poles successfully cancel for 20 points over 20 (tolerance=1.0e-05) 
INFO: P1_dxd_epvewmg 
INFO:  Result for test_ME: 
INFO:    Passed. 
INFO:  Result for test_MC: 
INFO:    Passed. 
INFO:  Result for check_poles: 
INFO:    Poles successfully cancel for 20 points over 20 (tolerance=1.0e-05) 
INFO: P1_dxd_tapvtwmg 
INFO:  Result for test_ME: 
INFO:    Passed. 
INFO:  Result for test_MC: 
INFO:    Passed. 
INFO:  Result for check_poles: 
INFO:    Poles successfully cancel for 20 points over 20 (tolerance=1.0e-05) 
INFO: P2_uux_emvexwp 
INFO:  Result for test_ME: 
INFO:    Passed. 
INFO:  Result for test_MC: 
INFO:    Passed. 
INFO:  Result for check_poles: 
INFO:    Poles successfully cancel for 20 points over 20 (tolerance=1.0e-05) 
INFO: P2_uux_tamvtxwp 
INFO:  Result for test_ME: 
INFO:    Passed. 
INFO:  Result for test_MC: 
INFO:    Passed. 
INFO:  Result for check_poles: 
INFO:    Poles successfully cancel for 20 points over 20 (tolerance=1.0e-05) 
INFO: P2_ddx_emvexwp 
INFO:  Result for test_ME: 
INFO:    Passed. 
INFO:  Result for test_MC: 
INFO:    Passed. 
INFO:  Result for check_poles: 
INFO:    Poles successfully cancel for 20 points over 20 (tolerance=1.0e-05) 
INFO: P2_ddx_tamvtxwp 
INFO:  Result for test_ME: 
INFO:    Passed. 
INFO:  Result for test_MC: 
INFO:    Passed. 
INFO:  Result for check_poles: 
INFO:    Poles successfully cancel for 20 points over 20 (tolerance=1.0e-05) 
INFO: P2_uxu_emvexwp 
INFO:  Result for test_ME: 
INFO:    Passed. 
INFO:  Result for test_MC: 
INFO:    Passed. 
INFO:  Result for check_poles: 
INFO:    Poles successfully cancel for 20 points over 20 (tolerance=1.0e-05) 
INFO: P2_uxu_tamvtxwp 
INFO:  Result for test_ME: 
INFO:    Passed. 
INFO:  Result for test_MC: 
INFO:    Passed. 
INFO:  Result for check_poles: 
INFO:    Poles successfully cancel for 20 points over 20 (tolerance=1.0e-05) 
INFO: P2_dxd_emvexwp 
INFO:  Result for test_ME: 
INFO:    Passed. 
INFO:  Result for test_MC: 
INFO:    Passed. 
INFO:  Result for check_poles: 
INFO:    Poles successfully cancel for 20 points over 20 (tolerance=1.0e-05) 
INFO: P2_dxd_tamvtxwp 
INFO:  Result for test_ME: 
INFO:    Passed. 
INFO:  Result for test_MC: 
INFO:    Passed. 
INFO:  Result for check_poles: 
INFO:    Poles successfully cancel for 20 points over 20 (tolerance=1.0e-05) 
INFO: P3_gu_emvexwpu 
INFO:  Result for test_ME: 
INFO:    Passed. 
INFO:  Result for test_MC: 
INFO:    Passed. 
INFO:  Result for check_poles: 
INFO:    Poles successfully cancel for 20 points over 20 (tolerance=1.0e-05) 
INFO: P3_gu_tamvtxwpu 
INFO:  Result for test_ME: 
INFO:    Passed. 
INFO:  Result for test_MC: 
INFO:    Passed. 
INFO:  Result for check_poles: 
INFO:    Poles successfully cancel for 20 points over 20 (tolerance=1.0e-05) 
INFO: P3_gd_emvexwpd 
INFO:  Result for test_ME: 
INFO:    Passed. 
INFO:  Result for test_MC: 
INFO:    Passed. 
INFO:  Result for check_poles: 
INFO:    Poles successfully cancel for 20 points over 20 (tolerance=1.0e-05) 
INFO: P3_gd_tamvtxwpd 
INFO:  Result for test_ME: 
INFO:    Passed. 
INFO:  Result for test_MC: 
INFO:    Passed. 
INFO:  Result for check_poles: 
INFO:    Poles successfully cancel for 20 points over 20 (tolerance=1.0e-05) 
INFO: P3_gux_emvexwpux 
INFO:  Result for test_ME: 
INFO:    Passed. 
INFO:  Result for test_MC: 
INFO:    Passed. 
INFO:  Result for check_poles: 
INFO:    Poles successfully cancel for 20 points over 20 (tolerance=1.0e-05) 
INFO: P3_gux_tamvtxwpux 
INFO:  Result for test_ME: 
INFO:    Passed. 
INFO:  Result for test_MC: 
INFO:    Passed. 
INFO:  Result for check_poles: 
INFO:    Poles successfully cancel for 20 points over 20 (tolerance=1.0e-05) 
INFO: P3_gdx_emvexwpdx 
INFO:  Result for test_ME: 
INFO:    Passed. 
INFO:  Result for test_MC: 
INFO:    Passed. 
INFO:  Result for check_poles: 
INFO:    Poles successfully cancel for 20 points over 20 (tolerance=1.0e-05) 
INFO: P3_gdx_tamvtxwpdx 
INFO:  Result for test_ME: 
INFO:    Passed. 
INFO:  Result for test_MC: 
INFO:    Passed. 
INFO:  Result for check_poles: 
INFO:    Poles successfully cancel for 20 points over 20 (tolerance=1.0e-05) 
INFO: P3_ug_emvexwpu 
INFO:  Result for test_ME: 
INFO:    Passed. 
INFO:  Result for test_MC: 
INFO:    Passed. 
INFO:  Result for check_poles: 
INFO:    Poles successfully cancel for 20 points over 20 (tolerance=1.0e-05) 
INFO: P3_ug_tamvtxwpu 
INFO:  Result for test_ME: 
INFO:    Passed. 
INFO:  Result for test_MC: 
INFO:    Passed. 
INFO:  Result for check_poles: 
INFO:    Poles successfully cancel for 20 points over 20 (tolerance=1.0e-05) 
INFO: P3_uux_emvexwpg 
INFO:  Result for test_ME: 
INFO:    Passed. 
INFO:  Result for test_MC: 
INFO:    Passed. 
INFO:  Result for check_poles: 
INFO:    Poles successfully cancel for 20 points over 20 (tolerance=1.0e-05) 
INFO: P3_uux_tamvtxwpg 
INFO:  Result for test_ME: 
INFO:    Passed. 
INFO:  Result for test_MC: 
INFO:    Passed. 
INFO:  Result for check_poles: 
INFO:    Poles successfully cancel for 20 points over 20 (tolerance=1.0e-05) 
INFO: P3_dg_emvexwpd 
INFO:  Result for test_ME: 
INFO:    Passed. 
INFO:  Result for test_MC: 
INFO:    Passed. 
INFO:  Result for check_poles: 
INFO:    Poles successfully cancel for 20 points over 20 (tolerance=1.0e-05) 
INFO: P3_dg_tamvtxwpd 
INFO:  Result for test_ME: 
INFO:    Passed. 
INFO:  Result for test_MC: 
INFO:    Passed. 
INFO:  Result for check_poles: 
INFO:    Poles successfully cancel for 20 points over 20 (tolerance=1.0e-05) 
INFO: P3_ddx_emvexwpg 
INFO:  Result for test_ME: 
INFO:    Passed. 
INFO:  Result for test_MC: 
INFO:    Passed. 
INFO:  Result for check_poles: 
INFO:    Poles successfully cancel for 20 points over 20 (tolerance=1.0e-05) 
INFO: P3_ddx_tamvtxwpg 
INFO:  Result for test_ME: 
INFO:    Passed. 
INFO:  Result for test_MC: 
INFO:    Passed. 
INFO:  Result for check_poles: 
INFO:    Poles successfully cancel for 20 points over 20 (tolerance=1.0e-05) 
INFO: P3_uxg_emvexwpux 
INFO:  Result for test_ME: 
INFO:    Passed. 
INFO:  Result for test_MC: 
INFO:    Passed. 
INFO:  Result for check_poles: 
INFO:    Poles successfully cancel for 20 points over 20 (tolerance=1.0e-05) 
INFO: P3_uxg_tamvtxwpux 
INFO:  Result for test_ME: 
INFO:    Passed. 
INFO:  Result for test_MC: 
INFO:    Passed. 
INFO:  Result for check_poles: 
INFO:    Poles successfully cancel for 20 points over 20 (tolerance=1.0e-05) 
INFO: P3_uxu_emvexwpg 
INFO:  Result for test_ME: 
INFO:    Passed. 
INFO:  Result for test_MC: 
INFO:    Passed. 
INFO:  Result for check_poles: 
INFO:    Poles successfully cancel for 20 points over 20 (tolerance=1.0e-05) 
INFO: P3_uxu_tamvtxwpg 
INFO:  Result for test_ME: 
INFO:    Passed. 
INFO:  Result for test_MC: 
INFO:    Passed. 
INFO:  Result for check_poles: 
INFO:    Poles successfully cancel for 20 points over 20 (tolerance=1.0e-05) 
INFO: P3_dxg_emvexwpdx 
INFO:  Result for test_ME: 
INFO:    Passed. 
INFO:  Result for test_MC: 
INFO:    Passed. 
INFO:  Result for check_poles: 
INFO:    Poles successfully cancel for 20 points over 20 (tolerance=1.0e-05) 
INFO: P3_dxg_tamvtxwpdx 
INFO:  Result for test_ME: 
INFO:    Passed. 
INFO:  Result for test_MC: 
INFO:    Passed. 
INFO:  Result for check_poles: 
INFO:    Poles successfully cancel for 20 points over 20 (tolerance=1.0e-05) 
INFO: P3_dxd_emvexwpg 
INFO:  Result for test_ME: 
INFO:    Passed. 
INFO:  Result for test_MC: 
INFO:    Passed. 
INFO:  Result for check_poles: 
INFO:    Poles successfully cancel for 20 points over 20 (tolerance=1.0e-05) 
INFO: P3_dxd_tamvtxwpg 
INFO:  Result for test_ME: 
INFO:    Passed. 
INFO:  Result for test_MC: 
INFO:    Passed. 
INFO:  Result for check_poles: 
INFO:    Poles successfully cancel for 20 points over 20 (tolerance=1.0e-05) 
INFO: Starting run 
INFO: Using 30 cores 
INFO: Cleaning previous results 
INFO: Generating events without running the shower. 
INFO: Setting up grids 
INFO:  Idle: 690,  Running: 30,  Completed: 0 [ current time: 08h44 ] 
INFO:  Idle: 689,  Running: 30,  Completed: 1 [  6s  ] 
INFO:  Idle: 687,  Running: 30,  Completed: 3 [  6.5s  ] 
INFO:  Idle: 686,  Running: 30,  Completed: 4 [  6.8s  ] 
INFO:  Idle: 685,  Running: 30,  Completed: 5 [  7.1s  ] 
INFO:  Idle: 684,  Running: 30,  Completed: 6 [  7.2s  ] 
INFO:  Idle: 683,  Running: 30,  Completed: 7 [  7.2s  ] 
INFO:  Idle: 682,  Running: 30,  Completed: 8 [  8.6s  ] 
INFO:  Idle: 681,  Running: 30,  Completed: 9 [  8.7s  ] 
INFO:  Idle: 680,  Running: 30,  Completed: 10 [  8.9s  ] 
INFO:  Idle: 679,  Running: 30,  Completed: 11 [  8.9s  ] 
INFO:  Idle: 678,  Running: 30,  Completed: 12 [  9.1s  ] 
INFO:  Idle: 677,  Running: 30,  Completed: 13 [  9.3s  ] 
INFO:  Idle: 676,  Running: 30,  Completed: 14 [  13.3s  ] 
INFO:  Idle: 675,  Running: 30,  Completed: 15 [  13.4s  ] 
INFO:  Idle: 674,  Running: 30,  Completed: 16 [  13.8s  ] 
INFO:  Idle: 673,  Running: 30,  Completed: 17 [  13.9s  ] 
INFO:  Idle: 672,  Running: 30,  Completed: 18 [  15s  ] 
INFO:  Idle: 671,  Running: 30,  Completed: 19 [  15s  ] 
INFO:  Idle: 670,  Running: 30,  Completed: 20 [  15.7s  ] 
INFO:  Idle: 669,  Running: 30,  Completed: 21 [  16.4s  ] 
INFO:  Idle: 668,  Running: 30,  Completed: 22 [  17.1s  ] 
INFO:  Idle: 667,  Running: 30,  Completed: 23 [  17.2s  ] 
INFO:  Idle: 666,  Running: 30,  Completed: 24 [  17.4s  ] 
INFO:  Idle: 665,  Running: 30,  Completed: 25 [  17.4s  ] 
INFO:  Idle: 664,  Running: 30,  Completed: 26 [  18s  ] 
INFO:  Idle: 662,  Running: 30,  Completed: 28 [  19.7s  ] 
INFO:  Idle: 661,  Running: 30,  Completed: 29 [  23.2s  ] 
INFO:  Idle: 660,  Running: 30,  Completed: 30 [  23.4s  ] 
INFO:  Idle: 659,  Running: 30,  Completed: 31 [  23.7s  ] 
INFO:  Idle: 658,  Running: 30,  Completed: 32 [  24.7s  ] 
INFO:  Idle: 657,  Running: 30,  Completed: 33 [  24.9s  ] 
INFO:  Idle: 656,  Running: 30,  Completed: 34 [  25.2s  ] 
INFO:  Idle: 655,  Running: 30,  Completed: 35 [  29.4s  ] 
INFO:  Idle: 654,  Running: 30,  Completed: 36 [  29.5s  ] 
INFO:  Idle: 653,  Running: 30,  Completed: 37 [  29.7s  ] 
INFO:  Idle: 651,  Running: 30,  Completed: 39 [  30.1s  ] 
INFO:  Idle: 650,  Running: 30,  Completed: 40 [  32.9s  ] 
INFO:  Idle: 649,  Running: 30,  Completed: 41 [  33.4s  ] 
INFO:  Idle: 648,  Running: 30,  Completed: 42 [  38.4s  ] 
INFO:  Idle: 647,  Running: 30,  Completed: 43 [  38.7s  ] 
INFO:  Idle: 646,  Running: 30,  Completed: 44 [  41.4s  ] 
INFO:  Idle: 645,  Running: 30,  Completed: 45 [  46.6s  ] 
INFO:  Idle: 644,  Running: 30,  Completed: 46 [  53.2s  ] 
INFO:  Idle: 643,  Running: 30,  Completed: 47 [  1m 2s  ] 
INFO:  Idle: 642,  Running: 30,  Completed: 48 [  1m 29s  ] 
INFO:  Idle: 641,  Running: 30,  Completed: 49 [  1m 46s  ] 
INFO:  Idle: 640,  Running: 30,  Completed: 50 [  1m 48s  ] 
INFO:  Idle: 639,  Running: 30,  Completed: 51 [  1m 49s  ] 
INFO:  Idle: 638,  Running: 30,  Completed: 52 [  1m 53s  ] 
INFO:  Idle: 637,  Running: 30,  Completed: 53 [  2m 0s  ] 
INFO:  Idle: 636,  Running: 30,  Completed: 54 [  2m 13s  ] 
INFO:  Idle: 635,  Running: 30,  Completed: 55 [  2m 22s  ] 
INFO:  Idle: 634,  Running: 30,  Completed: 56 [  2m 22s  ] 
INFO:  Idle: 633,  Running: 30,  Completed: 57 [  2m 24s  ] 
INFO:  Idle: 632,  Running: 30,  Completed: 58 [  2m 27s  ] 
INFO:  Idle: 631,  Running: 30,  Completed: 59 [  2m 29s  ] 
INFO:  Idle: 630,  Running: 30,  Completed: 60 [  2m 31s  ] 
INFO:  Idle: 629,  Running: 30,  Completed: 61 [  2m 32s  ] 
INFO:  Idle: 628,  Running: 30,  Completed: 62 [  2m 39s  ] 
INFO:  Idle: 627,  Running: 30,  Completed: 63 [  2m 42s  ] 
INFO:  Idle: 626,  Running: 30,  Completed: 64 [  2m 57s  ] 
INFO:  Idle: 625,  Running: 30,  Completed: 65 [  3m 0s  ] 
INFO:  Idle: 624,  Running: 30,  Completed: 66 [  3m 16s  ] 
INFO:  Idle: 623,  Running: 30,  Completed: 67 [  3m 19s  ] 
INFO:  Idle: 622,  Running: 30,  Completed: 68 [  3m 30s  ] 
INFO:  Idle: 621,  Running: 30,  Completed: 69 [  3m 59s  ] 
INFO:  Idle: 620,  Running: 30,  Completed: 70 [  4m 6s  ] 
INFO:  Idle: 619,  Running: 30,  Completed: 71 [  4m 7s  ] 
INFO:  Idle: 618,  Running: 30,  Completed: 72 [  4m 14s  ] 
INFO:  Idle: 617,  Running: 30,  Completed: 73 [  4m 21s  ] 
INFO:  Idle: 616,  Running: 30,  Completed: 74 [  4m 23s  ] 
INFO:  Idle: 615,  Running: 30,  Completed: 75 [  4m 24s  ] 
INFO:  Idle: 614,  Running: 30,  Completed: 76 [  4m 25s  ] 
INFO:  Idle: 613,  Running: 30,  Completed: 77 [  4m 26s  ] 
INFO:  Idle: 612,  Running: 30,  Completed: 78 [  4m 29s  ] 
INFO:  Idle: 611,  Running: 30,  Completed: 79 [  4m 30s  ] 
INFO:  Idle: 610,  Running: 30,  Completed: 80 [  4m 33s  ] 
INFO:  Idle: 609,  Running: 30,  Completed: 81 [  4m 34s  ] 
INFO:  Idle: 608,  Running: 30,  Completed: 82 [  4m 37s  ] 
INFO:  Idle: 607,  Running: 30,  Completed: 83 [  5m 7s  ] 
INFO:  Idle: 606,  Running: 30,  Completed: 84 [  5m 35s  ] 
INFO:  Idle: 605,  Running: 30,  Completed: 85 [  5m 38s  ] 
INFO:  Idle: 604,  Running: 30,  Completed: 86 [  5m 50s  ] 
INFO:  Idle: 603,  Running: 30,  Completed: 87 [  5m 51s  ] 
INFO:  Idle: 602,  Running: 30,  Completed: 88 [  5m 56s  ] 
INFO:  Idle: 601,  Running: 30,  Completed: 89 [  5m 58s  ] 
INFO:  Idle: 600,  Running: 30,  Completed: 90 [  6m 0s  ] 
INFO:  Idle: 599,  Running: 30,  Completed: 91 [  6m 1s  ] 
INFO:  Idle: 598,  Running: 30,  Completed: 92 [  6m 3s  ] 
INFO:  Idle: 597,  Running: 30,  Completed: 93 [  6m 12s  ] 
INFO:  Idle: 596,  Running: 30,  Completed: 94 [  6m 27s  ] 
INFO:  Idle: 595,  Running: 30,  Completed: 95 [  6m 27s  ] 
INFO:  Idle: 594,  Running: 30,  Completed: 96 [  6m 33s  ] 
INFO:  Idle: 593,  Running: 30,  Completed: 97 [  6m 35s  ] 
INFO:  Idle: 592,  Running: 30,  Completed: 98 [  6m 40s  ] 
INFO:  Idle: 591,  Running: 30,  Completed: 99 [  6m 41s  ] 
INFO:  Idle: 590,  Running: 30,  Completed: 100 [  6m 48s  ] 
INFO:  Idle: 589,  Running: 30,  Completed: 101 [  7m 2s  ] 
INFO:  Idle: 588,  Running: 30,  Completed: 102 [  7m 23s  ] 
INFO:  Idle: 587,  Running: 30,  Completed: 103 [  7m 41s  ] 
INFO:  Idle: 586,  Running: 30,  Completed: 104 [  7m 45s  ] 
INFO:  Idle: 585,  Running: 30,  Completed: 105 [  7m 48s  ] 
INFO:  Idle: 584,  Running: 30,  Completed: 106 [  7m 51s  ] 
INFO:  Idle: 583,  Running: 30,  Completed: 107 [  8m 0s  ] 
INFO:  Idle: 582,  Running: 30,  Completed: 108 [  8m 0s  ] 
INFO:  Idle: 581,  Running: 30,  Completed: 109 [  8m 10s  ] 
INFO:  Idle: 580,  Running: 30,  Completed: 110 [  8m 12s  ] 
INFO:  Idle: 579,  Running: 30,  Completed: 111 [  8m 25s  ] 
INFO:  Idle: 578,  Running: 30,  Completed: 112 [  8m 27s  ] 
INFO:  Idle: 577,  Running: 30,  Completed: 113 [  8m 31s  ] 
INFO:  Idle: 576,  Running: 30,  Completed: 114 [  8m 34s  ] 
INFO:  Idle: 575,  Running: 30,  Completed: 115 [  8m 36s  ] 
INFO:  Idle: 574,  Running: 30,  Completed: 116 [  8m 41s  ] 
INFO:  Idle: 573,  Running: 30,  Completed: 117 [  8m 43s  ] 
INFO:  Idle: 572,  Running: 30,  Completed: 118 [  8m 46s  ] 
INFO:  Idle: 571,  Running: 30,  Completed: 119 [  8m 50s  ] 
INFO:  Idle: 570,  Running: 30,  Completed: 120 [  8m 59s  ] 
INFO:  Idle: 569,  Running: 30,  Completed: 121 [  9m 7s  ] 
INFO:  Idle: 568,  Running: 30,  Completed: 122 [  9m 8s  ] 
INFO:  Idle: 567,  Running: 30,  Completed: 123 [  9m 15s  ] 
INFO:  Idle: 566,  Running: 30,  Completed: 124 [  9m 23s  ] 
INFO:  Idle: 565,  Running: 30,  Completed: 125 [  9m 37s  ] 
INFO:  Idle: 564,  Running: 30,  Completed: 126 [  9m 39s  ] 
INFO:  Idle: 563,  Running: 30,  Completed: 127 [  10m 1s  ] 
INFO:  Idle: 562,  Running: 30,  Completed: 128 [  10m 6s  ] 
INFO:  Idle: 561,  Running: 30,  Completed: 129 [  10m 7s  ] 
INFO:  Idle: 560,  Running: 30,  Completed: 130 [  10m 12s  ] 
INFO:  Idle: 559,  Running: 30,  Completed: 131 [  10m 17s  ] 
INFO:  Idle: 558,  Running: 30,  Completed: 132 [  10m 20s  ] 
INFO:  Idle: 557,  Running: 30,  Completed: 133 [  10m 24s  ] 
INFO:  Idle: 556,  Running: 30,  Completed: 134 [  10m 25s  ] 
INFO:  Idle: 555,  Running: 30,  Completed: 135 [  10m 29s  ] 
INFO:  Idle: 554,  Running: 30,  Completed: 136 [  10m 42s  ] 
INFO:  Idle: 553,  Running: 30,  Completed: 137 [  10m 54s  ] 
INFO:  Idle: 552,  Running: 30,  Completed: 138 [  10m 55s  ] 
INFO:  Idle: 551,  Running: 30,  Completed: 139 [  11m 6s  ] 
INFO:  Idle: 550,  Running: 30,  Completed: 140 [  11m 12s  ] 
INFO:  Idle: 549,  Running: 30,  Completed: 141 [  11m 15s  ] 
INFO:  Idle: 548,  Running: 30,  Completed: 142 [  11m 18s  ] 
INFO:  Idle: 547,  Running: 30,  Completed: 143 [  11m 29s  ] 
INFO:  Idle: 546,  Running: 30,  Completed: 144 [  11m 31s  ] 
INFO:  Idle: 545,  Running: 30,  Completed: 145 [  11m 38s  ] 
INFO:  Idle: 544,  Running: 30,  Completed: 146 [  11m 41s  ] 
INFO:  Idle: 543,  Running: 30,  Completed: 147 [  11m 59s  ] 
INFO:  Idle: 542,  Running: 30,  Completed: 148 [  12m 10s  ] 
INFO:  Idle: 541,  Running: 30,  Completed: 149 [  12m 21s  ] 
INFO:  Idle: 540,  Running: 30,  Completed: 150 [  12m 24s  ] 
INFO:  Idle: 538,  Running: 30,  Completed: 152 [  12m 31s  ] 
INFO:  Idle: 537,  Running: 30,  Completed: 153 [  12m 42s  ] 
INFO:  Idle: 536,  Running: 30,  Completed: 154 [  12m 49s  ] 
INFO:  Idle: 535,  Running: 30,  Completed: 155 [  12m 56s  ] 
INFO:  Idle: 534,  Running: 30,  Completed: 156 [  12m 57s  ] 
INFO:  Idle: 533,  Running: 30,  Completed: 157 [  13m 4s  ] 
INFO:  Idle: 532,  Running: 30,  Completed: 158 [  13m 10s  ] 
INFO:  Idle: 531,  Running: 30,  Completed: 159 [  13m 13s  ] 
INFO:  Idle: 530,  Running: 30,  Completed: 160 [  13m 14s  ] 
INFO:  Idle: 529,  Running: 30,  Completed: 161 [  13m 35s  ] 
INFO:  Idle: 528,  Running: 30,  Completed: 162 [  14m 9s  ] 
INFO:  Idle: 527,  Running: 30,  Completed: 163 [  14m 12s  ] 
INFO:  Idle: 526,  Running: 30,  Completed: 164 [  14m 12s  ] 
INFO:  Idle: 525,  Running: 30,  Completed: 165 [  14m 27s  ] 
INFO:  Idle: 524,  Running: 30,  Completed: 166 [  14m 37s  ] 
INFO:  Idle: 523,  Running: 30,  Completed: 167 [  14m 41s  ] 
INFO:  Idle: 522,  Running: 30,  Completed: 168 [  14m 43s  ] 
INFO:  Idle: 521,  Running: 30,  Completed: 169 [  15m 9s  ] 
INFO:  Idle: 520,  Running: 30,  Completed: 170 [  15m 16s  ] 
INFO:  Idle: 519,  Running: 30,  Completed: 171 [  15m 26s  ] 
INFO:  Idle: 518,  Running: 30,  Completed: 172 [  15m 26s  ] 
INFO:  Idle: 517,  Running: 30,  Completed: 173 [  15m 31s  ] 
INFO:  Idle: 516,  Running: 30,  Completed: 174 [  15m 43s  ] 
INFO:  Idle: 515,  Running: 30,  Completed: 175 [  15m 53s  ] 
INFO:  Idle: 514,  Running: 30,  Completed: 176 [  16m 6s  ] 
INFO:  Idle: 513,  Running: 30,  Completed: 177 [  16m 13s  ] 
INFO:  Idle: 512,  Running: 30,  Completed: 178 [  16m 37s  ] 
INFO:  Idle: 511,  Running: 30,  Completed: 179 [  16m 50s  ] 
INFO:  Idle: 510,  Running: 30,  Completed: 180 [  16m 57s  ] 
INFO:  Idle: 509,  Running: 30,  Completed: 181 [  17m 8s  ] 
INFO:  Idle: 508,  Running: 30,  Completed: 182 [  17m 23s  ] 
INFO:  Idle: 507,  Running: 30,  Completed: 183 [  17m 28s  ] 
INFO:  Idle: 506,  Running: 30,  Completed: 184 [  17m 33s  ] 
INFO:  Idle: 505,  Running: 30,  Completed: 185 [  17m 50s  ] 
INFO:  Idle: 504,  Running: 30,  Completed: 186 [  17m 51s  ] 
INFO:  Idle: 503,  Running: 30,  Completed: 187 [  17m 55s  ] 
INFO:  Idle: 502,  Running: 30,  Completed: 188 [  17m 58s  ] 
INFO:  Idle: 501,  Running: 30,  Completed: 189 [  18m 1s  ] 
INFO:  Idle: 500,  Running: 30,  Completed: 190 [  18m 9s  ] 
INFO:  Idle: 499,  Running: 30,  Completed: 191 [  18m 10s  ] 
INFO:  Idle: 498,  Running: 30,  Completed: 192 [  18m 21s  ] 
INFO:  Idle: 497,  Running: 30,  Completed: 193 [  18m 30s  ] 
INFO:  Idle: 496,  Running: 30,  Completed: 194 [  18m 42s  ] 
INFO:  Idle: 495,  Running: 30,  Completed: 195 [  18m 50s  ] 
INFO:  Idle: 494,  Running: 30,  Completed: 196 [  18m 54s  ] 
INFO:  Idle: 493,  Running: 30,  Completed: 197 [  18m 56s  ] 
INFO:  Idle: 492,  Running: 30,  Completed: 198 [  19m 5s  ] 
INFO:  Idle: 491,  Running: 30,  Completed: 199 [  19m 6s  ] 
INFO:  Idle: 490,  Running: 30,  Completed: 200 [  19m 19s  ] 
INFO:  Idle: 489,  Running: 30,  Completed: 201 [  19m 23s  ] 
INFO:  Idle: 488,  Running: 30,  Completed: 202 [  19m 34s  ] 
INFO:  Idle: 487,  Running: 30,  Completed: 203 [  19m 37s  ] 
INFO:  Idle: 486,  Running: 30,  Completed: 204 [  19m 39s  ] 
INFO:  Idle: 485,  Running: 30,  Completed: 205 [  19m 41s  ] 
INFO:  Idle: 484,  Running: 30,  Completed: 206 [  19m 51s  ] 
INFO:  Idle: 483,  Running: 30,  Completed: 207 [  19m 53s  ] 
INFO:  Idle: 482,  Running: 30,  Completed: 208 [  20m 14s  ] 
INFO:  Idle: 481,  Running: 30,  Completed: 209 [  20m 21s  ] 
INFO:  Idle: 480,  Running: 30,  Completed: 210 [  20m 28s  ] 
INFO:  Idle: 479,  Running: 30,  Completed: 211 [  20m 34s  ] 
INFO:  Idle: 478,  Running: 30,  Completed: 212 [  20m 38s  ] 
INFO:  Idle: 477,  Running: 30,  Completed: 213 [  20m 56s  ] 
INFO:  Idle: 476,  Running: 30,  Completed: 214 [  21m 18s  ] 
INFO:  Idle: 475,  Running: 30,  Completed: 215 [  21m 38s  ] 
INFO:  Idle: 474,  Running: 30,  Completed: 216 [  21m 39s  ] 
INFO:  Idle: 473,  Running: 30,  Completed: 217 [  21m 45s  ] 
INFO:  Idle: 472,  Running: 30,  Completed: 218 [  22m 9s  ] 
INFO:  Idle: 471,  Running: 30,  Completed: 219 [  22m 9s  ] 
INFO:  Idle: 470,  Running: 30,  Completed: 220 [  22m 10s  ] 
INFO:  Idle: 469,  Running: 30,  Completed: 221 [  22m 19s  ] 
INFO:  Idle: 468,  Running: 30,  Completed: 222 [  22m 23s  ] 
INFO:  Idle: 467,  Running: 30,  Completed: 223 [  22m 26s  ] 
INFO:  Idle: 466,  Running: 30,  Completed: 224 [  22m 35s  ] 
INFO:  Idle: 465,  Running: 30,  Completed: 225 [  22m 47s  ] 
INFO:  Idle: 464,  Running: 30,  Completed: 226 [  23m 5s  ] 
INFO:  Idle: 463,  Running: 30,  Completed: 227 [  23m 14s  ] 
INFO:  Idle: 462,  Running: 30,  Completed: 228 [  23m 32s  ] 
INFO:  Idle: 461,  Running: 30,  Completed: 229 [  23m 41s  ] 
INFO:  Idle: 460,  Running: 30,  Completed: 230 [  23m 42s  ] 
INFO:  Idle: 459,  Running: 30,  Completed: 231 [  23m 58s  ] 
INFO:  Idle: 458,  Running: 30,  Completed: 232 [  24m 6s  ] 
INFO:  Idle: 457,  Running: 30,  Completed: 233 [  24m 7s  ] 
INFO:  Idle: 456,  Running: 30,  Completed: 234 [  24m 19s  ] 
INFO:  Idle: 455,  Running: 30,  Completed: 235 [  24m 34s  ] 
INFO:  Idle: 454,  Running: 30,  Completed: 236 [  24m 59s  ] 
INFO:  Idle: 453,  Running: 30,  Completed: 237 [  25m 2s  ] 
INFO:  Idle: 452,  Running: 30,  Completed: 238 [  25m 17s  ] 
INFO:  Idle: 451,  Running: 30,  Completed: 239 [  25m 24s  ] 
INFO:  Idle: 450,  Running: 30,  Completed: 240 [  25m 26s  ] 
INFO:  Idle: 449,  Running: 30,  Completed: 241 [  25m 29s  ] 
INFO:  Idle: 448,  Running: 30,  Completed: 242 [  25m 33s  ] 
INFO:  Idle: 447,  Running: 30,  Completed: 243 [  25m 36s  ] 
INFO:  Idle: 446,  Running: 30,  Completed: 244 [  25m 40s  ] 
INFO:  Idle: 445,  Running: 30,  Completed: 245 [  25m 44s  ] 
INFO:  Idle: 444,  Running: 30,  Completed: 246 [  25m 48s  ] 
INFO:  Idle: 443,  Running: 30,  Completed: 247 [  25m 51s  ] 
INFO:  Idle: 442,  Running: 30,  Completed: 248 [  26m 1s  ] 
INFO:  Idle: 441,  Running: 30,  Completed: 249 [  26m 1s  ] 
INFO:  Idle: 440,  Running: 30,  Completed: 250 [  26m 2s  ] 
INFO:  Idle: 439,  Running: 30,  Completed: 251 [  26m 7s  ] 
INFO:  Idle: 438,  Running: 30,  Completed: 252 [  26m 7s  ] 
INFO:  Idle: 437,  Running: 30,  Completed: 253 [  26m 25s  ] 
INFO:  Idle: 436,  Running: 30,  Completed: 254 [  26m 30s  ] 
INFO:  Idle: 435,  Running: 30,  Completed: 255 [  26m 44s  ] 
INFO:  Idle: 434,  Running: 30,  Completed: 256 [  26m 56s  ] 
INFO:  Idle: 433,  Running: 30,  Completed: 257 [  27m 17s  ] 
INFO:  Idle: 432,  Running: 30,  Completed: 258 [  27m 20s  ] 
INFO:  Idle: 431,  Running: 30,  Completed: 259 [  27m 44s  ] 
INFO:  Idle: 430,  Running: 30,  Completed: 260 [  27m 49s  ] 
INFO:  Idle: 429,  Running: 30,  Completed: 261 [  27m 55s  ] 
INFO:  Idle: 428,  Running: 30,  Completed: 262 [  28m 32s  ] 
INFO:  Idle: 427,  Running: 30,  Completed: 263 [  28m 42s  ] 
INFO:  Idle: 426,  Running: 30,  Completed: 264 [  28m 46s  ] 
INFO:  Idle: 425,  Running: 30,  Completed: 265 [  28m 47s  ] 
INFO:  Idle: 424,  Running: 30,  Completed: 266 [  28m 48s  ] 
INFO:  Idle: 423,  Running: 30,  Completed: 267 [  28m 53s  ] 
INFO:  Idle: 422,  Running: 30,  Completed: 268 [  28m 58s  ] 
INFO:  Idle: 421,  Running: 30,  Completed: 269 [  29m 5s  ] 
INFO:  Idle: 420,  Running: 30,  Completed: 270 [  29m 9s  ] 
INFO:  Idle: 419,  Running: 30,  Completed: 271 [  29m 14s  ] 
INFO:  Idle: 418,  Running: 30,  Completed: 272 [  29m 24s  ] 
INFO:  Idle: 417,  Running: 30,  Completed: 273 [  29m 24s  ] 
INFO:  Idle: 416,  Running: 30,  Completed: 274 [  29m 24s  ] 
INFO:  Idle: 415,  Running: 30,  Completed: 275 [  29m 29s  ] 
INFO:  Idle: 414,  Running: 30,  Completed: 276 [  29m 36s  ] 
INFO:  Idle: 413,  Running: 30,  Completed: 277 [  29m 41s  ] 
INFO:  Idle: 412,  Running: 30,  Completed: 278 [  29m 44s  ] 
INFO:  Idle: 411,  Running: 30,  Completed: 279 [  29m 46s  ] 
INFO:  Idle: 410,  Running: 30,  Completed: 280 [  29m 51s  ] 
INFO:  Idle: 409,  Running: 30,  Completed: 281 [  29m 55s  ] 
INFO:  Idle: 408,  Running: 30,  Completed: 282 [  30m 23s  ] 
INFO:  Idle: 407,  Running: 30,  Completed: 283 [  30m 23s  ] 
INFO:  Idle: 406,  Running: 30,  Completed: 284 [  30m 40s  ] 
INFO:  Idle: 405,  Running: 30,  Completed: 285 [  30m 41s  ] 
INFO:  Idle: 404,  Running: 30,  Completed: 286 [  31m 7s  ] 
INFO:  Idle: 403,  Running: 30,  Completed: 287 [  31m 11s  ] 
INFO:  Idle: 402,  Running: 30,  Completed: 288 [  31m 25s  ] 
INFO:  Idle: 401,  Running: 30,  Completed: 289 [  31m 25s  ] 
INFO:  Idle: 400,  Running: 30,  Completed: 290 [  31m 26s  ] 
INFO:  Idle: 399,  Running: 30,  Completed: 291 [  31m 33s  ] 
INFO:  Idle: 398,  Running: 30,  Completed: 292 [  31m 50s  ] 
INFO:  Idle: 397,  Running: 30,  Completed: 293 [  31m 51s  ] 
INFO:  Idle: 396,  Running: 30,  Completed: 294 [  32m 25s  ] 
INFO:  Idle: 395,  Running: 30,  Completed: 295 [  32m 44s  ] 
INFO:  Idle: 394,  Running: 30,  Completed: 296 [  32m 47s  ] 
INFO:  Idle: 393,  Running: 30,  Completed: 297 [  32m 47s  ] 
INFO:  Idle: 392,  Running: 30,  Completed: 298 [  32m 49s  ] 
INFO:  Idle: 391,  Running: 30,  Completed: 299 [  33m 9s  ] 
INFO:  Idle: 390,  Running: 30,  Completed: 300 [  33m 24s  ] 
INFO:  Idle: 389,  Running: 30,  Completed: 301 [  33m 26s  ] 
INFO:  Idle: 388,  Running: 30,  Completed: 302 [  33m 27s  ] 
INFO:  Idle: 387,  Running: 30,  Completed: 303 [  33m 29s  ] 
INFO:  Idle: 386,  Running: 30,  Completed: 304 [  33m 31s  ] 
INFO:  Idle: 385,  Running: 30,  Completed: 305 [  33m 33s  ] 
INFO:  Idle: 384,  Running: 30,  Completed: 306 [  33m 35s  ] 
INFO:  Idle: 383,  Running: 30,  Completed: 307 [  33m 45s  ] 
INFO:  Idle: 382,  Running: 30,  Completed: 308 [  33m 52s  ] 
INFO:  Idle: 381,  Running: 30,  Completed: 309 [  33m 56s  ] 
INFO:  Idle: 380,  Running: 30,  Completed: 310 [  33m 56s  ] 
INFO:  Idle: 379,  Running: 30,  Completed: 311 [  34m 6s  ] 
INFO:  Idle: 378,  Running: 30,  Completed: 312 [  34m 15s  ] 
INFO:  Idle: 377,  Running: 30,  Completed: 313 [  34m 16s  ] 
INFO:  Idle: 376,  Running: 30,  Completed: 314 [  34m 21s  ] 
INFO:  Idle: 375,  Running: 30,  Completed: 315 [  34m 28s  ] 
INFO:  Idle: 374,  Running: 30,  Completed: 316 [  34m 46s  ] 
INFO:  Idle: 373,  Running: 30,  Completed: 317 [  34m 50s  ] 
INFO:  Idle: 372,  Running: 30,  Completed: 318 [  35m 36s  ] 
INFO:  Idle: 371,  Running: 30,  Completed: 319 [  35m 41s  ] 
INFO:  Idle: 370,  Running: 30,  Completed: 320 [  35m 54s  ] 
INFO:  Idle: 368,  Running: 30,  Completed: 322 [  35m 56s  ] 
INFO:  Idle: 367,  Running: 30,  Completed: 323 [  36m 5s  ] 
INFO:  Idle: 366,  Running: 30,  Completed: 324 [  36m 19s  ] 
INFO:  Idle: 365,  Running: 30,  Completed: 325 [  36m 26s  ] 
INFO:  Idle: 364,  Running: 30,  Completed: 326 [  36m 32s  ] 
INFO:  Idle: 363,  Running: 30,  Completed: 327 [  36m 35s  ] 
INFO:  Idle: 362,  Running: 30,  Completed: 328 [  36m 44s  ] 
INFO:  Idle: 361,  Running: 30,  Completed: 329 [  36m 51s  ] 
INFO:  Idle: 360,  Running: 30,  Completed: 330 [  36m 51s  ] 
INFO:  Idle: 359,  Running: 30,  Completed: 331 [  36m 54s  ] 
INFO:  Idle: 358,  Running: 30,  Completed: 332 [  36m 55s  ] 
INFO:  Idle: 357,  Running: 30,  Completed: 333 [  37m 2s  ] 
INFO:  Idle: 356,  Running: 30,  Completed: 334 [  37m 12s  ] 
INFO:  Idle: 355,  Running: 30,  Completed: 335 [  37m 16s  ] 
INFO:  Idle: 354,  Running: 30,  Completed: 336 [  37m 18s  ] 
INFO:  Idle: 353,  Running: 30,  Completed: 337 [  37m 20s  ] 
INFO:  Idle: 352,  Running: 30,  Completed: 338 [  37m 26s  ] 
INFO:  Idle: 351,  Running: 30,  Completed: 339 [  37m 30s  ] 
INFO:  Idle: 350,  Running: 30,  Completed: 340 [  37m 30s  ] 
INFO:  Idle: 349,  Running: 30,  Completed: 341 [  37m 39s  ] 
INFO:  Idle: 348,  Running: 30,  Completed: 342 [  37m 45s  ] 
INFO:  Idle: 347,  Running: 30,  Completed: 343 [  37m 45s  ] 
INFO:  Idle: 346,  Running: 30,  Completed: 344 [  37m 49s  ] 
INFO:  Idle: 345,  Running: 30,  Completed: 345 [  37m 49s  ] 
INFO:  Idle: 344,  Running: 30,  Completed: 346 [  37m 53s  ] 
INFO:  Idle: 343,  Running: 30,  Completed: 347 [  37m 55s  ] 
INFO:  Idle: 342,  Running: 30,  Completed: 348 [  38m 1s  ] 
INFO:  Idle: 341,  Running: 30,  Completed: 349 [  38m 3s  ] 
INFO:  Idle: 340,  Running: 30,  Completed: 350 [  38m 8s  ] 
INFO:  Idle: 339,  Running: 30,  Completed: 351 [  38m 11s  ] 
INFO:  Idle: 338,  Running: 30,  Completed: 352 [  38m 13s  ] 
INFO:  Idle: 337,  Running: 30,  Completed: 353 [  38m 20s  ] 
INFO:  Idle: 336,  Running: 30,  Completed: 354 [  38m 20s  ] 
INFO:  Idle: 335,  Running: 30,  Completed: 355 [  38m 22s  ] 
INFO:  Idle: 334,  Running: 30,  Completed: 356 [  38m 23s  ] 
INFO:  Idle: 333,  Running: 30,  Completed: 357 [  38m 27s  ] 
INFO:  Idle: 332,  Running: 30,  Completed: 358 [  38m 27s  ] 
INFO:  Idle: 331,  Running: 30,  Completed: 359 [  38m 29s  ] 
INFO:  Idle: 330,  Running: 30,  Completed: 360 [  38m 31s  ] 
INFO:  Idle: 329,  Running: 30,  Completed: 361 [  38m 31s  ] 
INFO:  Idle: 328,  Running: 30,  Completed: 362 [  38m 38s  ] 
INFO:  Idle: 327,  Running: 30,  Completed: 363 [  38m 38s  ] 
INFO:  Idle: 326,  Running: 30,  Completed: 364 [  38m 40s  ] 
INFO:  Idle: 325,  Running: 30,  Completed: 365 [  38m 40s  ] 
INFO:  Idle: 324,  Running: 30,  Completed: 366 [  38m 40s  ] 
INFO:  Idle: 323,  Running: 30,  Completed: 367 [  38m 43s  ] 
INFO:  Idle: 322,  Running: 30,  Completed: 368 [  38m 48s  ] 
INFO:  Idle: 321,  Running: 30,  Completed: 369 [  38m 49s  ] 
INFO:  Idle: 320,  Running: 30,  Completed: 370 [  38m 50s  ] 
INFO:  Idle: 319,  Running: 30,  Completed: 371 [  38m 51s  ] 
INFO:  Idle: 318,  Running: 30,  Completed: 372 [  38m 56s  ] 
INFO:  Idle: 317,  Running: 30,  Completed: 373 [  38m 57s  ] 
INFO:  Idle: 316,  Running: 30,  Completed: 374 [  38m 57s  ] 
INFO:  Idle: 315,  Running: 30,  Completed: 375 [  38m 58s  ] 
INFO:  Idle: 314,  Running: 30,  Completed: 376 [  39m 0s  ] 
INFO:  Idle: 313,  Running: 30,  Completed: 377 [  39m 3s  ] 
INFO:  Idle: 312,  Running: 30,  Completed: 378 [  39m 3s  ] 
INFO:  Idle: 311,  Running: 30,  Completed: 379 [  39m 6s  ] 
INFO:  Idle: 310,  Running: 30,  Completed: 380 [  39m 10s  ] 
INFO:  Idle: 309,  Running: 30,  Completed: 381 [  39m 14s  ] 
INFO:  Idle: 308,  Running: 30,  Completed: 382 [  39m 15s  ] 
INFO:  Idle: 307,  Running: 30,  Completed: 383 [  39m 15s  ] 
INFO:  Idle: 306,  Running: 30,  Completed: 384 [  39m 16s  ] 
INFO:  Idle: 305,  Running: 30,  Completed: 385 [  39m 18s  ] 
INFO:  Idle: 304,  Running: 30,  Completed: 386 [  39m 19s  ] 
INFO:  Idle: 303,  Running: 30,  Completed: 387 [  39m 20s  ] 
INFO:  Idle: 302,  Running: 30,  Completed: 388 [  39m 22s  ] 
INFO:  Idle: 301,  Running: 30,  Completed: 389 [  39m 32s  ] 
INFO:  Idle: 300,  Running: 30,  Completed: 390 [  39m 33s  ] 
INFO:  Idle: 299,  Running: 30,  Completed: 391 [  39m 39s  ] 
INFO:  Idle: 298,  Running: 30,  Completed: 392 [  39m 41s  ] 
INFO:  Idle: 297,  Running: 30,  Completed: 393 [  39m 46s  ] 
INFO:  Idle: 296,  Running: 30,  Completed: 394 [  39m 46s  ] 
INFO:  Idle: 295,  Running: 30,  Completed: 395 [  40m 7s  ] 
INFO:  Idle: 294,  Running: 30,  Completed: 396 [  40m 9s  ] 
INFO:  Idle: 293,  Running: 30,  Completed: 397 [  40m 13s  ] 
INFO:  Idle: 292,  Running: 30,  Completed: 398 [  40m 19s  ] 
INFO:  Idle: 291,  Running: 30,  Completed: 399 [  40m 20s  ] 
INFO:  Idle: 290,  Running: 30,  Completed: 400 [  40m 25s  ] 
INFO:  Idle: 289,  Running: 30,  Completed: 401 [  40m 25s  ] 
INFO:  Idle: 288,  Running: 30,  Completed: 402 [  40m 34s  ] 
INFO:  Idle: 287,  Running: 30,  Completed: 403 [  40m 37s  ] 
INFO:  Idle: 286,  Running: 30,  Completed: 404 [  40m 44s  ] 
INFO:  Idle: 285,  Running: 30,  Completed: 405 [  40m 44s  ] 
INFO:  Idle: 284,  Running: 30,  Completed: 406 [  41m 10s  ] 
INFO:  Idle: 283,  Running: 30,  Completed: 407 [  41m 47s  ] 
INFO:  Idle: 282,  Running: 30,  Completed: 408 [  41m 51s  ] 
INFO:  Idle: 281,  Running: 30,  Completed: 409 [  41m 55s  ] 
INFO:  Idle: 280,  Running: 30,  Completed: 410 [  41m 59s  ] 
INFO:  Idle: 279,  Running: 30,  Completed: 411 [  42m 1s  ] 
INFO:  Idle: 278,  Running: 30,  Completed: 412 [  42m 2s  ] 
INFO:  Idle: 277,  Running: 30,  Completed: 413 [  42m 5s  ] 
INFO:  Idle: 276,  Running: 30,  Completed: 414 [  42m 20s  ] 
INFO:  Idle: 275,  Running: 30,  Completed: 415 [  42m 42s  ] 
INFO:  Idle: 273,  Running: 30,  Completed: 417 [  43m 2s  ] 
INFO:  Idle: 272,  Running: 30,  Completed: 418 [  43m 7s  ] 
INFO:  Idle: 271,  Running: 30,  Completed: 419 [  43m 9s  ] 
INFO:  Idle: 270,  Running: 30,  Completed: 420 [  43m 13s  ] 
INFO:  Idle: 269,  Running: 30,  Completed: 421 [  43m 25s  ] 
INFO:  Idle: 268,  Running: 30,  Completed: 422 [  43m 32s  ] 
INFO:  Idle: 267,  Running: 30,  Completed: 423 [  43m 40s  ] 
INFO:  Idle: 266,  Running: 30,  Completed: 424 [  43m 40s  ] 
INFO:  Idle: 265,  Running: 30,  Completed: 425 [  43m 45s  ] 
INFO:  Idle: 264,  Running: 30,  Completed: 426 [  43m 52s  ] 
INFO:  Idle: 263,  Running: 30,  Completed: 427 [  44m 4s  ] 
INFO:  Idle: 262,  Running: 30,  Completed: 428 [  44m 4s  ] 
INFO:  Idle: 261,  Running: 30,  Completed: 429 [  44m 8s  ] 
INFO:  Idle: 260,  Running: 30,  Completed: 430 [  44m 18s  ] 
INFO:  Idle: 259,  Running: 30,  Completed: 431 [  44m 19s  ] 
INFO:  Idle: 258,  Running: 30,  Completed: 432 [  44m 20s  ] 
INFO:  Idle: 257,  Running: 30,  Completed: 433 [  44m 41s  ] 
INFO:  Idle: 256,  Running: 30,  Completed: 434 [  44m 42s  ] 
INFO:  Idle: 255,  Running: 30,  Completed: 435 [  44m 46s  ] 
INFO:  Idle: 254,  Running: 30,  Completed: 436 [  44m 49s  ] 
INFO:  Idle: 253,  Running: 30,  Completed: 437 [  44m 56s  ] 
INFO:  Idle: 252,  Running: 30,  Completed: 438 [  45m 8s  ] 
INFO:  Idle: 251,  Running: 30,  Completed: 439 [  45m 16s  ] 
INFO:  Idle: 250,  Running: 30,  Completed: 440 [  45m 27s  ] 
INFO:  Idle: 249,  Running: 30,  Completed: 441 [  45m 30s  ] 
INFO:  Idle: 248,  Running: 30,  Completed: 442 [  45m 33s  ] 
INFO:  Idle: 247,  Running: 30,  Completed: 443 [  45m 53s  ] 
INFO:  Idle: 246,  Running: 30,  Completed: 444 [  45m 53s  ] 
INFO:  Idle: 245,  Running: 30,  Completed: 445 [  45m 55s  ] 
INFO:  Idle: 244,  Running: 30,  Completed: 446 [  46m 5s  ] 
INFO:  Idle: 243,  Running: 30,  Completed: 447 [  46m 10s  ] 
INFO:  Idle: 242,  Running: 30,  Completed: 448 [  46m 12s  ] 
INFO:  Idle: 241,  Running: 30,  Completed: 449 [  46m 18s  ] 
INFO:  Idle: 240,  Running: 30,  Completed: 450 [  46m 19s  ] 
INFO:  Idle: 239,  Running: 30,  Completed: 451 [  46m 20s  ] 
INFO:  Idle: 238,  Running: 30,  Completed: 452 [  46m 51s  ] 
INFO:  Idle: 237,  Running: 30,  Completed: 453 [  46m 57s  ] 
INFO:  Idle: 236,  Running: 30,  Completed: 454 [  47m 4s  ] 
INFO:  Idle: 235,  Running: 30,  Completed: 455 [  47m 6s  ] 
INFO:  Idle: 234,  Running: 30,  Completed: 456 [  47m 10s  ] 
INFO:  Idle: 233,  Running: 30,  Completed: 457 [  47m 25s  ] 
INFO:  Idle: 232,  Running: 30,  Completed: 458 [  47m 27s  ] 
INFO:  Idle: 231,  Running: 30,  Completed: 459 [  47m 33s  ] 
INFO:  Idle: 230,  Running: 30,  Completed: 460 [  47m 42s  ] 
INFO:  Idle: 229,  Running: 30,  Completed: 461 [  47m 54s  ] 
INFO:  Idle: 228,  Running: 30,  Completed: 462 [  47m 55s  ] 
INFO:  Idle: 227,  Running: 30,  Completed: 463 [  48m 3s  ] 
INFO:  Idle: 226,  Running: 30,  Completed: 464 [  48m 8s  ] 
INFO:  Idle: 225,  Running: 30,  Completed: 465 [  48m 23s  ] 
INFO:  Idle: 224,  Running: 30,  Completed: 466 [  48m 50s  ] 
INFO:  Idle: 223,  Running: 30,  Completed: 467 [  49m 0s  ] 
INFO:  Idle: 222,  Running: 30,  Completed: 468 [  49m 3s  ] 
INFO:  Idle: 221,  Running: 30,  Completed: 469 [  49m 4s  ] 
INFO:  Idle: 220,  Running: 30,  Completed: 470 [  49m 14s  ] 
INFO:  Idle: 219,  Running: 30,  Completed: 471 [  49m 22s  ] 
INFO:  Idle: 218,  Running: 30,  Completed: 472 [  49m 25s  ] 
INFO:  Idle: 217,  Running: 30,  Completed: 473 [  49m 35s  ] 
INFO:  Idle: 216,  Running: 30,  Completed: 474 [  49m 40s  ] 
INFO:  Idle: 215,  Running: 30,  Completed: 475 [  49m 40s  ] 
INFO:  Idle: 214,  Running: 30,  Completed: 476 [  49m 44s  ] 
INFO:  Idle: 213,  Running: 30,  Completed: 477 [  49m 47s  ] 
INFO:  Idle: 212,  Running: 30,  Completed: 478 [  49m 49s  ] 
INFO:  Idle: 211,  Running: 30,  Completed: 479 [  49m 52s  ] 
INFO:  Idle: 210,  Running: 30,  Completed: 480 [  49m 56s  ] 
INFO:  Idle: 209,  Running: 30,  Completed: 481 [  49m 58s  ] 
INFO:  Idle: 207,  Running: 30,  Completed: 483 [  50m 24s  ] 
INFO:  Idle: 206,  Running: 30,  Completed: 484 [  50m 25s  ] 
INFO:  Idle: 205,  Running: 30,  Completed: 485 [  50m 29s  ] 
INFO:  Idle: 204,  Running: 30,  Completed: 486 [  51m 9s  ] 
INFO:  Idle: 203,  Running: 30,  Completed: 487 [  51m 18s  ] 
INFO:  Idle: 202,  Running: 30,  Completed: 488 [  51m 20s  ] 
INFO:  Idle: 201,  Running: 30,  Completed: 489 [  51m 29s  ] 
INFO:  Idle: 200,  Running: 30,  Completed: 490 [  51m 37s  ] 
INFO:  Idle: 199,  Running: 30,  Completed: 491 [  51m 49s  ] 
INFO:  Idle: 198,  Running: 30,  Completed: 492 [  51m 56s  ] 
INFO:  Idle: 197,  Running: 30,  Completed: 493 [  52m 0s  ] 
INFO:  Idle: 196,  Running: 30,  Completed: 494 [  52m 2s  ] 
INFO:  Idle: 195,  Running: 30,  Completed: 495 [  52m 15s  ] 
INFO:  Idle: 194,  Running: 30,  Completed: 496 [  52m 22s  ] 
INFO:  Idle: 193,  Running: 30,  Completed: 497 [  52m 30s  ] 
INFO:  Idle: 192,  Running: 30,  Completed: 498 [  52m 30s  ] 
INFO:  Idle: 191,  Running: 30,  Completed: 499 [  52m 35s  ] 
INFO:  Idle: 190,  Running: 30,  Completed: 500 [  52m 39s  ] 
INFO:  Idle: 189,  Running: 30,  Completed: 501 [  52m 42s  ] 
INFO:  Idle: 188,  Running: 30,  Completed: 502 [  52m 57s  ] 
INFO:  Idle: 187,  Running: 30,  Completed: 503 [  52m 58s  ] 
INFO:  Idle: 186,  Running: 30,  Completed: 504 [  52m 59s  ] 
INFO:  Idle: 185,  Running: 30,  Completed: 505 [  53m 5s  ] 
INFO:  Idle: 184,  Running: 30,  Completed: 506 [  53m 6s  ] 
INFO:  Idle: 183,  Running: 30,  Completed: 507 [  53m 7s  ] 
INFO:  Idle: 182,  Running: 30,  Completed: 508 [  53m 24s  ] 
INFO:  Idle: 181,  Running: 30,  Completed: 509 [  53m 33s  ] 
INFO:  Idle: 180,  Running: 30,  Completed: 510 [  53m 47s  ] 
INFO:  Idle: 179,  Running: 30,  Completed: 511 [  54m 4s  ] 
INFO:  Idle: 178,  Running: 30,  Completed: 512 [  54m 23s  ] 
INFO:  Idle: 177,  Running: 30,  Completed: 513 [  54m 46s  ] 
INFO:  Idle: 176,  Running: 30,  Completed: 514 [  54m 53s  ] 
INFO:  Idle: 175,  Running: 30,  Completed: 515 [  55m 3s  ] 
INFO:  Idle: 174,  Running: 30,  Completed: 516 [  55m 6s  ] 
INFO:  Idle: 173,  Running: 30,  Completed: 517 [  55m 6s  ] 
INFO:  Idle: 172,  Running: 30,  Completed: 518 [  55m 20s  ] 
INFO:  Idle: 171,  Running: 30,  Completed: 519 [  55m 30s  ] 
INFO:  Idle: 170,  Running: 30,  Completed: 520 [  55m 49s  ] 
INFO:  Idle: 169,  Running: 30,  Completed: 521 [  56m 8s  ] 
INFO:  Idle: 168,  Running: 30,  Completed: 522 [  56m 15s  ] 
INFO:  Idle: 167,  Running: 30,  Completed: 523 [  56m 21s  ] 
INFO:  Idle: 166,  Running: 30,  Completed: 524 [  56m 24s  ] 
INFO:  Idle: 165,  Running: 30,  Completed: 525 [  56m 33s  ] 
INFO:  Idle: 164,  Running: 30,  Completed: 526 [  56m 42s  ] 
INFO:  Idle: 163,  Running: 30,  Completed: 527 [  56m 45s  ] 
INFO:  Idle: 162,  Running: 30,  Completed: 528 [  56m 45s  ] 
INFO:  Idle: 161,  Running: 30,  Completed: 529 [  56m 48s  ] 
INFO:  Idle: 160,  Running: 30,  Completed: 530 [  56m 51s  ] 
INFO:  Idle: 158,  Running: 30,  Completed: 532 [  56m 53s  ] 
INFO:  Idle: 157,  Running: 30,  Completed: 533 [  56m 55s  ] 
INFO:  Idle: 156,  Running: 30,  Completed: 534 [  57m 14s  ] 
INFO:  Idle: 155,  Running: 30,  Completed: 535 [  57m 44s  ] 
INFO:  Idle: 154,  Running: 30,  Completed: 536 [  58m 12s  ] 
INFO:  Idle: 153,  Running: 30,  Completed: 537 [  58m 15s  ] 
INFO:  Idle: 152,  Running: 30,  Completed: 538 [  58m 19s  ] 
INFO:  Idle: 151,  Running: 30,  Completed: 539 [  58m 43s  ] 
INFO:  Idle: 150,  Running: 30,  Completed: 540 [  58m 44s  ] 
INFO:  Idle: 149,  Running: 30,  Completed: 541 [  58m 58s  ] 
INFO:  Idle: 148,  Running: 30,  Completed: 542 [  59m 6s  ] 
INFO:  Idle: 147,  Running: 30,  Completed: 543 [  59m 6s  ] 
INFO:  Idle: 146,  Running: 30,  Completed: 544 [  59m 15s  ] 
INFO:  Idle: 145,  Running: 30,  Completed: 545 [  59m 26s  ] 
INFO:  Idle: 144,  Running: 30,  Completed: 546 [  59m 47s  ] 
INFO:  Idle: 143,  Running: 30,  Completed: 547 [  59m 48s  ] 
INFO:  Idle: 142,  Running: 30,  Completed: 548 [  59m 54s  ] 
INFO:  Idle: 141,  Running: 30,  Completed: 549 [  59m 59s  ] 
INFO:  Idle: 140,  Running: 30,  Completed: 550 [  1h 0m  ] 
INFO:  Idle: 139,  Running: 30,  Completed: 551 [  1h 0m  ] 
INFO:  Idle: 138,  Running: 30,  Completed: 552 [  1h 0m  ] 
INFO:  Idle: 137,  Running: 30,  Completed: 553 [  1h 0m  ] 
INFO:  Idle: 136,  Running: 30,  Completed: 554 [  1h 0m  ] 
INFO:  Idle: 135,  Running: 30,  Completed: 555 [  1h 0m  ] 
INFO:  Idle: 134,  Running: 30,  Completed: 556 [  1h 0m  ] 
INFO:  Idle: 133,  Running: 30,  Completed: 557 [  1h 0m  ] 
INFO:  Idle: 132,  Running: 30,  Completed: 558 [  1h 0m  ] 
INFO:  Idle: 131,  Running: 30,  Completed: 559 [  1h 0m  ] 
INFO:  Idle: 130,  Running: 30,  Completed: 560 [  1h 0m  ] 
INFO:  Idle: 129,  Running: 30,  Completed: 561 [  1h 1m  ] 
INFO:  Idle: 128,  Running: 30,  Completed: 562 [  1h 1m  ] 
INFO:  Idle: 127,  Running: 30,  Completed: 563 [  1h 1m  ] 
INFO:  Idle: 126,  Running: 30,  Completed: 564 [  1h 1m  ] 
INFO:  Idle: 125,  Running: 30,  Completed: 565 [  1h 1m  ] 
INFO:  Idle: 124,  Running: 30,  Completed: 566 [  1h 1m  ] 
INFO:  Idle: 123,  Running: 30,  Completed: 567 [  1h 1m  ] 
INFO:  Idle: 122,  Running: 30,  Completed: 568 [  1h 2m  ] 
INFO:  Idle: 121,  Running: 30,  Completed: 569 [  1h 2m  ] 
INFO:  Idle: 120,  Running: 30,  Completed: 570 [  1h 2m  ] 
INFO:  Idle: 119,  Running: 30,  Completed: 571 [  1h 2m  ] 
INFO:  Idle: 118,  Running: 30,  Completed: 572 [  1h 2m  ] 
INFO:  Idle: 117,  Running: 30,  Completed: 573 [  1h 2m  ] 
INFO:  Idle: 116,  Running: 30,  Completed: 574 [  1h 2m  ] 
INFO:  Idle: 115,  Running: 30,  Completed: 575 [  1h 2m  ] 
INFO:  Idle: 114,  Running: 30,  Completed: 576 [  1h 3m  ] 
INFO:  Idle: 113,  Running: 30,  Completed: 577 [  1h 3m  ] 
INFO:  Idle: 112,  Running: 30,  Completed: 578 [  1h 3m  ] 
INFO:  Idle: 110,  Running: 30,  Completed: 580 [  1h 3m  ] 
INFO:  Idle: 109,  Running: 30,  Completed: 581 [  1h 3m  ] 
INFO:  Idle: 108,  Running: 30,  Completed: 582 [  1h 3m  ] 
INFO:  Idle: 107,  Running: 30,  Completed: 583 [  1h 4m  ] 
INFO:  Idle: 106,  Running: 30,  Completed: 584 [  1h 4m  ] 
INFO:  Idle: 105,  Running: 30,  Completed: 585 [  1h 4m  ] 
INFO:  Idle: 104,  Running: 30,  Completed: 586 [  1h 4m  ] 
INFO:  Idle: 103,  Running: 30,  Completed: 587 [  1h 4m  ] 
INFO:  Idle: 102,  Running: 30,  Completed: 588 [  1h 4m  ] 
INFO:  Idle: 101,  Running: 30,  Completed: 589 [  1h 4m  ] 
INFO:  Idle: 100,  Running: 30,  Completed: 590 [  1h 5m  ] 
INFO:  Idle: 99,  Running: 30,  Completed: 591 [  1h 5m  ] 
INFO:  Idle: 98,  Running: 30,  Completed: 592 [  1h 5m  ] 
INFO:  Idle: 97,  Running: 30,  Completed: 593 [  1h 5m  ] 
INFO:  Idle: 96,  Running: 30,  Completed: 594 [  1h 5m  ] 
INFO:  Idle: 95,  Running: 30,  Completed: 595 [  1h 6m  ] 
INFO:  Idle: 94,  Running: 30,  Completed: 596 [  1h 6m  ] 
INFO:  Idle: 92,  Running: 30,  Completed: 598 [  1h 6m  ] 
INFO:  Idle: 91,  Running: 30,  Completed: 599 [  1h 6m  ] 
INFO:  Idle: 90,  Running: 30,  Completed: 600 [  1h 6m  ] 
INFO:  Idle: 89,  Running: 30,  Completed: 601 [  1h 6m  ] 
INFO:  Idle: 88,  Running: 30,  Completed: 602 [  1h 6m  ] 
INFO:  Idle: 87,  Running: 30,  Completed: 603 [  1h 6m  ] 
INFO:  Idle: 86,  Running: 30,  Completed: 604 [  1h 6m  ] 
INFO:  Idle: 85,  Running: 30,  Completed: 605 [  1h 6m  ] 
INFO:  Idle: 84,  Running: 30,  Completed: 606 [  1h 6m  ] 
INFO:  Idle: 83,  Running: 30,  Completed: 607 [  1h 6m  ] 
INFO:  Idle: 82,  Running: 30,  Completed: 608 [  1h 6m  ] 
INFO:  Idle: 81,  Running: 30,  Completed: 609 [  1h 7m  ] 
INFO:  Idle: 80,  Running: 30,  Completed: 610 [  1h 7m  ] 
INFO:  Idle: 79,  Running: 30,  Completed: 611 [  1h 7m  ] 
INFO:  Idle: 78,  Running: 30,  Completed: 612 [  1h 7m  ] 
INFO:  Idle: 77,  Running: 30,  Completed: 613 [  1h 7m  ] 
INFO:  Idle: 76,  Running: 30,  Completed: 614 [  1h 7m  ] 
INFO:  Idle: 75,  Running: 30,  Completed: 615 [  1h 7m  ] 
INFO:  Idle: 74,  Running: 30,  Completed: 616 [  1h 7m  ] 
INFO:  Idle: 73,  Running: 30,  Completed: 617 [  1h 7m  ] 
INFO:  Idle: 72,  Running: 30,  Completed: 618 [  1h 8m  ] 
INFO:  Idle: 71,  Running: 30,  Completed: 619 [  1h 8m  ] 
INFO:  Idle: 70,  Running: 30,  Completed: 620 [  1h 8m  ] 
INFO:  Idle: 69,  Running: 30,  Completed: 621 [  1h 8m  ] 
INFO:  Idle: 68,  Running: 30,  Completed: 622 [  1h 8m  ] 
INFO:  Idle: 67,  Running: 30,  Completed: 623 [  1h 8m  ] 
INFO:  Idle: 66,  Running: 30,  Completed: 624 [  1h 8m  ] 
INFO:  Idle: 65,  Running: 30,  Completed: 625 [  1h 9m  ] 
INFO:  Idle: 64,  Running: 30,  Completed: 626 [  1h 9m  ] 
INFO:  Idle: 63,  Running: 30,  Completed: 627 [  1h 9m  ] 
INFO:  Idle: 62,  Running: 30,  Completed: 628 [  1h 10m  ] 
INFO:  Idle: 61,  Running: 30,  Completed: 629 [  1h 10m  ] 
INFO:  Idle: 60,  Running: 30,  Completed: 630 [  1h 10m  ] 
INFO:  Idle: 59,  Running: 30,  Completed: 631 [  1h 10m  ] 
INFO:  Idle: 58,  Running: 30,  Completed: 632 [  1h 10m  ] 
INFO:  Idle: 57,  Running: 30,  Completed: 633 [  1h 10m  ] 
INFO:  Idle: 56,  Running: 30,  Completed: 634 [  1h 10m  ] 
INFO:  Idle: 55,  Running: 30,  Completed: 635 [  1h 11m  ] 
INFO:  Idle: 54,  Running: 30,  Completed: 636 [  1h 11m  ] 
INFO:  Idle: 53,  Running: 30,  Completed: 637 [  1h 11m  ] 
INFO:  Idle: 52,  Running: 30,  Completed: 638 [  1h 11m  ] 
INFO:  Idle: 51,  Running: 30,  Completed: 639 [  1h 11m  ] 
INFO:  Idle: 50,  Running: 30,  Completed: 640 [  1h 11m  ] 
INFO:  Idle: 49,  Running: 30,  Completed: 641 [  1h 11m  ] 
INFO:  Idle: 48,  Running: 30,  Completed: 642 [  1h 11m  ] 
INFO:  Idle: 47,  Running: 30,  Completed: 643 [  1h 12m  ] 
INFO:  Idle: 46,  Running: 30,  Completed: 644 [  1h 12m  ] 
INFO:  Idle: 45,  Running: 30,  Completed: 645 [  1h 12m  ] 
INFO:  Idle: 44,  Running: 30,  Completed: 646 [  1h 12m  ] 
INFO:  Idle: 43,  Running: 30,  Completed: 647 [  1h 12m  ] 
INFO:  Idle: 42,  Running: 30,  Completed: 648 [  1h 13m  ] 
INFO:  Idle: 41,  Running: 30,  Completed: 649 [  1h 13m  ] 
INFO:  Idle: 40,  Running: 30,  Completed: 650 [  1h 13m  ] 
INFO:  Idle: 39,  Running: 30,  Completed: 651 [  1h 13m  ] 
INFO:  Idle: 38,  Running: 30,  Completed: 652 [  1h 13m  ] 
INFO:  Idle: 37,  Running: 30,  Completed: 653 [  1h 13m  ] 
INFO:  Idle: 36,  Running: 30,  Completed: 654 [  1h 14m  ] 
INFO:  Idle: 35,  Running: 30,  Completed: 655 [  1h 14m  ] 
INFO:  Idle: 34,  Running: 30,  Completed: 656 [  1h 14m  ] 
INFO:  Idle: 33,  Running: 30,  Completed: 657 [  1h 14m  ] 
INFO:  Idle: 31,  Running: 30,  Completed: 659 [  1h 14m  ] 
INFO:  Idle: 30,  Running: 30,  Completed: 660 [  1h 14m  ] 
INFO:  Idle: 29,  Running: 30,  Completed: 661 [  1h 14m  ] 
INFO:  Idle: 28,  Running: 30,  Completed: 662 [  1h 14m  ] 
INFO:  Idle: 27,  Running: 30,  Completed: 663 [  1h 14m  ] 
INFO:  Idle: 26,  Running: 30,  Completed: 664 [  1h 15m  ] 
INFO:  Idle: 25,  Running: 30,  Completed: 665 [  1h 15m  ] 
INFO:  Idle: 24,  Running: 30,  Completed: 666 [  1h 15m  ] 
INFO:  Idle: 23,  Running: 30,  Completed: 667 [  1h 15m  ] 
INFO:  Idle: 22,  Running: 30,  Completed: 668 [  1h 15m  ] 
INFO:  Idle: 21,  Running: 30,  Completed: 669 [  1h 16m  ] 
INFO:  Idle: 20,  Running: 30,  Completed: 670 [  1h 16m  ] 
INFO:  Idle: 19,  Running: 30,  Completed: 671 [  1h 16m  ] 
INFO:  Idle: 18,  Running: 30,  Completed: 672 [  1h 16m  ] 
INFO:  Idle: 17,  Running: 30,  Completed: 673 [  1h 16m  ] 
INFO:  Idle: 16,  Running: 30,  Completed: 674 [  1h 16m  ] 
INFO:  Idle: 15,  Running: 30,  Completed: 675 [  1h 16m  ] 
INFO:  Idle: 14,  Running: 30,  Completed: 676 [  1h 16m  ] 
INFO:  Idle: 13,  Running: 30,  Completed: 677 [  1h 16m  ] 
INFO:  Idle: 12,  Running: 30,  Completed: 678 [  1h 17m  ] 
INFO:  Idle: 11,  Running: 30,  Completed: 679 [  1h 17m  ] 
INFO:  Idle: 10,  Running: 30,  Completed: 680 [  1h 17m  ] 
INFO:  Idle: 9,  Running: 30,  Completed: 681 [  1h 17m  ] 
INFO:  Idle: 8,  Running: 30,  Completed: 682 [  1h 17m  ] 
INFO:  Idle: 7,  Running: 30,  Completed: 683 [  1h 17m  ] 
INFO:  Idle: 6,  Running: 30,  Completed: 684 [  1h 17m  ] 
INFO:  Idle: 5,  Running: 30,  Completed: 685 [  1h 17m  ] 
INFO:  Idle: 4,  Running: 30,  Completed: 686 [  1h 17m  ] 
INFO:  Idle: 3,  Running: 30,  Completed: 687 [  1h 17m  ] 
INFO:  Idle: 2,  Running: 30,  Completed: 688 [  1h 18m  ] 
INFO:  Idle: 1,  Running: 30,  Completed: 689 [  1h 18m  ] 
INFO:  Idle: 0,  Running: 30,  Completed: 690 [  1h 19m  ] 
INFO:  Idle: 0,  Running: 29,  Completed: 691 [  1h 19m  ] 
INFO:  Idle: 0,  Running: 28,  Completed: 692 [  1h 19m  ] 
INFO:  Idle: 0,  Running: 27,  Completed: 693 [  1h 19m  ] 
INFO:  Idle: 0,  Running: 26,  Completed: 694 [  1h 19m  ] 
INFO:  Idle: 0,  Running: 25,  Completed: 695 [  1h 19m  ] 
INFO:  Idle: 0,  Running: 24,  Completed: 696 [  1h 19m  ] 
INFO:  Idle: 0,  Running: 23,  Completed: 697 [  1h 20m  ] 
INFO:  Idle: 0,  Running: 22,  Completed: 698 [  1h 20m  ] 
INFO:  Idle: 0,  Running: 21,  Completed: 699 [  1h 20m  ] 
INFO:  Idle: 0,  Running: 20,  Completed: 700 [  1h 20m  ] 
INFO:  Idle: 0,  Running: 19,  Completed: 701 [  1h 20m  ] 
INFO:  Idle: 0,  Running: 18,  Completed: 702 [  1h 20m  ] 
INFO:  Idle: 0,  Running: 17,  Completed: 703 [  1h 20m  ] 
INFO:  Idle: 0,  Running: 16,  Completed: 704 [  1h 20m  ] 
INFO:  Idle: 0,  Running: 15,  Completed: 705 [  1h 21m  ] 
INFO:  Idle: 0,  Running: 14,  Completed: 706 [  1h 21m  ] 
INFO:  Idle: 0,  Running: 13,  Completed: 707 [  1h 21m  ] 
INFO:  Idle: 0,  Running: 12,  Completed: 708 [  1h 21m  ] 
INFO:  Idle: 0,  Running: 11,  Completed: 709 [  1h 21m  ] 
INFO:  Idle: 0,  Running: 10,  Completed: 710 [  1h 21m  ] 
INFO:  Idle: 0,  Running: 9,  Completed: 711 [  1h 22m  ] 
INFO:  Idle: 0,  Running: 8,  Completed: 712 [  1h 23m  ] 
INFO:  Idle: 0,  Running: 7,  Completed: 713 [  1h 24m  ] 
INFO:  Idle: 0,  Running: 6,  Completed: 714 [  1h 24m  ] 
INFO:  Idle: 0,  Running: 5,  Completed: 715 [  1h 25m  ] 
INFO:  Idle: 0,  Running: 4,  Completed: 716 [  1h 25m  ] 
INFO:  Idle: 0,  Running: 3,  Completed: 717 [  1h 25m  ] 
INFO:  Idle: 0,  Running: 2,  Completed: 718 [  1h 27m  ] 
INFO:  Idle: 0,  Running: 1,  Completed: 719 [  1h 28m  ] 
INFO:  Idle: 0,  Running: 0,  Completed: 720 [  1h 29m  ] 
INFO: Determining the number of unweighted events per channel

      Intermediate results:
      Random seed: 33
      Total cross section:      1.151e+02 +- 3.0e-01 pb
      Total abs(cross section): 2.029e+02 +- 3.7e-01 pb 

 
INFO: Computing upper envelope 
INFO:  Idle: 690,  Running: 30,  Completed: 0 [ current time: 10h13 ] 
INFO:  Idle: 689,  Running: 30,  Completed: 1 [  13.3s  ] 
INFO:  Idle: 688,  Running: 30,  Completed: 2 [  13.3s  ] 
INFO:  Idle: 687,  Running: 30,  Completed: 3 [  13.6s  ] 
INFO:  Idle: 686,  Running: 30,  Completed: 4 [  13.7s  ] 
INFO:  Idle: 685,  Running: 30,  Completed: 5 [  13.9s  ] 
INFO:  Idle: 684,  Running: 30,  Completed: 6 [  14s  ] 
INFO:  Idle: 683,  Running: 30,  Completed: 7 [  15.1s  ] 
INFO:  Idle: 682,  Running: 30,  Completed: 8 [  15.2s  ] 
INFO:  Idle: 681,  Running: 30,  Completed: 9 [  15.4s  ] 
INFO:  Idle: 680,  Running: 30,  Completed: 10 [  15.6s  ] 
INFO:  Idle: 679,  Running: 30,  Completed: 11 [  15.6s  ] 
INFO:  Idle: 678,  Running: 30,  Completed: 12 [  15.7s  ] 
INFO:  Idle: 677,  Running: 30,  Completed: 13 [  16.5s  ] 
INFO:  Idle: 676,  Running: 30,  Completed: 14 [  17.4s  ] 
INFO:  Idle: 675,  Running: 30,  Completed: 15 [  17.9s  ] 
INFO:  Idle: 674,  Running: 30,  Completed: 16 [  18s  ] 
INFO:  Idle: 673,  Running: 30,  Completed: 17 [  18.5s  ] 
INFO:  Idle: 672,  Running: 30,  Completed: 18 [  19.3s  ] 
INFO:  Idle: 671,  Running: 30,  Completed: 19 [  19.4s  ] 
INFO:  Idle: 670,  Running: 30,  Completed: 20 [  20.1s  ] 
INFO:  Idle: 669,  Running: 30,  Completed: 21 [  20.4s  ] 
INFO:  Idle: 668,  Running: 30,  Completed: 22 [  20.6s  ] 
INFO:  Idle: 667,  Running: 30,  Completed: 23 [  20.6s  ] 
INFO:  Idle: 666,  Running: 30,  Completed: 24 [  20.8s  ] 
INFO:  Idle: 665,  Running: 30,  Completed: 25 [  25.2s  ] 
INFO:  Idle: 664,  Running: 30,  Completed: 26 [  30.5s  ] 
INFO:  Idle: 662,  Running: 30,  Completed: 28 [  30.9s  ] 
INFO:  Idle: 661,  Running: 30,  Completed: 29 [  31s  ] 
INFO:  Idle: 660,  Running: 30,  Completed: 30 [  31.5s  ] 
INFO:  Idle: 657,  Running: 30,  Completed: 33 [  31.9s  ] 
INFO:  Idle: 656,  Running: 30,  Completed: 34 [  32.4s  ] 
INFO:  Idle: 655,  Running: 30,  Completed: 35 [  34.3s  ] 
INFO:  Idle: 654,  Running: 30,  Completed: 36 [  34.4s  ] 
INFO:  Idle: 653,  Running: 30,  Completed: 37 [  34.5s  ] 
INFO:  Idle: 652,  Running: 30,  Completed: 38 [  34.8s  ] 
INFO:  Idle: 651,  Running: 30,  Completed: 39 [  35.2s  ] 
INFO:  Idle: 650,  Running: 30,  Completed: 40 [  36.7s  ] 
INFO:  Idle: 649,  Running: 30,  Completed: 41 [  37.1s  ] 
INFO:  Idle: 648,  Running: 30,  Completed: 42 [  38.9s  ] 
INFO:  Idle: 647,  Running: 30,  Completed: 43 [  39.3s  ] 
INFO:  Idle: 646,  Running: 30,  Completed: 44 [  39.5s  ] 
INFO:  Idle: 645,  Running: 30,  Completed: 45 [  40.6s  ] 
INFO:  Idle: 644,  Running: 30,  Completed: 46 [  45.7s  ] 
INFO:  Idle: 643,  Running: 30,  Completed: 47 [  47s  ] 
INFO:  Idle: 642,  Running: 30,  Completed: 48 [  54.2s  ] 
INFO:  Idle: 641,  Running: 30,  Completed: 49 [  2m 50s  ] 
INFO:  Idle: 640,  Running: 30,  Completed: 50 [  2m 53s  ] 
INFO:  Idle: 639,  Running: 30,  Completed: 51 [  2m 58s  ] 
INFO:  Idle: 638,  Running: 30,  Completed: 52 [  3m 2s  ] 
INFO:  Idle: 637,  Running: 30,  Completed: 53 [  3m 8s  ] 
INFO:  Idle: 636,  Running: 30,  Completed: 54 [  3m 17s  ] 
INFO:  Idle: 635,  Running: 30,  Completed: 55 [  3m 20s  ] 
INFO:  Idle: 634,  Running: 30,  Completed: 56 [  3m 21s  ] 
INFO:  Idle: 633,  Running: 30,  Completed: 57 [  3m 25s  ] 
INFO:  Idle: 632,  Running: 30,  Completed: 58 [  3m 26s  ] 
INFO:  Idle: 631,  Running: 30,  Completed: 59 [  3m 27s  ] 
INFO:  Idle: 630,  Running: 30,  Completed: 60 [  4m 4s  ] 
INFO:  Idle: 629,  Running: 30,  Completed: 61 [  4m 6s  ] 
INFO:  Idle: 628,  Running: 30,  Completed: 62 [  4m 12s  ] 
INFO:  Idle: 627,  Running: 30,  Completed: 63 [  4m 15s  ] 
INFO:  Idle: 626,  Running: 30,  Completed: 64 [  4m 22s  ] 
INFO:  Idle: 625,  Running: 30,  Completed: 65 [  4m 24s  ] 
INFO:  Idle: 624,  Running: 30,  Completed: 66 [  4m 29s  ] 
INFO:  Idle: 623,  Running: 30,  Completed: 67 [  4m 42s  ] 
INFO:  Idle: 622,  Running: 30,  Completed: 68 [  4m 48s  ] 
INFO:  Idle: 621,  Running: 30,  Completed: 69 [  4m 55s  ] 
INFO:  Idle: 620,  Running: 30,  Completed: 70 [  5m 3s  ] 
INFO:  Idle: 619,  Running: 30,  Completed: 71 [  5m 5s  ] 
INFO:  Idle: 618,  Running: 30,  Completed: 72 [  5m 24s  ] 
INFO:  Idle: 617,  Running: 30,  Completed: 73 [  5m 50s  ] 
INFO:  Idle: 616,  Running: 30,  Completed: 74 [  5m 54s  ] 
INFO:  Idle: 615,  Running: 30,  Completed: 75 [  5m 54s  ] 
INFO:  Idle: 614,  Running: 30,  Completed: 76 [  6m 2s  ] 
INFO:  Idle: 613,  Running: 30,  Completed: 77 [  6m 6s  ] 
INFO:  Idle: 612,  Running: 30,  Completed: 78 [  6m 16s  ] 
INFO:  Idle: 611,  Running: 30,  Completed: 79 [  6m 17s  ] 
INFO:  Idle: 610,  Running: 30,  Completed: 80 [  7m 11s  ] 
INFO:  Idle: 609,  Running: 30,  Completed: 81 [  7m 15s  ] 
INFO:  Idle: 608,  Running: 30,  Completed: 82 [  7m 22s  ] 
INFO:  Idle: 607,  Running: 30,  Completed: 83 [  7m 33s  ] 
INFO:  Idle: 606,  Running: 30,  Completed: 84 [  7m 33s  ] 
INFO:  Idle: 605,  Running: 30,  Completed: 85 [  7m 34s  ] 
INFO:  Idle: 604,  Running: 30,  Completed: 86 [  7m 35s  ] 
INFO:  Idle: 603,  Running: 30,  Completed: 87 [  7m 39s  ] 
INFO:  Idle: 602,  Running: 30,  Completed: 88 [  7m 41s  ] 
INFO:  Idle: 601,  Running: 30,  Completed: 89 [  7m 46s  ] 
INFO:  Idle: 600,  Running: 30,  Completed: 90 [  7m 49s  ] 
INFO:  Idle: 599,  Running: 30,  Completed: 91 [  7m 54s  ] 
INFO:  Idle: 598,  Running: 30,  Completed: 92 [  8m 9s  ] 
INFO:  Idle: 597,  Running: 30,  Completed: 93 [  8m 15s  ] 
INFO:  Idle: 596,  Running: 30,  Completed: 94 [  8m 27s  ] 
INFO:  Idle: 595,  Running: 30,  Completed: 95 [  8m 31s  ] 
INFO:  Idle: 594,  Running: 30,  Completed: 96 [  8m 43s  ] 
INFO:  Idle: 593,  Running: 30,  Completed: 97 [  8m 49s  ] 
INFO:  Idle: 592,  Running: 30,  Completed: 98 [  9m 42s  ] 
INFO:  Idle: 591,  Running: 30,  Completed: 99 [  9m 59s  ] 
INFO:  Idle: 590,  Running: 30,  Completed: 100 [  10m 1s  ] 
INFO:  Idle: 589,  Running: 30,  Completed: 101 [  10m 6s  ] 
INFO:  Idle: 588,  Running: 30,  Completed: 102 [  10m 10s  ] 
INFO:  Idle: 587,  Running: 30,  Completed: 103 [  10m 17s  ] 
INFO:  Idle: 586,  Running: 30,  Completed: 104 [  10m 24s  ] 
INFO:  Idle: 585,  Running: 30,  Completed: 105 [  10m 34s  ] 
INFO:  Idle: 584,  Running: 30,  Completed: 106 [  10m 37s  ] 
INFO:  Idle: 583,  Running: 30,  Completed: 107 [  11m 4s  ] 
INFO:  Idle: 582,  Running: 30,  Completed: 108 [  11m 9s  ] 
INFO:  Idle: 581,  Running: 30,  Completed: 109 [  11m 11s  ] 
INFO:  Idle: 580,  Running: 30,  Completed: 110 [  11m 15s  ] 
INFO:  Idle: 579,  Running: 30,  Completed: 111 [  11m 17s  ] 
INFO:  Idle: 578,  Running: 30,  Completed: 112 [  11m 21s  ] 
INFO:  Idle: 577,  Running: 30,  Completed: 113 [  11m 23s  ] 
INFO:  Idle: 576,  Running: 30,  Completed: 114 [  11m 27s  ] 
INFO:  Idle: 575,  Running: 30,  Completed: 115 [  11m 29s  ] 
INFO:  Idle: 574,  Running: 30,  Completed: 116 [  11m 30s  ] 
INFO:  Idle: 573,  Running: 30,  Completed: 117 [  12m 12s  ] 
INFO:  Idle: 572,  Running: 30,  Completed: 118 [  12m 16s  ] 
INFO:  Idle: 571,  Running: 30,  Completed: 119 [  12m 25s  ] 
INFO:  Idle: 570,  Running: 30,  Completed: 120 [  12m 29s  ] 
INFO:  Idle: 569,  Running: 30,  Completed: 121 [  12m 38s  ] 
INFO:  Idle: 568,  Running: 30,  Completed: 122 [  12m 41s  ] 
INFO:  Idle: 567,  Running: 30,  Completed: 123 [  12m 44s  ] 
INFO:  Idle: 566,  Running: 30,  Completed: 124 [  12m 44s  ] 
INFO:  Idle: 565,  Running: 30,  Completed: 125 [  13m 23s  ] 
INFO:  Idle: 564,  Running: 30,  Completed: 126 [  13m 25s  ] 
INFO:  Idle: 563,  Running: 30,  Completed: 127 [  13m 27s  ] 
INFO:  Idle: 562,  Running: 30,  Completed: 128 [  13m 30s  ] 
INFO:  Idle: 561,  Running: 30,  Completed: 129 [  13m 35s  ] 
INFO:  Idle: 560,  Running: 30,  Completed: 130 [  13m 42s  ] 
INFO:  Idle: 559,  Running: 30,  Completed: 131 [  13m 58s  ] 
INFO:  Idle: 558,  Running: 30,  Completed: 132 [  14m 31s  ] 
INFO:  Idle: 557,  Running: 30,  Completed: 133 [  14m 43s  ] 
INFO:  Idle: 556,  Running: 30,  Completed: 134 [  14m 49s  ] 
INFO:  Idle: 555,  Running: 30,  Completed: 135 [  14m 56s  ] 
INFO:  Idle: 554,  Running: 30,  Completed: 136 [  14m 56s  ] 
INFO:  Idle: 553,  Running: 30,  Completed: 137 [  15m 0s  ] 
INFO:  Idle: 552,  Running: 30,  Completed: 138 [  15m 0s  ] 
INFO:  Idle: 551,  Running: 30,  Completed: 139 [  15m 14s  ] 
INFO:  Idle: 550,  Running: 30,  Completed: 140 [  15m 17s  ] 
INFO:  Idle: 549,  Running: 30,  Completed: 141 [  15m 20s  ] 
INFO:  Idle: 548,  Running: 30,  Completed: 142 [  15m 25s  ] 
INFO:  Idle: 547,  Running: 30,  Completed: 143 [  15m 25s  ] 
INFO:  Idle: 546,  Running: 30,  Completed: 144 [  15m 30s  ] 
INFO:  Idle: 545,  Running: 30,  Completed: 145 [  16m 8s  ] 
INFO:  Idle: 544,  Running: 30,  Completed: 146 [  16m 12s  ] 
INFO:  Idle: 543,  Running: 30,  Completed: 147 [  16m 16s  ] 
INFO:  Idle: 542,  Running: 30,  Completed: 148 [  16m 19s  ] 
INFO:  Idle: 541,  Running: 30,  Completed: 149 [  16m 29s  ] 
INFO:  Idle: 540,  Running: 30,  Completed: 150 [  17m 0s  ] 
INFO:  Idle: 539,  Running: 30,  Completed: 151 [  17m 34s  ] 
INFO:  Idle: 538,  Running: 30,  Completed: 152 [  17m 45s  ] 
INFO:  Idle: 537,  Running: 30,  Completed: 153 [  17m 46s  ] 
INFO:  Idle: 536,  Running: 30,  Completed: 154 [  17m 50s  ] 
INFO:  Idle: 535,  Running: 30,  Completed: 155 [  17m 52s  ] 
INFO:  Idle: 534,  Running: 30,  Completed: 156 [  18m 6s  ] 
INFO:  Idle: 533,  Running: 30,  Completed: 157 [  18m 24s  ] 
INFO:  Idle: 532,  Running: 30,  Completed: 158 [  18m 44s  ] 
INFO:  Idle: 531,  Running: 30,  Completed: 159 [  18m 49s  ] 
INFO:  Idle: 530,  Running: 30,  Completed: 160 [  18m 52s  ] 
INFO:  Idle: 529,  Running: 30,  Completed: 161 [  18m 59s  ] 
INFO:  Idle: 528,  Running: 30,  Completed: 162 [  19m 9s  ] 
INFO:  Idle: 527,  Running: 30,  Completed: 163 [  19m 11s  ] 
INFO:  Idle: 526,  Running: 30,  Completed: 164 [  19m 15s  ] 
INFO:  Idle: 525,  Running: 30,  Completed: 165 [  19m 22s  ] 
INFO:  Idle: 524,  Running: 30,  Completed: 166 [  19m 38s  ] 
INFO:  Idle: 523,  Running: 30,  Completed: 167 [  19m 46s  ] 
INFO:  Idle: 522,  Running: 30,  Completed: 168 [  20m 9s  ] 
INFO:  Idle: 521,  Running: 30,  Completed: 169 [  20m 10s  ] 
INFO:  Idle: 520,  Running: 30,  Completed: 170 [  20m 19s  ] 
INFO:  Idle: 519,  Running: 30,  Completed: 171 [  20m 21s  ] 
INFO:  Idle: 518,  Running: 30,  Completed: 172 [  20m 27s  ] 
INFO:  Idle: 517,  Running: 30,  Completed: 173 [  20m 30s  ] 
INFO:  Idle: 516,  Running: 30,  Completed: 174 [  20m 41s  ] 
INFO:  Idle: 515,  Running: 30,  Completed: 175 [  20m 50s  ] 
INFO:  Idle: 514,  Running: 30,  Completed: 176 [  20m 57s  ] 
INFO:  Idle: 513,  Running: 30,  Completed: 177 [  21m 12s  ] 
INFO:  Idle: 512,  Running: 30,  Completed: 178 [  21m 29s  ] 
INFO:  Idle: 511,  Running: 30,  Completed: 179 [  21m 32s  ] 
INFO:  Idle: 510,  Running: 30,  Completed: 180 [  21m 36s  ] 
INFO:  Idle: 509,  Running: 30,  Completed: 181 [  21m 38s  ] 
INFO:  Idle: 508,  Running: 30,  Completed: 182 [  21m 52s  ] 
INFO:  Idle: 507,  Running: 30,  Completed: 183 [  21m 52s  ] 
INFO:  Idle: 506,  Running: 30,  Completed: 184 [  22m 27s  ] 
INFO:  Idle: 505,  Running: 30,  Completed: 185 [  22m 28s  ] 
INFO:  Idle: 504,  Running: 30,  Completed: 186 [  22m 43s  ] 
INFO:  Idle: 503,  Running: 30,  Completed: 187 [  22m 50s  ] 
INFO:  Idle: 502,  Running: 30,  Completed: 188 [  23m 11s  ] 
INFO:  Idle: 501,  Running: 30,  Completed: 189 [  23m 12s  ] 
INFO:  Idle: 500,  Running: 30,  Completed: 190 [  23m 27s  ] 
INFO:  Idle: 499,  Running: 30,  Completed: 191 [  23m 34s  ] 
INFO:  Idle: 498,  Running: 30,  Completed: 192 [  23m 39s  ] 
INFO:  Idle: 497,  Running: 30,  Completed: 193 [  23m 45s  ] 
INFO:  Idle: 496,  Running: 30,  Completed: 194 [  23m 49s  ] 
INFO:  Idle: 495,  Running: 30,  Completed: 195 [  23m 50s  ] 
INFO:  Idle: 494,  Running: 30,  Completed: 196 [  23m 57s  ] 
INFO:  Idle: 493,  Running: 30,  Completed: 197 [  24m 2s  ] 
INFO:  Idle: 492,  Running: 30,  Completed: 198 [  24m 6s  ] 
INFO:  Idle: 491,  Running: 30,  Completed: 199 [  24m 14s  ] 
INFO:  Idle: 490,  Running: 30,  Completed: 200 [  24m 24s  ] 
INFO:  Idle: 489,  Running: 30,  Completed: 201 [  24m 46s  ] 
INFO:  Idle: 488,  Running: 30,  Completed: 202 [  26m 13s  ] 
INFO:  Idle: 487,  Running: 30,  Completed: 203 [  26m 32s  ] 
INFO:  Idle: 486,  Running: 30,  Completed: 204 [  26m 56s  ] 
INFO:  Idle: 485,  Running: 30,  Completed: 205 [  26m 57s  ] 
INFO:  Idle: 484,  Running: 30,  Completed: 206 [  26m 58s  ] 
INFO:  Idle: 483,  Running: 30,  Completed: 207 [  27m 5s  ] 
INFO:  Idle: 482,  Running: 30,  Completed: 208 [  27m 5s  ] 
INFO:  Idle: 481,  Running: 30,  Completed: 209 [  27m 9s  ] 
INFO:  Idle: 480,  Running: 30,  Completed: 210 [  27m 16s  ] 
INFO:  Idle: 479,  Running: 30,  Completed: 211 [  27m 20s  ] 
INFO:  Idle: 478,  Running: 30,  Completed: 212 [  27m 23s  ] 
INFO:  Idle: 477,  Running: 30,  Completed: 213 [  27m 24s  ] 
INFO:  Idle: 476,  Running: 30,  Completed: 214 [  27m 31s  ] 
INFO:  Idle: 475,  Running: 30,  Completed: 215 [  27m 43s  ] 
INFO:  Idle: 474,  Running: 30,  Completed: 216 [  27m 46s  ] 
INFO:  Idle: 473,  Running: 30,  Completed: 217 [  27m 58s  ] 
INFO:  Idle: 472,  Running: 30,  Completed: 218 [  28m 7s  ] 
INFO:  Idle: 471,  Running: 30,  Completed: 219 [  29m 10s  ] 
INFO:  Idle: 470,  Running: 30,  Completed: 220 [  29m 14s  ] 
INFO:  Idle: 469,  Running: 30,  Completed: 221 [  29m 29s  ] 
INFO:  Idle: 468,  Running: 30,  Completed: 222 [  29m 32s  ] 
INFO:  Idle: 467,  Running: 30,  Completed: 223 [  29m 36s  ] 
INFO:  Idle: 466,  Running: 30,  Completed: 224 [  29m 40s  ] 
INFO:  Idle: 465,  Running: 30,  Completed: 225 [  29m 44s  ] 
INFO:  Idle: 464,  Running: 30,  Completed: 226 [  29m 45s  ] 
INFO:  Idle: 463,  Running: 30,  Completed: 227 [  29m 46s  ] 
INFO:  Idle: 462,  Running: 30,  Completed: 228 [  29m 46s  ] 
INFO:  Idle: 461,  Running: 30,  Completed: 229 [  29m 53s  ] 
INFO:  Idle: 460,  Running: 30,  Completed: 230 [  29m 56s  ] 
INFO:  Idle: 459,  Running: 30,  Completed: 231 [  30m 4s  ] 
INFO:  Idle: 458,  Running: 30,  Completed: 232 [  30m 4s  ] 
INFO:  Idle: 457,  Running: 30,  Completed: 233 [  30m 6s  ] 
INFO:  Idle: 456,  Running: 30,  Completed: 234 [  31m 2s  ] 
INFO:  Idle: 455,  Running: 30,  Completed: 235 [  31m 19s  ] 
INFO:  Idle: 454,  Running: 30,  Completed: 236 [  31m 38s  ] 
INFO:  Idle: 453,  Running: 30,  Completed: 237 [  32m 26s  ] 
INFO:  Idle: 452,  Running: 30,  Completed: 238 [  32m 28s  ] 
INFO:  Idle: 451,  Running: 30,  Completed: 239 [  32m 29s  ] 
INFO:  Idle: 450,  Running: 30,  Completed: 240 [  32m 31s  ] 
INFO:  Idle: 449,  Running: 30,  Completed: 241 [  32m 36s  ] 
INFO:  Idle: 448,  Running: 30,  Completed: 242 [  32m 41s  ] 
INFO:  Idle: 447,  Running: 30,  Completed: 243 [  32m 45s  ] 
INFO:  Idle: 446,  Running: 30,  Completed: 244 [  32m 48s  ] 
INFO:  Idle: 445,  Running: 30,  Completed: 245 [  32m 50s  ] 
INFO:  Idle: 444,  Running: 30,  Completed: 246 [  32m 52s  ] 
INFO:  Idle: 443,  Running: 30,  Completed: 247 [  32m 54s  ] 
INFO:  Idle: 442,  Running: 30,  Completed: 248 [  32m 56s  ] 
INFO:  Idle: 441,  Running: 30,  Completed: 249 [  33m 3s  ] 
INFO:  Idle: 440,  Running: 30,  Completed: 250 [  33m 6s  ] 
INFO:  Idle: 439,  Running: 30,  Completed: 251 [  33m 7s  ] 
INFO:  Idle: 438,  Running: 30,  Completed: 252 [  33m 22s  ] 
INFO:  Idle: 437,  Running: 30,  Completed: 253 [  33m 46s  ] 
INFO:  Idle: 436,  Running: 30,  Completed: 254 [  33m 58s  ] 
INFO:  Idle: 435,  Running: 30,  Completed: 255 [  34m 35s  ] 
INFO:  Idle: 434,  Running: 30,  Completed: 256 [  34m 43s  ] 
INFO:  Idle: 433,  Running: 30,  Completed: 257 [  35m 40s  ] 
INFO:  Idle: 432,  Running: 30,  Completed: 258 [  35m 41s  ] 
INFO:  Idle: 431,  Running: 30,  Completed: 259 [  35m 52s  ] 
INFO:  Idle: 430,  Running: 30,  Completed: 260 [  36m 8s  ] 
INFO:  Idle: 428,  Running: 30,  Completed: 262 [  36m 27s  ] 
INFO:  Idle: 427,  Running: 30,  Completed: 263 [  36m 38s  ] 
INFO:  Idle: 426,  Running: 30,  Completed: 264 [  36m 39s  ] 
INFO:  Idle: 425,  Running: 30,  Completed: 265 [  36m 40s  ] 
INFO:  Idle: 424,  Running: 30,  Completed: 266 [  36m 44s  ] 
INFO:  Idle: 423,  Running: 30,  Completed: 267 [  36m 50s  ] 
INFO:  Idle: 422,  Running: 30,  Completed: 268 [  36m 50s  ] 
INFO:  Idle: 421,  Running: 30,  Completed: 269 [  36m 54s  ] 
INFO:  Idle: 420,  Running: 30,  Completed: 270 [  36m 56s  ] 
INFO:  Idle: 419,  Running: 30,  Completed: 271 [  37m 5s  ] 
INFO:  Idle: 418,  Running: 30,  Completed: 272 [  37m 5s  ] 
INFO:  Idle: 417,  Running: 30,  Completed: 273 [  37m 30s  ] 
INFO:  Idle: 416,  Running: 30,  Completed: 274 [  38m 24s  ] 
INFO:  Idle: 415,  Running: 30,  Completed: 275 [  38m 25s  ] 
INFO:  Idle: 414,  Running: 30,  Completed: 276 [  38m 31s  ] 
INFO:  Idle: 413,  Running: 30,  Completed: 277 [  38m 37s  ] 
INFO:  Idle: 412,  Running: 30,  Completed: 278 [  38m 38s  ] 
INFO:  Idle: 411,  Running: 30,  Completed: 279 [  38m 39s  ] 
INFO:  Idle: 410,  Running: 30,  Completed: 280 [  38m 40s  ] 
INFO:  Idle: 409,  Running: 30,  Completed: 281 [  38m 41s  ] 
INFO:  Idle: 408,  Running: 30,  Completed: 282 [  38m 45s  ] 
INFO:  Idle: 407,  Running: 30,  Completed: 283 [  38m 59s  ] 
INFO:  Idle: 406,  Running: 30,  Completed: 284 [  39m 4s  ] 
INFO:  Idle: 405,  Running: 30,  Completed: 285 [  39m 15s  ] 
INFO:  Idle: 404,  Running: 30,  Completed: 286 [  39m 17s  ] 
INFO:  Idle: 403,  Running: 30,  Completed: 287 [  39m 19s  ] 
INFO:  Idle: 402,  Running: 30,  Completed: 288 [  39m 27s  ] 
INFO:  Idle: 401,  Running: 30,  Completed: 289 [  39m 54s  ] 
INFO:  Idle: 400,  Running: 30,  Completed: 290 [  40m 1s  ] 
INFO:  Idle: 399,  Running: 30,  Completed: 291 [  40m 1s  ] 
INFO:  Idle: 398,  Running: 30,  Completed: 292 [  40m 34s  ] 
INFO:  Idle: 397,  Running: 30,  Completed: 293 [  40m 35s  ] 
INFO:  Idle: 396,  Running: 30,  Completed: 294 [  40m 38s  ] 
INFO:  Idle: 395,  Running: 30,  Completed: 295 [  40m 54s  ] 
INFO:  Idle: 394,  Running: 30,  Completed: 296 [  41m 22s  ] 
INFO:  Idle: 393,  Running: 30,  Completed: 297 [  41m 23s  ] 
INFO:  Idle: 392,  Running: 30,  Completed: 298 [  41m 24s  ] 
INFO:  Idle: 391,  Running: 30,  Completed: 299 [  41m 32s  ] 
INFO:  Idle: 390,  Running: 30,  Completed: 300 [  41m 33s  ] 
INFO:  Idle: 389,  Running: 30,  Completed: 301 [  41m 40s  ] 
INFO:  Idle: 388,  Running: 30,  Completed: 302 [  41m 45s  ] 
INFO:  Idle: 387,  Running: 30,  Completed: 303 [  41m 47s  ] 
INFO:  Idle: 386,  Running: 30,  Completed: 304 [  41m 50s  ] 
INFO:  Idle: 385,  Running: 30,  Completed: 305 [  41m 55s  ] 
INFO:  Idle: 384,  Running: 30,  Completed: 306 [  41m 58s  ] 
INFO:  Idle: 383,  Running: 30,  Completed: 307 [  42m 5s  ] 
INFO:  Idle: 382,  Running: 30,  Completed: 308 [  42m 46s  ] 
INFO:  Idle: 381,  Running: 30,  Completed: 309 [  42m 52s  ] 
INFO:  Idle: 380,  Running: 30,  Completed: 310 [  43m 27s  ] 
INFO:  Idle: 379,  Running: 30,  Completed: 311 [  43m 44s  ] 
INFO:  Idle: 378,  Running: 30,  Completed: 312 [  43m 47s  ] 
INFO:  Idle: 377,  Running: 30,  Completed: 313 [  43m 54s  ] 
INFO:  Idle: 376,  Running: 30,  Completed: 314 [  43m 54s  ] 
INFO:  Idle: 375,  Running: 30,  Completed: 315 [  43m 55s  ] 
INFO:  Idle: 374,  Running: 30,  Completed: 316 [  44m 14s  ] 
INFO:  Idle: 373,  Running: 30,  Completed: 317 [  44m 19s  ] 
INFO:  Idle: 372,  Running: 30,  Completed: 318 [  44m 27s  ] 
INFO:  Idle: 371,  Running: 30,  Completed: 319 [  44m 28s  ] 
INFO:  Idle: 370,  Running: 30,  Completed: 320 [  44m 35s  ] 
INFO:  Idle: 369,  Running: 30,  Completed: 321 [  44m 35s  ] 
INFO:  Idle: 368,  Running: 30,  Completed: 322 [  44m 36s  ] 
INFO:  Idle: 367,  Running: 30,  Completed: 323 [  44m 37s  ] 
INFO:  Idle: 366,  Running: 30,  Completed: 324 [  45m 11s  ] 
INFO:  Idle: 365,  Running: 30,  Completed: 325 [  45m 12s  ] 
INFO:  Idle: 364,  Running: 30,  Completed: 326 [  45m 24s  ] 
INFO:  Idle: 363,  Running: 30,  Completed: 327 [  45m 26s  ] 
INFO:  Idle: 362,  Running: 30,  Completed: 328 [  45m 52s  ] 
INFO:  Idle: 361,  Running: 30,  Completed: 329 [  46m 1s  ] 
INFO:  Idle: 360,  Running: 30,  Completed: 330 [  46m 21s  ] 
INFO:  Idle: 359,  Running: 30,  Completed: 331 [  46m 31s  ] 
INFO:  Idle: 358,  Running: 30,  Completed: 332 [  46m 36s  ] 
INFO:  Idle: 357,  Running: 30,  Completed: 333 [  46m 48s  ] 
INFO:  Idle: 356,  Running: 30,  Completed: 334 [  46m 51s  ] 
INFO:  Idle: 355,  Running: 30,  Completed: 335 [  46m 55s  ] 
INFO:  Idle: 354,  Running: 30,  Completed: 336 [  46m 56s  ] 
INFO:  Idle: 353,  Running: 30,  Completed: 337 [  46m 58s  ] 
INFO:  Idle: 352,  Running: 30,  Completed: 338 [  47m 2s  ] 
INFO:  Idle: 351,  Running: 30,  Completed: 339 [  47m 4s  ] 
INFO:  Idle: 350,  Running: 30,  Completed: 340 [  47m 5s  ] 
INFO:  Idle: 349,  Running: 30,  Completed: 341 [  47m 6s  ] 
INFO:  Idle: 348,  Running: 30,  Completed: 342 [  47m 8s  ] 
INFO:  Idle: 347,  Running: 30,  Completed: 343 [  47m 11s  ] 
INFO:  Idle: 345,  Running: 30,  Completed: 345 [  47m 15s  ] 
INFO:  Idle: 344,  Running: 30,  Completed: 346 [  47m 18s  ] 
INFO:  Idle: 343,  Running: 30,  Completed: 347 [  47m 18s  ] 
INFO:  Idle: 342,  Running: 30,  Completed: 348 [  47m 26s  ] 
INFO:  Idle: 341,  Running: 30,  Completed: 349 [  47m 27s  ] 
INFO:  Idle: 340,  Running: 30,  Completed: 350 [  47m 27s  ] 
INFO:  Idle: 339,  Running: 30,  Completed: 351 [  47m 27s  ] 
INFO:  Idle: 338,  Running: 30,  Completed: 352 [  47m 28s  ] 
INFO:  Idle: 337,  Running: 30,  Completed: 353 [  47m 29s  ] 
INFO:  Idle: 336,  Running: 30,  Completed: 354 [  47m 30s  ] 
INFO:  Idle: 335,  Running: 30,  Completed: 355 [  47m 32s  ] 
INFO:  Idle: 334,  Running: 30,  Completed: 356 [  47m 34s  ] 
INFO:  Idle: 333,  Running: 30,  Completed: 357 [  47m 35s  ] 
INFO:  Idle: 332,  Running: 30,  Completed: 358 [  47m 40s  ] 
INFO:  Idle: 331,  Running: 30,  Completed: 359 [  47m 41s  ] 
INFO:  Idle: 330,  Running: 30,  Completed: 360 [  47m 47s  ] 
INFO:  Idle: 329,  Running: 30,  Completed: 361 [  47m 48s  ] 
INFO:  Idle: 328,  Running: 30,  Completed: 362 [  47m 48s  ] 
INFO:  Idle: 327,  Running: 30,  Completed: 363 [  47m 49s  ] 
INFO:  Idle: 326,  Running: 30,  Completed: 364 [  47m 50s  ] 
INFO:  Idle: 325,  Running: 30,  Completed: 365 [  47m 50s  ] 
INFO:  Idle: 324,  Running: 30,  Completed: 366 [  47m 50s  ] 
INFO:  Idle: 323,  Running: 30,  Completed: 367 [  47m 50s  ] 
INFO:  Idle: 322,  Running: 30,  Completed: 368 [  47m 50s  ] 
INFO:  Idle: 321,  Running: 30,  Completed: 369 [  47m 51s  ] 
INFO:  Idle: 320,  Running: 30,  Completed: 370 [  47m 54s  ] 
INFO:  Idle: 319,  Running: 30,  Completed: 371 [  47m 56s  ] 
INFO:  Idle: 318,  Running: 30,  Completed: 372 [  47m 56s  ] 
INFO:  Idle: 317,  Running: 30,  Completed: 373 [  47m 57s  ] 
INFO:  Idle: 316,  Running: 30,  Completed: 374 [  47m 59s  ] 
INFO:  Idle: 315,  Running: 30,  Completed: 375 [  48m 1s  ] 
INFO:  Idle: 314,  Running: 30,  Completed: 376 [  48m 5s  ] 
INFO:  Idle: 313,  Running: 30,  Completed: 377 [  48m 6s  ] 
INFO:  Idle: 312,  Running: 30,  Completed: 378 [  48m 6s  ] 
INFO:  Idle: 311,  Running: 30,  Completed: 379 [  48m 9s  ] 
INFO:  Idle: 310,  Running: 30,  Completed: 380 [  48m 9s  ] 
INFO:  Idle: 309,  Running: 30,  Completed: 381 [  48m 9s  ] 
INFO:  Idle: 308,  Running: 30,  Completed: 382 [  48m 10s  ] 
INFO:  Idle: 307,  Running: 30,  Completed: 383 [  48m 11s  ] 
INFO:  Idle: 306,  Running: 30,  Completed: 384 [  48m 11s  ] 
INFO:  Idle: 305,  Running: 30,  Completed: 385 [  48m 12s  ] 
INFO:  Idle: 304,  Running: 30,  Completed: 386 [  48m 16s  ] 
INFO:  Idle: 303,  Running: 30,  Completed: 387 [  48m 17s  ] 
INFO:  Idle: 302,  Running: 30,  Completed: 388 [  48m 19s  ] 
INFO:  Idle: 301,  Running: 30,  Completed: 389 [  48m 20s  ] 
INFO:  Idle: 300,  Running: 30,  Completed: 390 [  48m 21s  ] 
INFO:  Idle: 299,  Running: 30,  Completed: 391 [  48m 23s  ] 
INFO:  Idle: 298,  Running: 30,  Completed: 392 [  48m 25s  ] 
INFO:  Idle: 297,  Running: 30,  Completed: 393 [  48m 27s  ] 
INFO:  Idle: 296,  Running: 30,  Completed: 394 [  48m 28s  ] 
INFO:  Idle: 295,  Running: 30,  Completed: 395 [  48m 30s  ] 
INFO:  Idle: 294,  Running: 30,  Completed: 396 [  48m 33s  ] 
INFO:  Idle: 293,  Running: 30,  Completed: 397 [  48m 37s  ] 
INFO:  Idle: 292,  Running: 30,  Completed: 398 [  48m 44s  ] 
INFO:  Idle: 291,  Running: 30,  Completed: 399 [  49m 6s  ] 
INFO:  Idle: 290,  Running: 30,  Completed: 400 [  49m 11s  ] 
INFO:  Idle: 289,  Running: 30,  Completed: 401 [  49m 16s  ] 
INFO:  Idle: 288,  Running: 30,  Completed: 402 [  49m 18s  ] 
INFO:  Idle: 287,  Running: 30,  Completed: 403 [  49m 36s  ] 
INFO:  Idle: 286,  Running: 30,  Completed: 404 [  49m 48s  ] 
INFO:  Idle: 285,  Running: 30,  Completed: 405 [  50m 48s  ] 
INFO:  Idle: 284,  Running: 30,  Completed: 406 [  50m 48s  ] 
INFO:  Idle: 283,  Running: 30,  Completed: 407 [  50m 49s  ] 
INFO:  Idle: 282,  Running: 30,  Completed: 408 [  50m 50s  ] 
INFO:  Idle: 281,  Running: 30,  Completed: 409 [  50m 53s  ] 
INFO:  Idle: 280,  Running: 30,  Completed: 410 [  50m 54s  ] 
INFO:  Idle: 279,  Running: 30,  Completed: 411 [  51m 11s  ] 
INFO:  Idle: 278,  Running: 30,  Completed: 412 [  51m 21s  ] 
INFO:  Idle: 277,  Running: 30,  Completed: 413 [  52m 2s  ] 
INFO:  Idle: 276,  Running: 30,  Completed: 414 [  52m 9s  ] 
INFO:  Idle: 275,  Running: 30,  Completed: 415 [  52m 13s  ] 
INFO:  Idle: 274,  Running: 30,  Completed: 416 [  52m 14s  ] 
INFO:  Idle: 273,  Running: 30,  Completed: 417 [  52m 18s  ] 
INFO:  Idle: 272,  Running: 30,  Completed: 418 [  52m 25s  ] 
INFO:  Idle: 271,  Running: 30,  Completed: 419 [  52m 26s  ] 
INFO:  Idle: 270,  Running: 30,  Completed: 420 [  52m 54s  ] 
INFO:  Idle: 269,  Running: 30,  Completed: 421 [  52m 54s  ] 
INFO:  Idle: 268,  Running: 30,  Completed: 422 [  52m 55s  ] 
INFO:  Idle: 267,  Running: 30,  Completed: 423 [  53m 17s  ] 
INFO:  Idle: 266,  Running: 30,  Completed: 424 [  53m 21s  ] 
INFO:  Idle: 265,  Running: 30,  Completed: 425 [  53m 31s  ] 
INFO:  Idle: 264,  Running: 30,  Completed: 426 [  53m 32s  ] 
INFO:  Idle: 263,  Running: 30,  Completed: 427 [  53m 35s  ] 
INFO:  Idle: 262,  Running: 30,  Completed: 428 [  53m 45s  ] 
INFO:  Idle: 261,  Running: 30,  Completed: 429 [  53m 51s  ] 
INFO:  Idle: 260,  Running: 30,  Completed: 430 [  54m 35s  ] 
INFO:  Idle: 259,  Running: 30,  Completed: 431 [  54m 37s  ] 
INFO:  Idle: 258,  Running: 30,  Completed: 432 [  54m 37s  ] 
INFO:  Idle: 257,  Running: 30,  Completed: 433 [  54m 44s  ] 
INFO:  Idle: 256,  Running: 30,  Completed: 434 [  55m 0s  ] 
INFO:  Idle: 255,  Running: 30,  Completed: 435 [  55m 5s  ] 
INFO:  Idle: 254,  Running: 30,  Completed: 436 [  55m 34s  ] 
INFO:  Idle: 253,  Running: 30,  Completed: 437 [  55m 35s  ] 
INFO:  Idle: 252,  Running: 30,  Completed: 438 [  55m 45s  ] 
INFO:  Idle: 251,  Running: 30,  Completed: 439 [  56m 15s  ] 
INFO:  Idle: 250,  Running: 30,  Completed: 440 [  56m 19s  ] 
INFO:  Idle: 249,  Running: 30,  Completed: 441 [  56m 21s  ] 
INFO:  Idle: 248,  Running: 30,  Completed: 442 [  56m 27s  ] 
INFO:  Idle: 247,  Running: 30,  Completed: 443 [  56m 32s  ] 
INFO:  Idle: 246,  Running: 30,  Completed: 444 [  56m 35s  ] 
INFO:  Idle: 245,  Running: 30,  Completed: 445 [  56m 38s  ] 
INFO:  Idle: 244,  Running: 30,  Completed: 446 [  56m 39s  ] 
INFO:  Idle: 243,  Running: 30,  Completed: 447 [  56m 53s  ] 
INFO:  Idle: 242,  Running: 30,  Completed: 448 [  57m 4s  ] 
INFO:  Idle: 241,  Running: 30,  Completed: 449 [  57m 17s  ] 
INFO:  Idle: 240,  Running: 30,  Completed: 450 [  57m 26s  ] 
INFO:  Idle: 239,  Running: 30,  Completed: 451 [  57m 36s  ] 
INFO:  Idle: 238,  Running: 30,  Completed: 452 [  57m 44s  ] 
INFO:  Idle: 237,  Running: 30,  Completed: 453 [  57m 44s  ] 
INFO:  Idle: 236,  Running: 30,  Completed: 454 [  58m 10s  ] 
INFO:  Idle: 235,  Running: 30,  Completed: 455 [  58m 22s  ] 
INFO:  Idle: 234,  Running: 30,  Completed: 456 [  58m 32s  ] 
INFO:  Idle: 233,  Running: 30,  Completed: 457 [  58m 58s  ] 
INFO:  Idle: 232,  Running: 30,  Completed: 458 [  58m 59s  ] 
INFO:  Idle: 231,  Running: 30,  Completed: 459 [  59m 4s  ] 
INFO:  Idle: 230,  Running: 30,  Completed: 460 [  59m 14s  ] 
INFO:  Idle: 229,  Running: 30,  Completed: 461 [  59m 17s  ] 
INFO:  Idle: 228,  Running: 30,  Completed: 462 [  59m 18s  ] 
INFO:  Idle: 227,  Running: 30,  Completed: 463 [  59m 23s  ] 
INFO:  Idle: 226,  Running: 30,  Completed: 464 [  59m 51s  ] 
INFO:  Idle: 225,  Running: 30,  Completed: 465 [  1h 0m  ] 
INFO:  Idle: 224,  Running: 30,  Completed: 466 [  1h 0m  ] 
INFO:  Idle: 223,  Running: 30,  Completed: 467 [  1h 0m  ] 
INFO:  Idle: 222,  Running: 30,  Completed: 468 [  1h 0m  ] 
INFO:  Idle: 221,  Running: 30,  Completed: 469 [  1h 0m  ] 
INFO:  Idle: 220,  Running: 30,  Completed: 470 [  1h 0m  ] 
INFO:  Idle: 219,  Running: 30,  Completed: 471 [  1h 0m  ] 
INFO:  Idle: 218,  Running: 30,  Completed: 472 [  1h 0m  ] 
INFO:  Idle: 217,  Running: 30,  Completed: 473 [  1h 0m  ] 
INFO:  Idle: 216,  Running: 30,  Completed: 474 [  1h 0m  ] 
INFO:  Idle: 215,  Running: 30,  Completed: 475 [  1h 0m  ] 
INFO:  Idle: 214,  Running: 30,  Completed: 476 [  1h 0m  ] 
INFO:  Idle: 213,  Running: 30,  Completed: 477 [  1h 1m  ] 
INFO:  Idle: 212,  Running: 30,  Completed: 478 [  1h 1m  ] 
INFO:  Idle: 211,  Running: 30,  Completed: 479 [  1h 1m  ] 
INFO:  Idle: 210,  Running: 30,  Completed: 480 [  1h 1m  ] 
INFO:  Idle: 209,  Running: 30,  Completed: 481 [  1h 1m  ] 
INFO:  Idle: 208,  Running: 30,  Completed: 482 [  1h 2m  ] 
INFO:  Idle: 207,  Running: 30,  Completed: 483 [  1h 2m  ] 
INFO:  Idle: 206,  Running: 30,  Completed: 484 [  1h 2m  ] 
INFO:  Idle: 205,  Running: 30,  Completed: 485 [  1h 2m  ] 
INFO:  Idle: 204,  Running: 30,  Completed: 486 [  1h 3m  ] 
INFO:  Idle: 203,  Running: 30,  Completed: 487 [  1h 3m  ] 
INFO:  Idle: 202,  Running: 30,  Completed: 488 [  1h 3m  ] 
INFO:  Idle: 201,  Running: 30,  Completed: 489 [  1h 3m  ] 
INFO:  Idle: 200,  Running: 30,  Completed: 490 [  1h 3m  ] 
INFO:  Idle: 199,  Running: 30,  Completed: 491 [  1h 4m  ] 
INFO:  Idle: 198,  Running: 30,  Completed: 492 [  1h 4m  ] 
INFO:  Idle: 197,  Running: 30,  Completed: 493 [  1h 4m  ] 
INFO:  Idle: 195,  Running: 30,  Completed: 495 [  1h 4m  ] 
INFO:  Idle: 194,  Running: 30,  Completed: 496 [  1h 4m  ] 
INFO:  Idle: 193,  Running: 30,  Completed: 497 [  1h 4m  ] 
INFO:  Idle: 192,  Running: 30,  Completed: 498 [  1h 4m  ] 
INFO:  Idle: 191,  Running: 30,  Completed: 499 [  1h 4m  ] 
INFO:  Idle: 190,  Running: 30,  Completed: 500 [  1h 4m  ] 
INFO:  Idle: 189,  Running: 30,  Completed: 501 [  1h 4m  ] 
INFO:  Idle: 188,  Running: 30,  Completed: 502 [  1h 5m  ] 
INFO:  Idle: 187,  Running: 30,  Completed: 503 [  1h 5m  ] 
INFO:  Idle: 186,  Running: 30,  Completed: 504 [  1h 5m  ] 
INFO:  Idle: 185,  Running: 30,  Completed: 505 [  1h 5m  ] 
INFO:  Idle: 184,  Running: 30,  Completed: 506 [  1h 5m  ] 
INFO:  Idle: 183,  Running: 30,  Completed: 507 [  1h 6m  ] 
INFO:  Idle: 182,  Running: 30,  Completed: 508 [  1h 6m  ] 
INFO:  Idle: 181,  Running: 30,  Completed: 509 [  1h 6m  ] 
INFO:  Idle: 180,  Running: 30,  Completed: 510 [  1h 6m  ] 
INFO:  Idle: 179,  Running: 30,  Completed: 511 [  1h 6m  ] 
INFO:  Idle: 178,  Running: 30,  Completed: 512 [  1h 6m  ] 
INFO:  Idle: 177,  Running: 30,  Completed: 513 [  1h 6m  ] 
INFO:  Idle: 176,  Running: 30,  Completed: 514 [  1h 7m  ] 
INFO:  Idle: 175,  Running: 30,  Completed: 515 [  1h 7m  ] 
INFO:  Idle: 174,  Running: 30,  Completed: 516 [  1h 8m  ] 
INFO:  Idle: 173,  Running: 30,  Completed: 517 [  1h 8m  ] 
INFO:  Idle: 172,  Running: 30,  Completed: 518 [  1h 8m  ] 
INFO:  Idle: 171,  Running: 30,  Completed: 519 [  1h 8m  ] 
INFO:  Idle: 170,  Running: 30,  Completed: 520 [  1h 8m  ] 
INFO:  Idle: 169,  Running: 30,  Completed: 521 [  1h 8m  ] 
INFO:  Idle: 168,  Running: 30,  Completed: 522 [  1h 8m  ] 
INFO:  Idle: 167,  Running: 30,  Completed: 523 [  1h 8m  ] 
INFO:  Idle: 166,  Running: 30,  Completed: 524 [  1h 8m  ] 
INFO:  Idle: 165,  Running: 30,  Completed: 525 [  1h 8m  ] 
INFO:  Idle: 164,  Running: 30,  Completed: 526 [  1h 8m  ] 
INFO:  Idle: 163,  Running: 30,  Completed: 527 [  1h 9m  ] 
INFO:  Idle: 162,  Running: 30,  Completed: 528 [  1h 9m  ] 
INFO:  Idle: 161,  Running: 30,  Completed: 529 [  1h 9m  ] 
INFO:  Idle: 160,  Running: 30,  Completed: 530 [  1h 9m  ] 
INFO:  Idle: 159,  Running: 30,  Completed: 531 [  1h 9m  ] 
INFO:  Idle: 158,  Running: 30,  Completed: 532 [  1h 9m  ] 
INFO:  Idle: 157,  Running: 30,  Completed: 533 [  1h 10m  ] 
INFO:  Idle: 156,  Running: 30,  Completed: 534 [  1h 11m  ] 
INFO:  Idle: 155,  Running: 30,  Completed: 535 [  1h 11m  ] 
INFO:  Idle: 154,  Running: 30,  Completed: 536 [  1h 11m  ] 
INFO:  Idle: 153,  Running: 30,  Completed: 537 [  1h 11m  ] 
INFO:  Idle: 152,  Running: 30,  Completed: 538 [  1h 11m  ] 
INFO:  Idle: 151,  Running: 30,  Completed: 539 [  1h 11m  ] 
INFO:  Idle: 150,  Running: 30,  Completed: 540 [  1h 11m  ] 
INFO:  Idle: 149,  Running: 30,  Completed: 541 [  1h 11m  ] 
INFO:  Idle: 148,  Running: 30,  Completed: 542 [  1h 11m  ] 
INFO:  Idle: 147,  Running: 30,  Completed: 543 [  1h 11m  ] 
INFO:  Idle: 146,  Running: 30,  Completed: 544 [  1h 12m  ] 
INFO:  Idle: 145,  Running: 30,  Completed: 545 [  1h 12m  ] 
INFO:  Idle: 144,  Running: 30,  Completed: 546 [  1h 12m  ] 
INFO:  Idle: 143,  Running: 30,  Completed: 547 [  1h 12m  ] 
INFO:  Idle: 142,  Running: 30,  Completed: 548 [  1h 12m  ] 
INFO:  Idle: 141,  Running: 30,  Completed: 549 [  1h 13m  ] 
INFO:  Idle: 140,  Running: 30,  Completed: 550 [  1h 13m  ] 
INFO:  Idle: 139,  Running: 30,  Completed: 551 [  1h 13m  ] 
INFO:  Idle: 138,  Running: 30,  Completed: 552 [  1h 13m  ] 
INFO:  Idle: 137,  Running: 30,  Completed: 553 [  1h 13m  ] 
INFO:  Idle: 136,  Running: 30,  Completed: 554 [  1h 13m  ] 
INFO:  Idle: 135,  Running: 30,  Completed: 555 [  1h 13m  ] 
INFO:  Idle: 134,  Running: 30,  Completed: 556 [  1h 13m  ] 
INFO:  Idle: 133,  Running: 30,  Completed: 557 [  1h 14m  ] 
INFO:  Idle: 132,  Running: 30,  Completed: 558 [  1h 14m  ] 
INFO:  Idle: 131,  Running: 30,  Completed: 559 [  1h 14m  ] 
INFO:  Idle: 130,  Running: 30,  Completed: 560 [  1h 14m  ] 
INFO:  Idle: 129,  Running: 30,  Completed: 561 [  1h 14m  ] 
INFO:  Idle: 128,  Running: 30,  Completed: 562 [  1h 15m  ] 
INFO:  Idle: 127,  Running: 30,  Completed: 563 [  1h 15m  ] 
INFO:  Idle: 126,  Running: 30,  Completed: 564 [  1h 16m  ] 
INFO:  Idle: 125,  Running: 30,  Completed: 565 [  1h 16m  ] 
INFO:  Idle: 124,  Running: 30,  Completed: 566 [  1h 16m  ] 
INFO:  Idle: 123,  Running: 30,  Completed: 567 [  1h 16m  ] 
INFO:  Idle: 122,  Running: 30,  Completed: 568 [  1h 16m  ] 
INFO:  Idle: 121,  Running: 30,  Completed: 569 [  1h 16m  ] 
INFO:  Idle: 120,  Running: 30,  Completed: 570 [  1h 16m  ] 
INFO:  Idle: 119,  Running: 30,  Completed: 571 [  1h 16m  ] 
INFO:  Idle: 118,  Running: 30,  Completed: 572 [  1h 17m  ] 
INFO:  Idle: 117,  Running: 30,  Completed: 573 [  1h 17m  ] 
INFO:  Idle: 116,  Running: 30,  Completed: 574 [  1h 17m  ] 
INFO:  Idle: 115,  Running: 30,  Completed: 575 [  1h 17m  ] 
INFO:  Idle: 114,  Running: 30,  Completed: 576 [  1h 18m  ] 
INFO:  Idle: 113,  Running: 30,  Completed: 577 [  1h 18m  ] 
INFO:  Idle: 112,  Running: 30,  Completed: 578 [  1h 18m  ] 
INFO:  Idle: 111,  Running: 30,  Completed: 579 [  1h 18m  ] 
INFO:  Idle: 110,  Running: 30,  Completed: 580 [  1h 18m  ] 
INFO:  Idle: 109,  Running: 30,  Completed: 581 [  1h 19m  ] 
INFO:  Idle: 108,  Running: 30,  Completed: 582 [  1h 19m  ] 
INFO:  Idle: 107,  Running: 30,  Completed: 583 [  1h 19m  ] 
INFO:  Idle: 106,  Running: 30,  Completed: 584 [  1h 19m  ] 
INFO:  Idle: 105,  Running: 30,  Completed: 585 [  1h 19m  ] 
INFO:  Idle: 104,  Running: 30,  Completed: 586 [  1h 19m  ] 
INFO:  Idle: 103,  Running: 30,  Completed: 587 [  1h 19m  ] 
INFO:  Idle: 102,  Running: 30,  Completed: 588 [  1h 19m  ] 
INFO:  Idle: 101,  Running: 30,  Completed: 589 [  1h 19m  ] 
INFO:  Idle: 100,  Running: 30,  Completed: 590 [  1h 19m  ] 
INFO:  Idle: 99,  Running: 30,  Completed: 591 [  1h 19m  ] 
INFO:  Idle: 98,  Running: 30,  Completed: 592 [  1h 19m  ] 
INFO:  Idle: 97,  Running: 30,  Completed: 593 [  1h 19m  ] 
INFO:  Idle: 96,  Running: 30,  Completed: 594 [  1h 20m  ] 
INFO:  Idle: 95,  Running: 30,  Completed: 595 [  1h 20m  ] 
INFO:  Idle: 94,  Running: 30,  Completed: 596 [  1h 21m  ] 
INFO:  Idle: 93,  Running: 30,  Completed: 597 [  1h 21m  ] 
INFO:  Idle: 92,  Running: 30,  Completed: 598 [  1h 21m  ] 
INFO:  Idle: 91,  Running: 30,  Completed: 599 [  1h 21m  ] 
INFO:  Idle: 90,  Running: 30,  Completed: 600 [  1h 21m  ] 
INFO:  Idle: 89,  Running: 30,  Completed: 601 [  1h 22m  ] 
INFO:  Idle: 88,  Running: 30,  Completed: 602 [  1h 22m  ] 
INFO:  Idle: 87,  Running: 30,  Completed: 603 [  1h 22m  ] 
INFO:  Idle: 86,  Running: 30,  Completed: 604 [  1h 22m  ] 
INFO:  Idle: 85,  Running: 30,  Completed: 605 [  1h 22m  ] 
INFO:  Idle: 84,  Running: 30,  Completed: 606 [  1h 22m  ] 
INFO:  Idle: 83,  Running: 30,  Completed: 607 [  1h 22m  ] 
INFO:  Idle: 82,  Running: 30,  Completed: 608 [  1h 22m  ] 
INFO:  Idle: 81,  Running: 30,  Completed: 609 [  1h 22m  ] 
INFO:  Idle: 80,  Running: 30,  Completed: 610 [  1h 22m  ] 
INFO:  Idle: 79,  Running: 30,  Completed: 611 [  1h 22m  ] 
INFO:  Idle: 78,  Running: 30,  Completed: 612 [  1h 22m  ] 
INFO:  Idle: 77,  Running: 30,  Completed: 613 [  1h 22m  ] 
INFO:  Idle: 76,  Running: 30,  Completed: 614 [  1h 22m  ] 
INFO:  Idle: 75,  Running: 30,  Completed: 615 [  1h 23m  ] 
INFO:  Idle: 74,  Running: 30,  Completed: 616 [  1h 24m  ] 
INFO:  Idle: 73,  Running: 30,  Completed: 617 [  1h 24m  ] 
INFO:  Idle: 72,  Running: 30,  Completed: 618 [  1h 25m  ] 
INFO:  Idle: 71,  Running: 30,  Completed: 619 [  1h 25m  ] 
INFO:  Idle: 70,  Running: 30,  Completed: 620 [  1h 25m  ] 
INFO:  Idle: 69,  Running: 30,  Completed: 621 [  1h 25m  ] 
INFO:  Idle: 68,  Running: 30,  Completed: 622 [  1h 26m  ] 
INFO:  Idle: 67,  Running: 30,  Completed: 623 [  1h 26m  ] 
INFO:  Idle: 66,  Running: 30,  Completed: 624 [  1h 26m  ] 
INFO:  Idle: 65,  Running: 30,  Completed: 625 [  1h 26m  ] 
INFO:  Idle: 64,  Running: 30,  Completed: 626 [  1h 26m  ] 
INFO:  Idle: 63,  Running: 30,  Completed: 627 [  1h 26m  ] 
INFO:  Idle: 62,  Running: 30,  Completed: 628 [  1h 26m  ] 
INFO:  Idle: 61,  Running: 30,  Completed: 629 [  1h 26m  ] 
INFO:  Idle: 60,  Running: 30,  Completed: 630 [  1h 26m  ] 
INFO:  Idle: 59,  Running: 30,  Completed: 631 [  1h 27m  ] 
INFO:  Idle: 58,  Running: 30,  Completed: 632 [  1h 27m  ] 
INFO:  Idle: 57,  Running: 30,  Completed: 633 [  1h 27m  ] 
INFO:  Idle: 56,  Running: 30,  Completed: 634 [  1h 27m  ] 
INFO:  Idle: 55,  Running: 30,  Completed: 635 [  1h 27m  ] 
INFO:  Idle: 54,  Running: 30,  Completed: 636 [  1h 27m  ] 
INFO:  Idle: 53,  Running: 30,  Completed: 637 [  1h 28m  ] 
INFO:  Idle: 52,  Running: 30,  Completed: 638 [  1h 28m  ] 
INFO:  Idle: 51,  Running: 30,  Completed: 639 [  1h 28m  ] 
INFO:  Idle: 50,  Running: 30,  Completed: 640 [  1h 28m  ] 
INFO:  Idle: 49,  Running: 30,  Completed: 641 [  1h 28m  ] 
INFO:  Idle: 48,  Running: 30,  Completed: 642 [  1h 28m  ] 
INFO:  Idle: 47,  Running: 30,  Completed: 643 [  1h 28m  ] 
INFO:  Idle: 46,  Running: 30,  Completed: 644 [  1h 28m  ] 
INFO:  Idle: 45,  Running: 30,  Completed: 645 [  1h 28m  ] 
INFO:  Idle: 44,  Running: 30,  Completed: 646 [  1h 28m  ] 
INFO:  Idle: 43,  Running: 30,  Completed: 647 [  1h 29m  ] 
INFO:  Idle: 42,  Running: 30,  Completed: 648 [  1h 29m  ] 
INFO:  Idle: 41,  Running: 30,  Completed: 649 [  1h 29m  ] 
INFO:  Idle: 40,  Running: 30,  Completed: 650 [  1h 29m  ] 
INFO:  Idle: 39,  Running: 30,  Completed: 651 [  1h 30m  ] 
INFO:  Idle: 38,  Running: 30,  Completed: 652 [  1h 30m  ] 
INFO:  Idle: 37,  Running: 30,  Completed: 653 [  1h 30m  ] 
INFO:  Idle: 36,  Running: 30,  Completed: 654 [  1h 30m  ] 
INFO:  Idle: 35,  Running: 30,  Completed: 655 [  1h 30m  ] 
INFO:  Idle: 34,  Running: 30,  Completed: 656 [  1h 30m  ] 
INFO:  Idle: 33,  Running: 30,  Completed: 657 [  1h 31m  ] 
INFO:  Idle: 32,  Running: 30,  Completed: 658 [  1h 31m  ] 
INFO:  Idle: 31,  Running: 30,  Completed: 659 [  1h 31m  ] 
INFO:  Idle: 30,  Running: 30,  Completed: 660 [  1h 31m  ] 
INFO:  Idle: 29,  Running: 30,  Completed: 661 [  1h 31m  ] 
INFO:  Idle: 28,  Running: 30,  Completed: 662 [  1h 31m  ] 
INFO:  Idle: 27,  Running: 30,  Completed: 663 [  1h 31m  ] 
INFO:  Idle: 26,  Running: 30,  Completed: 664 [  1h 31m  ] 
INFO:  Idle: 25,  Running: 30,  Completed: 665 [  1h 31m  ] 
INFO:  Idle: 24,  Running: 30,  Completed: 666 [  1h 31m  ] 
INFO:  Idle: 23,  Running: 30,  Completed: 667 [  1h 31m  ] 
INFO:  Idle: 22,  Running: 30,  Completed: 668 [  1h 31m  ] 
INFO:  Idle: 21,  Running: 30,  Completed: 669 [  1h 33m  ] 
INFO:  Idle: 20,  Running: 30,  Completed: 670 [  1h 33m  ] 
INFO:  Idle: 19,  Running: 30,  Completed: 671 [  1h 33m  ] 
INFO:  Idle: 18,  Running: 30,  Completed: 672 [  1h 33m  ] 
INFO:  Idle: 17,  Running: 30,  Completed: 673 [  1h 33m  ] 
INFO:  Idle: 16,  Running: 30,  Completed: 674 [  1h 33m  ] 
INFO:  Idle: 15,  Running: 30,  Completed: 675 [  1h 34m  ] 
INFO:  Idle: 14,  Running: 30,  Completed: 676 [  1h 34m  ] 
INFO:  Idle: 13,  Running: 30,  Completed: 677 [  1h 34m  ] 
INFO:  Idle: 12,  Running: 30,  Completed: 678 [  1h 34m  ] 
INFO:  Idle: 11,  Running: 30,  Completed: 679 [  1h 34m  ] 
INFO:  Idle: 10,  Running: 30,  Completed: 680 [  1h 34m  ] 
INFO:  Idle: 9,  Running: 30,  Completed: 681 [  1h 34m  ] 
INFO:  Idle: 8,  Running: 30,  Completed: 682 [  1h 34m  ] 
INFO:  Idle: 7,  Running: 30,  Completed: 683 [  1h 34m  ] 
INFO:  Idle: 6,  Running: 30,  Completed: 684 [  1h 34m  ] 
INFO:  Idle: 5,  Running: 30,  Completed: 685 [  1h 35m  ] 
INFO:  Idle: 4,  Running: 30,  Completed: 686 [  1h 35m  ] 
INFO:  Idle: 3,  Running: 30,  Completed: 687 [  1h 36m  ] 
INFO:  Idle: 2,  Running: 30,  Completed: 688 [  1h 36m  ] 
INFO:  Idle: 1,  Running: 30,  Completed: 689 [  1h 36m  ] 
INFO:  Idle: 0,  Running: 30,  Completed: 690 [  1h 36m  ] 
INFO:  Idle: 0,  Running: 29,  Completed: 691 [  1h 36m  ] 
INFO:  Idle: 0,  Running: 28,  Completed: 692 [  1h 36m  ] 
INFO:  Idle: 0,  Running: 27,  Completed: 693 [  1h 36m  ] 
INFO:  Idle: 0,  Running: 26,  Completed: 694 [  1h 36m  ] 
INFO:  Idle: 0,  Running: 25,  Completed: 695 [  1h 36m  ] 
INFO:  Idle: 0,  Running: 24,  Completed: 696 [  1h 36m  ] 
INFO:  Idle: 0,  Running: 23,  Completed: 697 [  1h 36m  ] 
INFO:  Idle: 0,  Running: 22,  Completed: 698 [  1h 36m  ] 
INFO:  Idle: 0,  Running: 21,  Completed: 699 [  1h 36m  ] 
INFO:  Idle: 0,  Running: 20,  Completed: 700 [  1h 37m  ] 
INFO:  Idle: 0,  Running: 19,  Completed: 701 [  1h 37m  ] 
INFO:  Idle: 0,  Running: 18,  Completed: 702 [  1h 37m  ] 
INFO:  Idle: 0,  Running: 17,  Completed: 703 [  1h 37m  ] 
INFO:  Idle: 0,  Running: 16,  Completed: 704 [  1h 37m  ] 
INFO:  Idle: 0,  Running: 15,  Completed: 705 [  1h 37m  ] 
INFO:  Idle: 0,  Running: 14,  Completed: 706 [  1h 37m  ] 
INFO:  Idle: 0,  Running: 13,  Completed: 707 [  1h 37m  ] 
INFO:  Idle: 0,  Running: 12,  Completed: 708 [  1h 38m  ] 
INFO:  Idle: 0,  Running: 11,  Completed: 709 [  1h 38m  ] 
INFO:  Idle: 0,  Running: 10,  Completed: 710 [  1h 38m  ] 
INFO:  Idle: 0,  Running: 9,  Completed: 711 [  1h 38m  ] 
INFO:  Idle: 0,  Running: 8,  Completed: 712 [  1h 38m  ] 
INFO:  Idle: 0,  Running: 7,  Completed: 713 [  1h 38m  ] 
INFO:  Idle: 0,  Running: 6,  Completed: 714 [  1h 39m  ] 
INFO:  Idle: 0,  Running: 5,  Completed: 715 [  1h 39m  ] 
INFO:  Idle: 0,  Running: 4,  Completed: 716 [  1h 39m  ] 
INFO:  Idle: 0,  Running: 3,  Completed: 717 [  1h 40m  ] 
INFO:  Idle: 0,  Running: 2,  Completed: 718 [  1h 58m  ] 
INFO:  Idle: 0,  Running: 1,  Completed: 719 [  2h 1m  ] 
INFO:  Idle: 0,  Running: 0,  Completed: 720 [  2h 13m  ] 
INFO: Updating the number of unweighted events per channel

      Intermediate results:
      Random seed: 33
      Total cross section:      1.158e+02 +- 1.5e-01 pb
      Total abs(cross section): 2.100e+02 +- 1.6e-01 pb 

 
INFO: Generating events 
INFO:  Idle: 259,  Running: 30,  Completed: 15 [ current time: 12h27 ] 
INFO:  Idle: 258,  Running: 30,  Completed: 16 [  0.069s  ] 
INFO:  Idle: 257,  Running: 30,  Completed: 17 [  1.7s  ] 
INFO:  Idle: 256,  Running: 30,  Completed: 18 [  1.9s  ] 
INFO:  Idle: 254,  Running: 30,  Completed: 20 [  2.4s  ] 
INFO:  Idle: 253,  Running: 30,  Completed: 21 [  2.6s  ] 
INFO:  Idle: 252,  Running: 30,  Completed: 22 [  3.8s  ] 
INFO:  Idle: 251,  Running: 30,  Completed: 23 [  4.3s  ] 
INFO:  Idle: 250,  Running: 30,  Completed: 24 [  4.3s  ] 
INFO:  Idle: 248,  Running: 30,  Completed: 26 [  4.8s  ] 
INFO:  Idle: 247,  Running: 30,  Completed: 27 [  5.9s  ] 
INFO:  Idle: 246,  Running: 30,  Completed: 28 [  5.9s  ] 
INFO:  Idle: 245,  Running: 30,  Completed: 29 [  5.9s  ] 
INFO:  Idle: 243,  Running: 30,  Completed: 31 [  6.7s  ] 
INFO:  Idle: 242,  Running: 30,  Completed: 32 [  6.9s  ] 
INFO:  Idle: 241,  Running: 30,  Completed: 33 [  6.9s  ] 
INFO:  Idle: 240,  Running: 30,  Completed: 34 [  7.1s  ] 
INFO:  Idle: 239,  Running: 30,  Completed: 35 [  7.1s  ] 
INFO:  Idle: 237,  Running: 30,  Completed: 37 [  7.3s  ] 
INFO:  Idle: 236,  Running: 30,  Completed: 38 [  7.5s  ] 
INFO:  Idle: 235,  Running: 30,  Completed: 39 [  7.7s  ] 
INFO:  Idle: 234,  Running: 30,  Completed: 40 [  7.7s  ] 
INFO:  Idle: 233,  Running: 30,  Completed: 41 [  8.3s  ] 
INFO:  Idle: 232,  Running: 30,  Completed: 42 [  8.3s  ] 
INFO:  Idle: 231,  Running: 30,  Completed: 43 [  8.4s  ] 
INFO:  Idle: 230,  Running: 30,  Completed: 44 [  8.5s  ] 
INFO:  Idle: 229,  Running: 30,  Completed: 45 [  8.7s  ] 
INFO:  Idle: 228,  Running: 30,  Completed: 46 [  8.8s  ] 
INFO:  Idle: 227,  Running: 30,  Completed: 47 [  8.8s  ] 
INFO:  Idle: 226,  Running: 30,  Completed: 48 [  9s  ] 
INFO:  Idle: 225,  Running: 30,  Completed: 49 [  9.1s  ] 
INFO:  Idle: 224,  Running: 30,  Completed: 50 [  9.1s  ] 
INFO:  Idle: 223,  Running: 30,  Completed: 51 [  9.8s  ] 
INFO:  Idle: 222,  Running: 30,  Completed: 52 [  9.8s  ] 
INFO:  Idle: 221,  Running: 30,  Completed: 53 [  10s  ] 
INFO:  Idle: 220,  Running: 30,  Completed: 54 [  10.1s  ] 
INFO:  Idle: 219,  Running: 30,  Completed: 55 [  10.2s  ] 
INFO:  Idle: 218,  Running: 30,  Completed: 56 [  10.2s  ] 
INFO:  Idle: 217,  Running: 30,  Completed: 57 [  10.3s  ] 
INFO:  Idle: 216,  Running: 30,  Completed: 58 [  10.5s  ] 
INFO:  Idle: 215,  Running: 30,  Completed: 59 [  10.5s  ] 
INFO:  Idle: 212,  Running: 30,  Completed: 62 [  10.6s  ] 
INFO:  Idle: 211,  Running: 30,  Completed: 63 [  10.7s  ] 
INFO:  Idle: 210,  Running: 30,  Completed: 64 [  10.7s  ] 
INFO:  Idle: 209,  Running: 30,  Completed: 65 [  10.8s  ] 
INFO:  Idle: 206,  Running: 30,  Completed: 68 [  11s  ] 
INFO:  Idle: 203,  Running: 30,  Completed: 71 [  11.1s  ] 
INFO:  Idle: 201,  Running: 30,  Completed: 73 [  11.3s  ] 
INFO:  Idle: 200,  Running: 30,  Completed: 74 [  11.3s  ] 
INFO:  Idle: 197,  Running: 30,  Completed: 77 [  11.4s  ] 
INFO:  Idle: 196,  Running: 30,  Completed: 78 [  11.5s  ] 
INFO:  Idle: 195,  Running: 30,  Completed: 79 [  11.8s  ] 
INFO:  Idle: 194,  Running: 30,  Completed: 80 [  11.9s  ] 
INFO:  Idle: 193,  Running: 30,  Completed: 81 [  11.9s  ] 
INFO:  Idle: 191,  Running: 30,  Completed: 83 [  12.1s  ] 
INFO:  Idle: 189,  Running: 30,  Completed: 85 [  12.2s  ] 
INFO:  Idle: 188,  Running: 30,  Completed: 86 [  12.3s  ] 
INFO:  Idle: 187,  Running: 30,  Completed: 87 [  12.3s  ] 
INFO:  Idle: 186,  Running: 30,  Completed: 88 [  12.4s  ] 
INFO:  Idle: 185,  Running: 30,  Completed: 89 [  12.4s  ] 
INFO:  Idle: 184,  Running: 30,  Completed: 90 [  12.5s  ] 
INFO:  Idle: 183,  Running: 30,  Completed: 91 [  12.7s  ] 
INFO:  Idle: 182,  Running: 30,  Completed: 92 [  12.8s  ] 
INFO:  Idle: 181,  Running: 30,  Completed: 93 [  12.9s  ] 
INFO:  Idle: 180,  Running: 30,  Completed: 94 [  12.9s  ] 
INFO:  Idle: 179,  Running: 30,  Completed: 95 [  13.1s  ] 
INFO:  Idle: 178,  Running: 30,  Completed: 96 [  13.3s  ] 
INFO:  Idle: 177,  Running: 30,  Completed: 97 [  13.4s  ] 
INFO:  Idle: 176,  Running: 30,  Completed: 98 [  13.4s  ] 
INFO:  Idle: 175,  Running: 30,  Completed: 99 [  13.7s  ] 
INFO:  Idle: 173,  Running: 30,  Completed: 101 [  13.8s  ] 
INFO:  Idle: 171,  Running: 30,  Completed: 103 [  13.9s  ] 
INFO:  Idle: 166,  Running: 30,  Completed: 108 [  14.2s  ] 
INFO:  Idle: 165,  Running: 30,  Completed: 109 [  14.2s  ] 
INFO:  Idle: 162,  Running: 30,  Completed: 112 [  14.3s  ] 
INFO:  Idle: 161,  Running: 30,  Completed: 113 [  14.4s  ] 
INFO:  Idle: 160,  Running: 30,  Completed: 114 [  14.5s  ] 
INFO:  Idle: 159,  Running: 30,  Completed: 115 [  14.6s  ] 
INFO:  Idle: 158,  Running: 30,  Completed: 116 [  14.6s  ] 
INFO:  Idle: 156,  Running: 30,  Completed: 118 [  14.7s  ] 
INFO:  Idle: 155,  Running: 30,  Completed: 119 [  14.7s  ] 
INFO:  Idle: 154,  Running: 30,  Completed: 120 [  14.7s  ] 
INFO:  Idle: 152,  Running: 30,  Completed: 122 [  14.9s  ] 
INFO:  Idle: 151,  Running: 30,  Completed: 123 [  14.9s  ] 
INFO:  Idle: 150,  Running: 30,  Completed: 124 [  14.9s  ] 
INFO:  Idle: 149,  Running: 30,  Completed: 125 [  15.1s  ] 
INFO:  Idle: 147,  Running: 30,  Completed: 127 [  15.1s  ] 
INFO:  Idle: 146,  Running: 30,  Completed: 128 [  15.2s  ] 
INFO:  Idle: 144,  Running: 30,  Completed: 130 [  15.2s  ] 
INFO:  Idle: 142,  Running: 30,  Completed: 132 [  15.4s  ] 
INFO:  Idle: 141,  Running: 30,  Completed: 133 [  15.4s  ] 
INFO:  Idle: 140,  Running: 30,  Completed: 134 [  15.5s  ] 
INFO:  Idle: 139,  Running: 30,  Completed: 135 [  15.5s  ] 
INFO:  Idle: 138,  Running: 30,  Completed: 136 [  15.5s  ] 
INFO:  Idle: 137,  Running: 30,  Completed: 137 [  15.5s  ] 
INFO:  Idle: 136,  Running: 30,  Completed: 138 [  15.5s  ] 
INFO:  Idle: 132,  Running: 30,  Completed: 142 [  15.6s  ] 
INFO:  Idle: 131,  Running: 30,  Completed: 143 [  15.6s  ] 
INFO:  Idle: 129,  Running: 30,  Completed: 145 [  15.6s  ] 
INFO:  Idle: 128,  Running: 30,  Completed: 146 [  15.7s  ] 
INFO:  Idle: 126,  Running: 30,  Completed: 148 [  15.8s  ] 
INFO:  Idle: 125,  Running: 30,  Completed: 149 [  15.8s  ] 
INFO:  Idle: 124,  Running: 30,  Completed: 150 [  15.9s  ] 
INFO:  Idle: 123,  Running: 30,  Completed: 151 [  15.9s  ] 
INFO:  Idle: 122,  Running: 30,  Completed: 152 [  16s  ] 
INFO:  Idle: 120,  Running: 30,  Completed: 154 [  16s  ] 
INFO:  Idle: 119,  Running: 30,  Completed: 155 [  16s  ] 
INFO:  Idle: 118,  Running: 30,  Completed: 156 [  16.1s  ] 
INFO:  Idle: 117,  Running: 30,  Completed: 157 [  16.1s  ] 
INFO:  Idle: 116,  Running: 30,  Completed: 158 [  16.1s  ] 
INFO:  Idle: 115,  Running: 30,  Completed: 159 [  16.2s  ] 
INFO:  Idle: 114,  Running: 30,  Completed: 160 [  16.2s  ] 
INFO:  Idle: 113,  Running: 30,  Completed: 161 [  16.2s  ] 
INFO:  Idle: 111,  Running: 30,  Completed: 163 [  16.3s  ] 
INFO:  Idle: 110,  Running: 30,  Completed: 164 [  16.3s  ] 
INFO:  Idle: 109,  Running: 30,  Completed: 165 [  16.3s  ] 
INFO:  Idle: 108,  Running: 30,  Completed: 166 [  16.4s  ] 
INFO:  Idle: 107,  Running: 30,  Completed: 167 [  16.4s  ] 
INFO:  Idle: 106,  Running: 30,  Completed: 168 [  16.4s  ] 
INFO:  Idle: 103,  Running: 30,  Completed: 171 [  16.5s  ] 
INFO:  Idle: 101,  Running: 30,  Completed: 173 [  16.5s  ] 
INFO:  Idle: 97,  Running: 30,  Completed: 177 [  16.6s  ] 
INFO:  Idle: 96,  Running: 30,  Completed: 178 [  16.6s  ] 
INFO:  Idle: 94,  Running: 30,  Completed: 180 [  16.7s  ] 
INFO:  Idle: 92,  Running: 30,  Completed: 182 [  16.7s  ] 
INFO:  Idle: 91,  Running: 30,  Completed: 183 [  16.7s  ] 
INFO:  Idle: 90,  Running: 30,  Completed: 184 [  16.8s  ] 
INFO:  Idle: 85,  Running: 30,  Completed: 189 [  16.9s  ] 
INFO:  Idle: 84,  Running: 30,  Completed: 190 [  16.9s  ] 
INFO:  Idle: 83,  Running: 30,  Completed: 191 [  16.9s  ] 
INFO:  Idle: 81,  Running: 30,  Completed: 193 [  17s  ] 
INFO:  Idle: 79,  Running: 30,  Completed: 195 [  17s  ] 
INFO:  Idle: 78,  Running: 30,  Completed: 196 [  17.1s  ] 
INFO:  Idle: 77,  Running: 30,  Completed: 197 [  17.1s  ] 
INFO:  Idle: 76,  Running: 30,  Completed: 198 [  17.1s  ] 
INFO:  Idle: 75,  Running: 30,  Completed: 199 [  17.1s  ] 
INFO:  Idle: 74,  Running: 30,  Completed: 200 [  17.1s  ] 
INFO:  Idle: 72,  Running: 30,  Completed: 202 [  17.2s  ] 
INFO:  Idle: 70,  Running: 30,  Completed: 204 [  17.2s  ] 
INFO:  Idle: 69,  Running: 30,  Completed: 205 [  17.2s  ] 
INFO:  Idle: 68,  Running: 30,  Completed: 206 [  17.2s  ] 
INFO:  Idle: 67,  Running: 30,  Completed: 207 [  17.2s  ] 
INFO:  Idle: 66,  Running: 30,  Completed: 208 [  17.2s  ] 
INFO:  Idle: 65,  Running: 30,  Completed: 209 [  17.2s  ] 
INFO:  Idle: 62,  Running: 30,  Completed: 212 [  17.3s  ] 
INFO:  Idle: 59,  Running: 30,  Completed: 215 [  17.4s  ] 
INFO:  Idle: 58,  Running: 30,  Completed: 216 [  17.4s  ] 
INFO:  Idle: 56,  Running: 29,  Completed: 219 [  17.4s  ] 
INFO:  Idle: 53,  Running: 30,  Completed: 221 [  17.4s  ] 
INFO:  Idle: 51,  Running: 30,  Completed: 223 [  17.5s  ] 
INFO:  Idle: 50,  Running: 30,  Completed: 224 [  17.5s  ] 
INFO:  Idle: 49,  Running: 30,  Completed: 225 [  17.5s  ] 
INFO:  Idle: 48,  Running: 30,  Completed: 226 [  17.5s  ] 
INFO:  Idle: 44,  Running: 30,  Completed: 230 [  17.6s  ] 
INFO:  Idle: 42,  Running: 30,  Completed: 232 [  17.6s  ] 
INFO:  Idle: 41,  Running: 30,  Completed: 233 [  17.6s  ] 
INFO:  Idle: 40,  Running: 30,  Completed: 234 [  17.6s  ] 
INFO:  Idle: 39,  Running: 30,  Completed: 235 [  17.7s  ] 
INFO:  Idle: 38,  Running: 30,  Completed: 236 [  17.7s  ] 
INFO:  Idle: 37,  Running: 30,  Completed: 237 [  17.7s  ] 
INFO:  Idle: 36,  Running: 30,  Completed: 238 [  17.7s  ] 
INFO:  Idle: 35,  Running: 30,  Completed: 239 [  17.7s  ] 
INFO:  Idle: 34,  Running: 30,  Completed: 240 [  17.7s  ] 
INFO:  Idle: 33,  Running: 30,  Completed: 241 [  17.7s  ] 
INFO:  Idle: 32,  Running: 30,  Completed: 242 [  17.8s  ] 
INFO:  Idle: 31,  Running: 30,  Completed: 243 [  17.8s  ] 
INFO:  Idle: 29,  Running: 30,  Completed: 245 [  17.8s  ] 
INFO:  Idle: 27,  Running: 30,  Completed: 247 [  17.8s  ] 
INFO:  Idle: 26,  Running: 30,  Completed: 248 [  17.8s  ] 
INFO:  Idle: 25,  Running: 30,  Completed: 249 [  17.8s  ] 
INFO:  Idle: 17,  Running: 30,  Completed: 257 [  17.9s  ] 
INFO:  Idle: 16,  Running: 30,  Completed: 258 [  17.9s  ] 
INFO:  Idle: 15,  Running: 30,  Completed: 259 [  17.9s  ] 
INFO:  Idle: 14,  Running: 30,  Completed: 260 [  17.9s  ] 
INFO:  Idle: 13,  Running: 30,  Completed: 261 [  17.9s  ] 
INFO:  Idle: 12,  Running: 30,  Completed: 262 [  18s  ] 
INFO:  Idle: 10,  Running: 30,  Completed: 264 [  18s  ] 
INFO:  Idle: 9,  Running: 30,  Completed: 265 [  18s  ] 
INFO:  Idle: 8,  Running: 30,  Completed: 266 [  18s  ] 
INFO:  Idle: 7,  Running: 30,  Completed: 267 [  18s  ] 
INFO:  Idle: 6,  Running: 30,  Completed: 268 [  18s  ] 
INFO:  Idle: 5,  Running: 30,  Completed: 269 [  18.1s  ] 
INFO:  Idle: 0,  Running: 30,  Completed: 274 [  18.1s  ] 
INFO:  Idle: 0,  Running: 28,  Completed: 276 [  18.1s  ] 
INFO:  Idle: 0,  Running: 27,  Completed: 277 [  18.1s  ] 
INFO:  Idle: 0,  Running: 26,  Completed: 278 [  18.1s  ] 
INFO:  Idle: 0,  Running: 24,  Completed: 280 [  18.1s  ] 
INFO:  Idle: 0,  Running: 22,  Completed: 282 [  18.1s  ] 
INFO:  Idle: 0,  Running: 21,  Completed: 283 [  18.1s  ] 
INFO:  Idle: 0,  Running: 20,  Completed: 284 [  18.2s  ] 
INFO:  Idle: 0,  Running: 18,  Completed: 286 [  18.2s  ] 
INFO:  Idle: 0,  Running: 16,  Completed: 288 [  18.2s  ] 
INFO:  Idle: 0,  Running: 15,  Completed: 289 [  18.2s  ] 
INFO:  Idle: 0,  Running: 12,  Completed: 292 [  18.2s  ] 
INFO:  Idle: 0,  Running: 10,  Completed: 294 [  18.3s  ] 
INFO:  Idle: 0,  Running: 9,  Completed: 295 [  18.3s  ] 
INFO:  Idle: 0,  Running: 7,  Completed: 297 [  18.3s  ] 
INFO:  Idle: 0,  Running: 6,  Completed: 298 [  18.4s  ] 
INFO:  Idle: 0,  Running: 5,  Completed: 299 [  18.4s  ] 
INFO:  Idle: 0,  Running: 4,  Completed: 300 [  18.5s  ] 
INFO:  Idle: 0,  Running: 3,  Completed: 301 [  19.9s  ] 
INFO:  Idle: 0,  Running: 2,  Completed: 302 [  22.9s  ] 
INFO:  Idle: 0,  Running: 1,  Completed: 303 [  27.5s  ] 
INFO:  Idle: 0,  Running: 0,  Completed: 304 [  33.1s  ] 
INFO:    Doing reweight 
INFO:  Idle: 119,  Running: 30,  Completed: 155 [ current time: 12h28 ] 
INFO:  Idle: 113,  Running: 30,  Completed: 161 [  0.17s  ] 
INFO:  Idle: 111,  Running: 30,  Completed: 163 [  0.31s  ] 
INFO:  Idle: 108,  Running: 30,  Completed: 166 [  0.34s  ] 
INFO:  Idle: 106,  Running: 23,  Completed: 175 [  0.37s  ] 
INFO:  Idle: 88,  Running: 30,  Completed: 186 [  0.44s  ] 
INFO:  Idle: 60,  Running: 30,  Completed: 214 [  0.56s  ] 
INFO:  Idle: 59,  Running: 30,  Completed: 215 [  0.57s  ] 
INFO:  Idle: 58,  Running: 29,  Completed: 217 [  0.58s  ] 
INFO:  Idle: 52,  Running: 30,  Completed: 222 [  0.6s  ] 
INFO:  Idle: 50,  Running: 30,  Completed: 224 [  0.61s  ] 
INFO:  Idle: 49,  Running: 30,  Completed: 225 [  0.62s  ] 
INFO:  Idle: 44,  Running: 30,  Completed: 230 [  0.64s  ] 
INFO:  Idle: 21,  Running: 30,  Completed: 253 [  0.73s  ] 
INFO:  Idle: 19,  Running: 30,  Completed: 255 [  0.75s  ] 
INFO:  Idle: 18,  Running: 30,  Completed: 256 [  0.77s  ] 
INFO:  Idle: 16,  Running: 30,  Completed: 258 [  0.78s  ] 
INFO:  Idle: 14,  Running: 30,  Completed: 260 [  0.8s  ] 
INFO:  Idle: 0,  Running: 25,  Completed: 279 [  0.85s  ] 
INFO:  Idle: 0,  Running: 21,  Completed: 283 [  0.86s  ] 
INFO:  Idle: 0,  Running: 19,  Completed: 285 [  0.86s  ] 
INFO:  Idle: 0,  Running: 18,  Completed: 286 [  0.86s  ] 
INFO:  Idle: 0,  Running: 17,  Completed: 287 [  0.87s  ] 
INFO:  Idle: 0,  Running: 15,  Completed: 289 [  0.89s  ] 
INFO:  Idle: 0,  Running: 13,  Completed: 291 [  0.89s  ] 
INFO:  Idle: 0,  Running: 11,  Completed: 293 [  0.9s  ] 
INFO:  Idle: 0,  Running: 9,  Completed: 295 [  0.9s  ] 
INFO:  Idle: 0,  Running: 8,  Completed: 296 [  0.91s  ] 
INFO:  Idle: 0,  Running: 7,  Completed: 297 [  0.91s  ] 
INFO:  Idle: 0,  Running: 2,  Completed: 302 [  0.93s  ] 
INFO:  Idle: 0,  Running: 0,  Completed: 304 [  0.96s  ] 
INFO: Collecting events 
INFO: 
   --------------------------------------------------------------
      Summary:
      Process p p > ell+ vl w- [QCD] @0 ; p p > ell+ vl w- j [QCD] @1 ; p p > ell- vl~ w+ [QCD] @2 ; p p > ell- vl~ w+ j [QCD] @3
      Run at p-p collider (6500.0 + 6500.0 GeV)
      Number of events generated: 5000
      Total cross section: 1.152e+02 +- 1.5e-01 pb
   --------------------------------------------------------------
 
INFO: The /data9/Users/shjeon/MadGraph_Contact/forVV/genproductions/bin/MadGraph5_aMCatNLO/WWToLNuQQ_4f_amcatnloFxFx/WWToLNuQQ_4f_amcatnloFxFx_gridpack/work/processtmp/Events/pilotrun/events.lhe.gz file has been generated.
 
INFO: Events generated 
reweight -from_cards
decay_events -from_cards
INFO: Running MadSpin 
INFO: This functionality allows for the decay of resonances 
INFO: in a .lhe file, keeping track of the spin correlation effets. 
INFO: BE AWARE OF THE CURRENT LIMITATIONS: 
INFO:   (1) Only a succession of 2 body decay are currently allowed 
************************************************************
*                                                          *
*           W E L C O M E  to  M A D S P I N               *
*                                                          *
************************************************************
INFO: Extracting the banner ... 
INFO: process: p p > ell+ vl w-   
INFO: options:  
INFO: detected model: loop_sm. Loading... 
save options cluster_local_path
save configuration file to /data9/Users/shjeon/MadGraph_Contact/forVV/genproductions/bin/MadGraph5_aMCatNLO/WWToLNuQQ_4f_amcatnloFxFx/WWToLNuQQ_4f_amcatnloFxFx_gridpack/work/MG5_aMC_v2_6_5/input/mg5_configuration.txt
save options cluster_queue
save configuration file to /data9/Users/shjeon/MadGraph_Contact/forVV/genproductions/bin/MadGraph5_aMCatNLO/WWToLNuQQ_4f_amcatnloFxFx/WWToLNuQQ_4f_amcatnloFxFx_gridpack/work/MG5_aMC_v2_6_5/input/mg5_configuration.txt
set lhapdf to /cvmfs/cms.cern.ch/slc7_amd64_gcc700/external/lhapdf/6.2.1-pafccj3/share/LHAPDF/../../bin/lhapdf-config
save options lhapdf
save configuration file to /data9/Users/shjeon/MadGraph_Contact/forVV/genproductions/bin/MadGraph5_aMCatNLO/WWToLNuQQ_4f_amcatnloFxFx/WWToLNuQQ_4f_amcatnloFxFx_gridpack/work/MG5_aMC_v2_6_5/input/mg5_configuration.txt
set ninja to /data9/Users/shjeon/MadGraph_Contact/forVV/genproductions/bin/MadGraph5_aMCatNLO/WWToLNuQQ_4f_amcatnloFxFx/WWToLNuQQ_4f_amcatnloFxFx_gridpack/work/MG5_aMC_v2_6_5/HEPTools/lib
save options ninja
save configuration file to /data9/Users/shjeon/MadGraph_Contact/forVV/genproductions/bin/MadGraph5_aMCatNLO/WWToLNuQQ_4f_amcatnloFxFx/WWToLNuQQ_4f_amcatnloFxFx_gridpack/work/MG5_aMC_v2_6_5/input/mg5_configuration.txt
save options cluster_type
save configuration file to /data9/Users/shjeon/MadGraph_Contact/forVV/genproductions/bin/MadGraph5_aMCatNLO/WWToLNuQQ_4f_amcatnloFxFx/WWToLNuQQ_4f_amcatnloFxFx_gridpack/work/MG5_aMC_v2_6_5/input/mg5_configuration.txt
save options auto_update
save configuration file to /data9/Users/shjeon/MadGraph_Contact/forVV/genproductions/bin/MadGraph5_aMCatNLO/WWToLNuQQ_4f_amcatnloFxFx/WWToLNuQQ_4f_amcatnloFxFx_gridpack/work/MG5_aMC_v2_6_5/input/mg5_configuration.txt
set ms_dir ./madspingrid
set Nevents_for_max_weigth 250 # number of events for the estimate of the max. weight
set max_weight_ps_point 400  # number of PS to estimate the maximum for each event
set max_running_process 1
decay w+ > j j
decay w- > j j
launch
INFO: Will use seed 875605520 
[1;34mWARNING: set the mass of the b-quark to its value in the param_card.dat: 4.7 GeV  [0m
INFO: We need to recalculate the branching fractions for w-,w+ 
INFO: Using MadWidth (arXiv:1402.1178) 
INFO: Restrict model /data9/Users/shjeon/MadGraph_Contact/forVV/genproductions/bin/MadGraph5_aMCatNLO/WWToLNuQQ_4f_amcatnloFxFx/WWToLNuQQ_4f_amcatnloFxFx_gridpack/work/MG5_aMC_v2_6_5/models/loop_sm with file ../MG5_aMC_v2_6_5/models/loop_sm/restrict_default.dat . 
INFO: Run "set stdout_level DEBUG" before import for more information. 
gs: /cvmfs/cms.cern.ch/slc7_amd64_gcc700/cms/cmssw/CMSSW_10_6_19/external/slc7_amd64_gcc700/lib/libtiff.so.5: no version information available (required by /lib64/libgs.so.9)
gs: /cvmfs/cms.cern.ch/slc7_amd64_gcc700/cms/cmssw/CMSSW_10_6_19/external/slc7_amd64_gcc700/lib/libtiff.so.5: no version information available (required by /lib64/libgs.so.9)
gs: /cvmfs/cms.cern.ch/slc7_amd64_gcc700/cms/cmssw/CMSSW_10_6_19/external/slc7_amd64_gcc700/lib/libtiff.so.5: no version information available (required by /lib64/libgs.so.9)
gs: /cvmfs/cms.cern.ch/slc7_amd64_gcc700/cms/cmssw/CMSSW_10_6_19/external/slc7_amd64_gcc700/lib/libtiff.so.5: no version information available (required by /lib64/libgs.so.9)
INFO:    
INFO: decay channels for w- : ( width = 2.04793 GeV ) 
INFO:        BR                 d1  d2 
INFO:    3.333610e-01            d  u~  
INFO:    3.333610e-01            s  c~  
INFO:    1.111195e-01            e-  ve~  
INFO:    1.111195e-01            mu-  vm~  
INFO:    1.110390e-01            ta-  vt~  
INFO:    
INFO:    
INFO: decay channels for w+ : ( width = 2.04793 GeV ) 
INFO:        BR                 d1  d2 
INFO:    3.333610e-01            d~  u  
INFO:    3.333610e-01            s~  c  
INFO:    1.111195e-01            e+  ve  
INFO:    1.111195e-01            mu+  vm  
INFO:    1.110390e-01            ta+  vt  
INFO:    
INFO: generating the production square matrix element 
INFO: generate p p > ell+ vl w-   @0 --no_warning=duplicate;define pert_QCD = -4 -3 -2 -1 1 2 3 4 21;add process p p > ell+ vl w-  pert_QCD  @0 --no_warning=duplicate;add process p p > ell+ vl w- j   @1 --no_warning=duplicate;define pert_QCD = -4 -3 -2 -1 1 2 3 4 21;add process p p > ell+ vl w- j  pert_QCD  @1 --no_warning=duplicate;add process p p > ell- vl~ w+   @2 --no_warning=duplicate;define pert_QCD = -4 -3 -2 -1 1 2 3 4 21;add process p p > ell- vl~ w+  pert_QCD  @2 --no_warning=duplicate;add process p p > ell- vl~ w+ j   @3 --no_warning=duplicate;define pert_QCD = -4 -3 -2 -1 1 2 3 4 21;add process p p > ell- vl~ w+ j  pert_QCD  @3 --no_warning=duplicate; 
INFO: Done 236.7 
INFO: generating the full matrix element squared (with decay) 
INFO: generate p p > ell+ vl w- , w- > j j  QCD=99, w+ > j j  QCD=99 @0 --no_warning=duplicate;define pert_QCD = -4 -3 -2 -1 1 2 3 4 21;add process p p > ell+ vl w- pert_QCD , w- > j j  QCD=99, w+ > j j  QCD=99 @0 --no_warning=duplicate;add process p p > ell+ vl w- j , w- > j j  QCD=99, w+ > j j  QCD=99 @1 --no_warning=duplicate;define pert_QCD = -4 -3 -2 -1 1 2 3 4 21;add process p p > ell+ vl w- j pert_QCD , w- > j j  QCD=99, w+ > j j  QCD=99 @1 --no_warning=duplicate;add process p p > ell- vl~ w+ , w- > j j  QCD=99, w+ > j j  QCD=99 @2 --no_warning=duplicate;define pert_QCD = -4 -3 -2 -1 1 2 3 4 21;add process p p > ell- vl~ w+ pert_QCD , w- > j j  QCD=99, w+ > j j  QCD=99 @2 --no_warning=duplicate;add process p p > ell- vl~ w+ j , w- > j j  QCD=99, w+ > j j  QCD=99 @3 --no_warning=duplicate;define pert_QCD = -4 -3 -2 -1 1 2 3 4 21;add process p p > ell- vl~ w+ j pert_QCD , w- > j j  QCD=99, w+ > j j  QCD=99 @3 --no_warning=duplicate; 
INFO: Done 278.8 
INFO: generate matrix element for decay only (1 - > N). 
INFO: output standalone_msF /data9/Users/shjeon/MadGraph_Contact/forVV/genproductions/bin/MadGraph5_aMCatNLO/WWToLNuQQ_4f_amcatnloFxFx/WWToLNuQQ_4f_amcatnloFxFx_gridpack/work/processtmp/madspingrid/decay_me 
INFO: Done 1.969 
INFO: Compiling code 
INFO: detect independant decays 
INFO: Done in 8.32106685638s 
INFO:    
INFO:    Estimating the maximum weight     
INFO:    *****************************     
INFO:      Probing the first 250 events 
INFO:      with 400 phase space points 
INFO:      For 2 decaying particle type in the final states 
INFO:    
INFO: Event 1/500 :  0.064s   
INFO: No independent decay for one type of final states -> skip those events for the maximum weight computation 
INFO: Event 256/500 :  0.46s   
INFO: Event 261/500 :  1.5s   
INFO: Event 266/500 :  2.2s   
INFO: Event 271/500 :  3.5s   
INFO: Event 276/500 :  4.2s   
INFO: Event 281/500 :  4.7s   
INFO: Event 286/500 :  5.4s   
INFO: Event 291/500 :  6.5s   
INFO: Event 296/500 :  6.9s   
INFO: Event 301/500 :  7.9s   
INFO: Event 306/500 :  8.6s   
INFO: Event 311/500 :  9.6s   
INFO: Event 316/500 :  10.3s   
INFO: Event 321/500 :  11s   
INFO: Event 326/500 :  11.5s   
INFO: Event 331/500 :  12.2s   
INFO: Event 336/500 :  13.1s   
INFO: Event 341/500 :  13.8s   
INFO: Event 346/500 :  14.5s   
INFO: Event 351/500 :  15.4s   
INFO: Event 356/500 :  15.9s   
INFO: Event 361/500 :  16.6s   
INFO: Event 366/500 :  17.1s   
INFO: Event 371/500 :  17.5s   
INFO: Event 376/500 :  18.2s   
INFO: Event 381/500 :  19.3s   
INFO: Event 386/500 :  20s   
INFO: Event 391/500 :  21.4s   
INFO: Event 396/500 :  22.4s   
INFO: Event 401/500 :  23.2s   
INFO: Event 406/500 :  23.6s   
INFO: Event 411/500 :  24.4s   
INFO: Event 416/500 :  25.1s   
INFO: Event 421/500 :  25.4s   
INFO: Event 426/500 :  25.8s   
INFO: Event 431/500 :  26.8s   
INFO: Event 436/500 :  27.7s   
INFO: Event 441/500 :  28.5s   
INFO: Event 446/500 :  28.9s   
INFO: Event 451/500 :  29.5s   
INFO: Event 456/500 :  30.2s   
INFO: Event 461/500 :  30.6s   
INFO: Event 466/500 :  31.6s   
INFO: Event 471/500 :  32.6s   
INFO: Event 476/500 :  33.1s   
INFO: Event 481/500 :  33.5s   
INFO: Event 486/500 :  34.2s   
INFO: Event 491/500 :  34.9s   
INFO: Event 496/500 :  35.9s   
INFO:   
INFO: Decaying the events...  
INFO: Event nb 1000  41.7s  
INFO: Event nb 2000  1m 19s  
INFO: Event nb 3000  1m 57s  
INFO: Event nb 4000  2m 39s  
INFO: Total number of events written: 5000/5000  
INFO: Average number of trial points per production event: 6.1414 
INFO: Branching ratio to allowed decays: 0.666722 
INFO: Number of events with weights larger than max_weight: 0 
INFO: Number of subprocesses 1 
INFO: Number of failures when restoring the Monte Carlo masses: 3  
INFO: The decayed event file has been moved to the following location:  
INFO: /data9/Users/shjeon/MadGraph_Contact/forVV/genproductions/bin/MadGraph5_aMCatNLO/WWToLNuQQ_4f_amcatnloFxFx/WWToLNuQQ_4f_amcatnloFxFx_gridpack/work/processtmp/Events/pilotrun_decayed_1/events.lhe.gz 
INFO: MadSpin Done 
[1;34mWARNING: You have chosen not to run a parton shower. NLO events without showering are NOT physical.
Please, shower the Les Houches events before using them for physics analyses. [0m
INFO:  
[1;34mWARNING: You are running with FxFx merging enabled.
To be able to merge samples of various multiplicities without double counting,
you have to remove some events after showering 'by hand'.
Please read http://amcatnlo.cern.ch/FxFx_merging.htm for more details. [0m
quit
INFO:  
finished pilot run
cleaning unneeded files from gridpack
