     
 Collinear #          17
 
 part:           1
 comp:           0
  0.99999783736749226        276.40125249095109        276.40185024657762     
  0.99999979358398505        276.40179319280918        276.40185024657762     
  0.99999997945199326        276.40184456707055        276.40185024657762     
  0.99999999794613026        276.40184967888422        276.40185024657762     
  0.99999999979462229        276.40185018981083        276.40185024657762     
  0.99999999997946232        276.40185024090096        276.40185024657762     
  0.99999999999794575        276.40185024600981        276.40185024657762     
  0.99999999999979416        276.40185024652072        276.40185024657762     
  0.99999999999997924        276.40185024657188        276.40185024657762     
  0.99999999999999756        276.40185024657694        276.40185024657762     
 comp:           1
   0.0000000000000000        0.0000000000000000     
   0.0000000000000000        0.0000000000000000     
   0.0000000000000000        0.0000000000000000     
   0.0000000000000000        0.0000000000000000     
   0.0000000000000000        0.0000000000000000     
   0.0000000000000000        0.0000000000000000     
   0.0000000000000000        0.0000000000000000     
   0.0000000000000000        0.0000000000000000     
   0.0000000000000000        0.0000000000000000     
   0.0000000000000000        0.0000000000000000     
 comp:           2
   0.0000000000000000        0.0000000000000000     
   0.0000000000000000        0.0000000000000000     
   0.0000000000000000        0.0000000000000000     
   0.0000000000000000        0.0000000000000000     
   0.0000000000000000        0.0000000000000000     
   0.0000000000000000        0.0000000000000000     
   0.0000000000000000        0.0000000000000000     
   0.0000000000000000        0.0000000000000000     
   0.0000000000000000        0.0000000000000000     
   0.0000000000000000        0.0000000000000000     
 comp:           3
  0.99999783736749226        276.40125249095109        276.40185024657762     
  0.99999979358398505        276.40179319280918        276.40185024657762     
  0.99999997945199326        276.40184456707055        276.40185024657762     
  0.99999999794613026        276.40184967888422        276.40185024657762     
  0.99999999979462229        276.40185018981083        276.40185024657762     
  0.99999999997946232        276.40185024090096        276.40185024657762     
  0.99999999999794575        276.40185024600981        276.40185024657762     
  0.99999999999979416        276.40185024652072        276.40185024657762     
  0.99999999999997924        276.40185024657188        276.40185024657762     
  0.99999999999999756        276.40185024657694        276.40185024657762     
 
 part:           2
 comp:           0
   1.0000288093898206        276.25795859393793        276.25000000000000     
   1.0000027604396948        276.25076257146571        276.25000000000000     
   1.0000002748937893        276.25007593940927        276.25000000000000     
   1.0000000274779293        276.25000759077795        276.25000000000000     
   1.0000000027476785        276.25000075904620        276.25000000000000     
   1.0000000002747669        276.25000007590432        276.25000000000000     
   1.0000000000274765        276.25000000759036        276.25000000000000     
   1.0000000000027474        276.25000000075897        276.25000000000000     
   1.0000000000002747        276.25000000007589        276.25000000000000     
   1.0000000000000273        276.25000000000756        276.25000000000000     
 comp:           1
   0.0000000000000000        0.0000000000000000     
   0.0000000000000000        0.0000000000000000     
   0.0000000000000000        0.0000000000000000     
   0.0000000000000000        0.0000000000000000     
   0.0000000000000000        0.0000000000000000     
   0.0000000000000000        0.0000000000000000     
   0.0000000000000000        0.0000000000000000     
   0.0000000000000000        0.0000000000000000     
   0.0000000000000000        0.0000000000000000     
   0.0000000000000000        0.0000000000000000     
 comp:           2
   0.0000000000000000        0.0000000000000000     
   0.0000000000000000        0.0000000000000000     
   0.0000000000000000        0.0000000000000000     
   0.0000000000000000        0.0000000000000000     
   0.0000000000000000        0.0000000000000000     
   0.0000000000000000        0.0000000000000000     
   0.0000000000000000        0.0000000000000000     
   0.0000000000000000        0.0000000000000000     
   0.0000000000000000        0.0000000000000000     
   0.0000000000000000        0.0000000000000000     
 comp:           3
   1.0000288093898206       -276.25795859393793       -276.25000000000000     
   1.0000027604396948       -276.25076257146571       -276.25000000000000     
   1.0000002748937893       -276.25007593940927       -276.25000000000000     
   1.0000000274779293       -276.25000759077795       -276.25000000000000     
   1.0000000027476785       -276.25000075904620       -276.25000000000000     
   1.0000000002747669       -276.25000007590432       -276.25000000000000     
   1.0000000000274765       -276.25000000759036       -276.25000000000000     
   1.0000000000027474       -276.25000000075897       -276.25000000000000     
   1.0000000000002747       -276.25000000007589       -276.25000000000000     
   1.0000000000000273       -276.25000000000756       -276.25000000000000     
 
 part:           3
 comp:           0
  0.99995238061521030        82.433807865490365        82.437733499643073     
  0.99998523161575048        82.436516027518095        82.437733499643073     
  0.99999533861145573        82.437349225336519        82.437733499643073     
  0.99999852620530283        82.437612003348590        82.437733499643073     
  0.99999953395248131        82.437695079741928        82.437733499643073     
  0.99999985262295321        82.437721350213366        82.437733499643073     
  0.99999995339527836        82.437729657655453        82.437733499643073     
  0.99999998526229172        82.437732284699806        82.437733499643073     
  0.99999999533952744        82.437733115444274        82.437733499643073     
  0.99999999852622901        82.437733378148735        82.437733499643073     
 comp:           1
  0.99996885567270599        70.422548358855195        70.424741690059989     
  0.99999034203368942        70.424061530277314        70.424741690059989     
  0.99999695171939162        70.424527015685541        70.424741690059989     
  0.99999903623198616        70.424673816946566        70.424741690059989     
  0.99999969523547283        70.424720227096884        70.424741690059989     
  0.99999990362516356        70.424734902887025        70.424741690059989     
  0.99999996952360504        70.424739543767743        70.424741690059989     
  0.99999999036251774        70.424741011342789        70.424741690059989     
  0.99999999695236053        70.424741475430764        70.424741690059989     
  0.99999999903625170        70.424741622188265        70.424741690059989     
 comp:           2
  0.99939509249363345       -16.714554166226236       -16.724671045283038     
  0.99981241603768278       -16.721533765219913       -16.724671045283038     
  0.99994079410339798       -16.723680846138429       -16.724671045283038     
  0.99998128100503081       -16.724357976249880       -16.724671045283038     
  0.99999408064433482       -16.724572046006738       -16.724671045283038     
  0.99999812813866551       -16.724639739017977       -16.724671045283038     
  0.99999940806555554       -16.724661145374174       -16.724671045283038     
  0.99999981281389327       -16.724667914656980       -16.724671045283038     
  0.99999994080655652       -16.724670055292169       -16.724671045283038     
  0.99999998128138845       -16.724670732220417       -16.724671045283038     
 comp:           3
   1.0000000000000000       -39.413998932784935       -39.413998932784935     
   1.0000000000000000       -39.413998932784935       -39.413998932784935     
   1.0000000000000000       -39.413998932784935       -39.413998932784935     
   1.0000000000000000       -39.413998932784935       -39.413998932784935     
   1.0000000000000000       -39.413998932784935       -39.413998932784935     
   1.0000000000000000       -39.413998932784935       -39.413998932784935     
   1.0000000000000000       -39.413998932784935       -39.413998932784935     
   1.0000000000000000       -39.413998932784935       -39.413998932784935     
   1.0000000000000000       -39.413998932784935       -39.413998932784935     
   1.0000000000000000       -39.413998932784935       -39.413998932784935     
 
 part:           4
 comp:           0
   1.0000242229250078        111.93301357895662        111.93030229963790     
   1.0000075098047045        111.93114287434869        111.93030229963790     
   1.0000023700946878        111.93056758505278        111.93030229963790     
   1.0000007493299747        111.93038617236850        111.93030229963790     
   1.0000002369527767        111.93032882183383        111.93030229963790     
   1.0000000749307407        111.93031068665836        111.93030229963790     
   1.0000000236951598        111.93030495184431        111.93030229963790     
   1.0000000074930659        111.93030313833903        111.93030229963790     
   1.0000000023695155        111.93030256485848        111.93030229963790     
   1.0000000007493066        111.93030238350801        111.93030229963790     
 comp:           1
  0.99990498238214853        31.339787383601561        31.342765498516108     
  0.99997053543004344        31.341841997409446        31.342765498516108     
  0.99999070036179016        31.342474022136475        31.342765498516108     
  0.99999705976140318        31.342673343307258        31.342765498516108     
  0.99999907023294821        31.342736357045435        31.342765498516108     
  0.99999970598242871        31.342756283192319        31.342765498516108     
  0.99999990702350039        31.342762584375485        31.342765498516108     
  0.99999997059824997        31.342764576983953        31.342765498516108     
  0.99999999070235046        31.342765207102058        31.342765498516108     
  0.99999999705982490        31.342765406362890        31.342765498516108     
 comp:           2
   1.0004756437323763        28.894057607778127        28.880320864170066     
   1.0001474951524139        28.884580571497690        28.880320864170066     
   1.0000465525733848        28.881665317426474        28.880320864170066     
   1.0000147183868831        28.880745935905853        28.880320864170066     
   1.0000046542723418        28.880455281048686        28.880320864170066     
   1.0000014718072094        28.880363370434523        28.880320864170066     
   1.0000004654262047        28.880334305828196        28.880320864170066     
   1.0000001471806854        28.880325114795486        28.880320864170066     
   1.0000000465426184        28.880322208335823        28.880320864170066     
   1.0000000147180690        28.880321289232622        28.880320864170066     
 comp:           3
   1.0000000000000000       -103.49855405065303       -103.49855405065303     
   1.0000000000000000       -103.49855405065303       -103.49855405065303     
   1.0000000000000000       -103.49855405065303       -103.49855405065303     
   1.0000000000000000       -103.49855405065303       -103.49855405065303     
   1.0000000000000000       -103.49855405065303       -103.49855405065303     
   1.0000000000000000       -103.49855405065303       -103.49855405065303     
   1.0000000000000000       -103.49855405065303       -103.49855405065303     
   1.0000000000000000       -103.49855405065303       -103.49855405065303     
   1.0000000000000000       -103.49855405065303       -103.49855405065303     
   1.0000000000000000       -103.49855405065303       -103.49855405065303     
 
 part:           5
 comp:           0
   1.0000674794950144        131.70539597507994        131.69650916114659     
   1.0000209236000406        131.69926472623104        131.69650916114659     
   1.0000066037815993        131.69737885613048        131.69650916114659     
   1.0000020878830960        131.69678412806186        131.69650916114659     
   1.0000006602323395        131.69659611144093        131.69650916114659     
   1.0000002087832349        131.69653665716982        131.69650916114659     
   1.0000000660230270        131.69651785614877        131.69650916114659     
   1.0000000208783124        131.69651191074746        131.69650916114659     
   1.0000000066023020        131.69651003064672        131.69650916114659     
   1.0000000020878312        131.69650943610668        131.69650916114659     
 comp:           1
   1.0000658134173064       -53.246561892679956       -53.243057785099275     
   1.0000204081637514       -53.244144378141172       -53.243057785099275     
   1.0000064412163003       -53.243400735150956       -53.243057785099275     
   1.0000020364970048       -53.243166214426985       -53.243057785099275     
   1.0000006439841147       -53.243092072782702       -53.243057785099275     
   1.0000002036452222       -53.243068627793612       -53.243057785099275     
   1.0000000643982567       -53.243061213859384       -53.243057785099275     
   1.0000000203645161       -53.243058869368383       -53.243057785099275     
   1.0000000064398253       -53.243058127975267       -53.243057785099275     
   1.0000000020364517       -53.243057893526185       -53.243057785099275     
 comp:           2
   1.0002655698519320        60.877431496523080        60.861268578438313     
   1.0000823508829577        60.866280557643670        60.861268578438313     
   1.0000259915520138        60.862850457266198        60.861268578438313     
   1.0000082176588028        60.861768715577789        60.861268578438313     
   1.0000025986003003        60.861426732549113        60.861268578438313     
   1.0000008217478098        60.861318591052466        60.861268578438313     
   1.0000002598594058        60.861284393811403        60.861268578438313     
   1.0000000821747563        60.861273579698228        60.861268578438313     
   1.0000000259859392        60.861270159975533        60.861268578438313     
   1.0000000082174758        60.861269078564320        60.861268578438313     
 comp:           3
   1.0000000000000000       -65.862260480317644       -65.862260480317644     
   1.0000000000000000       -65.862260480317644       -65.862260480317644     
   1.0000000000000000       -65.862260480317644       -65.862260480317644     
   1.0000000000000000       -65.862260480317644       -65.862260480317644     
   1.0000000000000000       -65.862260480317644       -65.862260480317644     
   1.0000000000000000       -65.862260480317644       -65.862260480317644     
   1.0000000000000000       -65.862260480317644       -65.862260480317644     
   1.0000000000000000       -65.862260480317644       -65.862260480317644     
   1.0000000000000000       -65.862260480317644       -65.862260480317644     
   1.0000000000000000       -65.862260480317644       -65.862260480317644     
 
 part:           6
 comp:           0
   1.0484456379932650       0.15920672865246235       0.15185024657757704     
   1.0046433826282839       0.15255534537463600       0.15185024657757704     
   1.0004624172447292       0.15192046475021090       0.15185024657757704     
   1.0000462226009887       0.15185726549093465       0.15185024657757704     
   1.0000046220689514       0.15185094843988700       0.15185024657757704     
   1.0000004622049836       0.15185031676351776       0.15185024657757704     
   1.0000000462204792       0.15185025359616819       0.15185024657757704     
   1.0000000046220479       0.15185024727943613       0.15185024657757704     
   1.0000000004622043       0.15185024664776287       0.15185024657757704     
   1.0000000000462201       0.15185024658459559       0.15185024657757704     
 comp:           1
   1.4700117259646796E-002   0.0000000000000000     
   4.5584835854908280E-003   0.0000000000000000     
   1.4387570265098162E-003   0.0000000000000000     
   4.5488784329930464E-004   0.0000000000000000     
   1.4384541369770432E-004   0.0000000000000000     
   4.5487826778626342E-005   0.0000000000000000     
   1.4384511086697030E-005   0.0000000000000000     
   4.5487817304242093E-006   0.0000000000000000     
   1.4384510587585358E-006   0.0000000000000000     
   4.5487818989718265E-007   0.0000000000000000     
 comp:           2
  -6.7805221624518838E-002  -0.0000000000000000     
  -2.1026294166674113E-002  -0.0000000000000000     
  -6.6363578822687440E-003  -0.0000000000000000     
  -2.0981989792610567E-003  -0.0000000000000000     
  -6.6349607851208308E-004  -0.0000000000000000     
  -2.0981548116008633E-004  -0.0000000000000000     
  -6.6349468168614822E-005  -0.0000000000000000     
  -2.0981543745888906E-005  -0.0000000000000000     
  -6.6349465866430632E-006  -0.0000000000000000     
  -2.0981544523325464E-006  -0.0000000000000000     
 comp:           3
  0.94365271208147383       0.14329389701317111       0.15185024657757704     
  0.99460241091081958       0.15103062134346054       0.15185024657757704     
  0.99946250389375624       0.15176862766130944       0.15185024657757704     
  0.99994627291378746       0.15184208810628777       0.15185024657757704     
  0.99999462751652068       0.15184943076463597       0.15185024657757704     
  0.99999946275390306       0.15185016499662474       0.15185024657757704     
  0.99999994627541278       0.15185023841948522       0.15185024657757704     
  0.99999999462754152       0.15185024576176789       0.15185024657757704     
  0.99999999946275364       0.15185024649599604       0.15185024657757704     
  0.99999999994627509       0.15185024656941890       0.15185024657757704     
 
 part:           7
 comp:           0
  0.99996613559099490        226.42778693670971        226.43545503957242     
  0.99998949701242901        226.43307679080252        226.43545503957242     
  0.99999668486385018        226.43470437520980        226.43545503957242     
  0.99999895184621157        226.43521770039237        226.43545503957242     
  0.99999966854937927        226.43537998740030        226.43545503957242     
  0.99999989518614796        226.43543130600014        226.43545503957242     
  0.99999996685493986        226.43544753435563        226.43545503957242     
  0.99999998951861035        226.43545266621419        226.43545503957242     
  0.99999999668549355        226.43545428905065        226.43545503957242     
  0.99999999895186087        226.43545480223656        226.43545503957242     
 comp:           1
   1.0001241552172913       -48.530473967036443       -48.524449403476815     
   1.0000385007903689       -48.526317633131072       -48.524449403476815     
   1.0000121517343938       -48.525039059697569       -48.524449403476815     
   1.0000038419847233       -48.524635833670132       -48.524449403476815     
   1.0000012149194315       -48.524508356773303       -48.524449403476815     
   1.0000003841905660       -48.524468046112503       -48.524449403476815     
   1.0000001214917056       -48.524455298794933       -48.524449403476815     
   1.0000000384190504       -48.524451267740083       -48.524449403476815     
   1.0000000121491703       -48.524449993008616       -48.524449403476815     
   1.0000000038419052       -48.524449589903149       -48.524449403476815     
 comp:           2
  0.99961942134117909       -72.989129716450449       -73.016918397325341     
  0.99988198176861309       -73.008301069754765       -73.016918397325341     
  0.99996275073348673       -73.014198570671979       -73.016918397325341     
  0.99998822298873036       -73.016058476254500       -73.016918397325341     
  0.99999627585197037       -73.016646471512558       -73.016918397325341     
  0.99999882232310855       -73.016832406987859       -73.016918397325341     
  0.99999962758592564       -73.016891204797261       -73.016918397325341     
  0.99999988223232994       -73.016909798292986       -73.016918397325341     
  0.99999996275859337       -73.016915678072593       -73.016918397325341     
  0.99999998822323255       -73.016917537422074       -73.016918397325341     
 comp:           3
   1.0000000000000000        208.77481346375566        208.77481346375566     
   1.0000000000000000        208.77481346375566        208.77481346375566     
   1.0000000000000000        208.77481346375566        208.77481346375566     
   1.0000000000000000        208.77481346375566        208.77481346375566     
   1.0000000000000000        208.77481346375566        208.77481346375566     
   1.0000000000000000        208.77481346375566        208.77481346375566     
   1.0000000000000000        208.77481346375566        208.77481346375566     
   1.0000000000000000        208.77481346375566        208.77481346375566     
   1.0000000000000000        208.77481346375566        208.77481346375566     
   1.0000000000000000        208.77481346375566        208.77481346375566     
 
 part: i_fks+j_fks
 comp:           0
   1.0000244391105102        276.56045921960356        276.55370049315519     
   1.0000023432882204        276.55434853818383        276.55370049315519     
   1.0000002333675719        276.55376503182077        276.55370049315519     
   1.0000000233271873        276.55370694437516        276.55370049315519     
   1.0000000023326232        276.55370113825074        276.55370049315519     
   1.0000000002332612        276.55370055766446        276.55370049315519     
   1.0000000000233258        276.55370049960601        276.55370049315519     
   1.0000000000023321        276.55370049380014        276.55370049315519     
   1.0000000000002331        276.55370049321965        276.55370049315519     
   1.0000000000000231        276.55370049316156        276.55370049315519     
 comp:           1
   1.4700117259646796E-002   0.0000000000000000     
   4.5584835854908280E-003   0.0000000000000000     
   1.4387570265098162E-003   0.0000000000000000     
   4.5488784329930464E-004   0.0000000000000000     
   1.4384541369770432E-004   0.0000000000000000     
   4.5487826778626342E-005   0.0000000000000000     
   1.4384511086697030E-005   0.0000000000000000     
   4.5487817304242093E-006   0.0000000000000000     
   1.4384510587585358E-006   0.0000000000000000     
   4.5487818989718265E-007   0.0000000000000000     
 comp:           2
  -6.7805221624518838E-002   0.0000000000000000     
  -2.1026294166674113E-002   0.0000000000000000     
  -6.6363578822687440E-003   0.0000000000000000     
  -2.0981989792610567E-003   0.0000000000000000     
  -6.6349607851208308E-004   0.0000000000000000     
  -2.0981548116008633E-004   0.0000000000000000     
  -6.6349468168614822E-005   0.0000000000000000     
  -2.0981543745888906E-005   0.0000000000000000     
  -6.6349465866430632E-006   0.0000000000000000     
  -2.0981544523325464E-006   0.0000000000000000     
 comp:           3
  0.99996689935743177        276.54454638796426        276.55370049315519     
  0.99999682998636075        276.55282381415265        276.55370049315519     
  0.99999968433464026        276.55361319473184        276.55370049315519     
  0.99999996844676209        276.55369176699048        276.55370049315519     
  0.99999999684480900        276.55369962057546        276.55370049315519     
  0.99999999968448228        276.55370040589759        276.55370049315519     
  0.99999999996844791        276.55370048442933        276.55370049315519     
  0.99999999999684430        276.55370049228247        276.55370049315519     
  0.99999999999968425        276.55370049306788        276.55370049315519     
  0.99999999999996814        276.55370049314638        276.55370049315519     
     
 Collinear #          35
 
 part:           1
 comp:           0
  0.99999220694632540        276.80034348340547        276.80250062015006     
  0.99999925622867769        276.80229474238814        276.80250062015006     
  0.99999992596058607        276.80248012585514        276.80250062015006     
  0.99999999259941952        276.80249857165086        276.80250062015006     
  0.99999999925997607        276.80250041530957        276.80250062015006     
  0.99999999992599842        276.80250059966625        276.80250062015006     
  0.99999999999260036        276.80250061810182        276.80250062015006     
  0.99999999999926026        276.80250061994531        276.80250062015006     
  0.99999999999992650        276.80250062012971        276.80250062015006     
  0.99999999999999301        276.80250062014812        276.80250062015006     
 comp:           1
   0.0000000000000000        0.0000000000000000     
   0.0000000000000000        0.0000000000000000     
   0.0000000000000000        0.0000000000000000     
   0.0000000000000000        0.0000000000000000     
   0.0000000000000000        0.0000000000000000     
   0.0000000000000000        0.0000000000000000     
   0.0000000000000000        0.0000000000000000     
   0.0000000000000000        0.0000000000000000     
   0.0000000000000000        0.0000000000000000     
   0.0000000000000000        0.0000000000000000     
 comp:           2
   0.0000000000000000        0.0000000000000000     
   0.0000000000000000        0.0000000000000000     
   0.0000000000000000        0.0000000000000000     
   0.0000000000000000        0.0000000000000000     
   0.0000000000000000        0.0000000000000000     
   0.0000000000000000        0.0000000000000000     
   0.0000000000000000        0.0000000000000000     
   0.0000000000000000        0.0000000000000000     
   0.0000000000000000        0.0000000000000000     
   0.0000000000000000        0.0000000000000000     
 comp:           3
  0.99999220694632540        276.80034348340547        276.80250062015006     
  0.99999925622867769        276.80229474238814        276.80250062015006     
  0.99999992596058607        276.80248012585514        276.80250062015006     
  0.99999999259941952        276.80249857165086        276.80250062015006     
  0.99999999925997607        276.80250041530957        276.80250062015006     
  0.99999999992599842        276.80250059966625        276.80250062015006     
  0.99999999999260036        276.80250061810182        276.80250062015006     
  0.99999999999926026        276.80250061994531        276.80250062015006     
  0.99999999999992650        276.80250062012971        276.80250062015006     
  0.99999999999999301        276.80250062014812        276.80250062015006     
 
 part:           2
 comp:           0
   1.0001047535457042        276.27893816700072        276.24999999999994     
   1.0000100365451363        276.25277259559385        276.24999999999994     
   1.0000009994663290        276.25027610257331        276.24999999999994     
   1.0000000999049419        276.25002759874013        276.24999999999994     
   1.0000000099900777        276.25000275975890        276.24999999999994     
   1.0000000009990038        276.25000027597474        276.24999999999994     
   1.0000000000999005        276.25000002759748        276.24999999999994     
   1.0000000000099900        276.25000000275969        276.24999999999994     
   1.0000000000009992        276.25000000027597        276.24999999999994     
   1.0000000000000999        276.25000000002757        276.24999999999994     
 comp:           1
   0.0000000000000000        0.0000000000000000     
   0.0000000000000000        0.0000000000000000     
   0.0000000000000000        0.0000000000000000     
   0.0000000000000000        0.0000000000000000     
   0.0000000000000000        0.0000000000000000     
   0.0000000000000000        0.0000000000000000     
   0.0000000000000000        0.0000000000000000     
   0.0000000000000000        0.0000000000000000     
   0.0000000000000000        0.0000000000000000     
   0.0000000000000000        0.0000000000000000     
 comp:           2
   0.0000000000000000        0.0000000000000000     
   0.0000000000000000        0.0000000000000000     
   0.0000000000000000        0.0000000000000000     
   0.0000000000000000        0.0000000000000000     
   0.0000000000000000        0.0000000000000000     
   0.0000000000000000        0.0000000000000000     
   0.0000000000000000        0.0000000000000000     
   0.0000000000000000        0.0000000000000000     
   0.0000000000000000        0.0000000000000000     
   0.0000000000000000        0.0000000000000000     
 comp:           3
   1.0001047535457042       -276.27893816700072       -276.24999999999994     
   1.0000100365451363       -276.25277259559385       -276.24999999999994     
   1.0000009994663290       -276.25027610257331       -276.24999999999994     
   1.0000000999049419       -276.25002759874013       -276.24999999999994     
   1.0000000099900777       -276.25000275975890       -276.24999999999994     
   1.0000000009990038       -276.25000027597474       -276.24999999999994     
   1.0000000000999005       -276.25000002759748       -276.24999999999994     
   1.0000000000099900       -276.25000000275969       -276.24999999999994     
   1.0000000000009992       -276.25000000027597       -276.24999999999994     
   1.0000000000000999       -276.25000000002757       -276.24999999999994     
 
 part:           3
 comp:           0
   1.0002020995004568        59.142770508865006        59.130820199641057     
   1.0000626464505413        59.134524535644168        59.130820199641057     
   1.0000197703637286        59.131989237463976        59.130820199641057     
   1.0000062505236511        59.131189798231226        59.130820199641057     
   1.0000019765296653        59.130937073461311        59.130820199641057     
   1.0000006250302043        59.130857158189691        59.130820199641057     
   1.0000001976516515        59.130831886945323        59.130820199641057     
   1.0000000625029175        59.130823895489840        59.130820199641057     
   1.0000000197651555        59.130821368370917        59.130820199641057     
   1.0000000062502912        59.130820569225904        59.130820199641057     
 comp:           1
   1.0038174793992067        6.4881384159737898        6.4634642742592963     
   1.0011836743453770        6.4711149111029984        6.4634642742592963     
   1.0003735843471777        6.4658789233407017        6.4634642742592963     
   1.0001181142992452        6.4642277018127468        6.4634642742592963     
   1.0000373502252669        6.4637056861059445        6.4634642742592963     
   1.0000118111476768        6.4635406151903432        6.4634642742592963     
   1.0000037350113287        6.4634884153715833        6.4634642742592963     
   1.0000011811141893        6.4634719083486623        6.4634642742592963     
   1.0000003735010872        6.4634666883702296        6.4634642742592963     
   1.0000001181114204        6.4634650376682421        6.4634642742592963     
 comp:           2
   1.0002198787145575       -49.881692825117156       -49.870727313701366     
   1.0000681771311117       -49.874127356816075       -49.870727313701366     
   1.0000215176658329       -49.871800415346549       -49.870727313701366     
   1.0000068031330553       -49.871066590894849       -49.870727313701366     
   1.0000021512937363       -49.870834600284660       -49.870727313701366     
   1.0000006802970487       -49.870761240609973       -49.870727313701366     
   1.0000002151287286       -49.870738042327531       -49.870727313701366     
   1.0000000680296717       -49.870730706390567       -49.870727313701366     
   1.0000000215128702       -49.870728386563847       -49.870727313701366     
   1.0000000068029673       -49.870727652970288       -49.870727313701366     
 comp:           3
   1.0000000000000000        31.055279024025797        31.055279024025797     
   1.0000000000000000        31.055279024025797        31.055279024025797     
   1.0000000000000000        31.055279024025797        31.055279024025797     
   1.0000000000000000        31.055279024025797        31.055279024025797     
   1.0000000000000000        31.055279024025797        31.055279024025797     
   1.0000000000000000        31.055279024025797        31.055279024025797     
   1.0000000000000000        31.055279024025797        31.055279024025797     
   1.0000000000000000        31.055279024025797        31.055279024025797     
   1.0000000000000000        31.055279024025797        31.055279024025797     
   1.0000000000000000        31.055279024025797        31.055279024025797     
 
 part:           4
 comp:           0
   1.0000705077846250        160.23670141945425        160.22540428115772     
   1.0000218413603623        160.22890382195183        160.22540428115772     
   1.0000068914247129        160.22650846246842        160.22540428115772     
   1.0000021786262316        160.22575335242647        160.22540428115772     
   1.0000006889073210        160.22551466161173        160.22540428115772     
   1.0000002178490475        160.22543918610941        160.22540428115772     
   1.0000000688896884        160.22541531903590        160.22540428115772     
   1.0000000217848104        160.22540777163778        160.22540428115772     
   1.0000000068889598        160.22540538494408        160.22540428115772     
   1.0000000021784803        160.22540463020562        160.22540428115772     
 comp:           1
  0.99833965027251470       -40.198486290267041       -40.265340837954440     
  0.99948515699041329       -40.244610508695395       -40.265340837954440     
  0.99983750600327637       -40.258797961792240       -40.265340837954440     
  0.99994862485750480       -40.263272200331272       -40.265340837954440     
  0.99998375407694995       -40.264686690325604       -40.265340837954440     
  0.99999486259910353       -40.265133978756324       -40.265340837954440     
  0.99999837541162429       -40.265275423349770       -40.265340837954440     
  0.99999948626006785       -40.265320152040971       -40.265340837954440     
  0.99999983754117305       -40.265334296494402       -40.265340837954440     
  0.99999994862600528       -40.265338769363034       -40.265340837954440     
 comp:           2
   1.0001961919719748       -151.46830162581293       -151.43859059009196     
   1.0000608354153562       -151.44780341965148       -151.43859059009196     
   1.0000192007847042       -151.44149832986579       -151.43859059009196     
   1.0000060706430396       -151.43950991971786       -151.43859059009196     
   1.0000019196676622       -151.43888130185712       -151.43859059009196     
   1.0000006070509098       -151.43868252102615       -151.43859059009196     
   1.0000001919663020       -151.43861966119817       -151.43859059009196     
   1.0000000607050723       -151.43859978318255       -151.43859059009196     
   1.0000000191966290       -151.43859349720239       -151.43859059009196     
   1.0000000060705074       -151.43859150940105       -151.43859059009196     
 comp:           3
   1.0000000000000000       -33.425077177925658       -33.425077177925658     
   1.0000000000000000       -33.425077177925658       -33.425077177925658     
   1.0000000000000000       -33.425077177925658       -33.425077177925658     
   1.0000000000000000       -33.425077177925658       -33.425077177925658     
   1.0000000000000000       -33.425077177925658       -33.425077177925658     
   1.0000000000000000       -33.425077177925658       -33.425077177925658     
   1.0000000000000000       -33.425077177925658       -33.425077177925658     
   1.0000000000000000       -33.425077177925658       -33.425077177925658     
   1.0000000000000000       -33.425077177925658       -33.425077177925658     
   1.0000000000000000       -33.425077177925658       -33.425077177925658     
 
 part:           5
 comp:           0
   1.0001022531489074        194.86598543588295        194.84606181251038     
   1.0000316852357471        194.85223555591332        194.84606181251038     
   1.0000099983574560        194.84800995308527        194.84606181251038     
   1.0000031609362965        194.84667770849939        194.84606181251038     
   1.0000009995350843        194.84625656798519        194.84606181251038     
   1.0000003160779829        194.84612339906059        194.84606181251038     
   1.0000000999523995        194.84608128784177        194.84606181251038     
   1.0000000316077020        194.84606797114662        194.84606181251038     
   1.0000000099952309        194.84606376004174        194.84606181251038     
   1.0000000031607696        194.84606242837390        194.84606181251038     
 comp:           1
   1.0008104034129732        100.40345418215105        100.32215276715174     
   1.0002512880006582        100.34736252034232        100.32215276715174     
   1.0000793108836168        100.33010940573404        100.32215276715174     
   1.0000250754101747        100.32466838628197        100.32215276715174     
   1.0000079293803881        100.32294825966237        100.32215276715174     
   1.0000025074845831        100.32240432340315        100.32215276715174     
   1.0000007929360102        100.32223231619928        100.32215276715174     
   1.0000002507483703        100.32217792276805        100.32215276715174     
   1.0000000792935948        100.32216072205586        100.32215276715174     
   1.0000000250748375        100.32215528271342        100.32215276715174     
 comp:           2
  0.99969484270482822        118.36645358107981        118.40258499365783     
  0.99990537753745545        118.39138144949409        118.40258499365783     
  0.99997013549753766        118.39904895936674        118.40258499365783     
  0.99999055785770186        118.40146701960185        118.40258499365783     
  0.99999701419289100        118.40223146637783        118.40258499365783     
  0.99999905580702053        118.40247319876832        118.40258499365783     
  0.99999970142005301        118.40254964102027        118.40258499365783     
  0.99999990558073515        118.40257381417280        118.40258499365783     
  0.99999997014200770        118.40258145839435        118.40258499365783     
  0.99999999055807332        118.40258387570930        118.40258499365783     
 comp:           3
   1.0000000000000000       -86.104967222907561       -86.104967222907561     
   1.0000000000000000       -86.104967222907561       -86.104967222907561     
   1.0000000000000000       -86.104967222907561       -86.104967222907561     
   1.0000000000000000       -86.104967222907561       -86.104967222907561     
   1.0000000000000000       -86.104967222907561       -86.104967222907561     
   1.0000000000000000       -86.104967222907561       -86.104967222907561     
   1.0000000000000000       -86.104967222907561       -86.104967222907561     
   1.0000000000000000       -86.104967222907561       -86.104967222907561     
   1.0000000000000000       -86.104967222907561       -86.104967222907561     
   1.0000000000000000       -86.104967222907561       -86.104967222907561     
 
 part:           6
 comp:           0
   1.0483681632774453       0.57922406035649954       0.55250062015018553     
   1.0046356151841824       0.55506180041422393       0.55250062015018553     
   1.0004616404681457       0.55275567679512239       0.55250062015018553     
   1.0000461449231617       0.55252611524884909       0.55250062015018553     
   1.0000046143011674       0.55250316955444201       0.55250062015018553     
   1.0000004614282059       0.55250087508955537       0.55250062015018553     
   1.0000000461428022       0.55250064564411239       0.55250062015018553     
   1.0000000046142807       0.55250062269957845       0.55250062015018553     
   1.0000000004614280       0.55250062040512482       0.55250062015018553     
   1.0000000000461431       0.55250062017567958       0.55250062015018553     
 comp:           1
 -0.23052422651728940       -0.0000000000000000     
  -7.1482933344349131E-002  -0.0000000000000000     
  -2.2561507281816315E-002  -0.0000000000000000     
  -7.1332074147983284E-003  -0.0000000000000000     
  -2.2556750102564484E-003  -0.0000000000000000     
  -7.1330570219872540E-004  -0.0000000000000000     
  -2.2556702540042753E-004  -0.0000000000000000     
  -7.1330555339175561E-005  -0.0000000000000000     
  -2.2556701756624608E-005  -0.0000000000000000     
  -7.1330557981974979E-006  -0.0000000000000000     
 comp:           2
  0.10244798245630980        0.0000000000000000     
   3.1767950864974241E-002   0.0000000000000000     
   1.0026629032077324E-002   0.0000000000000000     
   3.1700907064258995E-003   0.0000000000000000     
   1.0024514879374610E-003   0.0000000000000000     
   3.1700238698929102E-004   0.0000000000000000     
   1.0024493741967640E-004   0.0000000000000000     
   3.1700232085752659E-005   0.0000000000000000     
   1.0024493393806366E-005   0.0000000000000000     
   3.1700233260247302E-006   0.0000000000000000     
 comp:           3
  0.94371897042031883       0.52140531640472076       0.55250062015018553     
  0.99460910404936098       0.54952214679429234       0.55250062015018553     
  0.99946317369153870       0.55220402328184770       0.55250062015018553     
  0.99994633989823234       0.55247097291068159       0.55250062015018553     
  0.99999463421501189       0.55249765555065200       0.55250062015018553     
  0.99999946342375312       0.55250032369147639       0.55250062015018553     
  0.99999994634239875       0.55250059050432754       0.55250062015018553     
  0.99999999463424072       0.55250061718560017       0.55250062015018553     
  0.99999999946342411       0.55250061985372700       0.55250062015018553     
  0.99999999994634259       0.55250062012053980       0.55250062015018553     
 
 part:           7
 comp:           0
  0.99968825601170153        138.25460022584735        138.29771370669084     
  0.99990330944544203        138.28434162405844        138.29771370669084     
  0.99996948027583454        138.29349289861580        138.29771370669084     
  0.99999035044998241        138.29637919598511        138.29771370669084     
  0.99999694858126120        138.29729170245571        138.29771370669084     
  0.99999903505636045        138.29758025719164        138.29771370669084     
  0.99999969485787110        138.29767150623206        138.29771370669084     
  0.99999990350556645        138.29770036173130        138.29771370669084     
  0.99999996948577918        138.29770948664387        138.29771370669084     
  0.99999999035055542        138.29771237219472        138.29771370669084     
 comp:           1
  0.99913268366565988       -66.462582081340514       -66.520276203456589     
  0.99973102616116183       -66.502383989405573       -66.520276203456589     
  0.99991510342743251       -66.514628860000670       -66.520276203456589     
  0.99997315821265542       -66.518490680348634       -66.520276203456589     
  0.99999151201623993       -66.519711580432457       -66.520276203456589     
  0.99999731586620166       -66.520097654134958       -66.520276203456589     
  0.99999915120224803       -66.520219741195689       -66.520276203456589     
  0.99999973158655964       -66.520258348520400       -66.520276203456589     
  0.99999991512021635       -66.520270557229935       -66.520276203456589     
  0.99999997315865397       -66.520274417962838       -66.520276203456589     
 comp:           2
  0.99969073654404728        82.881092887393990        82.906732910135531     
  0.99990409061184893        82.898781376108516        82.906732910135531     
  0.99996972799151673        82.904223156813558        82.906732910135531     
  0.99999042888552958        82.905939400304476        82.906732910135531     
  0.99999697339587890        82.906481984276041        82.906732910135531     
  0.99999904290457609        82.906653560480848        82.906732910135531     
  0.99999969733981042        82.906707817568034        82.906732910135531     
  0.99999990429043606        82.906724975168274        82.906732910135531     
  0.99999996973397798        82.906730400878530        82.906732910135531     
  0.99999999042904297        82.906732116638750        82.906732910135531     
 comp:           3
   1.0000000000000000        88.474765376807454        88.474765376807454     
   1.0000000000000000        88.474765376807454        88.474765376807454     
   1.0000000000000000        88.474765376807454        88.474765376807454     
   1.0000000000000000        88.474765376807454        88.474765376807454     
   1.0000000000000000        88.474765376807454        88.474765376807454     
   1.0000000000000000        88.474765376807454        88.474765376807454     
   1.0000000000000000        88.474765376807454        88.474765376807454     
   1.0000000000000000        88.474765376807454        88.474765376807454     
   1.0000000000000000        88.474765376807454        88.474765376807454     
   1.0000000000000000        88.474765376807454        88.474765376807454     
 
 part: i_fks+j_fks
 comp:           0
   1.0000885735009353        277.37956754376199        277.35500124030023     
   1.0000084920138148        277.35735654280239        277.35500124030023     
   1.0000008457116294        277.35523580265027        277.35500124030023     
   1.0000000845364221        277.35502468689970        277.35500124030023     
   1.0000000084532954        277.35500358486399        277.35500124030023     
   1.0000000008453267        277.35500147475580        277.35500124030023     
   1.0000000000845330        277.35500126374592        277.35500124030023     
   1.0000000000084537        277.35500124264490        277.35500124030023     
   1.0000000000008458        277.35500124053482        277.35500124030023     
   1.0000000000000850        277.35500124032382        277.35500124030023     
 comp:           1
 -0.23052422651728940        0.0000000000000000     
  -7.1482933344349131E-002   0.0000000000000000     
  -2.2561507281816315E-002   0.0000000000000000     
  -7.1332074147983284E-003   0.0000000000000000     
  -2.2556750102564484E-003   0.0000000000000000     
  -7.1330570219872540E-004   0.0000000000000000     
  -2.2556702540042753E-004   0.0000000000000000     
  -7.1330555339175561E-005   0.0000000000000000     
  -2.2556701756624608E-005   0.0000000000000000     
  -7.1330557981974979E-006   0.0000000000000000     
 comp:           2
  0.10244798245630980        0.0000000000000000     
   3.1767950864974241E-002   0.0000000000000000     
   1.0026629032077324E-002   0.0000000000000000     
   3.1700907064258995E-003   0.0000000000000000     
   1.0024514879374610E-003   0.0000000000000000     
   3.1700238698929102E-004   0.0000000000000000     
   1.0024493741967640E-004   0.0000000000000000     
   3.1700232085752659E-005   0.0000000000000000     
   1.0024493393806366E-005   0.0000000000000000     
   3.1700233260247302E-006   0.0000000000000000     
 comp:           3
  0.99988010874027378        277.32174879981017        277.35500124030023     
  0.99998851886173479        277.35181688918243        277.35500124030023     
  0.99999885673176314        277.35468414913697        277.35500124030023     
  0.99999988572140919        277.35496954456153        277.35500124030023     
  0.99999998857262362        277.35499807086023        277.35500124030023     
  0.99999999885726787        277.35500092335775        277.35500124030023     
  0.99999999988572741        277.35500120860615        277.35500124030023     
  0.99999999998857314        277.35500123713092        277.35500124030023     
  0.99999999999885780        277.35500123998344        277.35500124030023     
  0.99999999999988620        277.35500124026868        277.35500124030023     
     
 Collinear #          47
 
 part:           1
 comp:           0
  0.99999605069540876        276.52705326610260        276.52814535997669     
  0.99999962306004020        276.52804112546869        276.52814535997669     
  0.99999996247699496        276.52813498380971        276.52814535997669     
  0.99999999624940117        276.52814432283054        276.52814535997669     
  0.99999999962495734        276.52814525626684        276.52814535997669     
  0.99999999996249600        276.52814534960578        276.52814535997669     
  0.99999999999625000        276.52814535893970        276.52814535997669     
  0.99999999999962508        276.52814535987301        276.52814535997669     
  0.99999999999996281        276.52814535996640        276.52814535997669     
  0.99999999999999667        276.52814535997578        276.52814535997669     
 comp:           1
   0.0000000000000000        0.0000000000000000     
   0.0000000000000000        0.0000000000000000     
   0.0000000000000000        0.0000000000000000     
   0.0000000000000000        0.0000000000000000     
   0.0000000000000000        0.0000000000000000     
   0.0000000000000000        0.0000000000000000     
   0.0000000000000000        0.0000000000000000     
   0.0000000000000000        0.0000000000000000     
   0.0000000000000000        0.0000000000000000     
   0.0000000000000000        0.0000000000000000     
 comp:           2
   0.0000000000000000        0.0000000000000000     
   0.0000000000000000        0.0000000000000000     
   0.0000000000000000        0.0000000000000000     
   0.0000000000000000        0.0000000000000000     
   0.0000000000000000        0.0000000000000000     
   0.0000000000000000        0.0000000000000000     
   0.0000000000000000        0.0000000000000000     
   0.0000000000000000        0.0000000000000000     
   0.0000000000000000        0.0000000000000000     
   0.0000000000000000        0.0000000000000000     
 comp:           3
  0.99999605069540876        276.52705326610260        276.52814535997669     
  0.99999962306004020        276.52804112546869        276.52814535997669     
  0.99999996247699496        276.52813498380971        276.52814535997669     
  0.99999999624940117        276.52814432283054        276.52814535997669     
  0.99999999962495734        276.52814525626684        276.52814535997669     
  0.99999999996249600        276.52814534960578        276.52814535997669     
  0.99999999999625000        276.52814535893970        276.52814535997669     
  0.99999999999962508        276.52814535987301        276.52814535997669     
  0.99999999999996281        276.52814535996640        276.52814535997669     
  0.99999999999999667        276.52814535997578        276.52814535997669     
 
 part:           2
 comp:           0
   1.0000527595676332        276.26457483055862        276.24999999999994     
   1.0000050551771826        276.25139649269664        276.24999999999994     
   1.0000005034103989        276.25013906712263        276.24999999999994     
   1.0000000503200628        276.25001390091728        276.24999999999994     
   1.0000000050317968        276.25000139003379        276.24999999999994     
   1.0000000005031777        276.25000013900279        276.24999999999994     
   1.0000000000503180        276.25000001390026        276.24999999999994     
   1.0000000000050318        276.25000000138999        276.24999999999994     
   1.0000000000005034        276.25000000013898        276.24999999999994     
   1.0000000000000506        276.25000000001393        276.24999999999994     
 comp:           1
   0.0000000000000000        0.0000000000000000     
   0.0000000000000000        0.0000000000000000     
   0.0000000000000000        0.0000000000000000     
   0.0000000000000000        0.0000000000000000     
   0.0000000000000000        0.0000000000000000     
   0.0000000000000000        0.0000000000000000     
   0.0000000000000000        0.0000000000000000     
   0.0000000000000000        0.0000000000000000     
   0.0000000000000000        0.0000000000000000     
   0.0000000000000000        0.0000000000000000     
 comp:           2
   0.0000000000000000        0.0000000000000000     
   0.0000000000000000        0.0000000000000000     
   0.0000000000000000        0.0000000000000000     
   0.0000000000000000        0.0000000000000000     
   0.0000000000000000        0.0000000000000000     
   0.0000000000000000        0.0000000000000000     
   0.0000000000000000        0.0000000000000000     
   0.0000000000000000        0.0000000000000000     
   0.0000000000000000        0.0000000000000000     
   0.0000000000000000        0.0000000000000000     
 comp:           3
   1.0000527595676332       -276.26457483055862       -276.24999999999994     
   1.0000050551771826       -276.25139649269664       -276.24999999999994     
   1.0000005034103989       -276.25013906712263       -276.24999999999994     
   1.0000000503200628       -276.25001390091728       -276.24999999999994     
   1.0000000050317968       -276.25000139003379       -276.24999999999994     
   1.0000000005031777       -276.25000013900279       -276.24999999999994     
   1.0000000000503180       -276.25000001390026       -276.24999999999994     
   1.0000000000050318       -276.25000000138999       -276.24999999999994     
   1.0000000000005034       -276.25000000013898       -276.24999999999994     
   1.0000000000000506       -276.25000000001393       -276.24999999999994     
 
 part:           3
 comp:           0
  0.99986745734233018        37.383264378617284        37.388219912650051     
  0.99995889348200417        37.386683013115380        37.388219912650051     
  0.99998702534788120        37.387734813503343        37.388219912650051     
  0.99999589778562936        37.388066538157034        37.388219912650051     
  0.99999870278527636        37.388171412100689        37.388219912650051     
  0.99999958978492387        37.388204575438571        37.388219912650051     
  0.99999987027857284        37.388215062596807        37.388219912650051     
  0.99999995897847838        37.388218378928379        37.388219912650051     
  0.99999998702785542        37.388219427644657        37.388219912650051     
  0.99999999589784738        37.388219759277867        37.388219912650051     
 comp:           1
  0.99950284829270530       -16.915110251795383       -16.923523810551242     
  0.99984582852006321       -16.920914685839623       -16.923523810551242     
  0.99995133947416692       -16.922700302983671       -16.923523810551242     
  0.99998461506888636       -16.923263443303217       -16.923523810551242     
  0.99999513494392933       -16.923441476658990       -16.923523810551242     
  0.99999846153645067       -16.923497774326734       -16.923523810551242     
  0.99999951349513361       -16.923515577174552       -16.923523810551242     
  0.99999984615364879       -16.923521206928854       -16.923523810551242     
  0.99999995134951214       -16.923522987213552       -16.923523810551242     
  0.99999998461536410       -16.923523550188989       -16.923523810551242     
 comp:           2
  0.99992708697990007        24.259200918860742        24.260969859443748     
  0.99997738897795074        24.260421294119318        24.260969859443748     
  0.99999286337380300        24.260796717970685        24.260969859443748     
  0.99999774362277127        24.260915117543810        24.260969859443748     
  0.99999928648353043        24.260952548842184        24.260969859443748     
  0.99999977436661269        24.260964385358939        24.260969859443748     
  0.99999992864846177        24.260968128386228        24.260969859443748     
  0.99999997743666180        24.260969312035279        24.260969859443748     
  0.99999999286484598        24.260969686337990        24.260969859443748     
  0.99999999774366610        24.260969804702899        24.260969859443748     
 comp:           3
   1.0000000000000000       -22.797388941489498       -22.797388941489498     
   1.0000000000000000       -22.797388941489498       -22.797388941489498     
   1.0000000000000000       -22.797388941489498       -22.797388941489498     
   1.0000000000000000       -22.797388941489498       -22.797388941489498     
   1.0000000000000000       -22.797388941489498       -22.797388941489498     
   1.0000000000000000       -22.797388941489498       -22.797388941489498     
   1.0000000000000000       -22.797388941489498       -22.797388941489498     
   1.0000000000000000       -22.797388941489498       -22.797388941489498     
   1.0000000000000000       -22.797388941489498       -22.797388941489498     
   1.0000000000000000       -22.797388941489498       -22.797388941489498     
 
 part:           4
 comp:           0
   1.0000741639380626        214.98284483423356        214.96690204222497     
   1.0000229922348456        214.97184461172077        214.96690204222497     
   1.0000072562955453        214.96846190559867        214.96690204222497     
   1.0000022941479791        214.96739520810885        214.96690204222497     
   1.0000007254539256        214.96705799080794        214.96690204222497     
   1.0000002294076877        214.96695135728490        214.96690204222497     
   1.0000000725450118        214.96691763700142        214.96690204222497     
   1.0000000229407413        214.96690697372506        214.96690204222497     
   1.0000000072544988        214.96690360170209        214.96690204222497     
   1.0000000022940740        214.96690253537494        214.96690204222497     
 comp:           1
   1.0004881578105977        99.154661823866206        99.106282318073340     
   1.0001513715929224        99.121284193896443        99.106282318073340     
   1.0000477757607984        99.111017196110993        99.106282318073340     
   1.0000151050916899        99.107779327554809        99.106282318073340     
   1.0000047765541995        99.106755704602350        99.106282318073340     
   1.0000015104757973        99.106432015714148        99.106282318073340     
   1.0000004776542579        99.106329656611081        99.106282318073340     
   1.0000001510475327        99.106297287832760        99.106282318073340     
   1.0000000477654225        99.106287051926799        99.106282318073340     
   1.0000000151047537        99.106283815049323        99.106282318073340     
 comp:           2
  0.99992440341972144        134.54264424772393        134.55281598047890     
  0.99997655845194366        134.54966185417697        134.55281598047890     
  0.99999260140049362        134.55182047808100        134.55281598047890     
  0.99999766081121355        134.55250123604057        134.55281598047890     
  0.99999926029829878        134.55271645153201        134.55281598047890     
  0.99999976608628938        134.55278450673043        134.55281598047890     
  0.99999992603000987        134.55280602760843        134.55281598047890     
  0.99999997660863627        134.55281283310504        134.55281598047890     
  0.99999999260300154        134.55281498519193        134.55281598047890     
  0.99999999766086345        134.55281566574149        134.55281598047890     
 comp:           3
   1.0000000000000000       -135.21927928533444       -135.21927928533444     
   1.0000000000000000       -135.21927928533444       -135.21927928533444     
   1.0000000000000000       -135.21927928533444       -135.21927928533444     
   1.0000000000000000       -135.21927928533444       -135.21927928533444     
   1.0000000000000000       -135.21927928533444       -135.21927928533444     
   1.0000000000000000       -135.21927928533444       -135.21927928533444     
   1.0000000000000000       -135.21927928533444       -135.21927928533444     
   1.0000000000000000       -135.21927928533444       -135.21927928533444     
   1.0000000000000000       -135.21927928533444       -135.21927928533444     
   1.0000000000000000       -135.21927928533444       -135.21927928533444     
 
 part:           5
 comp:           0
  0.99996029268442288        255.06115375804308        255.07128195393028     
  0.99998768128931470        255.06813980460376        255.07128195393028     
  0.99999611140021838        255.07029008379897        255.07128195393028     
  0.99999877049747865        255.07096834314601        255.07128195393028     
  0.99999961119913372        255.07118278199491        255.07128195393028     
  0.99999987705005877        255.07125059293116        255.07128195393028     
  0.99999996111976730        255.07127203669950        255.07128195393028     
  0.99999998770498577        255.07127881782523        255.07128195393028     
  0.99999999611197454        255.07128096220666        255.07128195393028     
  0.99999999877049828        255.07128164031971        255.07128195393028     
 comp:           1
  0.99932325653327947       -84.763443380547187       -84.820845333468327     
  0.99979014212573158       -84.803045011172998       -84.820845333468327     
  0.99993376405337808       -84.815227144484396       -84.820845333468327     
  0.99997905833747658       -84.819069043950407       -84.820845333468327     
  0.99999337778885244       -84.820283631920816       -84.820845333468327     
  0.99999790587669379       -84.820667708159263       -84.820845333468327     
  0.99999933778016425       -84.820789163422063       -84.820845333468327     
  0.99999979058770139       -84.820827570940139       -84.820845333468327     
  0.99999993377801755       -84.820839716463794       -84.820845333468327     
  0.99999997905876914       -84.820843557215426       -84.820845333468327     
 comp:           2
   1.0000637767024594       -189.24561195486291       -189.23354326347885     
   1.0000197771295389       -189.23728575977708       -189.23354326347885     
   1.0000062421145788       -189.23472448093807       -189.23354326347885     
   1.0000019735545971       -189.23391672620807       -189.23354326347885     
   1.0000006240810746       -189.23366136055188       -189.23354326347885     
   1.0000001973514125       -189.23358060898590       -189.23354326347885     
   1.0000000624079870       -189.23355507316336       -189.23354326347885     
   1.0000000197351382       -189.23354699802897       -189.23354326347885     
   1.0000000062407985       -189.23354444444729       -189.23354326347885     
   1.0000000019735140       -189.23354363693389       -189.23354326347885     
 comp:           3
   1.0000000000000000        124.86085545164177        124.86085545164177     
   1.0000000000000000        124.86085545164177        124.86085545164177     
   1.0000000000000000        124.86085545164177        124.86085545164177     
   1.0000000000000000        124.86085545164177        124.86085545164177     
   1.0000000000000000        124.86085545164177        124.86085545164177     
   1.0000000000000000        124.86085545164177        124.86085545164177     
   1.0000000000000000        124.86085545164177        124.86085545164177     
   1.0000000000000000        124.86085545164177        124.86085545164177     
   1.0000000000000000        124.86085545164177        124.86085545164177     
   1.0000000000000000        124.86085545164177        124.86085545164177     
 
 part:           6
 comp:           0
   1.0484211823145240       0.29161348716212432       0.27814535997675116     
   1.0046409307426192       0.27943621332878416       0.27814535997675116     
   1.0004621720458353       0.27827391098681120       0.27814535997675116     
   1.0000461980810447       0.27815820975863353       0.27814535997675116     
   1.0000046196169565       0.27814664490177249       0.27814535997675116     
   1.0000004619597844       0.27814548846872172       0.27814535997675116     
   1.0000000461959599       0.27814537282594309       0.27814535997675116     
   1.0000000046195963       0.27814536126167044       0.27814535997675116     
   1.0000000004619596       0.27814536010524310       0.27814535997675116     
   1.0000000000461962       0.27814535998960038       0.27814535997675116     
 comp:           1
 -0.12433861165473135       -0.0000000000000000     
  -3.8556824511899158E-002  -0.0000000000000000     
  -1.2169364678980837E-002  -0.0000000000000000     
  -3.8475541207854277E-003  -0.0000000000000000     
  -1.2166801489969924E-003  -0.0000000000000000     
  -3.8474730884514516E-004  -0.0000000000000000     
  -1.2166775863061730E-004  -0.0000000000000000     
  -3.8474722866818627E-005  -0.0000000000000000     
  -1.2166775440773364E-005  -0.0000000000000000     
  -3.8474724292395848E-006  -0.0000000000000000     
 comp:           2
   2.6142043167833636E-002   0.0000000000000000     
   8.1065258602338510E-003   0.0000000000000000     
   2.5585942494390180E-003   0.0000000000000000     
   8.0894361435731395E-004   0.0000000000000000     
   2.5580553420402721E-004   0.0000000000000000     
   8.0892657740680766E-005   0.0000000000000000     
   2.5580499540137255E-005   0.0000000000000000     
   8.0892640883571819E-006   0.0000000000000000     
   2.5580498652281058E-006   0.0000000000000000     
   8.0892643880830763E-007   0.0000000000000000     
 comp:           3
  0.94367360852600768       0.26247843554402617       0.27814535997675116     
  0.99460452187713388       0.27664463277201989       0.27814535997675116     
  0.99946271514392648       0.27799591668704854       0.27814535997675116     
  0.99994629404028557       0.27813042191325349       0.27814535997675116     
  0.99999462962918539       0.27814386623302773       0.27814535997675116     
  0.99999946296517006       0.27814521060300507       0.27814535997675116     
  0.99999994629654010       0.27814534503938299       0.27814535997675116     
  0.99999999462965472       0.27814535848301453       0.27814535997675116     
  0.99999999946296558       0.27814535982737754       0.27814535997675116     
  0.99999999994629674       0.27814535996181383       0.27814535997675116     
 
 part:           7
 comp:           0
  0.99998126502736129        45.072751638605233        45.073596091194730     
  0.99999418471520551        45.073333975396750        45.073596091194730     
  0.99999816402157227        45.073513337044645        45.073596091194730     
  0.99999941946905246        45.073569924577285        45.073596091194730     
  0.99999981641803559        45.073587816495419        45.073596091194730     
  0.99999994194584929        45.073593474485392        45.073596091194730     
  0.99999998164161441        45.073595263716271        45.073596091194730     
  0.99999999419456354        45.073595829522830        45.073596091194730     
  0.99999999816415908        45.073596008446778        45.073596091194730     
  0.99999999941945616        45.073596065027530        45.073596091194730     
 comp:           1
   1.0038450569879276        2.6482304201310960        2.6380868259462318     
   1.0011923419846966        2.6412323276280825        2.6380868259462318     
   1.0003763295734067        2.6390796160360499        2.6380868259462318     
   1.0001189831472890        2.6384007138196046        2.6380868259462318     
   1.0000376250619381        2.6381860841264562        2.6380868259462318     
   1.0000118980672497        2.6381182140806976        2.6380868259462318     
   1.0000037624985796        2.6380967517441674        2.6380868259462318     
   1.0000011898065080        2.6380899647591058        2.6380868259462318     
   1.0000003762498479        2.6380878185259991        2.6380868259462318     
   1.0000001189806556        2.6380871398275318        2.6380868259462318     
 comp:           2
  0.99992989166823021        30.417624745110398        30.419757423556206     
  0.99997825959206621        30.419096085620570        30.419757423556206     
  0.99999313824511060        30.419548690636969        30.419757423556206     
  0.99999783053671476        30.419691429009330        30.419757423556206     
  0.99999931396847086        30.419736554643503        30.419757423556206     
  0.99999978305818382        30.419750824238783        30.419757423556206     
  0.99999993139698595        30.419755336669159        30.419757423556206     
  0.99999997830582232        30.419756763624584        30.419757423556206     
  0.99999999313969878        30.419757214867506        30.419757423556206     
  0.99999999783058213        30.419757357563039        30.419757423556206     
 comp:           3
   1.0000000000000000        33.155812775182142        33.155812775182142     
   1.0000000000000000        33.155812775182142        33.155812775182142     
   1.0000000000000000        33.155812775182142        33.155812775182142     
   1.0000000000000000        33.155812775182142        33.155812775182142     
   1.0000000000000000        33.155812775182142        33.155812775182142     
   1.0000000000000000        33.155812775182142        33.155812775182142     
   1.0000000000000000        33.155812775182142        33.155812775182142     
   1.0000000000000000        33.155812775182142        33.155812775182142     
   1.0000000000000000        33.155812775182142        33.155812775182142     
   1.0000000000000000        33.155812775182142        33.155812775182142     
 
 part: i_fks+j_fks
 comp:           0
   1.0000447100868954        276.81866675326472        276.80629071995344     
   1.0000042868203642        276.80747733879747        276.80629071995344     
   1.0000004269225340        276.80640889479650        276.80629071995344     
   1.0000000426747373        276.80630253258920        276.80629071995344     
   1.0000000042672990        276.80629190116861        276.80629071995344     
   1.0000000004267282        276.80629083807452        276.80629071995344     
   1.0000000000426730        276.80629073176561        276.80629071995344     
   1.0000000000042675        276.80629072113470        276.80629071995344     
   1.0000000000004272        276.80629072007167        276.80629071995344     
   1.0000000000000431        276.80629071996538        276.80629071995344     
 comp:           1
 -0.12433861165473135        0.0000000000000000     
  -3.8556824511899158E-002   0.0000000000000000     
  -1.2169364678980837E-002   0.0000000000000000     
  -3.8475541207854277E-003   0.0000000000000000     
  -1.2166801489969924E-003   0.0000000000000000     
  -3.8474730884514516E-004   0.0000000000000000     
  -1.2166775863061730E-004   0.0000000000000000     
  -3.8474722866818627E-005   0.0000000000000000     
  -1.2166775440773364E-005   0.0000000000000000     
  -3.8474724292395848E-006   0.0000000000000000     
 comp:           2
   2.6142043167833636E-002   0.0000000000000000     
   8.1065258602338510E-003   0.0000000000000000     
   2.5585942494390180E-003   0.0000000000000000     
   8.0894361435731395E-004   0.0000000000000000     
   2.5580553420402721E-004   0.0000000000000000     
   8.0892657740680766E-005   0.0000000000000000     
   2.5580499540137255E-005   0.0000000000000000     
   8.0892640883571819E-006   0.0000000000000000     
   2.5580498652281058E-006   0.0000000000000000     
   8.0892643880830763E-007   0.0000000000000000     
 comp:           3
  0.99993945578959487        276.78953170164664        276.80629071995344     
  0.99999420185968846        276.80468575824074        276.80629071995344     
  0.99999942263069153        276.80613090049678        276.80629071995344     
  0.99999994228740396        276.80627474474380        276.80629071995344     
  0.99999999422898400        276.80628912249989        276.80629071995344     
  0.99999999942290085        276.80629056020877        276.80629071995344     
  0.99999999994229050        276.80629070397907        276.80629071995344     
  0.99999999999422917        276.80629071835602        276.80629071995344     
  0.99999999999942313        276.80629071979376        276.80629071995344     
  0.99999999999994271        276.80629071993758        276.80629071995344     
     
 Collinear #          66
 
 part:           1
 comp:           0
  0.99999786933759138        276.39900844458259        276.39959735881445     
  0.99999979663534777        276.39954114890645        276.39959735881445     
  0.99999997975574584        276.39959176331075        276.39959735881445     
  0.99999999797649231        276.39959679951772        276.39959735881445     
  0.99999999979765852        276.39959730288734        276.39959735881445     
  0.99999999997976607        276.39959735322179        276.39959735881445     
  0.99999999999797651        276.39959735825516        276.39959735881445     
  0.99999999999979783        276.39959735875857        276.39959735881445     
  0.99999999999997979        276.39959735880888        276.39959735881445     
  0.99999999999999789        276.39959735881388        276.39959735881445     
 comp:           1
   0.0000000000000000        0.0000000000000000     
   0.0000000000000000        0.0000000000000000     
   0.0000000000000000        0.0000000000000000     
   0.0000000000000000        0.0000000000000000     
   0.0000000000000000        0.0000000000000000     
   0.0000000000000000        0.0000000000000000     
   0.0000000000000000        0.0000000000000000     
   0.0000000000000000        0.0000000000000000     
   0.0000000000000000        0.0000000000000000     
   0.0000000000000000        0.0000000000000000     
 comp:           2
   0.0000000000000000        0.0000000000000000     
   0.0000000000000000        0.0000000000000000     
   0.0000000000000000        0.0000000000000000     
   0.0000000000000000        0.0000000000000000     
   0.0000000000000000        0.0000000000000000     
   0.0000000000000000        0.0000000000000000     
   0.0000000000000000        0.0000000000000000     
   0.0000000000000000        0.0000000000000000     
   0.0000000000000000        0.0000000000000000     
   0.0000000000000000        0.0000000000000000     
 comp:           3
  0.99999786933759138        276.39900844458259        276.39959735881445     
  0.99999979663534777        276.39954114890645        276.39959735881445     
  0.99999997975574584        276.39959176331075        276.39959735881445     
  0.99999999797649231        276.39959679951772        276.39959735881445     
  0.99999999979765852        276.39959730288734        276.39959735881445     
  0.99999999997976607        276.39959735322179        276.39959735881445     
  0.99999999999797651        276.39959735825516        276.39959735881445     
  0.99999999999979783        276.39959735875857        276.39959735881445     
  0.99999999999997979        276.39959735880888        276.39959735881445     
  0.99999999999999789        276.39959735881388        276.39959735881445     
 
 part:           2
 comp:           0
   1.0000283820705638        276.25784054699318        276.24999999999994     
   1.0000027194961028        276.25075126079832        276.24999999999994     
   1.0000002708164997        276.25007481305801        276.24999999999994     
   1.0000000270703706        276.25000747818984        276.24999999999994     
   1.0000000027069245        276.25000074778785        276.24999999999994     
   1.0000000002706915        276.25000007477848        276.24999999999994     
   1.0000000000270690        276.25000000747775        276.24999999999994     
   1.0000000000027074        276.25000000074783        276.24999999999994     
   1.0000000000002709        276.25000000007475        276.24999999999994     
   1.0000000000000271        276.25000000000745        276.24999999999994     
 comp:           1
   0.0000000000000000        0.0000000000000000     
   0.0000000000000000        0.0000000000000000     
   0.0000000000000000        0.0000000000000000     
   0.0000000000000000        0.0000000000000000     
   0.0000000000000000        0.0000000000000000     
   0.0000000000000000        0.0000000000000000     
   0.0000000000000000        0.0000000000000000     
   0.0000000000000000        0.0000000000000000     
   0.0000000000000000        0.0000000000000000     
   0.0000000000000000        0.0000000000000000     
 comp:           2
   0.0000000000000000        0.0000000000000000     
   0.0000000000000000        0.0000000000000000     
   0.0000000000000000        0.0000000000000000     
   0.0000000000000000        0.0000000000000000     
   0.0000000000000000        0.0000000000000000     
   0.0000000000000000        0.0000000000000000     
   0.0000000000000000        0.0000000000000000     
   0.0000000000000000        0.0000000000000000     
   0.0000000000000000        0.0000000000000000     
   0.0000000000000000        0.0000000000000000     
 comp:           3
   1.0000283820705638       -276.25784054699318       -276.24999999999994     
   1.0000027194961028       -276.25075126079832       -276.24999999999994     
   1.0000002708164997       -276.25007481305801       -276.24999999999994     
   1.0000000270703706       -276.25000747818984       -276.24999999999994     
   1.0000000027069245       -276.25000074778785       -276.24999999999994     
   1.0000000002706915       -276.25000007477848       -276.24999999999994     
   1.0000000000270690       -276.25000000747775       -276.24999999999994     
   1.0000000000027074       -276.25000000074783       -276.24999999999994     
   1.0000000000002709       -276.25000000007475       -276.24999999999994     
   1.0000000000000271       -276.25000000000745       -276.24999999999994     
 
 part:           3
 comp:           0
   1.0001148115471561        54.979527912010177        54.973216351988654     
   1.0000356012521030        54.975173467322918        54.973216351988654     
   1.0000112363743241        54.973834051625381        54.973216351988654     
   1.0000035525576554        54.973411647509245        54.973216351988654     
   1.0000011233942883        54.973278108585909        54.973216351988654     
   1.0000003552476278        54.973235881093359        54.973216351988654     
   1.0000001123391264        54.973222527631755        54.973216351988654     
   1.0000000355247489        54.973218304898367        54.973216351988654     
   1.0000000112339116        54.973216969552901        54.973216351988654     
   1.0000000035524750        54.973216547279627        54.973216351988654     
 comp:           1
   1.0066934062108994      -0.16221933788424192      -0.16114075733824507     
   1.0020755330728768      -0.16147521030948900      -0.16114075733824507     
   1.0006550756210673      -0.16124631671993767      -0.16114075733824507     
   1.0002071126581225      -0.16117413162882926      -0.16114075733824507     
   1.0000654934403035      -0.16115131100081626      -0.16114075733824507     
   1.0000207107967289      -0.16114409469171506      -0.16114075733824507     
   1.0000065493269317      -0.16114181270174688      -0.16114075733824507     
   1.0000020710789184      -0.16114109107347047      -0.16114075733824507     
   1.0000006549326337      -0.16114086287458565      -0.16114075733824507     
   1.0000002071078951      -0.16114079071176812      -0.16114075733824507     
 comp:           2
   1.0001300329680265        51.649111096375691        51.642395882363104     
   1.0000403214323470        51.644478177734911        51.642395882363104     
   1.0000127261702942        51.643053092287509        51.642395882363104     
   1.0000040235827323        51.642603669815436        51.642395882363104     
   1.0000012723426848        51.642461589187732        51.642395882363104     
   1.0000004023491604        51.642416660637728        51.642395882363104     
   1.0000001272339363        51.642402453028410        51.642395882363104     
   1.0000000402349014        51.642397960189811        51.642395882363104     
   1.0000000127233926        51.642396539429576        51.642395882363104     
   1.0000000040234902        51.642396090145780        51.642395882363104     
 comp:           3
   1.0000000000000000       -18.759897874673104       -18.759897874673104     
   1.0000000000000000       -18.759897874673104       -18.759897874673104     
   1.0000000000000000       -18.759897874673104       -18.759897874673104     
   1.0000000000000000       -18.759897874673104       -18.759897874673104     
   1.0000000000000000       -18.759897874673104       -18.759897874673104     
   1.0000000000000000       -18.759897874673104       -18.759897874673104     
   1.0000000000000000       -18.759897874673104       -18.759897874673104     
   1.0000000000000000       -18.759897874673104       -18.759897874673104     
   1.0000000000000000       -18.759897874673104       -18.759897874673104     
   1.0000000000000000       -18.759897874673104       -18.759897874673104     
 
 part:           4
 comp:           0
   1.0000525367309385        134.88945190241830        134.88236562386717     
   1.0000162899246325        134.88456284743745        134.88236562386717     
   1.0000051412973008        134.88305909420947        134.88236562386717     
   1.0000016254939499        134.88258487433643        134.88236562386717     
   1.0000005140148993        134.88243495541275        134.88236562386717     
   1.0000001625453139        134.88238754836362        134.88236562386717     
   1.0000000514013156        134.88237255699823        134.88236562386717     
   1.0000000162545215        134.88236781631548        134.88236562386717     
   1.0000000051401308        134.88236631718016        134.88236562386717     
   1.0000000016254522        134.88236584311201        134.88236562386717     
 comp:           1
   1.0000333046684988       -79.460709050483743       -79.458062726045100     
   1.0000103275408112       -79.458883332430688       -79.458062726045100     
   1.0000032595794328       -79.458321725912128       -79.458062726045100     
   1.0000010305704348       -79.458144613175349       -79.458062726045100     
   1.0000003258885688       -79.458088620519433       -79.458062726045100     
   1.0000001030547987       -79.458070914579764       -79.458062726045100     
   1.0000000325887808       -79.458065315486479       -79.458062726045100     
   1.0000000103054769       -79.458063544898337       -79.458062726045100     
   1.0000000032588778       -79.458062984989226       -79.458062726045100     
   1.0000000010305479       -79.458062807930432       -79.458062726045100     
 comp:           2
   1.0003641622953499        45.259891646772921        45.243415700661899     
   1.0001129241375659        45.248524774360433        45.243415700661899     
   1.0000356411272544        45.245028226998308        45.243415700661899     
   1.0000112685371738        45.243925527773591        45.243415700661899     
   1.0000035633541648        45.243576918975670        45.243415700661899     
   1.0000011268291729        45.243466682262586        45.243415700661899     
   1.0000003563345838        45.243431822455605        45.243415700661899     
   1.0000001126828859        45.243420798820544        45.243415700661899     
   1.0000000356334562        45.243417312841174        45.243415700661899     
   1.0000000112682887        45.243416210477776        45.243415700661899     
 comp:           3
   1.0000000000000000       -99.159982653546109       -99.159982653546109     
   1.0000000000000000       -99.159982653546109       -99.159982653546109     
   1.0000000000000000       -99.159982653546109       -99.159982653546109     
   1.0000000000000000       -99.159982653546109       -99.159982653546109     
   1.0000000000000000       -99.159982653546109       -99.159982653546109     
   1.0000000000000000       -99.159982653546109       -99.159982653546109     
   1.0000000000000000       -99.159982653546109       -99.159982653546109     
   1.0000000000000000       -99.159982653546109       -99.159982653546109     
   1.0000000000000000       -99.159982653546109       -99.159982653546109     
   1.0000000000000000       -99.159982653546109       -99.159982653546109     
 
 part:           5
 comp:           0
   1.0000397780862436        149.28744493018701        149.28150679753503     
   1.0000123334879742        149.28334795920389        149.28150679753503     
   1.0000038925594184        149.28208788467029        149.28150679753503     
   1.0000012306839350        149.28169051588725        149.28150679753503     
   1.0000003891673996        149.28156489303083        149.28150679753503     
   1.0000001230651434        149.28152516888508        149.28150679753503     
   1.0000000389165919        149.28151260706252        149.28150679753503     
   1.0000000123065054        149.28150863466871        149.28150679753503     
   1.0000000038916583        149.28150737848765        149.28150679753503     
   1.0000000012306505        149.28150698124838        149.28150679753503     
 comp:           1
  0.99997231968923239        105.80548193286840        105.80841074255959     
  0.99999141649474044        105.80750253550947        105.80841074255959     
  0.99999729086956946        105.80812409377424        105.80841074255959     
  0.99999914346283780        105.80832011372371        105.80841074255959     
  0.99999972914446400        105.80838208376578        105.80841074255959     
  0.99999991434813418        105.80840167987179        105.80841074255959     
  0.99999997291450815        105.80840787668674        105.80841074255959     
  0.99999999143481566        105.80840983629105        105.80841074255959     
  0.99999999729145095        105.80841045597232        105.80841074255959     
  0.99999999914348159        105.80841065193273        105.80841074255959     
 comp:           2
   1.0002779684689920        65.618091768534242        65.599857076696537     
   1.0000861964244407        65.605511549820378        65.599857076696537     
   1.0000272053606762        65.601641744468623        65.599857076696537     
   1.0000086014324636        65.600421329436799        65.599857076696537     
   1.0000027199585766        65.600035505590412        65.599857076696537     
   1.0000008601246639        65.599913500751555        65.599857076696537     
   1.0000002719952372        65.599874919545229        65.599857076696537     
   1.0000000860124438        65.599862719100557        65.599857076696537     
   1.0000000271995224        65.599858860981314        65.599857076696537     
   1.0000000086012446        65.599857640936960        65.599857076696537     
 comp:           3
   1.0000000000000000       -17.860327125300667       -17.860327125300667     
   1.0000000000000000       -17.860327125300667       -17.860327125300667     
   1.0000000000000000       -17.860327125300667       -17.860327125300667     
   1.0000000000000000       -17.860327125300667       -17.860327125300667     
   1.0000000000000000       -17.860327125300667       -17.860327125300667     
   1.0000000000000000       -17.860327125300667       -17.860327125300667     
   1.0000000000000000       -17.860327125300667       -17.860327125300667     
   1.0000000000000000       -17.860327125300667       -17.860327125300667     
   1.0000000000000000       -17.860327125300667       -17.860327125300667     
   1.0000000000000000       -17.860327125300667       -17.860327125300667     
 
 part:           6
 comp:           0
   1.0484460745225412       0.15684476360797772       0.14959735881447625     
   1.0046434263940949       0.15029200313888227       0.14959735881447625     
   1.0004624216214963       0.14966653586771081       0.14959735881447625     
   1.0000462230386673       0.14960427365897724       0.14959735881447625     
   1.0000046221127195       0.14959805027033121       0.14959735881447625     
   1.0000004622093606       0.14959742795977582       0.14959735881447625     
   1.0000000462209171       0.14959736572900337       0.14959735881447625     
   1.0000000046220925       0.14959735950592906       0.14959735881447625     
   1.0000000004622089       0.14959735888362150       0.14959735881447625     
   1.0000000000462208       0.14959735882139075       0.14959735881447625     
 comp:           1
   1.0839488508121583E-002   0.0000000000000000     
   3.3613091921377439E-003   0.0000000000000000     
   1.0609026467384001E-003   0.0000000000000000     
   3.3542266612978034E-004   0.0000000000000000     
   1.0606793057221438E-004   0.0000000000000000     
   3.3541560545389473E-005   0.0000000000000000     
   1.0606770727455351E-005   0.0000000000000000     
   3.3541553559283370E-006   0.0000000000000000     
   1.0606770359425140E-006   0.0000000000000000     
   3.3541554802111020E-007   0.0000000000000000     
 comp:           2
  -6.7486369366822188E-002  -0.0000000000000000     
  -2.0927422315798267E-002  -0.0000000000000000     
  -6.6051518783734739E-003  -0.0000000000000000     
  -2.0883326665716811E-003  -0.0000000000000000     
  -6.6037613631008611E-004  -0.0000000000000000     
  -2.0882887069899680E-004  -0.0000000000000000     
  -6.6037474606474297E-005  -0.0000000000000000     
  -2.0882882720368461E-005  -0.0000000000000000     
  -6.6037472315127928E-006  -0.0000000000000000     
  -2.0882883494149673E-006  -0.0000000000000000     
 comp:           3
  0.94365233923991687       0.14116789758939371       0.14959735881447625     
  0.99460237324543366       0.14878988810812677       0.14959735881447625     
  0.99946250012447091       0.14951695025273398       0.14959735881447625     
  0.99994627253683299       0.14958932132789066       0.14959735881447625     
  0.99999462747882517       0.14959655509949832       0.14959735881447625     
  0.99999946275013385       0.14959727844331525       0.14959735881447625     
  0.99999994627503608       0.14959735077736355       0.14959735881447625     
  0.99999999462750455       0.14959735801076512       0.14959735881447625     
  0.99999999946275020       0.14959735873410510       0.14959735881447625     
  0.99999999994627498       0.14959735880643912       0.14959735881447625     
 
 part:           7
 comp:           0
  0.99990939501553699        213.34357948335250        213.36291122660916     
  0.99997190189254093        213.35691613260173        213.36291122660916     
  0.99999113146421548        213.36101900999586        213.36291122660916     
  0.99999719604363235        213.36231296631561        213.36291122660916     
  0.99999911332652558        213.36272204337536        213.36291122660916     
  0.99999971960960610        213.36285140169844        213.36291122660916     
  0.99999991133277322        213.36289230831153        213.36291122660916     
  0.99999997196096002        213.36290524411797        213.36291122660916     
  0.99999999113327698        213.36290933477932        213.36291122660916     
  0.99999999719609578        213.36291062836000        213.36291122660916     
 comp:           1
   1.0001598281991080       -26.193393033008544       -26.189207259176243     
   1.0000495640349993       -26.190505301961441       -26.189207259176243     
   1.0000156436431471       -26.189616953788910       -26.189207259176243     
   1.0000049460225402       -26.189336791585657       -26.189207259176243     
   1.0000015640412270       -26.189248220176101       -26.189207259176243     
   1.0000004945924668       -26.189220212160862       -26.189207259176243     
   1.0000001564038559       -26.189211355269240       -26.189207259176243     
   1.0000000494592425       -26.189208554474593       -26.189207259176243     
   1.0000000156403857       -26.189207668785546       -26.189207259176243     
   1.0000000049459246       -26.189207388706084       -26.189207259176243     
 comp:           2
  0.99983961344024697       -162.45960814231603       -162.48566865972154     
  0.99995026281278654       -162.47758707959991       -162.48566865972154     
  0.99998430170570418       -162.48311791187606       -162.48566865972154     
  0.99999503669850442       -162.48486219435927       -162.48566865972154     
  0.99999843049478687       -162.48541363761751       -162.48566865972154     
  0.99999950367967194       -162.48558801478117       -162.48566865972154     
  0.99999984304974643       -162.48564315755465       -162.48566865972154     
  0.99999995036797140       -162.48566059522818       -162.48566865972154     
  0.99999998430497450       -162.48566610950482       -162.48566865972154     
  0.99999999503679693       -162.48566785327216       -162.48566865972154     
 comp:           3
   1.0000000000000000        135.78020765351988        135.78020765351988     
   1.0000000000000000        135.78020765351988        135.78020765351988     
   1.0000000000000000        135.78020765351988        135.78020765351988     
   1.0000000000000000        135.78020765351988        135.78020765351988     
   1.0000000000000000        135.78020765351988        135.78020765351988     
   1.0000000000000000        135.78020765351988        135.78020765351988     
   1.0000000000000000        135.78020765351988        135.78020765351988     
   1.0000000000000000        135.78020765351988        135.78020765351988     
   1.0000000000000000        135.78020765351988        135.78020765351988     
   1.0000000000000000        135.78020765351988        135.78020765351988     
 
 part: i_fks+j_fks
 comp:           0
   1.0000240770564111        276.55585320819057        276.54919471762895     
   1.0000023085744907        276.54983315204532        276.54919471762895     
   1.0000002299104489        276.54925829917846        276.54919471762895     
   1.0000000229816173        276.54920107317668        276.54919471762895     
   1.0000000022980675        276.54919535315770        276.54919471762895     
   1.0000000002298057        276.54919478118154        276.54919471762895     
   1.0000000000229803        276.54919472398416        276.54919471762895     
   1.0000000000022982        276.54919471826452        276.54919471762895     
   1.0000000000002298        276.54919471769250        276.54919471762895     
   1.0000000000000229        276.54919471763526        276.54919471762895     
 comp:           1
   1.0839488508121583E-002   0.0000000000000000     
   3.3613091921377439E-003   0.0000000000000000     
   1.0609026467384001E-003   0.0000000000000000     
   3.3542266612978034E-004   0.0000000000000000     
   1.0606793057221438E-004   0.0000000000000000     
   3.3541560545389473E-005   0.0000000000000000     
   1.0606770727455351E-005   0.0000000000000000     
   3.3541553559283370E-006   0.0000000000000000     
   1.0606770359425140E-006   0.0000000000000000     
   3.3541554802111020E-007   0.0000000000000000     
 comp:           2
  -6.7486369366822188E-002   0.0000000000000000     
  -2.0927422315798267E-002   0.0000000000000000     
  -6.6051518783734739E-003   0.0000000000000000     
  -2.0883326665716811E-003   0.0000000000000000     
  -6.6037613631008611E-004   0.0000000000000000     
  -2.0882887069899680E-004   0.0000000000000000     
  -6.6037474606474297E-005   0.0000000000000000     
  -2.0882882720368461E-005   0.0000000000000000     
  -6.6037472315127928E-006   0.0000000000000000     
  -2.0882883494149673E-006   0.0000000000000000     
 comp:           3
  0.99996738961591936        276.54017634217200        276.54919471762895     
  0.99999687693679506        276.54833103701458        276.54919471762895     
  0.99999968900988656        276.54910871356350        276.54919471762895     
  0.99999996891409015        276.54918612084560        276.54919471762895     
  0.99999999689153996        276.54919385798684        276.54919471762895     
  0.99999999968915532        276.54919463166510        276.54919471762895     
  0.99999999996891542        276.54919470903252        276.54919471762895     
  0.99999999999689149        276.54919471676931        276.54919471762895     
  0.99999999999968925        276.54919471754300        276.54919471762895     
  0.99999999999996880        276.54919471762031        276.54919471762895     
     
 Collinear #          96
 
 part:           1
 comp:           0
  0.99999717471241012        276.44782073970157        276.44860178650544     
  0.99999973033787637        276.44852723878842        276.44860178650544     
  0.99999997315608036        276.44859436554140        276.44860178650544     
  0.99999999731682510        276.44860104474549        276.44860178650544     
  0.99999999973169484        276.44860171233285        276.44860178650544     
  0.99999999997316968        276.44860177908822        276.44860178650544     
  0.99999999999731681        276.44860178576369        276.44860178650544     
  0.99999999999973166        276.44860178643125        276.44860178650544     
  0.99999999999997324        276.44860178649805        276.44860178650544     
  0.99999999999999711        276.44860178650464        276.44860178650544     
 comp:           1
   0.0000000000000000        0.0000000000000000     
   0.0000000000000000        0.0000000000000000     
   0.0000000000000000        0.0000000000000000     
   0.0000000000000000        0.0000000000000000     
   0.0000000000000000        0.0000000000000000     
   0.0000000000000000        0.0000000000000000     
   0.0000000000000000        0.0000000000000000     
   0.0000000000000000        0.0000000000000000     
   0.0000000000000000        0.0000000000000000     
   0.0000000000000000        0.0000000000000000     
 comp:           2
   0.0000000000000000        0.0000000000000000     
   0.0000000000000000        0.0000000000000000     
   0.0000000000000000        0.0000000000000000     
   0.0000000000000000        0.0000000000000000     
   0.0000000000000000        0.0000000000000000     
   0.0000000000000000        0.0000000000000000     
   0.0000000000000000        0.0000000000000000     
   0.0000000000000000        0.0000000000000000     
   0.0000000000000000        0.0000000000000000     
   0.0000000000000000        0.0000000000000000     
 comp:           3
  0.99999717471241012        276.44782073970157        276.44860178650544     
  0.99999973033787637        276.44852723878842        276.44860178650544     
  0.99999997315608036        276.44859436554140        276.44860178650544     
  0.99999999731682510        276.44860104474549        276.44860178650544     
  0.99999999973169484        276.44860171233285        276.44860178650544     
  0.99999999997316968        276.44860177908822        276.44860178650544     
  0.99999999999731681        276.44860178576369        276.44860178650544     
  0.99999999999973166        276.44860178643125        276.44860178650544     
  0.99999999999997324        276.44860178649805        276.44860178650544     
  0.99999999999999711        276.44860178650464        276.44860178650544     
 
 part:           2
 comp:           0
   1.0000376763394183        276.26040808876428        276.25000000000000     
   1.0000036100195524        276.25099726790137        276.25000000000000     
   1.0000003594975198        276.25009931118984        276.25000000000000     
   1.0000000359347763        276.25000992698193        276.25000000000000     
   1.0000000035933279        276.25000099265685        276.25000000000000     
   1.0000000003593315        276.25000009926532        276.25000000000000     
   1.0000000000359330        276.25000000992651        276.25000000000000     
   1.0000000000035933        276.25000000099266        276.25000000000000     
   1.0000000000003593        276.25000000009925        276.25000000000000     
   1.0000000000000357        276.25000000000989        276.25000000000000     
 comp:           1
   0.0000000000000000        0.0000000000000000     
   0.0000000000000000        0.0000000000000000     
   0.0000000000000000        0.0000000000000000     
   0.0000000000000000        0.0000000000000000     
   0.0000000000000000        0.0000000000000000     
   0.0000000000000000        0.0000000000000000     
   0.0000000000000000        0.0000000000000000     
   0.0000000000000000        0.0000000000000000     
   0.0000000000000000        0.0000000000000000     
   0.0000000000000000        0.0000000000000000     
 comp:           2
   0.0000000000000000        0.0000000000000000     
   0.0000000000000000        0.0000000000000000     
   0.0000000000000000        0.0000000000000000     
   0.0000000000000000        0.0000000000000000     
   0.0000000000000000        0.0000000000000000     
   0.0000000000000000        0.0000000000000000     
   0.0000000000000000        0.0000000000000000     
   0.0000000000000000        0.0000000000000000     
   0.0000000000000000        0.0000000000000000     
   0.0000000000000000        0.0000000000000000     
 comp:           3
   1.0000376763394183       -276.26040808876428       -276.25000000000000     
   1.0000036100195524       -276.25099726790137       -276.25000000000000     
   1.0000003594975198       -276.25009931118984       -276.25000000000000     
   1.0000000359347763       -276.25000992698193       -276.25000000000000     
   1.0000000035933279       -276.25000099265685       -276.25000000000000     
   1.0000000003593315       -276.25000009926532       -276.25000000000000     
   1.0000000000359330       -276.25000000992651       -276.25000000000000     
   1.0000000000035933       -276.25000000099266       -276.25000000000000     
   1.0000000000003593       -276.25000000009925       -276.25000000000000     
   1.0000000000000357       -276.25000000000989       -276.25000000000000     
 
 part:           3
 comp:           0
   1.0000680105449948        68.458858293704964        68.454202686073103     
   1.0000210870015089        68.455646179948431        68.454202686073103     
   1.0000066552359961        68.454658264946900        68.454202686073103     
   1.0000021041396179        68.454346723272991        68.454202686073103     
   1.0000006653718432        68.454248233572116        68.454202686073103     
   1.0000002104083698        68.454217089410292        68.454202686073103     
   1.0000000665369280        68.454207240805459        68.454202686073103     
   1.0000000210408211        68.454204126405727        68.454202686073103     
   1.0000000066536914        68.454203141546245        68.454202686073103     
   1.0000000021040822        68.454202830106368        68.454202686073103     
 comp:           1
   1.0001944274096752        51.862018589236385        51.851937151409395     
   1.0000602900007505        51.855063304739168        51.851937151409395     
   1.0000190286975934        51.852923826241081        51.851937151409395     
   1.0000060162369657        51.852249104950431        51.851937151409395     
   1.0000019024633926        51.852035797821664        51.851937151409395     
   1.0000006016104603        51.851968346077172        51.851937151409395     
   1.0000001902458817        51.851947016026898        51.851937151409395     
   1.0000000601610277        51.851940270875225        51.851937151409395     
   1.0000000190245870        51.851938137871080        51.851937151409395     
   1.0000000060161029        51.851937463355988        51.851937151409395     
 comp:           2
  0.99987872436691860        41.018567481358872        41.023542637463471     
  0.99996239363564154        41.021999891171774        41.023542637463471     
  0.99998813069951809        41.023055716709074        41.023542637463471     
  0.99999624732465453        41.023388689426433        41.023542637463471     
  0.99999881332342622        41.023493955786449        41.023542637463471     
  0.99999962474072168        41.023527242998469        41.023542637463471     
  0.99999988133262807        41.023537769307481        41.023542637463471     
  0.99999996247408363        41.023541098017439        41.023542637463471     
  0.99999998813326363        41.023542150647906        41.023542637463471     
  0.99999999624740832        41.023542483518867        41.023542637463471     
 comp:           3
   1.0000000000000000       -17.642723698581353       -17.642723698581353     
   1.0000000000000000       -17.642723698581353       -17.642723698581353     
   1.0000000000000000       -17.642723698581353       -17.642723698581353     
   1.0000000000000000       -17.642723698581353       -17.642723698581353     
   1.0000000000000000       -17.642723698581353       -17.642723698581353     
   1.0000000000000000       -17.642723698581353       -17.642723698581353     
   1.0000000000000000       -17.642723698581353       -17.642723698581353     
   1.0000000000000000       -17.642723698581353       -17.642723698581353     
   1.0000000000000000       -17.642723698581353       -17.642723698581353     
   1.0000000000000000       -17.642723698581353       -17.642723698581353     
 
 part:           4
 comp:           0
   1.0001512166290385        55.565871478746054        55.557470265374619     
   1.0000468889835539        55.560075298684190        55.557470265374619     
   1.0000147989024426        55.558292454957034        55.557470265374619     
   1.0000046789001007        55.557730213227842        55.557470265374619     
   1.0000014795670145        55.557552466375036        55.557470265374619     
   1.0000004678789969        55.557496259548081        55.557470265374619     
   1.0000001479562737        55.557478485450893        55.557470265374619     
   1.0000000467878782        55.557472864790775        55.557470265374619     
   1.0000000147956258        55.557471087382162        55.557470265374619     
   1.0000000046787878        55.557470525316234        55.557470265374619     
 comp:           1
   1.0001974091858239        41.457323180867981        41.449140739741445     
   1.0000612128629638        41.451677960313511        41.449140739741445     
   1.0000193198002940        41.449941528862894        41.449140739741445     
   1.0000061082568834        41.449393921740679        41.449140739741445     
   1.0000019315603674        41.449220801258960        41.449140739741445     
   1.0000006108115420        41.449166057355015        41.449140739741445     
   1.0000001931555014        41.449148745871007        41.449140739741445     
   1.0000000610811286        41.449143271501740        41.449140739741445     
   1.0000000193155483        41.449141540354326        41.449140739741445     
   1.0000000061081129        41.449140992917478        41.449140739741445     
 comp:           2
   1.0001277974362981       -31.600974950692613       -31.596936943156404     
   1.0000396275731678       -31.598189053086998       -31.596936943156404     
   1.0000125071228934       -31.597332129929804       -31.596936943156404     
   1.0000039543224226       -31.597061887632645       -31.596936943156404     
   1.0000012504406113       -31.596976453249553       -31.596936943156404     
   1.0000003954230843       -31.596949437314663       -31.596936943156404     
   1.0000001250437147       -31.596940894154770       -31.596936943156404     
   1.0000000395422919       -31.596938192571706       -31.596936943156404     
   1.0000000125043702       -31.596937338256204       -31.596936943156404     
   1.0000000039542292       -31.596937068097937       -31.596936943156404     
 comp:           3
   1.0000000000000000        19.241486689839977        19.241486689839977     
   1.0000000000000000        19.241486689839977        19.241486689839977     
   1.0000000000000000        19.241486689839977        19.241486689839977     
   1.0000000000000000        19.241486689839977        19.241486689839977     
   1.0000000000000000        19.241486689839977        19.241486689839977     
   1.0000000000000000        19.241486689839977        19.241486689839977     
   1.0000000000000000        19.241486689839977        19.241486689839977     
   1.0000000000000000        19.241486689839977        19.241486689839977     
   1.0000000000000000        19.241486689839977        19.241486689839977     
   1.0000000000000000        19.241486689839977        19.241486689839977     
 
 part:           5
 comp:           0
   1.0000240859407288        204.00037177947266        203.99545835695375     
   1.0000074661003016        203.99698140750692        203.99545835695375     
   1.0000023561834681        203.99593900768028        203.99545835695375     
   1.0000007449200783        203.99561031726654        203.99545835695375     
   1.0000002355571114        203.99550640953464        203.99545835695375     
   1.0000000744892774        203.99547355242805        203.99545835695375     
   1.0000000235555453        203.99546316217800        203.99545835695375     
   1.0000000074489146        203.99545987649850        203.99545835695375     
   1.0000000023555535        203.99545883747595        203.99545835695375     
   1.0000000007448913        203.99545850890820        203.99545835695375     
 comp:           1
   1.0008122565719286        37.016274061839333        36.986231752027869     
   1.0002518764787165        36.995547713842562        36.986231752027869     
   1.0000794974891991        36.989172064587095        36.986231752027869     
   1.0000251344809006        36.987161381763428        36.986231752027869     
   1.0000079480665904        36.986525721060765        36.986231752027869     
   1.0000025133943291        36.986324713013012        36.986231752027869     
   1.0000007948049012        36.986261148866141        36.986231752027869     
   1.0000002513393722        36.986241048124135        36.986231752027869     
   1.0000000794804866        36.986234691711566        36.986231752027869     
   1.0000000251339380        36.986232681637524        36.986231752027869     
 comp:           2
  0.99799055038266393        7.3632045249871734        7.3780303051605722     
  0.99937688027248439        7.3734329089272190        7.3780303051605722     
  0.99980333037026559        7.3765792706722868        7.3780303051605722     
  0.99993781955754690        7.3775715359717653        7.3780303051605722     
  0.99998033719895807        7.3778852324186008        7.3780303051605722     
  0.99999378208875433        7.3779844292229670        7.3780303051605722     
  0.99999803372424456        7.3780157979184606        7.3780303051605722     
  0.99999937820902574        7.3780257175679207        7.3780303051605722     
  0.99999980337243310        7.3780288544364252        7.3780303051605722     
  0.99999993782090046        7.3780298464012919        7.3780303051605722     
 comp:           3
   1.0000000000000000       -183.64235460670432       -183.64235460670432     
   1.0000000000000000       -183.64235460670432       -183.64235460670432     
   1.0000000000000000       -183.64235460670432       -183.64235460670432     
   1.0000000000000000       -183.64235460670432       -183.64235460670432     
   1.0000000000000000       -183.64235460670432       -183.64235460670432     
   1.0000000000000000       -183.64235460670432       -183.64235460670432     
   1.0000000000000000       -183.64235460670432       -183.64235460670432     
   1.0000000000000000       -183.64235460670432       -183.64235460670432     
   1.0000000000000000       -183.64235460670432       -183.64235460670432     
   1.0000000000000000       -183.64235460670432       -183.64235460670432     
 
 part:           6
 comp:           0
   1.0484365814441889       0.20822137811247315       0.19860178650544094     
   1.0046424746323037       0.19952379026122263       0.19860178650544094     
   1.0004623264412882       0.19869360536262948       0.19860178650544094     
   1.0000462135206245       0.19861096459319766       0.19860178650544094     
   1.0000046211609146       0.19860270427625432       0.19860178650544094     
   1.0000004621141800       0.19860187828214268       0.19860178650544094     
   1.0000000462113992       0.19860179568310737       0.19860178650544094     
   1.0000000046211401       0.19860178742320761       0.19860178650544094     
   1.0000000004621137       0.19860178659721753       0.19860178650544094     
   1.0000000000462108       0.19860178651461849       0.19860178650544094     
 comp:           1
  -8.1365421196558860E-002  -0.0000000000000000     
  -2.5231197464969782E-002  -0.0000000000000000     
  -7.9635144249182496E-003  -0.0000000000000000     
  -2.5178023164647892E-003  -0.0000000000000000     
  -7.9618376239368562E-004  -0.0000000000000000     
  -2.5177493062846640E-004  -0.0000000000000000     
  -7.9618208591836277E-005  -0.0000000000000000     
  -2.5177487817803435E-005  -0.0000000000000000     
  -7.9618205828946761E-006  -0.0000000000000000     
  -2.5177488750704024E-006  -0.0000000000000000     
 comp:           2
   4.0153565286645612E-002   0.0000000000000000     
   1.2451512199788857E-002   0.0000000000000000     
   3.9299679356372911E-003   0.0000000000000000     
   1.2425270859079901E-003   0.0000000000000000     
   3.9291404399187287E-004   0.0000000000000000     
   1.2425009255600535E-004   0.0000000000000000     
   3.9291321665686573E-005   0.0000000000000000     
   1.2425006667189121E-005   0.0000000000000000     
   3.9291320302209762E-006   0.0000000000000000     
   1.2425007127572466E-006   0.0000000000000000     
 comp:           3
  0.94366044855359865       0.18741265093727044       0.19860178650544094     
  0.99460319246225615       0.19752997088701899       0.19860178650544094     
  0.99946258210584327       0.19849505435156142       0.19860178650544094     
  0.99994628073554548       0.19859111776355051       0.19860178650544094     
  0.99999462829870223       0.19860071967596662       0.19860178650544094     
  0.99999946283212149       0.19860167982294061       0.19860178650544094     
  0.99999994628323507       0.19860177583719546       0.19860178650544094     
  0.99999999462832423       0.19860178543861653       0.19860178650544094     
  0.99999999946283213       0.19860178639875845       0.19860178650544094     
  0.99999999994628264       0.19860178649477259       0.19860178650544094     
 
 part:           7
 comp:           0
  0.99991998501656898        224.47490589842977        224.49286869159852     
  0.99997518468474289        224.48729783028895        224.49286869159852     
  0.99999216746694686        224.49111034378430        224.49286869159852     
  0.99999752358177318        224.49231275336669        224.49286869159852     
  0.99999921689999338        224.49269289123157        224.49286869159852     
  0.99999975236222927        224.49281309868496        224.49286869159852     
  0.99999992169004803        224.49285111157275        224.49286869159852     
  0.99999997523621653        224.49286313230573        224.49286869159852     
  0.99999999216900404        224.49286693359576        224.49286869159852     
  0.99999999752362145        224.49286813566920        224.49286869159852     
 comp:           1
  0.99974625899850011       -130.25425041074712       -130.28730964317870     
  0.99992131342817270       -130.27705778143027       -130.28730964317870     
  0.99997516459644908       -130.28407390526615       -130.28730964317870     
  0.99999214783816304       -130.28628660613808       -130.28730964317870     
  0.99999751697382822       -130.28698613637900       -130.28730964317870     
  0.99999921479947351       -130.28720734151457       -130.28730964317870     
  0.99999975169781807       -130.28727729255544       -130.28730964317870     
  0.99999992147995487       -130.28729941301327       -130.28730964317870     
  0.99999997516978190       -130.28730640811639       -130.28730964317870     
  0.99999999214799518       -130.28730862016212       -130.28730964317870     
 comp:           2
   1.0009708405152578       -16.820950620940081       -16.804635999467639     
   1.0003010633342078       -16.809695259211786       -16.804635999467639     
   1.0000950229400747       -16.806232825387195       -16.804635999467639     
   1.0000300432204443       -16.805140864851456       -16.804635999467639     
   1.0000095003266871       -16.804795648999491       -16.804635999467639     
   1.0000030042621384       -16.804686484999323       -16.804635999467639     
   1.0000009500310032       -16.804651964392836       -16.804635999467639     
   1.0000003004261846       -16.804641048020315       -16.804635999467639     
   1.0000000950031001       -16.804637595960155       -16.804635999467639     
   1.0000000300426199       -16.804636504322932       -16.804635999467639     
 comp:           3
   1.0000000000000000        182.04359161544568        182.04359161544568     
   1.0000000000000000        182.04359161544568        182.04359161544568     
   1.0000000000000000        182.04359161544568        182.04359161544568     
   1.0000000000000000        182.04359161544568        182.04359161544568     
   1.0000000000000000        182.04359161544568        182.04359161544568     
   1.0000000000000000        182.04359161544568        182.04359161544568     
   1.0000000000000000        182.04359161544568        182.04359161544568     
   1.0000000000000000        182.04359161544568        182.04359161544568     
   1.0000000000000000        182.04359161544568        182.04359161544568     
   1.0000000000000000        182.04359161544568        182.04359161544568     
 
 part: i_fks+j_fks
 comp:           0
   1.0000319487950320        276.65604211781402        276.64720357301087     
   1.0000030633096153        276.64805102904961        276.64720357301087     
   1.0000003050740873        276.64728797090402        276.64720357301087     
   1.0000000304948964        276.64721200933866        276.64720357301087     
   1.0000000030493648        276.64720441660910        276.64720357301087     
   1.0000000003049354        276.64720365737037        276.64720357301087     
   1.0000000000304934        276.64720358144677        276.64720357301087     
   1.0000000000030493        276.64720357385448        276.64720357301087     
   1.0000000000003051        276.64720357309528        276.64720357301087     
   1.0000000000000304        276.64720357301928        276.64720357301087     
 comp:           1
  -8.1365421196558860E-002   0.0000000000000000     
  -2.5231197464969782E-002   0.0000000000000000     
  -7.9635144249182496E-003   0.0000000000000000     
  -2.5178023164647892E-003   0.0000000000000000     
  -7.9618376239368562E-004   0.0000000000000000     
  -2.5177493062846640E-004   0.0000000000000000     
  -7.9618208591836277E-005   0.0000000000000000     
  -2.5177487817803435E-005   0.0000000000000000     
  -7.9618205828946761E-006   0.0000000000000000     
  -2.5177488750704024E-006   0.0000000000000000     
 comp:           2
   4.0153565286645612E-002   0.0000000000000000     
   1.2451512199788857E-002   0.0000000000000000     
   3.9299679356372911E-003   0.0000000000000000     
   1.2425270859079901E-003   0.0000000000000000     
   3.9291404399187287E-004   0.0000000000000000     
   1.2425009255600535E-004   0.0000000000000000     
   3.9291321665686573E-005   0.0000000000000000     
   1.2425006667189121E-005   0.0000000000000000     
   3.9291320302209762E-006   0.0000000000000000     
   1.2425007127572466E-006   0.0000000000000000     
 comp:           3
  0.99995673123668916        276.63523339063886        276.64720357301087     
  0.99999585622655640        276.64605720967546        276.64720357301087     
  0.99999958736934103        276.64708941989295        276.64720357301087     
  0.99999995875432079        276.64719216250904        276.64720357301087     
  0.99999999587560617        276.64720243200884        276.64720357301087     
  0.99999999958756247        276.64720345891118        276.64720357301087     
  0.99999999995875610        276.64720356160086        276.64720357301087     
  0.99999999999587552        276.64720357186985        276.64720357301087     
  0.99999999999958766        276.64720357289679        276.64720357301087     
  0.99999999999995848        276.64720357299939        276.64720357301087     
     
 Collinear #          68
 
 part:           1
 comp:           0
   1.0000259233284559        276.25716131948593        276.25000000000000     
   1.0000024839111497        276.25068618045509        276.25000000000000     
   1.0000002473562140        276.25006833215411        276.25000000000000     
   1.0000000247253193        276.25000683036950        276.25000000000000     
   1.0000000024724289        276.25000068300847        276.25000000000000     
   1.0000000002472416        276.25000006830049        276.25000000000000     
   1.0000000000247242        276.25000000683008        276.25000000000000     
   1.0000000000024725        276.25000000068303        276.25000000000000     
   1.0000000000002471        276.25000000006827        276.25000000000000     
   1.0000000000000246        276.25000000000682        276.25000000000000     
 comp:           1
   0.0000000000000000        0.0000000000000000     
   0.0000000000000000        0.0000000000000000     
   0.0000000000000000        0.0000000000000000     
   0.0000000000000000        0.0000000000000000     
   0.0000000000000000        0.0000000000000000     
   0.0000000000000000        0.0000000000000000     
   0.0000000000000000        0.0000000000000000     
   0.0000000000000000        0.0000000000000000     
   0.0000000000000000        0.0000000000000000     
   0.0000000000000000        0.0000000000000000     
 comp:           2
   0.0000000000000000        0.0000000000000000     
   0.0000000000000000        0.0000000000000000     
   0.0000000000000000        0.0000000000000000     
   0.0000000000000000        0.0000000000000000     
   0.0000000000000000        0.0000000000000000     
   0.0000000000000000        0.0000000000000000     
   0.0000000000000000        0.0000000000000000     
   0.0000000000000000        0.0000000000000000     
   0.0000000000000000        0.0000000000000000     
   0.0000000000000000        0.0000000000000000     
 comp:           3
   1.0000259233284559        276.25716131948593        276.25000000000000     
   1.0000024839111497        276.25068618045509        276.25000000000000     
   1.0000002473562140        276.25006833215411        276.25000000000000     
   1.0000000247253193        276.25000683036950        276.25000000000000     
   1.0000000024724289        276.25000068300847        276.25000000000000     
   1.0000000002472416        276.25000006830049        276.25000000000000     
   1.0000000000247242        276.25000000683008        276.25000000000000     
   1.0000000000024725        276.25000000068303        276.25000000000000     
   1.0000000000002471        276.25000000006827        276.25000000000000     
   1.0000000000000246        276.25000000000682        276.25000000000000     
 
 part:           2
 comp:           0
  0.99999805335244629        276.38609681474338        276.38663484210997     
  0.99999981419855455        276.38658348907370        276.38663484210997     
  0.99999998150409863        276.38662973009002        276.38663484210997     
  0.99999999815124785        276.38663433113959        276.38663484210997     
  0.99999999981513288        276.38663479101518        276.38663484210997     
  0.99999999998151290        276.38663483700037        276.38663484210997     
  0.99999999999815103        276.38663484159895        276.38663484210997     
  0.99999999999981493        276.38663484205881        276.38663484210997     
  0.99999999999998113        276.38663484210474        276.38663484210997     
  0.99999999999999789        276.38663484210940        276.38663484210997     
 comp:           1
   0.0000000000000000        0.0000000000000000     
   0.0000000000000000        0.0000000000000000     
   0.0000000000000000        0.0000000000000000     
   0.0000000000000000        0.0000000000000000     
   0.0000000000000000        0.0000000000000000     
   0.0000000000000000        0.0000000000000000     
   0.0000000000000000        0.0000000000000000     
   0.0000000000000000        0.0000000000000000     
   0.0000000000000000        0.0000000000000000     
   0.0000000000000000        0.0000000000000000     
 comp:           2
   0.0000000000000000        0.0000000000000000     
   0.0000000000000000        0.0000000000000000     
   0.0000000000000000        0.0000000000000000     
   0.0000000000000000        0.0000000000000000     
   0.0000000000000000        0.0000000000000000     
   0.0000000000000000        0.0000000000000000     
   0.0000000000000000        0.0000000000000000     
   0.0000000000000000        0.0000000000000000     
   0.0000000000000000        0.0000000000000000     
   0.0000000000000000        0.0000000000000000     
 comp:           3
  0.99999805335244629       -276.38609681474338       -276.38663484210997     
  0.99999981419855455       -276.38658348907370       -276.38663484210997     
  0.99999998150409863       -276.38662973009002       -276.38663484210997     
  0.99999999815124785       -276.38663433113959       -276.38663484210997     
  0.99999999981513288       -276.38663479101518       -276.38663484210997     
  0.99999999998151290       -276.38663483700037       -276.38663484210997     
  0.99999999999815103       -276.38663484159895       -276.38663484210997     
  0.99999999999981493       -276.38663484205881       -276.38663484210997     
  0.99999999999998113       -276.38663484210474       -276.38663484210997     
  0.99999999999999789       -276.38663484210940       -276.38663484210997     
 
 part:           3
 comp:           0
   1.0000883319314360        219.53924207397105        219.51985146150292     
   1.0000273902623571        219.52586416782705        219.51985146150292     
   1.0000086448336936        219.52174917411122        219.51985146150292     
   1.0000027332000498        219.52045145317186        219.51985146150292     
   1.0000008642958849        219.52004119160719        219.51985146150292     
   1.0000002733137017        219.51991145928613        219.51985146150292     
   1.0000000864293515        219.51987043446130        219.51985146150292     
   1.0000000273313590        219.51985746127880        219.51985146150292     
   1.0000000086429344        219.51985335879857        219.51985146150292     
   1.0000000027331359        219.51985206148052        219.51985146150292     
 comp:           1
   1.0001514133099261        118.73106582362371        118.71309108157149     
   1.0000469516589776        118.71866485814013        118.71309108157149     
   1.0000148188323286        118.71485027096342        118.71309108157149     
   1.0000046852155760        118.71364727799491        118.71309108157149     
   1.0000014815655194        118.71326696279394        118.71309108157149     
   1.0000004685111195        118.71314669997470        118.71309108157149     
   1.0000001481561822        118.71310866964986        118.71309108157149     
   1.0000000468510963        118.71309664340997        118.71309108157149     
   1.0000000148156172        118.71309284037919        118.71309108157149     
   1.0000000046851099        118.71309163775535        118.71309108157149     
 comp:           2
   1.0001376763316749        124.18556893330910        124.16847387331654     
   1.0000426919679468        124.17377486982315        124.16847387331654     
   1.0000134743932068        124.17014696815740        124.16847387331654     
   1.0000042601492163        124.16900284954320        124.16847387331654     
   1.0000013471504317        124.16864114692973        124.16847387331654     
   1.0000004260054307        124.16852676976073        124.16847387331654     
   1.0000001347147072        124.16849060063613        124.16847387331654     
   1.0000000426005291        124.16847916295922        124.16847387331654     
   1.0000000134714697        124.16847554604837        124.16847387331654     
   1.0000000042600530        124.16847440228082        124.16847387331654     
 comp:           3
   1.0000000000000000        136.65723383162097        136.65723383162097     
   1.0000000000000000        136.65723383162097        136.65723383162097     
   1.0000000000000000        136.65723383162097        136.65723383162097     
   1.0000000000000000        136.65723383162097        136.65723383162097     
   1.0000000000000000        136.65723383162097        136.65723383162097     
   1.0000000000000000        136.65723383162097        136.65723383162097     
   1.0000000000000000        136.65723383162097        136.65723383162097     
   1.0000000000000000        136.65723383162097        136.65723383162097     
   1.0000000000000000        136.65723383162097        136.65723383162097     
   1.0000000000000000        136.65723383162097        136.65723383162097     
 
 part:           4
 comp:           0
  0.99991389569763733        17.661336799716171        17.662857647751661     
  0.99997329779124000        17.662386010439452        17.662857647751661     
  0.99999157206587341        17.662708786350919        17.662857647751661     
  0.99999733535004520        17.662810582418828        17.662857647751661     
  0.99999915737850009        17.662842764648058        17.662857647751661     
  0.99999973354006344        17.662852941307733        17.662857647751661     
  0.99999991573797231        17.662856159443461        17.662857647751661     
  0.99999997335400648        17.662857177107270        17.662857647751661     
  0.99999999157379693        17.662857498920836        17.662857647751661     
  0.99999999733540046        17.662857600687218        17.662857647751661     
 comp:           1
  0.99979239809277776       -6.9645081073987436       -6.9659542527872453     
  0.99993562098019251       -6.9655057914804273       -6.9659542527872453     
  0.99997968038659946       -6.9658127072898628       -6.9659542527872453     
  0.99999357558525304       -6.9659095006080172       -6.9659542527872453     
  0.99999796845870115       -6.9659401011634952       -6.9659542527872453     
  0.99999935757127789       -6.9659497776581567       -6.9659542527872453     
  0.99999979684622065       -6.9659528376273121       -6.9659542527872453     
  0.99999993575713353       -6.9659538052743768       -6.9659542527872453     
  0.99999997968462195       -6.9659541112712509       -6.9659542527872453     
  0.99999999357571312       -6.9659542080359564       -6.9659542527872453     
 comp:           2
  0.99988733211469016       -12.205929093093252       -12.207304464272575     
  0.99996506078331804       -12.206877950616795       -12.207304464272575     
  0.99998897231772677       -12.207169845997530       -12.207304464272575     
  0.99999651339800488       -12.207261902260475       -12.207304464272575     
  0.99999889745973369       -12.207291005227860       -12.207304464272575     
  0.99999965134672153       -12.207300208155852       -12.207304464272575     
  0.99999988974616361       -12.207303118370426       -12.207304464272575     
  0.99999996513467526       -12.207304038660940       -12.207304464272575     
  0.99999998897461628       -12.207304329682358       -12.207304464272575     
  0.99999999651346738       -12.207304421711410       -12.207304464272575     
 comp:           3
   1.0000000000000000        10.697370674580078        10.697370674580078     
   1.0000000000000000        10.697370674580078        10.697370674580078     
   1.0000000000000000        10.697370674580078        10.697370674580078     
   1.0000000000000000        10.697370674580078        10.697370674580078     
   1.0000000000000000        10.697370674580078        10.697370674580078     
   1.0000000000000000        10.697370674580078        10.697370674580078     
   1.0000000000000000        10.697370674580078        10.697370674580078     
   1.0000000000000000        10.697370674580078        10.697370674580078     
   1.0000000000000000        10.697370674580078        10.697370674580078     
   1.0000000000000000        10.697370674580078        10.697370674580078     
 
 part:           5
 comp:           0
   1.0000121521192669        99.707769171451943        99.706557525473215     
   1.0000037669921240        99.706933119290127        99.706557525473215     
   1.0000011888125595        99.706676057881069        99.706557525473215     
   1.0000003758503724        99.706595000219991        99.706557525473215     
   1.0000001188507275        99.706569375670114        99.706557525473215     
   1.0000000375836962        99.706561272814170        99.706557525473215     
   1.0000000118849925        99.706558710484913        99.706557525473215     
   1.0000000037583634        99.706557900206690        99.706557525473215     
   1.0000000011884986        99.706557643974321        99.706557525473215     
   1.0000000003758363        99.706557562946557        99.706557525473215     
 comp:           1
  0.99970921086147979       -28.066713370772714       -28.074877240139436     
  0.99990982700765296       -28.072345644448916       -28.074877240139436     
  0.99997153946665618       -28.074078214159620       -28.074877240139436     
  0.99999100171517519       -28.074624614397607       -28.074877240139436     
  0.99999715454730775       -28.074797354404410       -28.074877240139436     
  0.99999910019061011       -28.074851978101275       -28.074877240139436     
  0.99999971545534494       -28.074869251583177       -28.074877240139436     
  0.99999991001908128       -28.074874713936190       -28.074877240139436     
  0.99999997154553555       -28.074876441283841       -28.074877240139436     
  0.99999999100190773       -28.074876987519101       -28.074877240139436     
 comp:           2
   1.0001722689674313        45.078739913903227        45.070975583478344     
   1.0000534201805502        45.073383283131591        45.070975583478344     
   1.0000168605564728        45.071735505207450        45.070975583478344     
   1.0000053307535601        45.071215845741897        45.070975583478344     
   1.0000016856998155        45.071051559613572        45.070975583478344     
   1.0000005330640451        45.070999609194907        45.070975583478344     
   1.0000001685696176        45.070983181075462        45.070975583478344     
   1.0000000533063924        45.070977986049456        45.070975583478344     
   1.0000000168569609        45.070976343238023        45.070975583478344     
   1.0000000053306395        45.070975823735466        45.070975583478344     
 comp:           3
   1.0000000000000000       -25.584958219910170       -25.584958219910170     
   1.0000000000000000       -25.584958219910170       -25.584958219910170     
   1.0000000000000000       -25.584958219910170       -25.584958219910170     
   1.0000000000000000       -25.584958219910170       -25.584958219910170     
   1.0000000000000000       -25.584958219910170       -25.584958219910170     
   1.0000000000000000       -25.584958219910170       -25.584958219910170     
   1.0000000000000000       -25.584958219910170       -25.584958219910170     
   1.0000000000000000       -25.584958219910170       -25.584958219910170     
   1.0000000000000000       -25.584958219910170       -25.584958219910170     
   1.0000000000000000       -25.584958219910170       -25.584958219910170     
 
 part:           6
 comp:           0
   1.0484485863879818       0.14325460706147808       0.13663484210990795     
   1.0046436782302666       0.13726933035170963       0.13663484210990795     
   1.0004624468061831       0.13669802845625501       0.13663484210990795     
   1.0000462255571407       0.13664115813160932       0.13663484210990795     
   1.0000046223645664       0.13663547368596066       0.13663484210990795     
   1.0000004622345446       0.13663490526725197       0.13663484210990795     
   1.0000000462234353       0.13663484842563975       0.13663484210990795     
   1.0000000046223436       0.13663484274148113       0.13663484210990795     
   1.0000000004622338       0.13663484217306518       0.13663484210990795     
   1.0000000000462230       0.13663484211622362       0.13663484210990795     
 comp:           1
  -4.5237851404400974E-002  -0.0000000000000000     
  -1.4028204560477779E-002  -0.0000000000000000     
  -4.4276083981804821E-003  -0.0000000000000000     
  -1.3998647591020135E-003  -0.0000000000000000     
  -4.4266763465079681E-004  -0.0000000000000000     
  -1.3998352933326295E-004  -0.0000000000000000     
  -4.4266670278003320E-005  -0.0000000000000000     
  -1.3998350017870562E-005  -0.0000000000000000     
  -4.4266668742100652E-006  -0.0000000000000000     
  -1.3998350536558133E-006  -0.0000000000000000     
 comp:           2
  -4.3023915528016911E-002  -0.0000000000000000     
  -1.3341665646857428E-002  -0.0000000000000000     
  -4.2109216905894687E-003  -0.0000000000000000     
  -1.3313555192498272E-003  -0.0000000000000000     
  -4.2100352534316229E-004  -0.0000000000000000     
  -1.3313274955322190E-004  -0.0000000000000000     
  -4.2100263907805968E-005  -0.0000000000000000     
  -1.3313272182548568E-005  -0.0000000000000000     
  -4.2100262447070212E-006  -0.0000000000000000     
  -1.3313272675851619E-006  -0.0000000000000000     
 comp:           3
  0.94365019395095784      -0.12893549525747314      -0.13663484210990795     
  0.99460215652243633      -0.13589730861861704      -0.13663484210990795     
  0.99946247843635838      -0.13656139793592911      -0.13663484210990795     
  0.99994627036786854      -0.13662750077010505      -0.13663484210990795     
  0.99999462726192667      -0.13663410800668960      -0.13663484210990795     
  0.99999946272844331      -0.13663476869989363      -0.13663484210990795     
  0.99999994627286715      -0.13663483476890964      -0.13663484210990795     
  0.99999999462728706      -0.13663484137580817      -0.13663484210990795     
  0.99999999946272788      -0.13663484203649787      -0.13663484210990795     
  0.99999999994627231      -0.13663484210256688      -0.13663484210990795     
 
 part:           7
 comp:           0
  0.99991151700592218        215.59165548202873        215.61073336527221     
  0.99997256016173441        215.60481704162035        215.61073336527221     
  0.99999133925385653        215.60886601544473        215.61073336527221     
  0.99999726174251091        215.61014296756684        215.61073336527221     
  0.99999913410219932        215.61054666841238        215.61073336527221     
  0.99999972617946487        215.61067432662583        215.61073336527221     
  0.99999991341034711        215.61071469561364        215.61073336527221     
  0.99999997261794682        215.61072746140763        215.61073336527221     
  0.99999999134103434        215.61073149830628        215.61073336527221     
  0.99999999726179456        215.61073277488572        215.61073336527221     
 comp:           1
  0.99978902094094579       -83.654606494047854       -83.672259588644806     
  0.99993457364458183       -83.666785217650315       -83.672259588644806     
  0.99997934981632441       -83.670531741115752       -83.672259588644806     
  0.99999347106893832       -83.671713298230173       -83.672259588644806     
  0.99999793540829085       -83.672086839591373       -83.672259588644806     
  0.99999934711983229       -83.672204960685931       -83.672259588644806     
  0.99999979354118318       -83.672242313769090       -83.672259588644806     
  0.99999993471198889       -83.672254125849392       -83.672259588644806     
  0.99999997935411811       -83.672257861157220       -83.672259588644806     
  0.99999999347119861       -83.672259042365241       -83.672259588644806     
 comp:           2
  0.99989308460422510       -157.01535583859106       -157.03214499252232     
  0.99996684464934571       -157.02693853669109       -157.03214499252232     
  0.99998953534739232       -157.03050170567673       -157.03214499252232     
  0.99999669140979397       -157.03162543750537       -157.03214499252232     
  0.99999895375095205       -157.03198069779012       -157.03214499252232     
  0.99999966914753613       -157.03209303805025       -157.03214499252232     
  0.99999989537527456       -157.03212856307726       -157.03214499252232     
  0.99999996691475646       -157.03213979707556       -157.03214499252232     
  0.99999998953752745       -157.03214334957781       -157.03214499252232     
  0.99999999669147555       -157.03214447297762       -157.03214499252232     
 comp:           3
   1.0000000000000000       -121.76964628629088       -121.76964628629088     
   1.0000000000000000       -121.76964628629088       -121.76964628629088     
   1.0000000000000000       -121.76964628629088       -121.76964628629088     
   1.0000000000000000       -121.76964628629088       -121.76964628629088     
   1.0000000000000000       -121.76964628629088       -121.76964628629088     
   1.0000000000000000       -121.76964628629088       -121.76964628629088     
   1.0000000000000000       -121.76964628629088       -121.76964628629088     
   1.0000000000000000       -121.76964628629088       -121.76964628629088     
   1.0000000000000000       -121.76964628629088       -121.76964628629088     
   1.0000000000000000       -121.76964628629088       -121.76964628629088     
 
 part: i_fks+j_fks
 comp:           0
   1.0000219935833679        276.52935142180485        276.52326968421988     
   1.0000021088106119        276.52385281942543        276.52326968421988     
   1.0000002100160557        276.52332775854626        276.52326968421988     
   1.0000000209929940        276.52327548927121        276.52326968421988     
   1.0000000020992130        276.52327026470113        276.52326968421988     
   1.0000000002099201        276.52326974226764        276.52326968421988     
   1.0000000000209917        276.52326969002456        276.52326968421988     
   1.0000000000020990        276.52326968480031        276.52326968421988     
   1.0000000000002094        276.52326968427781        276.52326968421988     
   1.0000000000000209        276.52326968422562        276.52326968421988     
 comp:           1
  -4.5237851404400974E-002   0.0000000000000000     
  -1.4028204560477779E-002   0.0000000000000000     
  -4.4276083981804821E-003   0.0000000000000000     
  -1.3998647591020135E-003   0.0000000000000000     
  -4.4266763465079681E-004   0.0000000000000000     
  -1.3998352933326295E-004   0.0000000000000000     
  -4.4266670278003320E-005   0.0000000000000000     
  -1.3998350017870562E-005   0.0000000000000000     
  -4.4266668742100652E-006   0.0000000000000000     
  -1.3998350536558133E-006   0.0000000000000000     
 comp:           2
  -4.3023915528016911E-002   0.0000000000000000     
  -1.3341665646857428E-002   0.0000000000000000     
  -4.2109216905894687E-003   0.0000000000000000     
  -1.3313555192498272E-003   0.0000000000000000     
  -4.2100352534316229E-004   0.0000000000000000     
  -1.3313274955322190E-004   0.0000000000000000     
  -4.2100263907805968E-005   0.0000000000000000     
  -1.3313272182548568E-005   0.0000000000000000     
  -4.2100262447070212E-006   0.0000000000000000     
  -1.3313272675851619E-006   0.0000000000000000     
 comp:           3
  0.99997021091849358       -276.51503231000083       -276.52326968421988     
  0.99999714712426024       -276.52248079769231       -276.52326968421988     
  0.99999971591470749       -276.52319112802593       -276.52326968421988     
  0.99999997160343790       -276.52326183190968       -276.52326968421988     
  0.99999999716046328       -276.52326889902190       -276.52326968421988     
  0.99999999971604692       -276.52326960570025       -276.52326968421988     
  0.99999999997160449       -276.52326967636787       -276.52326968421988     
  0.99999999999716016       -276.52326968343459       -276.52326968421988     
  0.99999999999971545       -276.52326968414121       -276.52326968421988     
  0.99999999999997147       -276.52326968421198       -276.52326968421988     
     
 Collinear #          87
 
 part:           1
 comp:           0
   1.0000100780733021        276.25278406774970        276.25000000000000     
   1.0000009656701223        276.25026676637128        276.25000000000000     
   1.0000000961648003        276.25002656552607        276.25000000000000     
   1.0000000096124761        276.25000265544656        276.25000000000000     
   1.0000000009612078        276.25000026553363        276.25000000000000     
   1.0000000000961204        276.25000002655327        276.25000000000000     
   1.0000000000096121        276.25000000265533        276.25000000000000     
   1.0000000000009612        276.25000000026552        276.25000000000000     
   1.0000000000000964        276.25000000002660        276.25000000000000     
   1.0000000000000098        276.25000000000267        276.25000000000000     
 comp:           1
   0.0000000000000000        0.0000000000000000     
   0.0000000000000000        0.0000000000000000     
   0.0000000000000000        0.0000000000000000     
   0.0000000000000000        0.0000000000000000     
   0.0000000000000000        0.0000000000000000     
   0.0000000000000000        0.0000000000000000     
   0.0000000000000000        0.0000000000000000     
   0.0000000000000000        0.0000000000000000     
   0.0000000000000000        0.0000000000000000     
   0.0000000000000000        0.0000000000000000     
 comp:           2
   0.0000000000000000        0.0000000000000000     
   0.0000000000000000        0.0000000000000000     
   0.0000000000000000        0.0000000000000000     
   0.0000000000000000        0.0000000000000000     
   0.0000000000000000        0.0000000000000000     
   0.0000000000000000        0.0000000000000000     
   0.0000000000000000        0.0000000000000000     
   0.0000000000000000        0.0000000000000000     
   0.0000000000000000        0.0000000000000000     
   0.0000000000000000        0.0000000000000000     
 comp:           3
   1.0000100780733021        276.25278406774970        276.25000000000000     
   1.0000009656701223        276.25026676637128        276.25000000000000     
   1.0000000961648003        276.25002656552607        276.25000000000000     
   1.0000000096124761        276.25000265544656        276.25000000000000     
   1.0000000009612078        276.25000026553363        276.25000000000000     
   1.0000000000961204        276.25000002655327        276.25000000000000     
   1.0000000000096121        276.25000000265533        276.25000000000000     
   1.0000000000009612        276.25000000026552        276.25000000000000     
   1.0000000000000964        276.25000000002660        276.25000000000000     
   1.0000000000000098        276.25000000000267        276.25000000000000     
 
 part:           2
 comp:           0
  0.99999924179751498        276.30290208512082        276.30311157882664     
  0.99999992763093026        276.30309158302748        276.30311157882664     
  0.99999999279589602        276.30310958831029        276.30311157882664     
  0.99999999927991612        276.30311137986524        276.30311157882664     
  0.99999999992799504        276.30311155893145        276.30311157882664     
  0.99999999999279954        276.30311157683713        276.30311157882664     
  0.99999999999927991        276.30311157862769        276.30311157882664     
  0.99999999999992817        276.30311157880681        276.30311157882664     
  0.99999999999999301        276.30311157882471        276.30311157882664     
  0.99999999999999933        276.30311157882647        276.30311157882664     
 comp:           1
   0.0000000000000000        0.0000000000000000     
   0.0000000000000000        0.0000000000000000     
   0.0000000000000000        0.0000000000000000     
   0.0000000000000000        0.0000000000000000     
   0.0000000000000000        0.0000000000000000     
   0.0000000000000000        0.0000000000000000     
   0.0000000000000000        0.0000000000000000     
   0.0000000000000000        0.0000000000000000     
   0.0000000000000000        0.0000000000000000     
   0.0000000000000000        0.0000000000000000     
 comp:           2
   0.0000000000000000        0.0000000000000000     
   0.0000000000000000        0.0000000000000000     
   0.0000000000000000        0.0000000000000000     
   0.0000000000000000        0.0000000000000000     
   0.0000000000000000        0.0000000000000000     
   0.0000000000000000        0.0000000000000000     
   0.0000000000000000        0.0000000000000000     
   0.0000000000000000        0.0000000000000000     
   0.0000000000000000        0.0000000000000000     
   0.0000000000000000        0.0000000000000000     
 comp:           3
  0.99999924179751498       -276.30290208512082       -276.30311157882664     
  0.99999992763093026       -276.30309158302748       -276.30311157882664     
  0.99999999279589602       -276.30310958831029       -276.30311157882664     
  0.99999999927991612       -276.30311137986524       -276.30311157882664     
  0.99999999992799504       -276.30311155893145       -276.30311157882664     
  0.99999999999279954       -276.30311157683713       -276.30311157882664     
  0.99999999999927991       -276.30311157862769       -276.30311157882664     
  0.99999999999992817       -276.30311157880681       -276.30311157882664     
  0.99999999999999301       -276.30311157882471       -276.30311157882664     
  0.99999999999999933       -276.30311157882647       -276.30311157882664     
 
 part:           3
 comp:           0
   1.0000241716419129        166.48588710696151        166.48186296698486     
   1.0000074954409923        166.48311082196503        166.48186296698486     
   1.0000023657066859        166.48225681424117        166.48186296698486     
   1.0000007479570194        166.48198748826286        166.48186296698486     
   1.0000002365200529        166.48190234328391        166.48186296698486     
   1.0000000747940452        166.48187541883684        166.48186296698486     
   1.0000000236519471        166.48186690460508        166.48186296698486     
   1.0000000074794022        166.48186421216968        166.48186296698486     
   1.0000000023651945        166.48186336074684        166.48186296698486     
   1.0000000007479404        166.48186309150336        166.48186296698486     
 comp:           1
  0.99949947745321821        10.528112031132434        10.533384227432180     
  0.99984478881209971        10.531749328353630        10.533384227432180     
  0.99995101204661452        10.532868218496654        10.533384227432180     
  0.99998451162518331        10.533221082429177        10.533384227432180     
  0.99999510224077737        10.533332637452434        10.533384227432180     
  0.99999845119562991        10.533367913280657        10.533384227432180     
  0.99999951022516087        10.533379068445614        10.533384227432180     
  0.99999984511959972        10.533382596017415        10.533384227432180     
  0.99999995102251904        10.533383711533554        10.533384227432180     
  0.99999998451195959        10.533384064290699        10.533384227432180     
 comp:           2
   1.0000354132943612        143.13290056956450        143.12783194152067     
   1.0000109816021689        143.12940371443034        143.12783194152067     
   1.0000034660273038        143.12832802649413        143.12783194152067     
   1.0000010958434942        143.12798878722413        143.12783194152067     
   1.0000003465294225        143.12788153952562        143.12783194152067     
   1.0000001095820066        143.12784762575569        143.12783194152067     
   1.0000000346528657        143.12783690131019        143.12783194152067     
   1.0000000109581981        143.12783350994380        143.12783194152067     
   1.0000000034652863        143.12783243749959        143.12783194152067     
   1.0000000010958197        143.12783209836297        143.12783194152067     
 comp:           3
   1.0000000000000000        84.359495662284687        84.359495662284687     
   1.0000000000000000        84.359495662284687        84.359495662284687     
   1.0000000000000000        84.359495662284687        84.359495662284687     
   1.0000000000000000        84.359495662284687        84.359495662284687     
   1.0000000000000000        84.359495662284687        84.359495662284687     
   1.0000000000000000        84.359495662284687        84.359495662284687     
   1.0000000000000000        84.359495662284687        84.359495662284687     
   1.0000000000000000        84.359495662284687        84.359495662284687     
   1.0000000000000000        84.359495662284687        84.359495662284687     
   1.0000000000000000        84.359495662284687        84.359495662284687     
 
 part:           4
 comp:           0
   1.0000400389431179        33.428133599606689        33.426795226054018     
   1.0000124159050521        33.427210249969740        33.426795226054018     
   1.0000039187138208        33.426926216098458        33.426795226054018     
   1.0000012389670412        33.426836640751596        33.426795226054018     
   1.0000003917880851        33.426808322274113        33.426795226054018     
   1.0000001238940139        33.426799367433851        33.426795226054018     
   1.0000000391787176        33.426796535672992        33.426795226054018     
   1.0000000123893982        33.426795640191891        33.426795226054018     
   1.0000000039178711        33.426795357015898        33.426795226054018     
   1.0000000012389398        33.426795267467810        33.426795226054018     
 comp:           1
   1.0000565869989413       -18.708145718541118       -18.707087140620896     
   1.0000175474357955       -18.707415402031419       -18.707087140620896     
   1.0000055383347752       -18.707190746732149       -18.707087140620896     
   1.0000017510378241       -18.707119897438059       -18.707087140620896     
   1.0000005537159524       -18.707097499033470       -18.707087140620896     
   1.0000001751000003       -18.707090416231861       -18.707087140620896     
   1.0000000553714690       -18.707088176459791       -18.707087140620896     
   1.0000000175099955       -18.707087468181907       -18.707087140620896     
   1.0000000055371465       -18.707087244204779       -18.707087140620896     
   1.0000000017509996       -18.707087173376998       -18.707087140620896     
 comp:           2
   1.0000415378129541        24.501693019632601        24.500675315164109     
   1.0000128807344359        24.500990901856348        24.500675315164109     
   1.0000040654270110        24.500774920871322        24.500675315164109     
   1.0000012853532256        24.500706807186155        24.500675315164109     
   1.0000004064564316        24.500685273621169        24.500675315164109     
   1.0000001285325462        24.500678464298293        24.500675315164109     
   1.0000000406455503        24.500676311007542        24.500675315164109     
   1.0000000128532514        24.500675630077446        24.500675315164109     
   1.0000000040645547        24.500675414748446        24.500675315164109     
   1.0000000012853252        24.500675346655445        24.500675315164109     
 comp:           3
   1.0000000000000000       -12.927197642902811       -12.927197642902811     
   1.0000000000000000       -12.927197642902811       -12.927197642902811     
   1.0000000000000000       -12.927197642902811       -12.927197642902811     
   1.0000000000000000       -12.927197642902811       -12.927197642902811     
   1.0000000000000000       -12.927197642902811       -12.927197642902811     
   1.0000000000000000       -12.927197642902811       -12.927197642902811     
   1.0000000000000000       -12.927197642902811       -12.927197642902811     
   1.0000000000000000       -12.927197642902811       -12.927197642902811     
   1.0000000000000000       -12.927197642902811       -12.927197642902811     
   1.0000000000000000       -12.927197642902811       -12.927197642902811     
 
 part:           5
 comp:           0
   1.0000128292276238        104.85798431684091        104.85663908715020     
   1.0000039781483447        104.85705622241542        104.85663908715020     
   1.0000012555714404        104.85677074215157        104.85663908715020     
   1.0000003969685924        104.85668071194263        104.85663908715020     
   1.0000001255298903        104.85665224979259        104.85663908715020     
   1.0000000396959410        104.85664324953315        104.85663908715020     
   1.0000000125529542        104.85664040341079        104.85663908715020     
   1.0000000039695927        104.85663950338834        104.85663908715020     
   1.0000000012552952        104.85663921877624        104.85663908715020     
   1.0000000003969591        104.85663912877401        104.85663908715020     
 comp:           1
  0.99978961773172847        15.780385363666527        15.783705975531390     
  0.99993476056225683        15.782676255428044        15.783705975531390     
  0.99997940902054261        15.783380973565887        15.783705975531390     
  0.99999348980909197        15.783603220592253        15.783705975531390     
  0.99999794133653364        15.783673482192535        15.783705975531390     
  0.99999934899472420        15.783695700255528        15.783705975531390     
  0.99999979413409834        15.783702726204528        15.783705975531390     
  0.99999993489948691        15.783704948004033        15.783705975531390     
  0.99999997941341079        15.783705650598719        15.783705975531390     
  0.99999999348994839        15.783705872778651        15.783705975531390     
 comp:           2
   1.0000526801453831        60.602826324400894        60.599633926875462     
   1.0000163360871297        60.600623887775320        60.599633926875462     
   1.0000051560228926        60.599946379975272        60.599633926875462     
   1.0000016301649675        60.599732714275731        60.599633926875462     
   1.0000005154934948        60.599665165592533        60.599633926875462     
   1.0000001630130375        60.599643805405854        60.599633926875462     
   1.0000000515492380        60.599637050740419        60.599633926875462     
   1.0000000163013001        60.599634914728284        60.599633926875462     
   1.0000000051549236        60.599634239261945        60.599633926875462     
   1.0000000016301300        60.599634025660748        60.599633926875462     
 comp:           3
   1.0000000000000000        24.622302895728435        24.622302895728435     
   1.0000000000000000        24.622302895728435        24.622302895728435     
   1.0000000000000000        24.622302895728435        24.622302895728435     
   1.0000000000000000        24.622302895728435        24.622302895728435     
   1.0000000000000000        24.622302895728435        24.622302895728435     
   1.0000000000000000        24.622302895728435        24.622302895728435     
   1.0000000000000000        24.622302895728435        24.622302895728435     
   1.0000000000000000        24.622302895728435        24.622302895728435     
   1.0000000000000000        24.622302895728435        24.622302895728435     
   1.0000000000000000        24.622302895728435        24.622302895728435     
 
 part:           6
 comp:           0
   1.0484647793085324        5.5685619773219008E-002   5.3111578826657332E-002
   1.0046453017133308        5.3358298134778506E-002   5.3111578826657332E-002
   1.0004626091614282        5.3136148729600458E-002   5.3111578826657332E-002
   1.0000462417927032        5.3114034801275571E-002   5.3111578826657332E-002
   1.0000046239881231        5.3111824413967029E-002   5.3111578826657332E-002
   1.0000004623969008        5.3111603385286775E-002   5.3111578826657332E-002
   1.0000000462396714        5.3111581282519284E-002   5.3111578826657332E-002
   1.0000000046239672        5.3111579072243537E-002   5.3111578826657332E-002
   1.0000000004623968        5.3111578851215951E-002   5.3111578826657332E-002
   1.0000000000462395        5.3111578829113187E-002   5.3111578826657332E-002
 comp:           1
   1.7496520046552937E-002   0.0000000000000000     
   5.4256862555887939E-003   0.0000000000000000     
   1.7124664186982694E-003   0.0000000000000000     
   5.4142582767483297E-004   0.0000000000000000     
   1.7121060475702298E-004   0.0000000000000000     
   5.4141443494413369E-005   0.0000000000000000     
   1.7121024445578548E-005   0.0000000000000000     
   5.4141432222049920E-006   0.0000000000000000     
   1.7121023851655824E-006   0.0000000000000000     
   5.4141434228215848E-007   0.0000000000000000     
 comp:           2
  -1.6820950346919574E-002  -0.0000000000000000     
  -5.2161914975317409E-003  -0.0000000000000000     
  -1.6463452459716883E-003  -0.0000000000000000     
  -5.2052047719354706E-004  -0.0000000000000000     
  -1.6459987893714567E-004  -0.0000000000000000     
  -5.2050952435510266E-005  -0.0000000000000000     
  -1.6459953254773737E-005  -0.0000000000000000     
  -5.2050941598391505E-006  -0.0000000000000000     
  -1.6459952683783357E-006  -0.0000000000000000     
  -5.2050943527096029E-007  -0.0000000000000000     
 comp:           3
  0.94363636853498722       -5.0118017371146642E-002  -5.3111578826657332E-002
  0.99460075981861829       -5.2824816656159825E-002  -5.3111578826657332E-002
  0.99946233866386058       -5.3083022784220918E-002  -5.3111578826657332E-002
  0.99994625638963419       -5.3108724418658958E-002  -5.3111578826657332E-002
  0.99999462586409371       -5.3111293397814521E-002  -5.3111578826657332E-002
  0.99999946258866046       -5.3111550283892611E-002  -5.3111578826657332E-002
  0.99999994625888899       -5.3111575972382079E-002  -5.3111578826657332E-002
  0.99999999462588951       -5.3111578541229838E-002  -5.3111578826657332E-002
  0.99999999946258888       -5.3111578798114581E-002  -5.3111578826657332E-002
  0.99999999994625866       -5.3111578823803046E-002  -5.3111578826657332E-002
 
 part:           7
 comp:           0
  0.99997292583538355        247.72799550968827        247.73470271981091     
  0.99999160407131404        247.73262275691383        247.73470271981091     
  0.99999735003942480        247.73404623261558        247.73470271981091     
  0.99999916216720852        247.73449515955338        247.73470271981091     
  0.99999973505887652        247.73463708470044        247.73470271981091     
  0.99999991621840068        247.73468196420131        247.73470271981091     
  0.99999997350593517        247.73469615631163        247.73470271981091     
  0.99999999162184117        247.73470064425021        247.73470271981091     
  0.99999999735059342        247.73470206346096        247.73470271981091     
  0.99999999916218407        247.73470251225484        247.73470271981091     
 comp:           1
   1.0010308976090352       -7.6178481963043936       -7.6100030623426740     
   1.0003196852410230       -7.6124358680058455       -7.6100030623426740     
   1.0001009000128025       -7.6107709117490909       -7.6100030623426740     
   1.0000319013102077       -7.6102458314110466       -7.6100030623426740     
   1.0000100878899725       -7.6100798312162565       -7.6100030623426740     
   1.0000031900650952       -7.6100273387478179       -7.6100030623426740     
   1.0000010087869950       -7.6100107392147960       -7.6100030623426740     
   1.0000003190064535       -7.6100054899827612       -7.6100030623426740     
   1.0000001008786989       -7.6100038300298811       -7.6100030623426740     
   1.0000000319006468       -7.6100033051066944       -7.6100030623426740     
 comp:           2
  0.99996695315367301       -228.22059896325106       -228.22814118356024     
  0.99998975204817586       -228.22580231256447       -228.22814118356024     
  0.99999676551076633       -228.22740298209476       -228.22814118356024     
  0.99999897735945176       -228.22790778820882       -228.22814118356024     
  0.99999967661875755       -228.22806737886037       -228.22814118356024     
  0.99999989773805842       -228.22811784450741       -228.22814118356024     
  0.99999996766193988       -228.22813380310490       -228.22814118356024     
  0.99999998977380766       -228.22813884965538       -228.22814118356024     
  0.99999999676619400       -228.22814044551470       -228.22814118356024     
  0.99999999897738068       -228.22814095016975       -228.22814118356024     
 comp:           3
   1.0000000000000000       -96.054600915110314       -96.054600915110314     
   1.0000000000000000       -96.054600915110314       -96.054600915110314     
   1.0000000000000000       -96.054600915110314       -96.054600915110314     
   1.0000000000000000       -96.054600915110314       -96.054600915110314     
   1.0000000000000000       -96.054600915110314       -96.054600915110314     
   1.0000000000000000       -96.054600915110314       -96.054600915110314     
   1.0000000000000000       -96.054600915110314       -96.054600915110314     
   1.0000000000000000       -96.054600915110314       -96.054600915110314     
   1.0000000000000000       -96.054600915110314       -96.054600915110314     
   1.0000000000000000       -96.054600915110314       -96.054600915110314     
 
 part: i_fks+j_fks
 comp:           0
   1.0000085561570271        276.35858770489403        276.35622315765329     
   1.0000008204031245        276.35644988116223        276.35622315765329     
   1.0000000817039194        276.35624573703990        276.35622315765329     
   1.0000000081670433        276.35622541466654        276.35622315765329     
   1.0000000008166712        276.35622338334542        276.35622315765329     
   1.0000000000816667        276.35622318022240        276.35622315765329     
   1.0000000000081666        276.35622315991020        276.35622315765329     
   1.0000000000008169        276.35622315787907        276.35622315765329     
   1.0000000000000819        276.35622315767591        276.35622315765329     
   1.0000000000000082        276.35622315765556        276.35622315765329     
 comp:           1
   1.7496520046552937E-002   0.0000000000000000     
   5.4256862555887939E-003   0.0000000000000000     
   1.7124664186982694E-003   0.0000000000000000     
   5.4142582767483297E-004   0.0000000000000000     
   1.7121060475702298E-004   0.0000000000000000     
   5.4141443494413369E-005   0.0000000000000000     
   1.7121024445578548E-005   0.0000000000000000     
   5.4141432222049920E-006   0.0000000000000000     
   1.7121023851655824E-006   0.0000000000000000     
   5.4141434228215848E-007   0.0000000000000000     
 comp:           2
  -1.6820950346919574E-002   0.0000000000000000     
  -5.2161914975317409E-003   0.0000000000000000     
  -1.6463452459716883E-003   0.0000000000000000     
  -5.2052047719354706E-004   0.0000000000000000     
  -1.6459987893714567E-004   0.0000000000000000     
  -5.2050952435510266E-005   0.0000000000000000     
  -1.6459953254773737E-005   0.0000000000000000     
  -5.2050941598391505E-006   0.0000000000000000     
  -1.6459952683783357E-006   0.0000000000000000     
  -5.2050943527096029E-007   0.0000000000000000     
 comp:           3
  0.99998840968687175       -276.35302010249194       -276.35622315765329     
  0.99999888999072950       -276.35591639968362       -276.35622315765329     
  0.99999988946672369       -276.35619261109451       -276.35622315765329     
  0.99999998895132758       -276.35622010428392       -276.35622315765329     
  0.99999999889517954       -276.35622285232927       -276.35622315765329     
  0.99999999988951849       -276.35622312712104       -276.35622315765329     
  0.99999999998895184       -276.35622315460006       -276.35622315765329     
  0.99999999999889544       -276.35622315734804       -276.35622315765329     
  0.99999999999988975       -276.35622315762282       -276.35622315765329     
  0.99999999999998912       -276.35622315765028       -276.35622315765329     
     
 Collinear #          22
 
 part:           1
 comp:           0
   1.0000000000000000        325.00000000000000        325.00000000000000     
   1.0000000000000000        325.00000000000000        325.00000000000000     
   1.0000000000000000        325.00000000000000        325.00000000000000     
   1.0000000000000000        325.00000000000000        325.00000000000000     
   1.0000000000000000        325.00000000000000        325.00000000000000     
   1.0000000000000000        325.00000000000000        325.00000000000000     
   1.0000000000000000        325.00000000000000        325.00000000000000     
   1.0000000000000000        325.00000000000000        325.00000000000000     
   1.0000000000000000        325.00000000000000        325.00000000000000     
   1.0000000000000000        325.00000000000000        325.00000000000000     
 comp:           1
   0.0000000000000000        0.0000000000000000     
   0.0000000000000000        0.0000000000000000     
   0.0000000000000000        0.0000000000000000     
   0.0000000000000000        0.0000000000000000     
   0.0000000000000000        0.0000000000000000     
   0.0000000000000000        0.0000000000000000     
   0.0000000000000000        0.0000000000000000     
   0.0000000000000000        0.0000000000000000     
   0.0000000000000000        0.0000000000000000     
   0.0000000000000000        0.0000000000000000     
 comp:           2
   0.0000000000000000        0.0000000000000000     
   0.0000000000000000        0.0000000000000000     
   0.0000000000000000        0.0000000000000000     
   0.0000000000000000        0.0000000000000000     
   0.0000000000000000        0.0000000000000000     
   0.0000000000000000        0.0000000000000000     
   0.0000000000000000        0.0000000000000000     
   0.0000000000000000        0.0000000000000000     
   0.0000000000000000        0.0000000000000000     
   0.0000000000000000        0.0000000000000000     
 comp:           3
   1.0000000000000000        325.00000000000000        325.00000000000000     
   1.0000000000000000        325.00000000000000        325.00000000000000     
   1.0000000000000000        325.00000000000000        325.00000000000000     
   1.0000000000000000        325.00000000000000        325.00000000000000     
   1.0000000000000000        325.00000000000000        325.00000000000000     
   1.0000000000000000        325.00000000000000        325.00000000000000     
   1.0000000000000000        325.00000000000000        325.00000000000000     
   1.0000000000000000        325.00000000000000        325.00000000000000     
   1.0000000000000000        325.00000000000000        325.00000000000000     
   1.0000000000000000        325.00000000000000        325.00000000000000     
 
 part:           2
 comp:           0
   1.0000000000000000        325.00000000000000        325.00000000000000     
   1.0000000000000000        325.00000000000000        325.00000000000000     
   1.0000000000000000        325.00000000000000        325.00000000000000     
   1.0000000000000000        325.00000000000000        325.00000000000000     
   1.0000000000000000        325.00000000000000        325.00000000000000     
   1.0000000000000000        325.00000000000000        325.00000000000000     
   1.0000000000000000        325.00000000000000        325.00000000000000     
   1.0000000000000000        325.00000000000000        325.00000000000000     
   1.0000000000000000        325.00000000000000        325.00000000000000     
   1.0000000000000000        325.00000000000000        325.00000000000000     
 comp:           1
  -0.0000000000000000       -0.0000000000000000     
  -0.0000000000000000       -0.0000000000000000     
  -0.0000000000000000       -0.0000000000000000     
  -0.0000000000000000       -0.0000000000000000     
  -0.0000000000000000       -0.0000000000000000     
  -0.0000000000000000       -0.0000000000000000     
  -0.0000000000000000       -0.0000000000000000     
  -0.0000000000000000       -0.0000000000000000     
  -0.0000000000000000       -0.0000000000000000     
  -0.0000000000000000       -0.0000000000000000     
 comp:           2
  -0.0000000000000000       -0.0000000000000000     
  -0.0000000000000000       -0.0000000000000000     
  -0.0000000000000000       -0.0000000000000000     
  -0.0000000000000000       -0.0000000000000000     
  -0.0000000000000000       -0.0000000000000000     
  -0.0000000000000000       -0.0000000000000000     
  -0.0000000000000000       -0.0000000000000000     
  -0.0000000000000000       -0.0000000000000000     
  -0.0000000000000000       -0.0000000000000000     
  -0.0000000000000000       -0.0000000000000000     
 comp:           3
   1.0000000000000000       -325.00000000000000       -325.00000000000000     
   1.0000000000000000       -325.00000000000000       -325.00000000000000     
   1.0000000000000000       -325.00000000000000       -325.00000000000000     
   1.0000000000000000       -325.00000000000000       -325.00000000000000     
   1.0000000000000000       -325.00000000000000       -325.00000000000000     
   1.0000000000000000       -325.00000000000000       -325.00000000000000     
   1.0000000000000000       -325.00000000000000       -325.00000000000000     
   1.0000000000000000       -325.00000000000000       -325.00000000000000     
   1.0000000000000000       -325.00000000000000       -325.00000000000000     
   1.0000000000000000       -325.00000000000000       -325.00000000000000     
 
 part:           3
 comp:           0
  0.99999988133961182        220.43350930727544        220.43353546400434     
  0.99999998813396274        220.43353284833179        220.43353546400434     
  0.99999999881339618        220.43353520243707        220.43353546400434     
  0.99999999988133959        220.43353543784761        220.43353546400434     
  0.99999999998813394        220.43353546138866        220.43353546400434     
  0.99999999999881339        220.43353546374277        220.43353546400434     
  0.99999999999988121        220.43353546397816        220.43353546400434     
  0.99999999999998812        220.43353546400172        220.43353546400434     
  0.99999999999999867        220.43353546400405        220.43353546400434     
  0.99999999999999967        220.43353546400425        220.43353546400434     
 comp:           1
  0.99999987602097273        125.18003794766717        125.18005346736844     
  0.99999998760209874        125.18005191539849        125.18005346736844     
  0.99999999876020984        125.18005331217144        125.18005346736844     
  0.99999999987602095        125.18005345184874        125.18005346736844     
  0.99999999998760225        125.18005346581648        125.18005346736844     
  0.99999999999876032        125.18005346721326        125.18005346736844     
  0.99999999999987599        125.18005346735292        125.18005346736844     
  0.99999999999998768        125.18005346736689        125.18005346736844     
  0.99999999999999878        125.18005346736828        125.18005346736844     
  0.99999999999999978        125.18005346736841        125.18005346736844     
 comp:           2
   1.0000002976577571       -3.9843806224815985       -3.9843794365001521     
   1.0000000297657723       -3.9843795550982835       -3.9843794365001521     
   1.0000000029765772       -3.9843794483599653       -3.9843794365001521     
   1.0000000002976577       -3.9843794376861337       -3.9843794365001521     
   1.0000000000297655       -3.9843794366187493       -3.9843794365001521     
   1.0000000000029765       -3.9843794365120115       -3.9843794365001521     
   1.0000000000002978       -3.9843794365013383       -3.9843794365001521     
   1.0000000000000300       -3.9843794365002712       -3.9843794365001521     
   1.0000000000000031       -3.9843794365001646       -3.9843794365001521     
   1.0000000000000007       -3.9843794365001544       -3.9843794365001521     
 comp:           3
  0.99999988366043602       -181.38869068107985       -181.38871178376348     
  0.99999998836604487       -181.38870967349536       -181.38871178376348     
  0.99999999883660451       -181.38871157273667       -181.38871178376348     
  0.99999999988366040       -181.38871176266079       -181.38871178376348     
  0.99999999998836608       -181.38871178165323       -181.38871178376348     
  0.99999999999883671       -181.38871178355248       -181.38871178376348     
  0.99999999999988354       -181.38871178374237       -181.38871178376348     
  0.99999999999998845       -181.38871178376138       -181.38871178376348     
  0.99999999999999878       -181.38871178376326       -181.38871178376348     
  0.99999999999999989       -181.38871178376345       -181.38871178376348     
 
 part:           4
 comp:           0
  0.99999992234209412        47.566983641279130        47.566987335231758     
  0.99999999223421010        47.566986965836527        47.566987335231758     
  0.99999999922342098        47.566987298292233        47.566987335231758     
  0.99999999992234201        47.566987331537803        47.566987335231758     
  0.99999999999223421        47.566987334862361        47.566987335231758     
  0.99999999999922340        47.566987335194817        47.566987335231758     
  0.99999999999992217        47.566987335228056        47.566987335231758     
  0.99999999999999223        47.566987335231389        47.566987335231758     
  0.99999999999999922        47.566987335231723        47.566987335231758     
  0.99999999999999967        47.566987335231744        47.566987335231758     
 comp:           1
  0.99999986093917448        24.082772479178519        24.082775828149206     
  0.99999998609391927        24.082775493252182        24.082775828149206     
  0.99999999860939193        24.082775794659504        24.082775828149206     
  0.99999999986093924        24.082775824800237        24.082775828149206     
  0.99999999998609412        24.082775827814313        24.082775828149206     
  0.99999999999860945        24.082775828115718        24.082775828149206     
  0.99999999999986089        24.082775828145856        24.082775828149206     
  0.99999999999998612        24.082775828148872        24.082775828149206     
  0.99999999999999856        24.082775828149170        24.082775828149206     
  0.99999999999999967        24.082775828149199        24.082775828149206     
 comp:           2
   1.0000000075038034       -34.105500843530002       -34.105500587609029     
   1.0000000007503802       -34.105500613201123       -34.105500587609029     
   1.0000000000750380       -34.105500590168241       -34.105500587609029     
   1.0000000000075038       -34.105500587864952       -34.105500587609029     
   1.0000000000007505       -34.105500587634623       -34.105500587609029     
   1.0000000000000751       -34.105500587611587       -34.105500587609029     
   1.0000000000000075       -34.105500587609285       -34.105500587609029     
   1.0000000000000009       -34.105500587609058       -34.105500587609029     
   1.0000000000000000       -34.105500587609029       -34.105500587609029     
   1.0000000000000000       -34.105500587609029       -34.105500587609029     
 comp:           3
  0.99999980020135515       -22.791507511742523       -22.791512065455748     
  0.99999998002013812       -22.791511610084484       -22.791512065455748     
  0.99999999800201378       -22.791512019918621       -22.791512065455748     
  0.99999999980020138       -22.791512060902036       -22.791512065455748     
  0.99999999998002043       -22.791512065000383       -22.791512065455748     
  0.99999999999800215       -22.791512065410213       -22.791512065455748     
  0.99999999999980016       -22.791512065451194       -22.791512065455748     
  0.99999999999998002       -22.791512065455294       -22.791512065455748     
  0.99999999999999800       -22.791512065455702       -22.791512065455748     
  0.99999999999999967       -22.791512065455741       -22.791512065455748     
 
 part:           5
 comp:           0
  0.99999996234456012        99.549104020953351        99.549107769518798     
  0.99999999623445623        99.549107394662272        99.549107769518798     
  0.99999999962344566        99.549107732033150        99.549107769518798     
  0.99999999996234457        99.549107765770231        99.549107769518798     
  0.99999999999623435        99.549107769143930        99.549107769518798     
  0.99999999999962341        99.549107769481310        99.549107769518798     
  0.99999999999996214        99.549107769515032        99.549107769518798     
  0.99999999999999634        99.549107769518429        99.549107769518798     
  0.99999999999999956        99.549107769518756        99.549107769518798     
  0.99999999999999989        99.549107769518784        99.549107769518798     
 comp:           1
  0.99999960862183634        17.907968398641561        17.907975407432090     
  0.99999996086218945        17.907974706553141        17.907975407432090     
  0.99999999608621881        17.907975337344194        17.907975407432090     
  0.99999999960862185        17.907975400423300        17.907975407432090     
  0.99999999996086253        17.907975406731218        17.907975407432090     
  0.99999999999608646        17.907975407362006        17.907975407432090     
  0.99999999999960854        17.907975407425081        17.907975407432090     
  0.99999999999996070        17.907975407431387        17.907975407432090     
  0.99999999999999578        17.907975407432016        17.907975407432090     
  0.99999999999999944        17.907975407432080        17.907975407432090     
 comp:           2
  0.99999998947017665        50.864704816417330        50.864705352013694     
  0.99999999894701774        50.864705298454062        50.864705352013694     
  0.99999999989470179        50.864705346657729        50.864705352013694     
  0.99999999998947020        50.864705351478101        50.864705352013694     
  0.99999999999894695        50.864705351960133        50.864705352013694     
  0.99999999999989464        50.864705352008336        50.864705352013694     
  0.99999999999998956        50.864705352013161        50.864705352013694     
  0.99999999999999889        50.864705352013637        50.864705352013694     
  0.99999999999999989        50.864705352013686        50.864705352013694     
   1.0000000000000000        50.864705352013694        50.864705352013694     
 comp:           3
  0.99999958793748023       -23.127789102635973       -23.127798632734955     
  0.99999995879375414       -23.127797679725198       -23.127798632734955     
  0.99999999587937538       -23.127798537433979       -23.127798632734955     
  0.99999999958793750       -23.127798623204857       -23.127798632734955     
  0.99999999995879407       -23.127798631781953       -23.127798632734955     
  0.99999999999587963       -23.127798632639660       -23.127798632734955     
  0.99999999999958789       -23.127798632725423       -23.127798632734955     
  0.99999999999995870       -23.127798632733999       -23.127798632734955     
  0.99999999999999567       -23.127798632734855       -23.127798632734955     
  0.99999999999999922       -23.127798632734937       -23.127798632734955     
 
 part:           6
 comp:           0
   1.0000001189566119        282.44962981260733        282.44959621336034     
   1.0000000118956598        282.44959957328467        282.44959621336034     
   1.0000000011895660        282.44959654935275        282.44959621336034     
   1.0000000001189566        282.44959624695957        282.44959621336034     
   1.0000000000118956        282.44959621672024        282.44959621336034     
   1.0000000000011895        282.44959621369634        282.44959621336034     
   1.0000000000001190        282.44959621339393        282.44959621336034     
   1.0000000000000118        282.44959621336369        282.44959621336034     
   1.0000000000000011        282.44959621336068        282.44959621336034     
   1.0000000000000002        282.44959621336039        282.44959621336034     
 comp:           1
  0.99999854347935246       -167.17010357989204       -167.17034706695421     
  0.99999950202310395       -167.17026381998366       -167.17034706695421     
  0.99999983958953165       -167.17032025108054       -167.17034706695421     
  0.99999994900504818       -167.17033854211041       -167.17034706695421     
  0.99999998384792144       -167.17034436680564       -167.17034706695421     
  0.99999999488971325       -167.17034621266581       -167.17034706695421     
  0.99999999838371478       -167.17034679675925       -167.17034706695421     
  0.99999999948885998       -167.17034698150675       -167.17034706695421     
  0.99999999983836063       -167.17034703993289       -167.17034706695421     
  0.99999999994888478       -167.17034705840925       -167.17034706695421     
 comp:           2
   1.0000074271567256       -12.774885236738081       -12.774790356367966     
   1.0000023770532860       -12.774820722725359       -12.774790356367966     
   1.0000007508074766       -12.774799947776078       -12.774790356367966     
   1.0000002372222652       -12.774793386832670       -12.774790356367966     
   1.0000000749921099       -12.774791314376447       -12.774790356367966     
   1.0000000237119175       -12.774790659282742       -12.774790356367966     
   1.0000000074981725       -12.774790452155548       -12.774790356367966     
   1.0000000023711046       -12.774790386658331       -12.774790356367966     
   1.0000000007498064       -12.774790365946586       -12.774790356367966     
   1.0000000002371092       -12.774790359396986       -12.774790356367966     
 comp:           3
   1.0000009479979217        227.30761570513917        227.30740021819619     
   1.0000002801989842        227.30746390949884        227.30740021819619     
   1.0000000862261864        227.30741981804647        227.30740021819619     
   1.0000000270159461        227.30740635912068        227.30740021819619     
   1.0000000085176481        227.30740215432067        227.30740021819619     
   1.0000000026909337        227.30740082986534        227.30740021819619     
   1.0000000008506977        227.30740041156611        227.30740021819619     
   1.0000000002689886        227.30740027933928        227.30740021819619     
   1.0000000000850588        227.30740023753071        227.30740021819619     
   1.0000000000268978        227.30740022431024        227.30740021819619     
 
 part:           7
 comp:           0
   1.0000000000000000        7.7321788473782942E-004   7.7321788473782942E-004
   1.0000000000000000        7.7321788473782942E-004   7.7321788473782942E-004
   1.0000000000000000        7.7321788473782942E-004   7.7321788473782942E-004
   1.0000000000000000        7.7321788473782942E-004   7.7321788473782942E-004
   1.0000000000000000        7.7321788473782942E-004   7.7321788473782942E-004
   1.0000000000000000        7.7321788473782942E-004   7.7321788473782942E-004
   1.0000000000000000        7.7321788473782942E-004   7.7321788473782942E-004
   1.0000000000000000        7.7321788473782942E-004   7.7321788473782942E-004
   1.0000000000000000        7.7321788473782942E-004   7.7321788473782942E-004
   1.0000000000000000        7.7321788473782942E-004   7.7321788473782942E-004
 comp:           1
   1.4755080496417845       -6.7524559520957086E-004  -4.5763599552947420E-004
   1.1762519238322318       -5.3829522015642266E-004  -4.5763599552947420E-004
   1.0580310537758277       -4.8419309459579957E-004  -4.5763599552947420E-004
   1.0185714551728209       -4.6613496190591906E-004  -4.5763599552947420E-004
   1.0058945556571279       -4.6033355637582784E-004  -4.5763599552947420E-004
   1.0018661767509587       -4.5849002518473313E-004  -4.5763599552947420E-004
   1.0005903580908255       -4.5790616464208805E-004  -4.5763599552947420E-004
   1.0001867092476378       -4.5772144040189146E-004  -4.5763599552947420E-004
   1.0000590448107047       -4.5766301656020191E-004  -4.5763599552947420E-004
   1.0000186718248105       -4.5764454042860974E-004  -4.5763599552947420E-004
 comp:           2
  -1.7696200526814763        6.1886332350783975E-005  -3.4971536549333644E-005
  0.12602904357487435       -4.4074293036562807E-006  -3.4971536549333644E-005
  0.72517126649569130       -2.5360353450780638E-005  -3.4971536549333644E-005
  0.91328827660882184       -3.1939094345503347E-005  -3.4971536549333644E-005
  0.97260039664946873       -3.4013330319323293E-005  -3.4971536549333644E-005
  0.99133768257062960       -3.4668601998750485E-005  -3.4971536549333644E-005
  0.99726092790338072       -3.4875746989395463E-005  -3.4971536549333644E-005
  0.99913385095046792       -3.4941245986190764E-005  -3.4971536549333644E-005
  0.99972610178253440       -3.4961957907810750E-005  -3.4971536549333644E-005
  0.99991338599480151       -3.4968507524485161E-005  -3.4971536549333644E-005
 comp:           3
  0.59715886453962075        3.7159031916437737E-004   6.2226375798817739E-004
  0.89199121609952770        5.5505380622253655E-004   6.2226375798817739E-004
  0.96793688377943377        6.0231204279595615E-004   6.2226375798817739E-004
  0.99007476993242960        6.1608764702743377E-004   6.2226375798817739E-004
  0.99688292452549321        6.2032411488947804E-004   6.2226375798817739E-004
  0.99901646050184545        6.2165173700392596E-004   6.2226375798817739E-004
  0.99968919111072918        6.2207035288072362E-004   6.2226375798817739E-004
  0.99990173521943704        6.2220261137654637E-004   6.2226375798817739E-004
  0.99996892811014393        6.2224442307722775E-004   6.2226375798817739E-004
  0.99999017442191152        6.2225764388703167E-004   6.2226375798817739E-004
 
 part: i_fks+j_fks
 comp:           0
   1.0000001189562862        282.45040303049205        282.45036943124506     
   1.0000000118956274        282.45037279116940        282.45036943124506     
   1.0000000011895627        282.45036976723748        282.45036943124506     
   1.0000000001189562        282.45036946484430        282.45036943124506     
   1.0000000000118956        282.45036943460497        282.45036943124506     
   1.0000000000011895        282.45036943158107        282.45036943124506     
   1.0000000000001190        282.45036943127866        282.45036943124506     
   1.0000000000000118        282.45036943124842        282.45036943124506     
   1.0000000000000011        282.45036943124541        282.45036943124506     
   1.0000000000000002        282.45036943124512        282.45036943124506     
 comp:           1
  0.99999984520345797       -167.17077882548725       -167.17080470294974     
  0.99999998452034777       -167.17080211520383       -167.17080470294974     
  0.99999999845203469       -167.17080444417513       -167.17080470294974     
  0.99999999984520371       -167.17080467707231       -167.17080470294974     
  0.99999999998452060       -167.17080470036203       -167.17080470294974     
  0.99999999999845213       -167.17080470269099       -167.17080470294974     
  0.99999999999984546       -167.17080470292390       -167.17080470294974     
  0.99999999999998457       -167.17080470294715       -167.17080470294974     
  0.99999999999999833       -167.17080470294945       -167.17080470294974     
  0.99999999999999967       -167.17080470294968       -167.17080470294974     
 comp:           2
  0.99999984520345797       -12.774823350405731       -12.774825327904516     
  0.99999998452034777       -12.774825130154662       -12.774825327904516     
  0.99999999845203469       -12.774825308129529       -12.774825327904516     
  0.99999999984520327       -12.774825325927015       -12.774825327904516     
  0.99999999998452038       -12.774825327706766       -12.774825327904516     
  0.99999999999845191       -12.774825327884740       -12.774825327904516     
  0.99999999999984512       -12.774825327902537       -12.774825327904516     
  0.99999999999998446       -12.774825327904317       -12.774825327904516     
  0.99999999999999833       -12.774825327904495       -12.774825327904516     
  0.99999999999999956       -12.774825327904511       -12.774825327904516     
 comp:           3
  0.99999984520345808        227.30798729545833        227.30802248195417     
  0.99999998452034788        227.30801896330505        227.30802248195417     
  0.99999999845203480        227.30802213008926        227.30802248195417     
  0.99999999984520360        227.30802244676769        227.30802248195417     
  0.99999999998452049        227.30802247843556        227.30802248195417     
  0.99999999999845213        227.30802248160234        227.30802248195417     
  0.99999999999984523        227.30802248191898        227.30802248195417     
  0.99999999999998446        227.30802248195064        227.30802248195417     
  0.99999999999999833        227.30802248195380        227.30802248195417     
  0.99999999999999989        227.30802248195414        227.30802248195417     
     
 Collinear #          97
 
 part:           1
 comp:           0
   1.0000000000000000        325.00000000000000        325.00000000000000     
   1.0000000000000000        325.00000000000000        325.00000000000000     
   1.0000000000000000        325.00000000000000        325.00000000000000     
   1.0000000000000000        325.00000000000000        325.00000000000000     
   1.0000000000000000        325.00000000000000        325.00000000000000     
   1.0000000000000000        325.00000000000000        325.00000000000000     
   1.0000000000000000        325.00000000000000        325.00000000000000     
   1.0000000000000000        325.00000000000000        325.00000000000000     
   1.0000000000000000        325.00000000000000        325.00000000000000     
   1.0000000000000000        325.00000000000000        325.00000000000000     
 comp:           1
   0.0000000000000000        0.0000000000000000     
   0.0000000000000000        0.0000000000000000     
   0.0000000000000000        0.0000000000000000     
   0.0000000000000000        0.0000000000000000     
   0.0000000000000000        0.0000000000000000     
   0.0000000000000000        0.0000000000000000     
   0.0000000000000000        0.0000000000000000     
   0.0000000000000000        0.0000000000000000     
   0.0000000000000000        0.0000000000000000     
   0.0000000000000000        0.0000000000000000     
 comp:           2
   0.0000000000000000        0.0000000000000000     
   0.0000000000000000        0.0000000000000000     
   0.0000000000000000        0.0000000000000000     
   0.0000000000000000        0.0000000000000000     
   0.0000000000000000        0.0000000000000000     
   0.0000000000000000        0.0000000000000000     
   0.0000000000000000        0.0000000000000000     
   0.0000000000000000        0.0000000000000000     
   0.0000000000000000        0.0000000000000000     
   0.0000000000000000        0.0000000000000000     
 comp:           3
   1.0000000000000000        325.00000000000000        325.00000000000000     
   1.0000000000000000        325.00000000000000        325.00000000000000     
   1.0000000000000000        325.00000000000000        325.00000000000000     
   1.0000000000000000        325.00000000000000        325.00000000000000     
   1.0000000000000000        325.00000000000000        325.00000000000000     
   1.0000000000000000        325.00000000000000        325.00000000000000     
   1.0000000000000000        325.00000000000000        325.00000000000000     
   1.0000000000000000        325.00000000000000        325.00000000000000     
   1.0000000000000000        325.00000000000000        325.00000000000000     
   1.0000000000000000        325.00000000000000        325.00000000000000     
 
 part:           2
 comp:           0
   1.0000000000000000        325.00000000000000        325.00000000000000     
   1.0000000000000000        325.00000000000000        325.00000000000000     
   1.0000000000000000        325.00000000000000        325.00000000000000     
   1.0000000000000000        325.00000000000000        325.00000000000000     
   1.0000000000000000        325.00000000000000        325.00000000000000     
   1.0000000000000000        325.00000000000000        325.00000000000000     
   1.0000000000000000        325.00000000000000        325.00000000000000     
   1.0000000000000000        325.00000000000000        325.00000000000000     
   1.0000000000000000        325.00000000000000        325.00000000000000     
   1.0000000000000000        325.00000000000000        325.00000000000000     
 comp:           1
  -0.0000000000000000       -0.0000000000000000     
  -0.0000000000000000       -0.0000000000000000     
  -0.0000000000000000       -0.0000000000000000     
  -0.0000000000000000       -0.0000000000000000     
  -0.0000000000000000       -0.0000000000000000     
  -0.0000000000000000       -0.0000000000000000     
  -0.0000000000000000       -0.0000000000000000     
  -0.0000000000000000       -0.0000000000000000     
  -0.0000000000000000       -0.0000000000000000     
  -0.0000000000000000       -0.0000000000000000     
 comp:           2
  -0.0000000000000000       -0.0000000000000000     
  -0.0000000000000000       -0.0000000000000000     
  -0.0000000000000000       -0.0000000000000000     
  -0.0000000000000000       -0.0000000000000000     
  -0.0000000000000000       -0.0000000000000000     
  -0.0000000000000000       -0.0000000000000000     
  -0.0000000000000000       -0.0000000000000000     
  -0.0000000000000000       -0.0000000000000000     
  -0.0000000000000000       -0.0000000000000000     
  -0.0000000000000000       -0.0000000000000000     
 comp:           3
   1.0000000000000000       -325.00000000000000       -325.00000000000000     
   1.0000000000000000       -325.00000000000000       -325.00000000000000     
   1.0000000000000000       -325.00000000000000       -325.00000000000000     
   1.0000000000000000       -325.00000000000000       -325.00000000000000     
   1.0000000000000000       -325.00000000000000       -325.00000000000000     
   1.0000000000000000       -325.00000000000000       -325.00000000000000     
   1.0000000000000000       -325.00000000000000       -325.00000000000000     
   1.0000000000000000       -325.00000000000000       -325.00000000000000     
   1.0000000000000000       -325.00000000000000       -325.00000000000000     
   1.0000000000000000       -325.00000000000000       -325.00000000000000     
 
 part:           3
 comp:           0
   1.0000000732822434        238.42564406090116        238.42562658853637     
   1.0000000073281985        238.42562833576667        238.42562658853637     
   1.0000000007328198        238.42562676325937        238.42562658853637     
   1.0000000000732818        238.42562660600865        238.42562658853637     
   1.0000000000073284        238.42562659028366        238.42562658853637     
   1.0000000000007327        238.42562658871108        238.42562658853637     
   1.0000000000000733        238.42562658855383        238.42562658853637     
   1.0000000000000073        238.42562658853814        238.42562658853637     
   1.0000000000000007        238.42562658853655        238.42562658853637     
   1.0000000000000000        238.42562658853637        238.42562658853637     
 comp:           1
   1.0000000517188385       -94.986676042482742       -94.986671129882438     
   1.0000000051718654       -94.986671621140715       -94.986671129882438     
   1.0000000005171865       -94.986671179008255       -94.986671129882438     
   1.0000000000517186       -94.986671134795017       -94.986671129882438     
   1.0000000000051719       -94.986671130373693       -94.986671129882438     
   1.0000000000005171       -94.986671129931565       -94.986671129882438     
   1.0000000000000515       -94.986671129887341       -94.986671129882438     
   1.0000000000000053       -94.986671129882936       -94.986671129882438     
   1.0000000000000004       -94.986671129882481       -94.986671129882438     
   1.0000000000000000       -94.986671129882438       -94.986671129882438     
 comp:           2
   1.0000000629431747       -183.54494111643879       -183.54492956353823     
   1.0000000062942951       -183.54493071882416       -183.54492956353823     
   1.0000000006294294       -183.54492967906680       -183.54492956353823     
   1.0000000000629430       -183.54492957509109       -183.54492956353823     
   1.0000000000062943       -183.54492956469352       -183.54492956353823     
   1.0000000000006293       -183.54492956365374       -183.54492956353823     
   1.0000000000000628       -183.54492956354977       -183.54492956353823     
   1.0000000000000064       -183.54492956353940       -183.54492956353823     
   1.0000000000000007       -183.54492956353835       -183.54492956353823     
   1.0000000000000000       -183.54492956353823       -183.54492956353823     
 comp:           3
   1.0000001117114017        118.87983841601988        118.87982513578798     
   1.0000000111711003        118.87982646380642        118.87982513578798     
   1.0000000011171097        118.87982526858980        118.87982513578798     
   1.0000000001117111        118.87982514906817        118.87982513578798     
   1.0000000000111711        118.87982513711600        118.87982513578798     
   1.0000000000011169        118.87982513592077        118.87982513578798     
   1.0000000000001117        118.87982513580125        118.87982513578798     
   1.0000000000000113        118.87982513578932        118.87982513578798     
   1.0000000000000009        118.87982513578810        118.87982513578798     
   1.0000000000000000        118.87982513578798        118.87982513578798     
 
 part:           4
 comp:           0
   1.0000000702033793        80.435581262136651        80.435575615287419     
   1.0000000070203130        80.435576179970340        80.435575615287419     
   1.0000000007020311        80.435575671755700        80.435575615287419     
   1.0000000000702032        80.435575620934245        80.435575615287419     
   1.0000000000070204        80.435575615852116        80.435575615287419     
   1.0000000000007019        80.435575615343879        80.435575615287419     
   1.0000000000000702        80.435575615293061        80.435575615287419     
   1.0000000000000071        80.435575615287988        80.435575615287419     
   1.0000000000000007        80.435575615287476        80.435575615287419     
   1.0000000000000000        80.435575615287419        80.435575615287419     
 comp:           1
  0.99999985041822992        11.079698393634896        11.079700050956042     
  0.99999998504187637        11.079699885224519        11.079700050956042     
  0.99999999850418797        11.079700034382894        11.079700050956042     
  0.99999999985041865        11.079700049298726        11.079700050956042     
  0.99999999998504185        11.079700050790310        11.079700050956042     
  0.99999999999850431        11.079700050939470        11.079700050956042     
  0.99999999999985056        11.079700050954386        11.079700050956042     
  0.99999999999998490        11.079700050955875        11.079700050956042     
  0.99999999999999867        11.079700050956028        11.079700050956042     
   1.0000000000000000        11.079700050956042        11.079700050956042     
 comp:           2
   1.0000000707842902       -55.061675766373007       -55.061671868871642     
   1.0000000070784036       -55.061672258620384       -55.061671868871642     
   1.0000000007078402       -55.061671907846510       -55.061671868871642     
   1.0000000000707840       -55.061671872769132       -55.061671868871642     
   1.0000000000070783       -55.061671869261389       -55.061671868871642     
   1.0000000000007079       -55.061671868910615       -55.061671868871642     
   1.0000000000000706       -55.061671868875536       -55.061671868871642     
   1.0000000000000071       -55.061671868872033       -55.061671868871642     
   1.0000000000000007       -55.061671868871677       -55.061671868871642     
   1.0000000000000000       -55.061671868871642       -55.061671868871642     
 comp:           3
   1.0000000778103255        57.578944747908345        57.578940267672266     
   1.0000000077810047        57.578940715694273        57.578940267672266     
   1.0000000007781003        57.578940312474458        57.578940267672266     
   1.0000000000778100        57.578940272152487        57.578940267672266     
   1.0000000000077809        57.578940268120284        57.578940267672266     
   1.0000000000007780        57.578940267717066        57.578940267672266     
   1.0000000000000777        57.578940267676742        57.578940267672266     
   1.0000000000000078        57.578940267672714        57.578940267672266     
   1.0000000000000007        57.578940267672309        57.578940267672266     
   1.0000000000000000        57.578940267672266        57.578940267672266     
 
 part:           5
 comp:           0
  0.99999992730521992        324.75847506107476        324.75849866932242     
  0.99999999273054763        324.75849630850598        324.75849866932242     
  0.99999999927305494        324.75849843324085        324.75849866932242     
  0.99999999992730537        324.75849864571421        324.75849866932242     
  0.99999999999273070        324.75849866696166        324.75849866932242     
  0.99999999999927314        324.75849866908635        324.75849866932242     
  0.99999999999992739        324.75849866929883        324.75849866932242     
  0.99999999999999267        324.75849866932003        324.75849866932242     
  0.99999999999999933        324.75849866932219        324.75849866932242     
   1.0000000000000000        324.75849866932242        324.75849866932242     
 comp:           1
  0.99999992184926856        85.622106974013803        85.622113665444616     
  0.99999999218495428        85.622112996303883        85.622113665444616     
  0.99999999921849569        85.622113598530561        85.622113665444616     
  0.99999999992184951        85.622113658753207        85.622113665444616     
  0.99999999999218492        85.622113664775469        85.622113665444616     
  0.99999999999921863        85.622113665377711        85.622113665444616     
  0.99999999999992184        85.622113665437922        85.622113665444616     
  0.99999999999999223        85.622113665443948        85.622113665444616     
  0.99999999999999933        85.622113665444559        85.622113665444616     
   1.0000000000000000        85.622113665444616        85.622113665444616     
 comp:           2
  0.99999993514610652        242.64006501409744        242.64008075025140     
  0.99999999351463342        242.64007917664154        242.64008075025140     
  0.99999999935146355        242.64008059289046        242.64008075025140     
  0.99999999993514632        242.64008073451529        242.64008075025140     
  0.99999999999351474        242.64008074867780        242.64008075025140     
  0.99999999999935152        242.64008075009406        242.64008075025140     
  0.99999999999993527        242.64008075023568        242.64008075025140     
  0.99999999999999345        242.64008075024981        242.64008075025140     
  0.99999999999999944        242.64008075025126        242.64008075025140     
   1.0000000000000000        242.64008075025140        242.64008075025140     
 comp:           3
  0.99999990011367934       -181.09529208930121       -181.09531017824543     
  0.99999999001140305       -181.09530836935735       -181.09531017824543     
  0.99999999900114045       -181.09530999735665       -181.09531017824543     
  0.99999999990011401       -181.09531016015654       -181.09531017824543     
  0.99999999999001132       -181.09531017643653       -181.09531017824543     
  0.99999999999900124       -181.09531017806455       -181.09531017824543     
  0.99999999999990019       -181.09531017822735       -181.09531017824543     
  0.99999999999999001       -181.09531017824361       -181.09531017824543     
  0.99999999999999911       -181.09531017824526       -181.09531017824543     
   1.0000000000000000       -181.09531017824543       -181.09531017824543     
 
 part:           6
 comp:           0
   1.0000000766534187        6.3798013687040305        6.3798008796704826     
   1.0000000076653415        6.3798009285738342        6.3798008796704826     
   1.0000000007665344        6.3798008845608187        6.3798008796704826     
   1.0000000000766534        6.3798008801595163        6.3798008796704826     
   1.0000000000076652        6.3798008797193857        6.3798008796704826     
   1.0000000000007667        6.3798008796753738        6.3798008796704826     
   1.0000000000000766        6.3798008796709711        6.3798008796704826     
   1.0000000000000075        6.3798008796705314        6.3798008796704826     
   1.0000000000000007        6.3798008796704870        6.3798008796704826     
   1.0000000000000000        6.3798008796704826        6.3798008796704826     
 comp:           1
   1.0001197545422855       -1.7152140285220889       -1.7150086484463787     
   1.0000387389611538       -1.7150750860997894       -1.7150086484463787     
   1.0000122763472405       -1.7150297024880676       -1.7150086484463787     
   1.0000038828309288       -1.7150153075350021       -1.7150086484463787     
   1.0000012278702490       -1.7150107542544750       -1.7150086484463787     
   1.0000003882859363       -1.7150093143601175       -1.7150086484463787     
   1.0000001227866318       -1.7150088590265140       -1.7150086484463787     
   1.0000000388285268       -1.7150087150376381       -1.7150086484463787     
   1.0000000122786561       -1.7150086695043800       -1.7150086484463787     
   1.0000000038828514       -1.7150086551055024       -1.7150086484463787     
 comp:           2
  0.99998292377775877       -4.0330954661466416       -4.0331643373572019     
  0.99999445663369002       -4.0331419800498916       -4.0331643373572019     
  0.99999824142556959       -4.0331572447375246       -4.0331643373572019     
  0.99999944360031912       -4.0331620933058518       -4.0331643373572019     
  0.99999982403055332       -4.0331636276435052       -4.0331643373572019     
  0.99999994435180006       -4.0331641129188665       -4.0331643373572019     
  0.99999998240232912       -4.0331642663829035       -4.0331643373572019     
  0.99999999443511112       -4.0331643149130905       -4.0331643373572019     
  0.99999999824022601       -4.0331643302597442       -4.0331643373572019     
  0.99999999944351048       -4.0331643351127884       -4.0331643373572019     
 comp:           3
  0.99999667987770358        4.6361673073160610        4.6361827000096136     
  0.99999890849891571        4.6361776396111694        4.6361827000096136     
  0.99999965240785782        4.6361810885089376        4.6361827000096136     
  0.99999988989249722        4.6361821895311142        4.6361827000096136     
  0.99999996516372025        4.6361825385022559        4.6361827000096136     
  0.99999998898213105        4.6361826489287603        4.6361827000096136     
  0.99999999651567928        4.6361826838556661        4.6361827000096136     
  0.99999999889814450        4.6361826949012102        4.6361827000096136     
  0.99999999965156094        4.6361826983941867        4.6361827000096136     
  0.99999999988981370        4.6361826994987698        4.6361827000096136     
 
 part:           7
 comp:           0
   1.0000000000000000        4.9824718327104390E-004   4.9824718327104390E-004
   1.0000000000000000        4.9824718327104390E-004   4.9824718327104390E-004
   1.0000000000000000        4.9824718327104390E-004   4.9824718327104390E-004
   1.0000000000000000        4.9824718327104390E-004   4.9824718327104390E-004
   1.0000000000000000        4.9824718327104390E-004   4.9824718327104390E-004
   1.0000000000000000        4.9824718327104390E-004   4.9824718327104390E-004
   1.0000000000000000        4.9824718327104390E-004   4.9824718327104390E-004
   1.0000000000000000        4.9824718327104390E-004   4.9824718327104390E-004
   1.0000000000000000        4.9824718327104390E-004   4.9824718327104390E-004
   1.0000000000000000        4.9824718327104390E-004   4.9824718327104390E-004
 comp:           1
 -0.63240686537372681        8.4703356149454755E-005  -1.3393807181299100E-004
  0.49406630233389731       -6.6174287882376460E-005  -1.3393807181299100E-004
  0.84181753248442925       -1.1275141711933437E-004  -1.3393807181299100E-004
  0.95018332104380288       -1.2726572188947116E-004  -1.3393807181299100E-004
  0.98426784708527570       -1.3183093758612570E-004  -1.3393807181299100E-004
  0.99502720666114430       -1.3327202546166019E-004  -1.3393807181299100E-004
  0.99842768083961841       -1.3372747841637486E-004  -1.3393807181299100E-004
  0.99950281063087287       -1.3387147922756419E-004  -1.3393807181299100E-004
  0.99984277708325464       -1.3391701367867730E-004  -1.3393807181299100E-004
  0.99995028196998559       -1.3393141267591653E-004  -1.3393807181299100E-004
 comp:           2
   1.1196412368630653       -3.5266513901907365E-004  -3.1498048429079559E-004
   1.0610789040946835       -3.3421914708249009E-004  -3.1498048429079559E-004
   1.0215275411473832       -3.2176123962698839E-004  -3.1498048429079559E-004
   1.0070254032472430       -3.1719334920795033E-004  -3.1498048429079559E-004
   1.0022432978816940       -3.1568707934398005E-004  -3.1498048429079559E-004
   1.0007115566958502       -3.1520461076345487E-004  -3.1498048429079559E-004
   1.0002252301821914       -3.1505142740265917E-004  -3.1498048429079559E-004
   1.0000712456586129       -3.1500292528284908E-004  -3.1498048429079559E-004
   1.0000225320167138       -3.1498758143633210E-004  -3.1498048429079559E-004
   1.0000071254647120       -3.1498272867312135E-004  -3.1498048429079559E-004
 comp:           3
  0.94350139808943001        3.4161805692206219E-004   3.6207477552638648E-004
   1.0040750420835558        3.6355024547405057E-004   3.6207477552638648E-004
   1.0034606331033122        3.6332778348044744E-004   3.6207477552638648E-004
   1.0013108596898548        3.6254940475433724E-004   3.6207477552638648E-004
   1.0004361597094473        3.6223269795527825E-004   3.6207477552638648E-004
   1.0001400880829920        3.6212549788758975E-004   3.6207477552638648E-004
   1.0000445159363986        3.6209089362406534E-004   3.6207477552638648E-004
   1.0000140987948871        3.6207988034438042E-004   3.6207477552638648E-004
   1.0000044605922145        3.6207639059431126E-004   3.6207477552638648E-004
   1.0000014107791484        3.6207528633392993E-004   3.6207477552638648E-004
 
 part: i_fks+j_fks
 comp:           0
   1.0000000766474326        6.3802996158873011        6.3802991268537532     
   1.0000000076647428        6.3802991757571048        6.3802991268537532     
   1.0000000007664744        6.3802991317440894        6.3802991268537532     
   1.0000000000766474        6.3802991273427869        6.3802991268537532     
   1.0000000000076648        6.3802991269026563        6.3802991268537532     
   1.0000000000007667        6.3802991268586444        6.3802991268537532     
   1.0000000000000766        6.3802991268542417        6.3802991268537532     
   1.0000000000000075        6.3802991268538021        6.3802991268537532     
   1.0000000000000007        6.3802991268537577        6.3802991268537532     
   1.0000000000000000        6.3802991268537532        6.3802991268537532     
 comp:           1
  0.99999226807592756       -1.7151293251659394       -1.7151425865181917     
  0.99999922681033615       -1.7151412603876719       -1.7151425865181917     
  0.99999992268106108       -1.7151424539051869       -1.7151425865181917     
  0.99999999226810621       -1.7151425732568915       -1.7151425865181917     
  0.99999999922681038       -1.7151425851920612       -1.7151425865181917     
  0.99999999992268129       -1.7151425863855791       -1.7151425865181917     
  0.99999999999226807       -1.7151425865049303       -1.7151425865181917     
  0.99999999999922684       -1.7151425865168657       -1.7151425865181917     
  0.99999999999992251       -1.7151425865180587       -1.7151425865181917     
  0.99999999999999212       -1.7151425865181782       -1.7151425865181917     
 comp:           2
  0.99999226807592789       -4.0334481312856605       -4.0334793178414925     
  0.99999922681033593       -4.0334761991969739       -4.0334793178414925     
  0.99999992268106119       -4.0334790059771519       -4.0334793178414925     
  0.99999999226810643       -4.0334792866550595       -4.0334793178414925     
  0.99999999922681071       -4.0334793147228494       -4.0334793178414925     
  0.99999999992268152       -4.0334793175296300       -4.0334793178414925     
  0.99999999999226807       -4.0334793178103059       -4.0334793178414925     
  0.99999999999922662       -4.0334793178383732       -4.0334793178414925     
  0.99999999999992273       -4.0334793178411807       -4.0334793178414925     
  0.99999999999999234       -4.0334793178414614       -4.0334793178414925     
 comp:           3
  0.99999226807592756        4.6365089253729828        4.6365447747851398     
  0.99999922681033604        4.6365411898566435        4.6365447747851398     
  0.99999992268106119        4.6365444162924181        4.6365447747851398     
  0.99999999226810632        4.6365447389358687        4.6365447747851398     
  0.99999999922681027        4.6365447712002110        4.6365447747851398     
  0.99999999992268129        4.6365447744266479        4.6365447747851398     
  0.99999999999226807        4.6365447747492903        4.6365447747851398     
  0.99999999999922662        4.6365447747815542        4.6365447747851398     
  0.99999999999992262        4.6365447747847810        4.6365447747851398     
  0.99999999999999212        4.6365447747851034        4.6365447747851398     
     
 Collinear #          68
 
 part:           1
 comp:           0
   1.0000000000000000        325.00000000000000        325.00000000000000     
   1.0000000000000000        325.00000000000000        325.00000000000000     
   1.0000000000000000        325.00000000000000        325.00000000000000     
   1.0000000000000000        325.00000000000000        325.00000000000000     
   1.0000000000000000        325.00000000000000        325.00000000000000     
   1.0000000000000000        325.00000000000000        325.00000000000000     
   1.0000000000000000        325.00000000000000        325.00000000000000     
   1.0000000000000000        325.00000000000000        325.00000000000000     
   1.0000000000000000        325.00000000000000        325.00000000000000     
   1.0000000000000000        325.00000000000000        325.00000000000000     
 comp:           1
   0.0000000000000000        0.0000000000000000     
   0.0000000000000000        0.0000000000000000     
   0.0000000000000000        0.0000000000000000     
   0.0000000000000000        0.0000000000000000     
   0.0000000000000000        0.0000000000000000     
   0.0000000000000000        0.0000000000000000     
   0.0000000000000000        0.0000000000000000     
   0.0000000000000000        0.0000000000000000     
   0.0000000000000000        0.0000000000000000     
   0.0000000000000000        0.0000000000000000     
 comp:           2
   0.0000000000000000        0.0000000000000000     
   0.0000000000000000        0.0000000000000000     
   0.0000000000000000        0.0000000000000000     
   0.0000000000000000        0.0000000000000000     
   0.0000000000000000        0.0000000000000000     
   0.0000000000000000        0.0000000000000000     
   0.0000000000000000        0.0000000000000000     
   0.0000000000000000        0.0000000000000000     
   0.0000000000000000        0.0000000000000000     
   0.0000000000000000        0.0000000000000000     
 comp:           3
   1.0000000000000000        325.00000000000000        325.00000000000000     
   1.0000000000000000        325.00000000000000        325.00000000000000     
   1.0000000000000000        325.00000000000000        325.00000000000000     
   1.0000000000000000        325.00000000000000        325.00000000000000     
   1.0000000000000000        325.00000000000000        325.00000000000000     
   1.0000000000000000        325.00000000000000        325.00000000000000     
   1.0000000000000000        325.00000000000000        325.00000000000000     
   1.0000000000000000        325.00000000000000        325.00000000000000     
   1.0000000000000000        325.00000000000000        325.00000000000000     
   1.0000000000000000        325.00000000000000        325.00000000000000     
 
 part:           2
 comp:           0
   1.0000000000000000        325.00000000000000        325.00000000000000     
   1.0000000000000000        325.00000000000000        325.00000000000000     
   1.0000000000000000        325.00000000000000        325.00000000000000     
   1.0000000000000000        325.00000000000000        325.00000000000000     
   1.0000000000000000        325.00000000000000        325.00000000000000     
   1.0000000000000000        325.00000000000000        325.00000000000000     
   1.0000000000000000        325.00000000000000        325.00000000000000     
   1.0000000000000000        325.00000000000000        325.00000000000000     
   1.0000000000000000        325.00000000000000        325.00000000000000     
   1.0000000000000000        325.00000000000000        325.00000000000000     
 comp:           1
  -0.0000000000000000       -0.0000000000000000     
  -0.0000000000000000       -0.0000000000000000     
  -0.0000000000000000       -0.0000000000000000     
  -0.0000000000000000       -0.0000000000000000     
  -0.0000000000000000       -0.0000000000000000     
  -0.0000000000000000       -0.0000000000000000     
  -0.0000000000000000       -0.0000000000000000     
  -0.0000000000000000       -0.0000000000000000     
  -0.0000000000000000       -0.0000000000000000     
  -0.0000000000000000       -0.0000000000000000     
 comp:           2
  -0.0000000000000000       -0.0000000000000000     
  -0.0000000000000000       -0.0000000000000000     
  -0.0000000000000000       -0.0000000000000000     
  -0.0000000000000000       -0.0000000000000000     
  -0.0000000000000000       -0.0000000000000000     
  -0.0000000000000000       -0.0000000000000000     
  -0.0000000000000000       -0.0000000000000000     
  -0.0000000000000000       -0.0000000000000000     
  -0.0000000000000000       -0.0000000000000000     
  -0.0000000000000000       -0.0000000000000000     
 comp:           3
   1.0000000000000000       -325.00000000000000       -325.00000000000000     
   1.0000000000000000       -325.00000000000000       -325.00000000000000     
   1.0000000000000000       -325.00000000000000       -325.00000000000000     
   1.0000000000000000       -325.00000000000000       -325.00000000000000     
   1.0000000000000000       -325.00000000000000       -325.00000000000000     
   1.0000000000000000       -325.00000000000000       -325.00000000000000     
   1.0000000000000000       -325.00000000000000       -325.00000000000000     
   1.0000000000000000       -325.00000000000000       -325.00000000000000     
   1.0000000000000000       -325.00000000000000       -325.00000000000000     
   1.0000000000000000       -325.00000000000000       -325.00000000000000     
 
 part:           3
 comp:           0
  0.99999975851815448        160.02708982047463        160.02712846412095     
  0.99999997585185796        160.02712459976311        160.02712846412095     
  0.99999999758518621        160.02712807768523        160.02712846412095     
  0.99999999975851872        160.02712842547740        160.02712846412095     
  0.99999999997585187        160.02712846025659        160.02712846412095     
  0.99999999999758504        160.02712846373450        160.02712846412095     
  0.99999999999975842        160.02712846408230        160.02712846412095     
  0.99999999999997580        160.02712846411708        160.02712846412095     
  0.99999999999999756        160.02712846412055        160.02712846412095     
  0.99999999999999978        160.02712846412092        160.02712846412095     
 comp:           1
  0.99999965714773642        135.42089633768393        135.42094276706069     
  0.99999996571483551        135.42093812413140        135.42094276706069     
  0.99999999657148420        135.42094230276786        135.42094276706069     
  0.99999999965714825        135.42094272063139        135.42094276706069     
  0.99999999996571476        135.42094276241775        135.42094276706069     
  0.99999999999657130        135.42094276659637        135.42094276706069     
  0.99999999999965705        135.42094276701425        135.42094276706069     
  0.99999999999996581        135.42094276705606        135.42094276706069     
  0.99999999999999645        135.42094276706021        135.42094276706069     
  0.99999999999999956        135.42094276706064        135.42094276706069     
 comp:           2
   1.0000000014448158       -83.438807984999229       -83.438807864445522     
   1.0000000001444813       -83.438807876500874       -83.438807864445522     
   1.0000000000144482       -83.438807865651057       -83.438807864445522     
   1.0000000000014448       -83.438807864566073       -83.438807864445522     
   1.0000000000001443       -83.438807864457573       -83.438807864445522     
   1.0000000000000144       -83.438807864446730       -83.438807864445522     
   1.0000000000000013       -83.438807864445636       -83.438807864445522     
   1.0000000000000002       -83.438807864445536       -83.438807864445522     
   1.0000000000000000       -83.438807864445522       -83.438807864445522     
   1.0000000000000000       -83.438807864445522       -83.438807864445522     
 comp:           3
   1.0000003066359702        17.454452284473213        17.454446932311946     
   1.0000000306635417        17.454447467527107        17.454446932311946     
   1.0000000030663536        17.454446985833453        17.454446932311946     
   1.0000000003066354        17.454446937664098        17.454446932311946     
   1.0000000000306637        17.454446932847162        17.454446932311946     
   1.0000000000030667        17.454446932365471        17.454446932311946     
   1.0000000000003066        17.454446932317300        17.454446932311946     
   1.0000000000000306        17.454446932312482        17.454446932311946     
   1.0000000000000031        17.454446932311999        17.454446932311946     
   1.0000000000000004        17.454446932311953        17.454446932311946     
 
 part:           4
 comp:           0
  0.99999983566862982        157.13921692993318        157.13924275284026     
  0.99999998356689046        157.13924017055388        157.13924275284026     
  0.99999999835668929        157.13924249461166        157.13924275284026     
  0.99999999983566912        157.13924272701743        157.13924275284026     
  0.99999999998356692        157.13924275025798        157.13924275284026     
  0.99999999999835665        157.13924275258202        157.13924275284026     
  0.99999999999983558        157.13924275281443        157.13924275284026     
  0.99999999999998357        157.13924275283767        157.13924275284026     
  0.99999999999999833        157.13924275284000        157.13924275284026     
   1.0000000000000000        157.13924275284026        157.13924275284026     
 comp:           1
  0.99999954386554024        99.951849108258045        99.951894699761539     
  0.99999995438663802        99.951890140619582        99.951894699761539     
  0.99999999543866458        99.951894243847420        99.951894699761539     
  0.99999999954386642        99.951894654170118        99.951894699761539     
  0.99999999995438660        99.951894695202398        99.951894699761539     
  0.99999999999543843        99.951894699305598        99.951894699761539     
  0.99999999999954392        99.951894699715950        99.951894699761539     
  0.99999999999995437        99.951894699756977        99.951894699761539     
  0.99999999999999534        99.951894699761070        99.951894699761539     
  0.99999999999999944        99.951894699761482        99.951894699761539     
 comp:           2
   1.0000000015269610       -77.525351697840534       -77.525351579462352     
   1.0000000001526959       -77.525351591300151       -77.525351579462352     
   1.0000000000152696       -77.525351580646131       -77.525351579462352     
   1.0000000000015270       -77.525351579580729       -77.525351579462352     
   1.0000000000001528       -77.525351579474190       -77.525351579462352     
   1.0000000000000153       -77.525351579463532       -77.525351579462352     
   1.0000000000000016       -77.525351579462466       -77.525351579462352     
   1.0000000000000002       -77.525351579462367       -77.525351579462352     
   1.0000000000000000       -77.525351579462352       -77.525351579462352     
   1.0000000000000000       -77.525351579462352       -77.525351579462352     
 comp:           3
   1.0000000563710196        93.231867949316296        93.231862693741135     
   1.0000000056370915        93.231863219297679        93.231862693741135     
   1.0000000005637091        93.231862746296784        93.231862693741135     
   1.0000000000563709        93.231862698996707        93.231862693741135     
   1.0000000000056370        93.231862694266695        93.231862693741135     
   1.0000000000005638        93.231862693793687        93.231862693741135     
   1.0000000000000564        93.231862693746393        93.231862693741135     
   1.0000000000000056        93.231862693741661        93.231862693741135     
   1.0000000000000007        93.231862693741192        93.231862693741135     
   1.0000000000000000        93.231862693741135        93.231862693741135     
 
 part:           5
 comp:           0
   1.0000001771349010        284.88695325002982        284.88690278661653     
   1.0000000177134523        284.88690783294709        284.88690278661653     
   1.0000000017713448        284.88690329124950        284.88690278661653     
   1.0000000001771348        284.88690283707990        284.88690278661653     
   1.0000000000177134        284.88690279166286        284.88690278661653     
   1.0000000000017715        284.88690278712119        284.88690278661653     
   1.0000000000001772        284.88690278666701        284.88690278661653     
   1.0000000000000178        284.88690278662159        284.88690278661653     
   1.0000000000000018        284.88690278661704        284.88690278661653     
   1.0000000000000004        284.88690278661664        284.88690278661653     
 comp:           1
   1.0000004402618723       -187.74178001646993       -187.74169736095874     
   1.0000000440260994       -187.74170562649337       -187.74169736095874     
   1.0000000044026092       -187.74169818751204       -187.74169736095874     
   1.0000000004402612       -187.74169744361410       -187.74169736095874     
   1.0000000000440261       -187.74169736922428       -187.74169736095874     
   1.0000000000044027       -187.74169736178533       -187.74169736095874     
   1.0000000000004403       -187.74169736104139       -187.74169736095874     
   1.0000000000000440       -187.74169736096701       -187.74169736095874     
   1.0000000000000044       -187.74169736095956       -187.74169736095874     
   1.0000000000000004       -187.74169736095882       -187.74169736095874     
 comp:           2
  0.99999999866771605        161.08783331590610        161.08783353052084     
  0.99999999986677190        161.08783350905941        161.08783353052084     
  0.99999999998667710        161.08783352837469        161.08783353052084     
  0.99999999999866773        161.08783353030623        161.08783353052084     
  0.99999999999986677        161.08783353049938        161.08783353052084     
  0.99999999999998657        161.08783353051868        161.08783353052084     
  0.99999999999999856        161.08783353052061        161.08783353052084     
  0.99999999999999978        161.08783353052081        161.08783353052084     
   1.0000000000000000        161.08783353052084        161.08783353052084     
   1.0000000000000000        161.08783353052084        161.08783353052084     
 comp:           3
  0.99999991798600296       -116.17699501858533       -116.17700454672584     
  0.99999999179861676       -116.17700359391370       -116.17700454672584     
  0.99999999917986182       -116.17700445144465       -116.17700454672584     
  0.99999999991798616       -116.17700453719772       -116.17700454672584     
  0.99999999999179867       -116.17700454577303       -116.17700454672584     
  0.99999999999917988       -116.17700454663056       -116.17700454672584     
  0.99999999999991795       -116.17700454671630       -116.17700454672584     
  0.99999999999999178       -116.17700454672489       -116.17700454672584     
  0.99999999999999911       -116.17700454672574       -116.17700454672584     
  0.99999999999999989       -116.17700454672583       -116.17700454672584     
 
 part:           6
 comp:           0
   1.0000002920677964        47.944841559440420        47.944827556300289     
   1.0000000292067719        47.944828956613932        47.944827556300289     
   1.0000000029206770        47.944827696331650        47.944827556300289     
   1.0000000002920677        47.944827570303424        47.944827556300289     
   1.0000000000292069        47.944827557700606        47.944827556300289     
   1.0000000000029206        47.944827556440316        47.944827556300289     
   1.0000000000002920        47.944827556314287        47.944827556300289     
   1.0000000000000291        47.944827556301689        47.944827556300289     
   1.0000000000000029        47.944827556300432        47.944827556300289     
   1.0000000000000002        47.944827556300304        47.944827556300289     
 comp:           1
   1.0000011860465696       -47.629310651809270       -47.629254161295755     
   1.0000003185573352       -47.629269333944038       -47.629254161295755     
   1.0000000946313812       -47.629258668517863       -47.629254161295755     
   1.0000000293004039       -47.629255556852144       -47.629254161295755     
   1.0000000092026875       -47.629254599612892       -47.629254161295755     
   1.0000000029038383       -47.629254299603410       -47.629254161295755     
   1.0000000009176437       -47.629254205002447       -47.629254161295755     
   1.0000000002901210       -47.629254175114006       -47.629254161295755     
   1.0000000000917380       -47.629254165665166       -47.629254161295755     
   1.0000000000290092       -47.629254162677448       -47.629254161295755     
 comp:           2
  0.99395686606531164      -0.12292184028723456      -0.12366918976457629     
  0.99804419790817567      -0.12342731730454051      -0.12366918976457629     
  0.99938011796923287      -0.12359252945608169      -0.12366918976457629     
  0.99980393134618162      -0.12364494211302034      -0.12366918976457629     
  0.99993799619557744      -0.12366152180432104      -0.12366918976457629     
  0.99998039263412486      -0.12366676493752510      -0.12366918976457629     
  0.99999379960089907      -0.12366842296624327      -0.12366918976457629     
  0.99999803926153608      -0.12366894728163912      -0.12366918976457629     
  0.99999937996004773      -0.12366911308473777      -0.12366918976457629     
  0.99999980392610677      -0.12366916551627678      -0.12366918976457629     
 comp:           3
  0.99993607168039333        5.4901265208074754        5.4904775178090270     
  0.99997924562330309        5.4903635663703767        5.4904775178090270     
  0.99999341573490896        5.4904413670495735        5.4904775178090270     
  0.99999791677260308        5.4904660798958398        5.4904775178090270     
  0.99999934114777567        5.4904739003957017        5.4904775178090270     
  0.99999979164594899        5.4904763738457945        5.4904775178090270     
  0.99999993411197985        5.4904771560523340        5.4904775178090270     
  0.99999997916431504        5.4904774034111670        5.4904775178090270     
  0.99999999341117163        5.4904774816332127        5.4904775178090270     
  0.99999999791642824        5.4904775063692233        5.4904775178090270     
 
 part:           7
 comp:           0
   1.0000000000000000        1.8984401218654385E-003   1.8984401218654385E-003
   1.0000000000000000        1.8984401218654385E-003   1.8984401218654385E-003
   1.0000000000000000        1.8984401218654385E-003   1.8984401218654385E-003
   1.0000000000000000        1.8984401218654385E-003   1.8984401218654385E-003
   1.0000000000000000        1.8984401218654385E-003   1.8984401218654385E-003
   1.0000000000000000        1.8984401218654385E-003   1.8984401218654385E-003
   1.0000000000000000        1.8984401218654385E-003   1.8984401218654385E-003
   1.0000000000000000        1.8984401218654385E-003   1.8984401218654385E-003
   1.0000000000000000        1.8984401218654385E-003   1.8984401218654385E-003
   1.0000000000000000        1.8984401218654385E-003   1.8984401218654385E-003
 comp:           1
  0.87742645837318367       -1.6547776626375400E-003  -1.8859445676001445E-003
  0.98269288782037822       -1.8533043134041406E-003  -1.8859445676001445E-003
  0.99668389915535804       -1.8796905852265778E-003  -1.8859445676001445E-003
  0.99916740267010851       -1.8843743351888373E-003  -1.8859445676001445E-003
  0.99975832548246402       -1.8854887828566702E-003  -1.8859445676001445E-003
  0.99992573778330029       -1.8858045131759818E-003  -1.8859445676001445E-003
  0.99997673241685447       -1.8859006862281100E-003  -1.8859445676001445E-003
  0.99999266376505880       -1.8859307318677104E-003  -1.8859445676001445E-003
  0.99999768224091368       -1.8859401964349866E-003  -1.8859445676001445E-003
  0.99999926727626987       -1.8859431857238061E-003  -1.8859445676001445E-003
 comp:           2
   153.52584336591448       -7.5179277910114779E-004  -4.8968483912465477E-006
   50.384233722892468       -2.4672395385013605E-004  -4.8968483912465477E-006
   16.654103805777538       -8.1552621428974747E-005  -4.8968483912465477E-006
   5.9515925495316759       -2.9144046401529128E-005  -4.8968483912465477E-006
   2.5658877482050269       -1.2564763291917013E-005  -4.8968483912465477E-006
   1.4951802306286921       -7.3216709069777528E-006  -4.8968483912465477E-006
   1.1565900796213837       -5.6636462707256893E-006  -4.8968483912465477E-006
   1.0495181538072349       -5.1393312830550048E-006  -4.8968483912465477E-006
   1.0156590173613125       -4.9735282252207928E-006  -4.8968483912465477E-006
   1.0049518173940084       -4.9210966902861445E-006  -4.8968483912465477E-006
 comp:           3
   2.5218802506257787        5.4826398827177486E-004   2.1740286365132871E-004
   1.5148867540598276        3.2934071844007264E-004   2.1740286365132871E-004
   1.1653584525110705        2.5335226475618766E-004   2.1740286365132871E-004
   1.0525189832406194        2.2882064100389549E-004   2.1740286365132871E-004
   1.0166299545535629        2.2101826339366473E-004   2.1740286365132871E-004
   1.0052610248788949        2.1854662552574133E-004   2.1740286365132871E-004
   1.0016638996862264        2.1776460020794287E-004   2.1740286365132871E-004
   1.0005261929136928        2.1751725949759856E-004   2.1740286365132871E-004
   1.0001663989721594        2.1743903926438478E-004   2.1740286365132871E-004
   1.0000526202031290        2.1741430343417487E-004   2.1740286365132871E-004
 
 part: i_fks+j_fks
 comp:           0
   1.0000002920562319        47.946739999562283        47.946725996422153     
   1.0000000292056155        47.946727396735795        47.946725996422153     
   1.0000000029205616        47.946726136453513        47.946725996422153     
   1.0000000002920562        47.946726010425287        47.946725996422153     
   1.0000000000292057        47.946725997822469        47.946725996422153     
   1.0000000000029206        47.946725996562179        47.946725996422153     
   1.0000000000002920        47.946725996436150        47.946725996422153     
   1.0000000000000291        47.946725996423552        47.946725996422153     
   1.0000000000000029        47.946725996422295        47.946725996422153     
   1.0000000000000002        47.946725996422167        47.946725996422153     
 comp:           1
  0.99999633272705513       -47.630965429471907       -47.631140105863352     
  0.99999963327340335       -47.631122638257445       -47.631140105863352     
  0.99999996332734720       -47.631138359103090       -47.631140105863352     
  0.99999999633273495       -47.631139931187334       -47.631140105863352     
  0.99999999963327335       -47.631140088395746       -47.631140105863352     
  0.99999999996332734       -47.631140104116589       -47.631140105863352     
  0.99999999999633260       -47.631140105688672       -47.631140105863352     
  0.99999999999963307       -47.631140105845873       -47.631140105863352     
  0.99999999999996325       -47.631140105861604       -47.631140105863352     
  0.99999999999999623       -47.631140105863174       -47.631140105863352     
 comp:           2
  0.99999633272705502      -0.12367363306633571      -0.12367408661296754     
  0.99999963327340324      -0.12367404125839065      -0.12367408661296754     
  0.99999996332734697      -0.12367408207751067      -0.12367408661296754     
  0.99999999633273484      -0.12367408615942187      -0.12367408661296754     
  0.99999999963327335      -0.12367408656761296      -0.12367408661296754     
  0.99999999996332722      -0.12367408660843207      -0.12367408661296754     
  0.99999999999633271      -0.12367408661251399      -0.12367408661296754     
  0.99999999999963318      -0.12367408661292217      -0.12367408661296754     
  0.99999999999996314      -0.12367408661296299      -0.12367408661296754     
  0.99999999999999623      -0.12367408661296707      -0.12367408661296754     
 comp:           3
  0.99999633272705513        5.4906747847957469        5.4906949206726781     
  0.99999963327340335        5.4906929070888166        5.4906949206726781     
  0.99999996332734720        5.4906947193143294        5.4906949206726781     
  0.99999999633273484        5.4906949005368437        5.4906949206726781     
  0.99999999963327357        5.4906949186590950        5.4906949206726781     
  0.99999999996332745        5.4906949204713200        5.4906949206726781     
  0.99999999999633271        5.4906949206525422        5.4906949206726781     
  0.99999999999963329        5.4906949206706646        5.4906949206726781     
  0.99999999999996347        5.4906949206724773        5.4906949206726781     
  0.99999999999999623        5.4906949206726576        5.4906949206726781     
