     
 Soft #          12
 
 part:           1
 comp:           0
   1.0897098274235533        301.03233982575659        276.25000000000000     
   1.0082305243505825        278.52368235184838        276.25000000000000     
   1.0008163211986489        276.47550873112675        276.25000000000000     
   1.0000815654187771        276.27253244693719        276.25000000000000     
   1.0000081558754723        276.25225306059923        276.25000000000000     
   1.0000008155808837        276.25022530421916        276.25000000000000     
   1.0000000815580217        276.25002253040350        276.25000000000000     
   1.0000000081558016        276.25000225304018        276.25000000000000     
   1.0000000008155800        276.25000022530401        276.25000000000000     
   1.0000000000815581        276.25000002253040        276.25000000000000     
 comp:           1
   0.0000000000000000        0.0000000000000000     
   0.0000000000000000        0.0000000000000000     
   0.0000000000000000        0.0000000000000000     
   0.0000000000000000        0.0000000000000000     
   0.0000000000000000        0.0000000000000000     
   0.0000000000000000        0.0000000000000000     
   0.0000000000000000        0.0000000000000000     
   0.0000000000000000        0.0000000000000000     
   0.0000000000000000        0.0000000000000000     
   0.0000000000000000        0.0000000000000000     
 comp:           2
   0.0000000000000000        0.0000000000000000     
   0.0000000000000000        0.0000000000000000     
   0.0000000000000000        0.0000000000000000     
   0.0000000000000000        0.0000000000000000     
   0.0000000000000000        0.0000000000000000     
   0.0000000000000000        0.0000000000000000     
   0.0000000000000000        0.0000000000000000     
   0.0000000000000000        0.0000000000000000     
   0.0000000000000000        0.0000000000000000     
   0.0000000000000000        0.0000000000000000     
 comp:           3
   1.0897098274235533        301.03233982575659        276.25000000000000     
   1.0082305243505825        278.52368235184838        276.25000000000000     
   1.0008163211986489        276.47550873112675        276.25000000000000     
   1.0000815654187771        276.27253244693719        276.25000000000000     
   1.0000081558754723        276.25225306059923        276.25000000000000     
   1.0000008155808837        276.25022530421916        276.25000000000000     
   1.0000000815580217        276.25002253040350        276.25000000000000     
   1.0000000081558016        276.25000225304018        276.25000000000000     
   1.0000000008155800        276.25000022530401        276.25000000000000     
   1.0000000000815581        276.25000002253040        276.25000000000000     
 
 part:           2
 comp:           0
   1.0196394334977761        281.67539350376063        276.25000000000000     
   1.0018552163471066        276.76250351588823        276.25000000000000     
   1.0001845291672813        276.30097618246145        276.25000000000000     
   1.0000184430779055        276.25509490027139        276.25000000000000     
   1.0000018442094873        276.25050946287087        276.25000000000000     
   1.0000001844199657        276.25005094601556        276.25000000000000     
   1.0000000184419868        276.25000509459886        276.25000000000000     
   1.0000000018441988        276.25000050945994        276.25000000000000     
   1.0000000001844198        276.25000005094597        276.25000000000000     
   1.0000000000184419        276.25000000509459        276.25000000000000     
 comp:           1
   0.0000000000000000        0.0000000000000000     
   0.0000000000000000        0.0000000000000000     
   0.0000000000000000        0.0000000000000000     
   0.0000000000000000        0.0000000000000000     
   0.0000000000000000        0.0000000000000000     
   0.0000000000000000        0.0000000000000000     
   0.0000000000000000        0.0000000000000000     
   0.0000000000000000        0.0000000000000000     
   0.0000000000000000        0.0000000000000000     
   0.0000000000000000        0.0000000000000000     
 comp:           2
   0.0000000000000000        0.0000000000000000     
   0.0000000000000000        0.0000000000000000     
   0.0000000000000000        0.0000000000000000     
   0.0000000000000000        0.0000000000000000     
   0.0000000000000000        0.0000000000000000     
   0.0000000000000000        0.0000000000000000     
   0.0000000000000000        0.0000000000000000     
   0.0000000000000000        0.0000000000000000     
   0.0000000000000000        0.0000000000000000     
   0.0000000000000000        0.0000000000000000     
 comp:           3
   1.0196394334977761       -281.67539350376063       -276.25000000000000     
   1.0018552163471066       -276.76250351588823       -276.25000000000000     
   1.0001845291672813       -276.30097618246145       -276.25000000000000     
   1.0000184430779055       -276.25509490027139       -276.25000000000000     
   1.0000018442094873       -276.25050946287087       -276.25000000000000     
   1.0000001844199657       -276.25005094601556       -276.25000000000000     
   1.0000000184419868       -276.25000509459886       -276.25000000000000     
   1.0000000018441988       -276.25000050945994       -276.25000000000000     
   1.0000000001844198       -276.25000005094597       -276.25000000000000     
   1.0000000000184419       -276.25000000509459       -276.25000000000000     
 
 part:           3
 comp:           0
  0.98140672381632577        26.732812918636665        27.239280381820389     
  0.99815515837284485        27.189028223478257        27.239280381820389     
  0.99981566779715014        27.234259305263564        27.239280381820389     
  0.99998156830488460        27.238778315709229        27.239280381820389     
  0.99999815684574567        27.239230175624868        27.239280381820389     
  0.99999981568472718        27.239275361204996        27.239280381820389     
  0.99999998156847447        27.239279879758897        27.239280381820389     
  0.99999999815684737        27.239280331614239        27.239280381820389     
  0.99999999981568477        27.239280376799776        27.239280381820389     
  0.99999999998156841        27.239280381318327        27.239280381820389     
 comp:           1
  0.92331031516825068       -13.169653765388006       -14.263518504055876     
  0.99262306642339837       -14.158297475482827       -14.263518504055876     
  0.99926502406831108       -14.253035161254195       -14.263518504055876     
  0.99992652939430304       -14.262470554712014       -14.263518504055876     
  0.99999265320911979       -14.263413712968211       -14.263518504055876     
  0.99999926532360872       -14.263508024985574       -14.263518504055876     
  0.99999992653238801       -14.263517456149232       -14.263518504055876     
  0.99999999265323902       -14.263518399265214       -14.263518504055876     
  0.99999999926532390       -14.263518493576809       -14.263518504055876     
  0.99999999992653243       -14.263518503007969       -14.263518504055876     
 comp:           2
   1.0146967340596942        9.6410918712665943        9.5014515644429114     
   1.0014137081302290        9.5148838437685406        9.5014515644429114     
   1.0001408500482432        9.5027898443541439        9.5014515644429114     
   1.0000140798329724        9.5015853432939341        9.5014515644429114     
   1.0000014079316142        9.5014649418369501        9.5014515644429114     
   1.0000001407926447        9.5014529021774052        9.5014515644429114     
   1.0000000140792593        9.5014516982163109        9.5014515644429114     
   1.0000000014079260        9.5014515778202515        9.5014515644429114     
   1.0000000001407925        9.5014515657806449        9.5014515644429114     
   1.0000000000140794        9.5014515645766853        9.5014515644429114     
 comp:           3
   1.0000000000000000       -21.097277662590159       -21.097277662590159     
   1.0000000000000000       -21.097277662590159       -21.097277662590159     
   1.0000000000000000       -21.097277662590159       -21.097277662590159     
   1.0000000000000000       -21.097277662590159       -21.097277662590159     
   1.0000000000000000       -21.097277662590159       -21.097277662590159     
   1.0000000000000000       -21.097277662590159       -21.097277662590159     
   1.0000000000000000       -21.097277662590159       -21.097277662590159     
   1.0000000000000000       -21.097277662590159       -21.097277662590159     
   1.0000000000000000       -21.097277662590159       -21.097277662590159     
   1.0000000000000000       -21.097277662590159       -21.097277662590159     
 
 part:           4
 comp:           0
  0.97190759316945863        108.63202666225588        111.77197032487342     
  0.99724945180263036        111.46453613337989        111.77197032487342     
  0.99972550603908827        111.74128959402005        111.77197032487342     
  0.99997255618767678        111.76890287589683        111.77197032487342     
  0.99999725567458075        111.77166358621410        111.77197032487342     
  0.99999972556801620        111.77193965106987        111.77197032487342     
  0.99999997255680728        111.77196725749370        111.77197032487342     
  0.99999999725568067        111.77197001813545        111.77197032487342     
  0.99999999972556797        111.77197029419962        111.77197032487342     
  0.99999999997255673        111.77197032180604        111.77197032487342     
 comp:           1
  0.94588743604405590       -78.082762748657515       -82.549740881663126     
  0.99477210077522493       -82.118179155302499       -82.549740881663126     
  0.99947892316204756       -82.506726123710720       -82.549740881663126     
  0.99994790933575439       -82.545440810827301       -82.549740881663126     
  0.99999479110366063       -82.549310888620028       -82.549740881663126     
  0.99999947911206688       -82.549697882499217       -82.549740881663126     
  0.99999994791122382       -82.549736581748149       -82.549740881663126     
  0.99999999479112245       -82.549740451671639       -82.549740881663126     
  0.99999999947911222       -82.549740838663979       -82.549740881663126     
  0.99999999994791111       -82.549740877363206       -82.549740881663126     
 comp:           2
   1.0258482731095577        22.631461249409877        22.061216890105250     
   1.0024972419909959        22.116309087295686        22.061216890105250     
   1.0002489058997357        22.066708057144545        22.061216890105250     
   1.0000248824601430        22.061765827455226        22.061216890105250     
   1.0000024881647687        22.061271782047871        22.061216890105250     
   1.0000002488156645        22.061222379281588        22.061216890105250     
   1.0000000248815581        22.061217439022702        22.061216890105250     
   1.0000000024881557        22.061216944996993        22.061216890105250     
   1.0000000002488156        22.061216895594423        22.061216890105250     
   1.0000000000248817        22.061216890654169        22.061216890105250     
 comp:           3
   1.0000000000000000        72.054259693666921        72.054259693666921     
   1.0000000000000000        72.054259693666921        72.054259693666921     
   1.0000000000000000        72.054259693666921        72.054259693666921     
   1.0000000000000000        72.054259693666921        72.054259693666921     
   1.0000000000000000        72.054259693666921        72.054259693666921     
   1.0000000000000000        72.054259693666921        72.054259693666921     
   1.0000000000000000        72.054259693666921        72.054259693666921     
   1.0000000000000000        72.054259693666921        72.054259693666921     
   1.0000000000000000        72.054259693666921        72.054259693666921     
   1.0000000000000000        72.054259693666921        72.054259693666921     
 
 part:           5
 comp:           0
  0.98606329785960523        206.62726340457309        209.54766682127590     
  0.99859914528727678        209.25412098466916        209.54766682127590     
  0.99985986604201005        209.51830207733667        209.54766682127590     
  0.99998598613980283        209.54473024956843        209.54766682127590     
  0.99999859860935658        209.54737316313626        209.54766682127590     
  0.99999985986088957        209.54763745545227        209.54766682127590     
  0.99999998598608864        209.54766388469346        209.54766682127590     
  0.99999999859860889        209.54766652761765        209.54766682127590     
  0.99999999985986088        209.54766679191007        209.54766682127590     
  0.99999999998598610        209.54766681833931        209.54766682127590     
 comp:           1
  0.87285199296318616       -57.903034787857734       -66.337747126275829     
  0.98779534484732712       -65.528117798994415       -66.337747126275829     
  0.99878427354680510       -66.257098572249063       -66.337747126275829     
  0.99987847441216804       -66.329685392560862       -66.337747126275829     
  0.99998784791146145       -66.336940984099300       -66.337747126275829     
  0.99999878479584825       -66.337666512370106       -66.337747126275829     
  0.99999987847963190       -66.337739064888382       -66.337747126275829     
  0.99999998784796362       -66.337746320137114       -66.337747126275829     
  0.99999999878479640       -66.337747045661956       -66.337747126275829     
  0.99999999987847954       -66.337747118214438       -66.337747126275829     
 comp:           2
  0.98624854980223897       -77.224539040245034       -78.301295404419079     
  0.99868002879931705       -78.197939949509077       -78.301295404419079     
  0.99986851542415145       -78.290999991804441       -78.301295404419079     
  0.99998685663182796       -78.300266261665229       -78.301295404419079     
  0.99999868571404116       -78.301192494125971       -78.301295404419079     
  0.99999986857191259       -78.301285113429586       -78.301295404419079     
  0.99999998685719627       -78.301294375320523       -78.301295404419079     
  0.99999999868571965       -78.301295301509228       -78.301295404419079     
  0.99999999986857191       -78.301295394128090       -78.301295404419079     
  0.99999999998685729       -78.301295403389986       -78.301295404419079     
 comp:           3
   1.0000000000000000       -164.04639331625094       -164.04639331625094     
   1.0000000000000000       -164.04639331625094       -164.04639331625094     
   1.0000000000000000       -164.04639331625094       -164.04639331625094     
   1.0000000000000000       -164.04639331625094       -164.04639331625094     
   1.0000000000000000       -164.04639331625094       -164.04639331625094     
   1.0000000000000000       -164.04639331625094       -164.04639331625094     
   1.0000000000000000       -164.04639331625094       -164.04639331625094     
   1.0000000000000000       -164.04639331625094       -164.04639331625094     
   1.0000000000000000       -164.04639331625094       -164.04639331625094     
   1.0000000000000000       -164.04639331625094       -164.04639331625094     
 
 part:           6
 comp:           0
   1.0344623767349712        210.96937688791925        203.94108247203030     
   1.0032138163934374        204.59651166617431        203.94108247203030     
   1.0003192497690261        204.00619061550441        203.94108247203030     
   1.0000319038335153        203.94758897437239        203.94108247203030     
   1.0000031901720916        203.94173307917993        203.94108247203030     
   1.0000003190150968        203.94114753231446        203.94108247203030     
   1.0000000319014888        203.94108897805444        203.94108247203030     
   1.0000000031901486        203.94108312263268        203.94108247203030     
   1.0000000003190148        203.94108253709055        203.94108247203030     
   1.0000000000319014        203.94108247853632        203.94108247203030     
 comp:           1
   1.0515417293367237        171.56009153065011        163.15100651199484     
   1.0048408315892832        163.94079305814145        163.15100651199484     
   1.0004812031568076        163.22951529136472        163.15100651199484     
   1.0000480917469161        163.15885272890912        163.15100651199484     
   1.0000048088892333        163.15179108711345        163.15100651199484     
   1.0000004808860690        163.15108496904102        163.15100651199484     
   1.0000000480885785        163.15101435769481        163.15100651199484     
   1.0000000048088575        163.15100729656479        163.15100651199484     
   1.0000000004808858        163.15100659045183        163.15100651199484     
   1.0000000000480886        163.15100651984054        163.15100651199484     
 comp:           2
   1.0229678300017631        47.812111788171372        46.738626949870913     
   1.0021571530183524        46.839449320069477        46.738626949870913     
   1.0002144319262098        46.748649203676180        46.738626949870913     
   1.0000214304619164        46.739628580235788        46.738626949870913     
   1.0000021429189869        46.738727106962024        46.738626949870913     
   1.0000002142906268        46.738636965520577        46.738626949870913     
   1.0000000214290501        46.738627951435291        46.738626949870913     
   1.0000000021429050        46.738627050027347        46.738626949870913     
   1.0000000002142904        46.738626959886552        46.738626949870913     
   1.0000000000214291        46.738626950872479        46.738626949870913     
 comp:           3
   1.0000000000000000        113.08941128517418        113.08941128517418     
   1.0000000000000000        113.08941128517418        113.08941128517418     
   1.0000000000000000        113.08941128517418        113.08941128517418     
   1.0000000000000000        113.08941128517418        113.08941128517418     
   1.0000000000000000        113.08941128517418        113.08941128517418     
   1.0000000000000000        113.08941128517418        113.08941128517418     
   1.0000000000000000        113.08941128517418        113.08941128517418     
   1.0000000000000000        113.08941128517418        113.08941128517418     
   1.0000000000000000        113.08941128517418        113.08941128517418     
   1.0000000000000000        113.08941128517418        113.08941128517418     
 
 part:           7
 comp:           0
   29.746253456132330        0.0000000000000000     
   2.7819888600351770        0.0000000000000000     
  0.27644332146353423        0.0000000000000000     
   2.7626931661708203E-002   0.0000000000000000     
   2.7625193150655624E-003   0.0000000000000000     
   2.7625019314910432E-004   0.0000000000000000     
   2.7625001931489498E-005   0.0000000000000000     
   2.7625000193148942E-006   0.0000000000000000     
   2.7625000019314893E-007   0.0000000000000000     
   2.7625000001931494E-008   0.0000000000000000     
 comp:           1
  -22.404640228746839       -0.0000000000000000     
  -2.1361986283616918       -0.0000000000000000     
 -0.21265543415073165       -0.0000000000000000     
  -2.1255970808954510E-002  -0.0000000000000000     
  -2.1255014259179755E-003  -0.0000000000000000     
  -2.1254918611304734E-004  -0.0000000000000000     
  -2.1254909046588252E-005  -0.0000000000000000     
  -2.1254908090117312E-006  -0.0000000000000000     
  -2.1254907994470225E-007  -0.0000000000000000     
  -2.1254907984905520E-008  -0.0000000000000000     
 comp:           2
  -2.8601258686028146       -0.0000000000000000     
 -0.27270230162463382       -0.0000000000000000     
  -2.7147113370429233E-002  -0.0000000000000000     
  -2.7134893197237261E-003  -0.0000000000000000     
  -2.7133672087356695E-004  -0.0000000000000000     
  -2.7133549985435472E-005  -0.0000000000000000     
  -2.7133537775334013E-006  -0.0000000000000000     
  -2.7133536554324772E-007  -0.0000000000000000     
  -2.7133536432223857E-008  -0.0000000000000000     
  -2.7133536420013772E-009  -0.0000000000000000     
 comp:           3
   19.356946321995945        0.0000000000000000     
   1.7611788359601859        0.0000000000000000     
  0.17453254866530724        0.0000000000000000     
   1.7437546665781695E-002   0.0000000000000000     
   1.7435977283870667E-003   0.0000000000000000     
   1.7435820360048009E-004   0.0000000000000000     
   1.7435804667809413E-005   0.0000000000000000     
   1.7435803098586991E-006   0.0000000000000000     
   1.7435802941664760E-007   0.0000000000000000     
   1.7435802925972541E-008   0.0000000000000000     
 
 part: i_fks reduced
 comp:           0
   1.0540925533894596        291.19306787383823        276.25000000000000     
   1.0050378152592121        277.64169646535731        276.25000000000000     
   1.0005003753127737        276.38822868015376        276.25000000000000     
   1.0000500037503124        276.26381353602380        276.25000000000000     
   1.0000050000375003        276.25138126035944        276.25000000000000     
   1.0000005000003749        276.25013812510355        276.25000000000000     
   1.0000000500000037        276.25001381250104        276.25000000000000     
   1.0000000050000000        276.25000138125000        276.25000000000000     
   1.0000000004999998        276.25000013812496        276.25000000000000     
   1.0000000000500000        276.25000001381250        276.25000000000000     
 comp:           1
   1.0540925533894596       -224.04640228746837       -212.54907983842770     
   1.0050378152592121       -213.61986283616920       -212.54907983842770     
   1.0005003753127737       -212.65543415073162       -212.54907983842770     
   1.0000500037503124       -212.55970808954507       -212.54907983842770     
   1.0000050000375003       -212.55014259179754       -212.54907983842770     
   1.0000005000003749       -212.54918611304728       -212.54907983842770     
   1.0000000500000037       -212.54909046588250       -212.54907983842770     
   1.0000000050000000       -212.54908090117308       -212.54907983842770     
   1.0000000004999998       -212.54907994470221       -212.54907983842770     
   1.0000000000500000       -212.54907984905515       -212.54907983842770     
 comp:           2
   1.0540925533894596       -28.601258686028142       -27.133536418657087     
   1.0050378152592119       -27.270230162463381       -27.133536418657087     
   1.0005003753127737       -27.147113370429231       -27.133536418657087     
   1.0000500037503124       -27.134893197237258       -27.133536418657087     
   1.0000050000375003       -27.133672087356693       -27.133536418657087     
   1.0000005000003747       -27.133549985435465       -27.133536418657087     
   1.0000000500000037       -27.133537775334009       -27.133536418657087     
   1.0000000050000000       -27.133536554324770       -27.133536418657087     
   1.0000000004999998       -27.133536432223853       -27.133536418657087     
   1.0000000000500000       -27.133536420013762       -27.133536418657087     
 comp:           3
   1.1101838215375415        193.56946321995946        174.35802924228958     
   1.0100933370340148        176.11788359601860        174.35802924228958     
   1.0010009256457879        174.53254866530722        174.35802924228958     
   1.0001000092488035        174.37546665781696        174.35802924228958     
   1.0000100000924803        174.35977283870668        174.35802924228958     
   1.0000010000009247        174.35820360048007        174.35802924228958     
   1.0000001000000092        174.35804667809410        174.35802924228958     
   1.0000000099999999        174.35803098586987        174.35802924228958     
   1.0000000009999996        174.35802941664755        174.35802924228958     
   1.0000000000999998        174.35802925972536        174.35802924228958     
 
 part: i_fks full/reduced
 comp:           0
  0.10215302745125834        29.746253456132330        291.19306787383823     
   1.0020068654861785E-002   2.7819888600351770        277.64169646535731     
   1.0001993311496787E-003  0.27644332146353423        276.38822868015376     
   1.0000199196593567E-004   2.7626931661708203E-002   276.26381353602380     
   1.0000019918314771E-005   2.7625193150655624E-003   276.25138126035944     
   1.0000001991818037E-006   2.7625019314910432E-004   276.25013812510355     
   1.0000000199181671E-007   2.7625001931489498E-005   276.25001381250104     
   1.0000000019918169E-008   2.7625000193148942E-006   276.25000138125000     
   1.0000000001991818E-009   2.7625000019314893E-007   276.25000013812496     
   1.0000000000199183E-010   2.7625000001931494E-008   276.25000001381250     
 comp:           1
  0.10000000000000001       -22.404640228746839       -224.04640228746837     
   9.9999999999999985E-003  -2.1361986283616918       -213.61986283616920     
   1.0000000000000002E-003 -0.21265543415073165       -212.65543415073162     
   1.0000000000000002E-004  -2.1255970808954510E-002  -212.55970808954507     
   1.0000000000000001E-005  -2.1255014259179755E-003  -212.55014259179754     
   1.0000000000000002E-006  -2.1254918611304734E-004  -212.54918611304728     
   1.0000000000000001E-007  -2.1254909046588252E-005  -212.54909046588250     
   1.0000000000000002E-008  -2.1254908090117312E-006  -212.54908090117308     
   1.0000000000000003E-009  -2.1254907994470225E-007  -212.54907994470221     
   1.0000000000000003E-010  -2.1254907984905520E-008  -212.54907984905515     
 comp:           2
  0.10000000000000001       -2.8601258686028146       -28.601258686028142     
   1.0000000000000000E-002 -0.27270230162463382       -27.270230162463381     
   1.0000000000000000E-003  -2.7147113370429233E-002  -27.147113370429231     
   1.0000000000000002E-004  -2.7134893197237261E-003  -27.134893197237258     
   1.0000000000000001E-005  -2.7133672087356695E-004  -27.133672087356693     
   1.0000000000000002E-006  -2.7133549985435472E-005  -27.133549985435465     
   1.0000000000000001E-007  -2.7133537775334013E-006  -27.133537775334009     
   1.0000000000000000E-008  -2.7133536554324772E-007  -27.133536554324770     
   1.0000000000000003E-009  -2.7133536432223857E-008  -27.133536432223853     
   1.0000000000000004E-010  -2.7133536420013772E-009  -27.133536420013762     
 comp:           3
   9.9999999999999992E-002   19.356946321995945        193.56946321995946     
   9.9999999999999985E-003   1.7611788359601859        176.11788359601860     
   1.0000000000000000E-003  0.17453254866530724        174.53254866530722     
   9.9999999999999991E-005   1.7437546665781695E-002   174.37546665781696     
   1.0000000000000001E-005   1.7435977283870667E-003   174.35977283870668     
   1.0000000000000002E-006   1.7435820360048009E-004   174.35820360048007     
   1.0000000000000002E-007   1.7435804667809413E-005   174.35804667809410     
   1.0000000000000002E-008   1.7435803098586991E-006   174.35803098586987     
   1.0000000000000003E-009   1.7435802941664760E-007   174.35802941664755     
   1.0000000000000003E-010   1.7435802925972541E-008   174.35802925972536     
     
 Collinear #           1
 
 part:           1
 comp:           0
  0.99999018707012066        276.94544261887006        276.94816029174723     
  0.99999906347374867        276.94790092252487        276.94816029174723     
  0.99999990677283046        276.94813447265415        276.94816029174723     
  0.99999999068151646        276.94815771101037        276.94816029174723     
  0.99999999906819381        276.94816003368521        276.94816029174723     
  0.99999999990681965        276.94816026594111        276.94816029174723     
  0.99999999999068190        276.94816028916659        276.94816029174723     
  0.99999999999906797        276.94816029148910        276.94816029174723     
  0.99999999999990685        276.94816029172142        276.94816029174723     
  0.99999999999999056        276.94816029174461        276.94816029174723     
 comp:           1
   0.0000000000000000        0.0000000000000000     
   0.0000000000000000        0.0000000000000000     
   0.0000000000000000        0.0000000000000000     
   0.0000000000000000        0.0000000000000000     
   0.0000000000000000        0.0000000000000000     
   0.0000000000000000        0.0000000000000000     
   0.0000000000000000        0.0000000000000000     
   0.0000000000000000        0.0000000000000000     
   0.0000000000000000        0.0000000000000000     
   0.0000000000000000        0.0000000000000000     
 comp:           2
   0.0000000000000000        0.0000000000000000     
   0.0000000000000000        0.0000000000000000     
   0.0000000000000000        0.0000000000000000     
   0.0000000000000000        0.0000000000000000     
   0.0000000000000000        0.0000000000000000     
   0.0000000000000000        0.0000000000000000     
   0.0000000000000000        0.0000000000000000     
   0.0000000000000000        0.0000000000000000     
   0.0000000000000000        0.0000000000000000     
   0.0000000000000000        0.0000000000000000     
 comp:           3
  0.99999018707012066        276.94544261887006        276.94816029174723     
  0.99999906347374867        276.94790092252487        276.94816029174723     
  0.99999990677283046        276.94813447265415        276.94816029174723     
  0.99999999068151646        276.94815771101037        276.94816029174723     
  0.99999999906819381        276.94816003368521        276.94816029174723     
  0.99999999990681965        276.94816026594111        276.94816029174723     
  0.99999999999068190        276.94816028916659        276.94816029174723     
  0.99999999999906797        276.94816029148910        276.94816029174723     
  0.99999999999990685        276.94816029172142        276.94816029174723     
  0.99999999999999056        276.94816029174461        276.94816029174723     
 
 part:           2
 comp:           0
   1.0001323392057266        276.28655870558197        276.25000000000000     
   1.0000126792513881        276.25350264319599        276.25000000000000     
   1.0000012626312786        276.25034880189071        276.25000000000000     
   1.0000001262104306        276.25003486563145        276.25000000000000     
   1.0000000126205164        276.25000348641765        276.25000000000000     
   1.0000000012620462        276.25000034864030        276.25000000000000     
   1.0000000001262046        276.25000003486400        276.25000000000000     
   1.0000000000126203        276.25000000348638        276.25000000000000     
   1.0000000000012619        276.25000000034862        276.25000000000000     
   1.0000000000001261        276.25000000003485        276.25000000000000     
 comp:           1
   0.0000000000000000        0.0000000000000000     
   0.0000000000000000        0.0000000000000000     
   0.0000000000000000        0.0000000000000000     
   0.0000000000000000        0.0000000000000000     
   0.0000000000000000        0.0000000000000000     
   0.0000000000000000        0.0000000000000000     
   0.0000000000000000        0.0000000000000000     
   0.0000000000000000        0.0000000000000000     
   0.0000000000000000        0.0000000000000000     
   0.0000000000000000        0.0000000000000000     
 comp:           2
   0.0000000000000000        0.0000000000000000     
   0.0000000000000000        0.0000000000000000     
   0.0000000000000000        0.0000000000000000     
   0.0000000000000000        0.0000000000000000     
   0.0000000000000000        0.0000000000000000     
   0.0000000000000000        0.0000000000000000     
   0.0000000000000000        0.0000000000000000     
   0.0000000000000000        0.0000000000000000     
   0.0000000000000000        0.0000000000000000     
   0.0000000000000000        0.0000000000000000     
 comp:           3
   1.0001323392057266       -276.28655870558197       -276.25000000000000     
   1.0000126792513881       -276.25350264319599       -276.25000000000000     
   1.0000012626312786       -276.25034880189071       -276.25000000000000     
   1.0000001262104306       -276.25003486563145       -276.25000000000000     
   1.0000000126205164       -276.25000348641765       -276.25000000000000     
   1.0000000012620462       -276.25000034864030       -276.25000000000000     
   1.0000000001262046       -276.25000003486400       -276.25000000000000     
   1.0000000000126203       -276.25000000348638       -276.25000000000000     
   1.0000000000012619       -276.25000000034862       -276.25000000000000     
   1.0000000000001261       -276.25000000003485       -276.25000000000000     
 
 part:           3
 comp:           0
  0.99986979764652228        22.292577394883601        22.295480318893038     
  0.99995959061256112        22.294579372190697        22.295480318893038     
  0.99998724251195859        22.295195884569491        22.295480318893038     
  0.99999596615732189        22.295390382432998        22.295480318893038     
  0.99999872437696391        22.295451878264743        22.295480318893038     
  0.99999959660990656        22.295471325117148        22.295480318893038     
  0.99999987243653199        22.295477474804247        22.295480318893038     
  0.99999995966085553        22.295479419512436        22.295480318893038     
  0.99999998724363925        22.295480034483848        22.295480318893038     
  0.99999999596608402        22.295480228954943        22.295480318893038     
 comp:           1
  0.99953926372616164       -18.833212995261714       -18.841894139359539     
  0.99985712616214240       -18.839202125631342       -18.841894139359539     
  0.99995490545759214       -18.841044472765226       -18.841894139359539     
  0.99998574252649719       -18.841625501553104       -18.841894139359539     
  0.99999549147125244       -18.841809190138154       -18.841894139359539     
  0.99999857428013839       -18.841867276096835       -18.841894139359539     
  0.99999954914781763       -18.841885644450446       -18.841894139359539     
  0.99999985742801767       -18.841891453033341       -18.841894139359539     
  0.99999995491478078       -18.841893289868612       -18.841894139359539     
  0.99999998574280113       -18.841893870726906       -18.841894139359539     
 comp:           2
   1.0009112712768666       -10.420325425996277       -10.410838328059814     
   1.0002825842722791       -10.413780267232564       -10.410838328059814     
   1.0000891906358869       -10.411766877350409       -10.410838328059814     
   1.0000281992689128       -10.411131906089436       -10.410838328059814     
   1.0000089172330937       -10.410931163931886       -10.410838328059814     
   1.0000028198725222       -10.410867685296749       -10.410838328059814     
   1.0000008917219398       -10.410847611632764       -10.410838328059814     
   1.0000002819872447       -10.410841263783428       -10.410838328059814     
   1.0000000891721961       -10.410839256417130       -10.410838328059814     
   1.0000000281987260       -10.410838621632191       -10.410838328059814     
 comp:           3
   1.0000000000000000        5.5252315968034580        5.5252315968034580     
   1.0000000000000000        5.5252315968034580        5.5252315968034580     
   1.0000000000000000        5.5252315968034580        5.5252315968034580     
   1.0000000000000000        5.5252315968034580        5.5252315968034580     
   1.0000000000000000        5.5252315968034580        5.5252315968034580     
   1.0000000000000000        5.5252315968034580        5.5252315968034580     
   1.0000000000000000        5.5252315968034580        5.5252315968034580     
   1.0000000000000000        5.5252315968034580        5.5252315968034580     
   1.0000000000000000        5.5252315968034580        5.5252315968034580     
   1.0000000000000000        5.5252315968034580        5.5252315968034580     
 
 part:           4
 comp:           0
  0.99995961440995107        91.886895595675455        91.890606652045051     
  0.99998744144462004        91.889452638772511        91.890606652045051     
  0.99999603280675819        91.890242104251357        91.890606652045051     
  0.99999874535945477        91.890491362364216        91.890606652045051     
  0.99999960322099102        91.890570191781208        91.890606652045051     
  0.99999987452425698        91.890595122002907        91.890606652045051     
  0.99999996032074912        91.890603005894619        91.890606652045051     
  0.99999998745228480        91.890605499027885        91.890606652045051     
  0.99999999603206069        91.890606287428696        91.890606652045051     
  0.99999999874522705        91.890606536743206        91.890606652045051     
 comp:           1
   1.0017420472253078        20.575326440390178        20.539545581999974     
   1.0005401902892983        20.550640845069971        20.539545581999974     
   1.0001704958872639        20.543047490047975        20.539545581999974     
   1.0000539052656747        20.540652771661410        20.539545581999974     
   1.0000170460221416        20.539895699548744        20.539545581999974     
   1.0000053904158952        20.539656298692957        20.539545581999974     
   1.0000017045989222        20.539580593687237        20.539545581999974     
   1.0000005390415074        20.539556653667589        20.539545581999974     
   1.0000001704598893        20.539549083168641        20.539545581999974     
   1.0000000539041531        20.539546689166784        20.539545581999974     
 comp:           2
  0.99858073018018800        27.512204267477802        27.551307006007804     
  0.99955989954610958        27.539181663289185        27.551307006007804     
  0.99986109465709050        27.547479982260530        27.551307006007804     
  0.99995608263909863        27.550097025314717        27.551307006007804     
  0.99998611237145463        27.550924383690166        27.551307006007804     
  0.99999560835407608        27.551186010422693        27.551307006007804     
  0.99999861123982747        27.551268743849931        27.551307006007804     
  0.99999956083547437        27.551294906451133        27.551307006007804     
  0.99999986112398509        27.551303179792082        27.551307006007804     
  0.99999995608354553        27.551305796052084        27.551307006007804     
 comp:           3
   1.0000000000000000       -85.222861606651762       -85.222861606651762     
   1.0000000000000000       -85.222861606651762       -85.222861606651762     
   1.0000000000000000       -85.222861606651762       -85.222861606651762     
   1.0000000000000000       -85.222861606651762       -85.222861606651762     
   1.0000000000000000       -85.222861606651762       -85.222861606651762     
   1.0000000000000000       -85.222861606651762       -85.222861606651762     
   1.0000000000000000       -85.222861606651762       -85.222861606651762     
   1.0000000000000000       -85.222861606651762       -85.222861606651762     
   1.0000000000000000       -85.222861606651762       -85.222861606651762     
   1.0000000000000000       -85.222861606651762       -85.222861606651762     
 
 part:           5
 comp:           0
   1.0001549563148964        199.81766367729983        199.78670546565559     
   1.0000480140413268        199.79629803278837        199.78670546565559     
   1.0000151507627570        199.78973238663210        199.78670546565559     
   1.0000047898284172        199.78766240969483        199.78670546565559     
   1.0000015146132506        199.78700806524699        199.78670546565559     
   1.0000004789584023        199.78680115517682        199.78670546565559     
   1.0000001514595720        199.78673572526449        199.78670546565559     
   1.0000000478956868        199.78671503457704        199.78670546565559     
   1.0000000151459423        199.78670849161350        199.78670546565559     
   1.0000000047895674        199.78670642254750        199.78670546565559     
 comp:           1
   1.0005282897127181        147.34854692264159        147.27074530291372     
   1.0001638059749138        147.29486913092435        147.27074530291372     
   1.0000516996819833        147.27835915361132        147.27074530291372     
   1.0000163456545510        147.27315253964190        147.27074530291372     
   1.0000051688422291        147.27150652216116        147.27074530291372     
   1.0000016345274501        147.27098602098951        147.27074530291372     
   1.0000005168827801        147.27082142462598        147.27074530291372     
   1.0000001634526756        147.27076937471108        147.27074530291372     
   1.0000000516882726        147.27075291508416        147.27074530291372     
   1.0000000163452678        147.27074771009350        147.27074530291372     
 comp:           2
  0.99863058094385193        62.003121113505621        62.088145803529876     
  0.99957538634927479        62.061782329273477        62.088145803529876     
  0.99986598540914173        62.079825086072866        62.088145803529876     
  0.99995762921312237        62.085515079936407        62.088145803529876     
  0.99998660145962248        62.087313913001360        62.088145803529876     
  0.99999576301982795        62.087882737287188        62.088145803529876     
  0.99999866014970229        62.088062614709237        62.088145803529876     
  0.99999957630216263        62.088119496916775        62.088145803529876     
  0.99999986601498403        62.088137484648669        62.088145803529876     
  0.99999995763021554        62.088143172868520        62.088145803529876     
 comp:           3
   1.0000000000000000       -88.903888863502488       -88.903888863502488     
   1.0000000000000000       -88.903888863502488       -88.903888863502488     
   1.0000000000000000       -88.903888863502488       -88.903888863502488     
   1.0000000000000000       -88.903888863502488       -88.903888863502488     
   1.0000000000000000       -88.903888863502488       -88.903888863502488     
   1.0000000000000000       -88.903888863502488       -88.903888863502488     
   1.0000000000000000       -88.903888863502488       -88.903888863502488     
   1.0000000000000000       -88.903888863502488       -88.903888863502488     
   1.0000000000000000       -88.903888863502488       -88.903888863502488     
   1.0000000000000000       -88.903888863502488       -88.903888863502488     
 
 part:           6
 comp:           0
   1.0483400739830762       0.73190941190230419       0.69816029174719862     
   1.0046327990435602       0.70139472807905678       0.69816029174719862     
   1.0004613588428077       0.69848239417149349       0.69816029174719862     
   1.0000461167605703       0.69819248863821282       0.69816029174719862     
   1.0000046114849073       0.69816351130284682       0.69816029174719862     
   1.0000004611465791       0.69816061370142879       0.69816029174719862     
   1.0000000461146388       0.69816032394260830       0.69816029174719862     
   1.0000000046114637       0.69816029496673948       0.69816029174719862     
   1.0000000004611458       0.69816029206915231       0.69816029174719862     
   1.0000000000461142       0.69816029177939376       0.69816029174719862     
 comp:           1
 -0.21513978221660707       -0.0000000000000000     
  -6.6711621694492740E-002  -0.0000000000000000     
  -2.1055558412704237E-002  -0.0000000000000000     
  -6.6570751247107696E-003  -0.0000000000000000     
  -2.1051116226149646E-003  -0.0000000000000000     
  -6.6569346900620754E-004  -0.0000000000000000     
  -2.1051071812953182E-004  -0.0000000000000000     
  -6.6569333005155249E-005  -0.0000000000000000     
  -2.1051071081573071E-005  -0.0000000000000000     
  -6.6569335471470885E-006  -0.0000000000000000     
 comp:           2
  0.23511327089125181        0.0000000000000000     
   7.2905101146101478E-002   0.0000000000000000     
   2.3010347774120653E-002   0.0000000000000000     
   7.2751152344464852E-003   0.0000000000000000     
   2.3005493176797938E-003   0.0000000000000000     
   7.2749617619029098E-004   0.0000000000000000     
   2.3005444640298629E-004   0.0000000000000000     
   7.2749602433514306E-005   0.0000000000000000     
   2.3005443841017485E-005   0.0000000000000000     
   7.2749605128801669E-006   0.0000000000000000     
 comp:           3
  0.94374303591393172       0.65888391328805751       0.69816029174719862     
  0.99461153482542219       0.69439827932884579       0.69816029174719862     
  0.99946341694280483       0.69778567076344067       0.69816029174719862     
  0.99994636422503225       0.69812284537889902       0.69816029174719862     
  0.99999463664770794       0.69815654726759768       0.69816029174719862     
  0.99999946366702241       0.69815991730081051       0.69816029174719862     
  0.99999994636672496       0.69816025430257567       0.69816029174719862     
  0.99999999463667300       0.69816028800273666       0.69816029174719862     
  0.99999999946366691       0.69816029137275215       0.69816029174719862     
  0.99999999994636624       0.69816029170975369       0.69816029174719862     
 
 part:           7
 comp:           0
  0.99989832472797113        238.50295524469104        238.52720756340634     
  0.99996843643292066        238.51967879389017        238.52720756340634     
  0.99999003443460344        238.52483050492052        238.52720756340634     
  0.99999684887144524        238.52645593351150        238.52720756340634     
  0.99999900351032589        238.52696987350700        238.52720756340634     
  0.99999968487945678        238.52713239858312        238.52720756340634     
  0.99999990034980923        238.52718379412460        238.52720756340634     
  0.99999996848780870        238.52720004689135        238.52720756340634     
  0.99999999003496687        238.52720518647482        238.52720756340634     
  0.99999999684877949        238.52720681175450        238.52720756340634     
 comp:           1
  0.99937653782929980       -148.87552058555343       -148.96839674555414     
  0.99980666693396125       -148.93959622866845       -148.96839674555414     
  0.99993897945288146       -148.95930661248136       -148.96839674555414     
  0.99998070724400989       -148.96552273462549       -148.96839674555414     
  0.99999389920530213       -148.96748791994912       -148.96839674555414     
  0.99999807076236424       -148.96810935011661       -148.96839674555414     
  0.99999938992154369       -148.96830586314462       -148.96839674555414     
  0.99999980707624925       -148.96836800601230       -148.96839674555414     
  0.99999993899215367       -148.96838765731309       -148.96839674555414     
  0.99999998070762408       -148.96839387159983       -148.96839674555414     
 comp:           2
   1.0012810869540607       -79.330113225878392       -79.228614481477862     
   1.0003972598183664       -79.260088826476192       -79.228614481477862     
   1.0001253847154119       -79.238548538757101       -79.228614481477862     
   1.0000396426586382       -79.231755314396125       -79.228614481477862     
   1.0000125358824707       -79.229607682077315       -79.228614481477862     
   1.0000039641878571       -79.228928558589317       -79.228614481477862     
   1.0000012535861644       -79.228713801372805       -79.228614481477862     
   1.0000003964187592       -79.228645889186907       -79.228614481477862     
   1.0000001253586177       -79.228624413467458       -79.228614481477862     
   1.0000000396418778       -79.228617622248919       -79.228614481477862     
 comp:           3
   1.0000000000000000        168.60151887335078        168.60151887335078     
   1.0000000000000000        168.60151887335078        168.60151887335078     
   1.0000000000000000        168.60151887335078        168.60151887335078     
   1.0000000000000000        168.60151887335078        168.60151887335078     
   1.0000000000000000        168.60151887335078        168.60151887335078     
   1.0000000000000000        168.60151887335078        168.60151887335078     
   1.0000000000000000        168.60151887335078        168.60151887335078     
   1.0000000000000000        168.60151887335078        168.60151887335078     
   1.0000000000000000        168.60151887335078        168.60151887335078     
   1.0000000000000000        168.60151887335078        168.60151887335078     
 
 part: i_fks+j_fks
 comp:           0
   1.0001117661030505        277.67735203077234        277.64632058349440     
   1.0000107153125719        277.64929565060390        277.64632058349440     
   1.0000010671250050        277.64661686682564        277.64632058349440     
   1.0000001066686355        277.64635019964857        277.64632058349440     
   1.0000000106664249        277.64632354498804        277.64632058349440     
   1.0000000010666381        277.64632087964253        277.64632058349440     
   1.0000000001066638        277.64632061310920        277.64632058349440     
   1.0000000000106661        277.64632058645583        277.64632058349440     
   1.0000000000010667        277.64632058379055        277.64632058349440     
   1.0000000000001066        277.64632058352402        277.64632058349440     
 comp:           1
 -0.21513978221660707        0.0000000000000000     
  -6.6711621694492740E-002   0.0000000000000000     
  -2.1055558412704237E-002   0.0000000000000000     
  -6.6570751247107696E-003   0.0000000000000000     
  -2.1051116226149646E-003   0.0000000000000000     
  -6.6569346900620754E-004   0.0000000000000000     
  -2.1051071812953182E-004   0.0000000000000000     
  -6.6569333005155249E-005   0.0000000000000000     
  -2.1051071081573071E-005   0.0000000000000000     
  -6.6569335471470885E-006   0.0000000000000000     
 comp:           2
  0.23511327089125181        0.0000000000000000     
   7.2905101146101478E-002   0.0000000000000000     
   2.3010347774120653E-002   0.0000000000000000     
   7.2751152344464852E-003   0.0000000000000000     
   2.3005493176797938E-003   0.0000000000000000     
   7.2749617619029098E-004   0.0000000000000000     
   2.3005444640298629E-004   0.0000000000000000     
   7.2749602433514306E-005   0.0000000000000000     
   2.3005443841017485E-005   0.0000000000000000     
   7.2749605128801669E-006   0.0000000000000000     
 comp:           3
  0.99984874983666971        277.60432653215810        277.64632058349440     
  0.99998551617168108        277.64229920185369        277.64632058349440     
  0.99999855773317659        277.64592014341758        277.64632058349440     
  0.99999985583419571        277.64628055638929        277.64632058349440     
  0.99999998558402803        277.64631658095283        277.64632058349440     
  0.99999999855840882        277.64632018324193        277.64632058349440     
  0.99999999985584098        277.64632054346919        277.64632058349440     
  0.99999999998558387        277.64632057949183        277.64632058349440     
  0.99999999999855849        277.64632058309417        277.64632058349440     
  0.99999999999985589        277.64632058345438        277.64632058349440     
     
 Collinear #          46
 
 part:           1
 comp:           0
  0.99998038963748914        277.66455545786226        277.67000066723375     
  0.99999812865063298        277.66948104965377        277.67000066723375     
  0.99999981371733049        277.66994894212479        277.67000066723375     
  0.99999998138021362        277.66999549707765        277.67000066723375     
  0.99999999813810625        277.67000015024172        277.67000066723375     
  0.99999999981381149        277.67000061553478        277.67000066723375     
  0.99999999998138134        277.67000066206390        277.67000066723375     
  0.99999999999813793        277.67000066671670        277.67000066723375     
  0.99999999999981370        277.67000066718202        277.67000066723375     
  0.99999999999998135        277.67000066722858        277.67000066723375     
 comp:           1
   0.0000000000000000        0.0000000000000000     
   0.0000000000000000        0.0000000000000000     
   0.0000000000000000        0.0000000000000000     
   0.0000000000000000        0.0000000000000000     
   0.0000000000000000        0.0000000000000000     
   0.0000000000000000        0.0000000000000000     
   0.0000000000000000        0.0000000000000000     
   0.0000000000000000        0.0000000000000000     
   0.0000000000000000        0.0000000000000000     
   0.0000000000000000        0.0000000000000000     
 comp:           2
   0.0000000000000000        0.0000000000000000     
   0.0000000000000000        0.0000000000000000     
   0.0000000000000000        0.0000000000000000     
   0.0000000000000000        0.0000000000000000     
   0.0000000000000000        0.0000000000000000     
   0.0000000000000000        0.0000000000000000     
   0.0000000000000000        0.0000000000000000     
   0.0000000000000000        0.0000000000000000     
   0.0000000000000000        0.0000000000000000     
   0.0000000000000000        0.0000000000000000     
 comp:           3
  0.99998038963748914        277.66455545786226        277.67000066723375     
  0.99999812865063298        277.66948104965377        277.67000066723375     
  0.99999981371733049        277.66994894212479        277.67000066723375     
  0.99999998138021362        277.66999549707765        277.67000066723375     
  0.99999999813810625        277.67000015024172        277.67000066723375     
  0.99999999981381149        277.67000061553478        277.67000066723375     
  0.99999999998138134        277.67000066206390        277.67000066723375     
  0.99999999999813793        277.67000066671670        277.67000066723375     
  0.99999999999981370        277.67000066718202        277.67000066723375     
  0.99999999999998135        277.67000066722858        277.67000066723375     
 
 part:           2
 comp:           0
   1.0002688529444486        276.32427062590392        276.25000000000000     
   1.0000257554014449        276.25711492964916        276.25000000000000     
   1.0000025647576547        276.25070851430212        276.25000000000000     
   1.0000002563684336        276.25007082177979        276.25000000000000     
   1.0000000256357706        276.25000708188162        276.25000000000000     
   1.0000000025635662        276.25000070818515        276.25000000000000     
   1.0000000002563565        276.25000007081849        276.25000000000000     
   1.0000000000256355        276.25000000708178        276.25000000000000     
   1.0000000000025635        276.25000000070816        276.25000000000000     
   1.0000000000002562        276.25000000007077        276.25000000000000     
 comp:           1
   0.0000000000000000        0.0000000000000000     
   0.0000000000000000        0.0000000000000000     
   0.0000000000000000        0.0000000000000000     
   0.0000000000000000        0.0000000000000000     
   0.0000000000000000        0.0000000000000000     
   0.0000000000000000        0.0000000000000000     
   0.0000000000000000        0.0000000000000000     
   0.0000000000000000        0.0000000000000000     
   0.0000000000000000        0.0000000000000000     
   0.0000000000000000        0.0000000000000000     
 comp:           2
   0.0000000000000000        0.0000000000000000     
   0.0000000000000000        0.0000000000000000     
   0.0000000000000000        0.0000000000000000     
   0.0000000000000000        0.0000000000000000     
   0.0000000000000000        0.0000000000000000     
   0.0000000000000000        0.0000000000000000     
   0.0000000000000000        0.0000000000000000     
   0.0000000000000000        0.0000000000000000     
   0.0000000000000000        0.0000000000000000     
   0.0000000000000000        0.0000000000000000     
 comp:           3
   1.0002688529444486       -276.32427062590392       -276.25000000000000     
   1.0000257554014449       -276.25711492964916       -276.25000000000000     
   1.0000025647576547       -276.25070851430212       -276.25000000000000     
   1.0000002563684336       -276.25007082177979       -276.25000000000000     
   1.0000000256357706       -276.25000708188162       -276.25000000000000     
   1.0000000025635662       -276.25000070818515       -276.25000000000000     
   1.0000000002563565       -276.25000007081849       -276.25000000000000     
   1.0000000000256355       -276.25000000708178       -276.25000000000000     
   1.0000000000025635       -276.25000000070816       -276.25000000000000     
   1.0000000000002562       -276.25000000007077       -276.25000000000000     
 
 part:           3
 comp:           0
  0.99975840631137869        175.48306950277393        175.52547534981070     
  0.99992494285139544        175.51230090812348        175.52547534981070     
  0.99997629629502638        175.52131474572766        175.52547534981070     
  0.99999250425062769        175.52415965483902        175.52547534981070     
  0.99999762953940319        175.52505927358766        175.52547534981070     
  0.99999925038177229        175.52534377271496        175.52547534981070     
  0.99999976294852722        175.52543374123826        175.52547534981070     
  0.99999992503760149        175.52546219200008        175.52547534981070     
  0.99999997629479453        175.52547118894324        175.52547534981070     
  0.99999999250375393        175.52547403402855        175.52547534981070     
 comp:           1
  0.99950610331151080        77.386277313100038        77.424517025666887     
  0.99984684601039020        77.412659151990795        77.424517025666887     
  0.99995166047586082        77.420774361357161        77.424517025666887     
  0.99998471651660215        77.423333709346338        77.424517025666887     
  0.99999516701875202        77.424142834427968        77.424517025666887     
  0.99999847167883738        77.424398696139008        77.424517025666887     
  0.99999951670238230        77.424479606582253        77.424517025666887     
  0.99999984716786416        77.424505192712587        77.424517025666887     
  0.99999995167023481        77.424513283758159        77.424517025666887     
  0.99999998471678542        77.424515842371378        77.424517025666887     
 comp:           2
  0.99093290871602790       -22.082820056410558       -22.284879089366122     
  0.99718835692430952       -22.222221963381905       -22.284879089366122     
  0.99911256971709250       -22.265102812811286       -22.284879089366122     
  0.99971942160711824       -22.278626433805663       -22.284879089366122     
  0.99991127480064079       -22.282901859026222       -22.284879089366122     
  0.99997194265963718       -22.284253834928567       -22.284879089366122     
  0.99999112748937169       -22.284681366539552       -22.284879089366122     
  0.99999719426560463       -22.284816563914365       -22.284879089366122     
  0.99999911274887343       -22.284859317082045       -22.284879089366122     
  0.99999971942654065       -22.284872836820504       -22.284879089366122     
 comp:           3
   1.0000000000000000       -155.93223879330264       -155.93223879330264     
   1.0000000000000000       -155.93223879330264       -155.93223879330264     
   1.0000000000000000       -155.93223879330264       -155.93223879330264     
   1.0000000000000000       -155.93223879330264       -155.93223879330264     
   1.0000000000000000       -155.93223879330264       -155.93223879330264     
   1.0000000000000000       -155.93223879330264       -155.93223879330264     
   1.0000000000000000       -155.93223879330264       -155.93223879330264     
   1.0000000000000000       -155.93223879330264       -155.93223879330264     
   1.0000000000000000       -155.93223879330264       -155.93223879330264     
   1.0000000000000000       -155.93223879330264       -155.93223879330264     
 
 part:           4
 comp:           0
  0.99923481676435155        27.964795056346862        27.986209634788747     
  0.99976259487960539        27.979565565321010        27.986209634788747     
  0.99992505621973149        27.984112242443327        27.986209634788747     
  0.99997630383274516        27.985546468884412        27.986209634788747     
  0.99999250661597472        27.985999923372542        27.986209634788747     
  0.99999763037425660        27.986143317945935        27.986209634788747     
  0.99999925065726825        27.986188663525969        27.986209634788747     
  0.99999976303688376        27.986203003089301        27.986209634788747     
  0.99999992506567037        27.986207537660889        27.986209634788747     
  0.99999997630368165        27.986208971618613        27.986209634788747     
 comp:           1
   1.0005066393993349       -12.037209923804101       -12.031114487186983     
   1.0001571338056332       -12.033004981992363       -12.031114487186983     
   1.0000495984168623       -12.031711211418635       -12.031114487186983     
   1.0000156817816352       -12.031303156497199       -12.031114487186983     
   1.0000049589595768       -12.031174148997389       -12.031114487186983     
   1.0000015681617103       -12.031133353920055       -12.031114487186983     
   1.0000004958965807       -12.031120453375518       -12.031114487186983     
   1.0000001568163055       -12.031116373861908       -12.031114487186983     
   1.0000000495896730       -12.031115083806016       -12.031114487186983     
   1.0000000156816327       -12.031114675854502       -12.031114487186983     
 comp:           2
  0.99845847549783795       -20.861620769153436       -20.893829118683875     
  0.99952189740509823       -20.883839724764798       -20.893829118683875     
  0.99984908955963203       -20.890676021730602       -20.893829118683875     
  0.99995228588487239       -20.892832188115850       -20.893829118683875     
  0.99998491163991021       -20.893513865066478       -20.893829118683875     
  0.99999522863854817       -20.893729426673037       -20.893829118683875     
  0.99999849116209549       -20.893797593282532       -20.893829118683875     
  0.99999952286344584       -20.893819149474247       -20.893829118683875     
  0.99999984911616402       -20.893825966142789       -20.893829118683875     
  0.99999995228633776       -20.893828121762770       -20.893829118683875     
 comp:           3
   1.0000000000000000       -14.210141402455484       -14.210141402455484     
   1.0000000000000000       -14.210141402455484       -14.210141402455484     
   1.0000000000000000       -14.210141402455484       -14.210141402455484     
   1.0000000000000000       -14.210141402455484       -14.210141402455484     
   1.0000000000000000       -14.210141402455484       -14.210141402455484     
   1.0000000000000000       -14.210141402455484       -14.210141402455484     
   1.0000000000000000       -14.210141402455484       -14.210141402455484     
   1.0000000000000000       -14.210141402455484       -14.210141402455484     
   1.0000000000000000       -14.210141402455484       -14.210141402455484     
   1.0000000000000000       -14.210141402455484       -14.210141402455484     
 
 part:           5
 comp:           0
   1.0007453331849201        208.55446261124857        208.39913581961352     
   1.0002309565545606        208.44726696599585        208.39913581961352     
   1.0000728799789405        208.41432394424328        208.39913581961352     
   1.0000230408185589        208.40393750628976        208.39913581961352     
   1.0000072858643456        208.40065418744683        208.39913581961352     
   1.0000023039739643        208.39961596579661        208.39913581961352     
   1.0000007285789785        208.39928765484299        208.39913581961352     
   1.0000002303967568        208.39918383409852        208.39913581961352     
   1.0000000728578364        208.39915100312365        208.39913581961352     
   1.0000000230396706        208.39914062106098        208.39913581961352     
 comp:           1
   1.0003197320049333       -142.11416941730471       -142.06874549247004     
   1.0000991129670076       -142.08282634735485       -142.06874549247004     
   1.0000312794464448       -142.07318932418616       -142.06874549247004     
   1.0000098892805063       -142.07015045014538       -142.06874549247004     
   1.0000031271803045       -142.06918976705282       -142.06874549247004     
   1.0000009888968766       -142.06888598380871       -142.06874549247004     
   1.0000003127163435       -142.06878991968867       -142.06874549247004     
   1.0000000988895645       -142.06875954158642       -142.06874549247004     
   1.0000000312716228       -142.06874993519028       -142.06874549247004     
   1.0000000098889557       -142.06874689738157       -142.06874549247004     
 comp:           2
   1.0022244144253489        108.14279320638913        107.90277272221068     
   1.0006895409597691        107.97717610367532        107.90277272221068     
   1.0002176149112862        107.92625397452417        107.90277272221068     
   1.0000688009266347        107.91019653296043        107.90277272221068     
   1.0000217561735218        107.90512027365752        107.90277272221068     
   1.0000068798757813        107.90351507988346        107.90277272221068     
   1.0000021756056163        107.90300747608903        107.90277272221068     
   1.0000006879867209        107.90284695788546        107.90277272221068     
   1.0000002175604830        107.90279619759002        107.90277272221068     
   1.0000000687986674        107.90278014577767        107.90277272221068     
 comp:           3
   1.0000000000000000        71.669010381376893        71.669010381376893     
   1.0000000000000000        71.669010381376893        71.669010381376893     
   1.0000000000000000        71.669010381376893        71.669010381376893     
   1.0000000000000000        71.669010381376893        71.669010381376893     
   1.0000000000000000        71.669010381376893        71.669010381376893     
   1.0000000000000000        71.669010381376893        71.669010381376893     
   1.0000000000000000        71.669010381376893        71.669010381376893     
   1.0000000000000000        71.669010381376893        71.669010381376893     
   1.0000000000000000        71.669010381376893        71.669010381376893     
   1.0000000000000000        71.669010381376893        71.669010381376893     
 
 part:           6
 comp:           0
   1.0482014781929794        1.4884467984294483        1.4200006672337639     
   1.0046189041117883        1.4265595141543921        1.4200006672337639     
   1.0004599692969842        1.4206538239423887        1.4200006672337639     
   1.0000459778057353        1.4200659557485862        1.4200006672337639     
   1.0000045975894218        1.4200071958138107        1.4200006672337639     
   1.0000004597570302        1.4200013200890538        1.4200006672337639     
   1.0000000459756841        1.4200007325192661        1.4200006672337639     
   1.0000000045975685        1.4200006737623143        1.4200006672337639     
   1.0000000004597565        1.4200006678866184        1.4200006672337639     
   1.0000000000459752        1.4200006672990488        1.4200006672337639     
 comp:           1
  0.12038139102249898        0.0000000000000000     
   3.7326327052793574E-002   0.0000000000000000     
   1.1780891301446951E-002   0.0000000000000000     
   3.7247283696013973E-003   0.0000000000000000     
   1.1778398784158613E-003   0.0000000000000000     
   3.7246495715910613E-004   0.0000000000000000     
   1.1778373863883741E-004   0.0000000000000000     
   3.7246487918918832E-005   0.0000000000000000     
   1.1778373453961577E-005   0.0000000000000000     
   3.7246489298634669E-006   0.0000000000000000     
 comp:           2
 -0.63609650342757185       -0.0000000000000000     
 -0.19723269454195330       -0.0000000000000000     
  -6.2250350327901868E-002  -0.0000000000000000     
  -1.9681502863495869E-002  -0.0000000000000000     
  -6.2237179841015348E-003  -0.0000000000000000     
  -1.9681086494001991E-003  -0.0000000000000000     
  -6.2237048162027612E-004  -0.0000000000000000     
  -1.9681082374063550E-004  -0.0000000000000000     
  -6.2237045995994699E-005  -0.0000000000000000     
  -1.9681083103106814E-005  -0.0000000000000000     
 comp:           3
  0.94386211421243849        1.3402848319583338        1.4200006672337639     
  0.99462356081562708        1.4123661200046127        1.4200006672337639     
  0.99946462038461137        1.4192404278226887        1.4200006672337639     
  0.99994648457733115        1.4199246752978669        1.4200006672337639     
  0.99999464868301935        1.4199930683600808        1.4200006672337639     
  0.99999946487055424        1.4199999073495939        1.4200006672337639     
  0.99999994648707835        1.4200005912453795        1.4200006672337639     
  0.99999999464870826        1.4200006596349262        1.4200006672337639     
  0.99999999946487039        1.4200006664738796        1.4200006672337639     
  0.99999999994648692        1.4200006671577754        1.4200006672337639     
 
 part:           7
 comp:           0
  0.99935182009496859        140.49805211496746        140.58917919578704     
  0.99979887378075250        140.56090302570828        140.58917919578704     
  0.99993650652370447        140.58025270007036        140.58917919578704     
  0.99997992404033020        140.58635673309550        140.58917919578704     
  0.99999365140411467        140.58828665190248        140.58917919578704     
  0.99999799238735643        140.58889694717334        140.58917919578704     
  0.99999936513583998        140.58908994075588        140.58917919578704     
  0.99999979923818627        140.58915097084844        140.58917919578704     
  0.99999993651352714        140.58917027027593        140.58917919578704     
  0.99999997992381195        140.58917637329225        140.58917919578704     
 comp:           1
  0.99960062367086877        76.644720636986293        76.675342953990139     
  0.99987613875177306        76.665845850303626        76.675342953990139     
  0.99996090436731722        76.672345282946182        76.675342953990139     
  0.99998763898501153        76.674395168926637        76.675342953990139     
  0.99999609115219090        76.675043241743822        76.675342953990139     
  0.99999876391348386        76.675248176632593        76.675342953990139     
  0.99999960911492936        76.675312982743293        76.675342953990139     
  0.99999987639126253        76.675333476247800        76.675342953990139     
  0.99999996091148313        76.675339956864704        76.675342953990139     
  0.99999998763912468        76.675342006215786        76.675342953990139     
 comp:           2
  0.99750002355418010       -64.562255877397561       -64.724064514160688     
  0.99922466560852263       -64.673881720986657       -64.724064514160688     
  0.99975527302518463       -64.708224789654381       -64.724064514160688     
  0.99992262374090901       -64.719056408175419       -64.724064514160688     
  0.99997553178107945       -64.722480831580725       -64.724064514160688     
  0.99999226246787820       -64.723563709632458       -64.724064514160688     
  0.99999755317629457       -64.723906145785321       -64.724064514160688     
  0.99999922624625082       -64.724014433673105       -64.724064514160688     
  0.99999975531756824       -64.724048677319189       -64.724064514160688     
  0.99999992262461512       -64.724059506111288       -64.724064514160688     
 comp:           3
   1.0000000000000000        98.473369814381186        98.473369814381186     
   1.0000000000000000        98.473369814381186        98.473369814381186     
   1.0000000000000000        98.473369814381186        98.473369814381186     
   1.0000000000000000        98.473369814381186        98.473369814381186     
   1.0000000000000000        98.473369814381186        98.473369814381186     
   1.0000000000000000        98.473369814381186        98.473369814381186     
   1.0000000000000000        98.473369814381186        98.473369814381186     
   1.0000000000000000        98.473369814381186        98.473369814381186     
   1.0000000000000000        98.473369814381186        98.473369814381186     
   1.0000000000000000        98.473369814381186        98.473369814381186     
 
 part: i_fks+j_fks
 comp:           0
   1.0002257369361960        279.15300225629170        279.09000133446750     
   1.0000216390028729        279.09604056380817        279.09000133446750     
   1.0000021549736531        279.09060276606721        279.09000133446750     
   1.0000002154085008        279.09006145282626        279.09000133446750     
   1.0000000215399620        279.09000734605553        279.09000133446750     
   1.0000000021539874        279.09000193562383        279.09000133446750     
   1.0000000002153988        279.09000139458317        279.09000133446750     
   1.0000000000215397        279.09000134047903        279.09000133446750     
   1.0000000000021538        279.09000133506862        279.09000133446750     
   1.0000000000002154        279.09000133452764        279.09000133446750     
 comp:           1
  0.12038139102249898        0.0000000000000000     
   3.7326327052793574E-002   0.0000000000000000     
   1.1780891301446951E-002   0.0000000000000000     
   3.7247283696013973E-003   0.0000000000000000     
   1.1778398784158613E-003   0.0000000000000000     
   3.7246495715910613E-004   0.0000000000000000     
   1.1778373863883741E-004   0.0000000000000000     
   3.7246487918918832E-005   0.0000000000000000     
   1.1778373453961577E-005   0.0000000000000000     
   3.7246489298634669E-006   0.0000000000000000     
 comp:           2
 -0.63609650342757185        0.0000000000000000     
 -0.19723269454195330        0.0000000000000000     
  -6.2250350327901868E-002   0.0000000000000000     
  -1.9681502863495869E-002   0.0000000000000000     
  -6.2237179841015348E-003   0.0000000000000000     
  -1.9681086494001991E-003   0.0000000000000000     
  -6.2237048162027612E-004   0.0000000000000000     
  -1.9681082374063550E-004   0.0000000000000000     
  -6.2237045995994699E-005   0.0000000000000000     
  -1.9681083103106814E-005   0.0000000000000000     
 comp:           3
  0.99969486171400013        279.00484028982061        279.09000133446750     
  0.99997078302780418        279.08184716965837        279.09000133446750     
  0.99999709067141007        279.08918936994746        279.09000133446750     
  0.99999970919025549        279.08992017237551        279.09000133446750     
  0.99999997092025639        279.08999321860182        279.09000133446750     
  0.99999999709203802        279.09000052288440        279.09000133446750     
  0.99999999970920406        279.09000125330925        279.09000133446750     
  0.99999999997092026        279.09000132635163        279.09000133446750     
  0.99999999999709199        279.09000133365589        279.09000133446750     
  0.99999999999970912        279.09000133438633        279.09000133446750     
     
 Collinear #          49
 
 part:           1
 comp:           0
  0.99999995566047395        276.25308998587258        276.25310223480420     
  0.99999999576783660        276.25310106565593        276.25310223480420     
  0.99999999957870189        276.25310211841929        276.25310223480420     
  0.99999999995788924        276.25310222317097        276.25310223480420     
  0.99999999999578926        276.25310223364096        276.25310223480420     
  0.99999999999957900        276.25310223468790        276.25310223480420     
  0.99999999999995803        276.25310223479261        276.25310223480420     
  0.99999999999999589        276.25310223480307        276.25310223480420     
  0.99999999999999956        276.25310223480409        276.25310223480420     
   1.0000000000000000        276.25310223480420        276.25310223480420     
 comp:           1
   0.0000000000000000        0.0000000000000000     
   0.0000000000000000        0.0000000000000000     
   0.0000000000000000        0.0000000000000000     
   0.0000000000000000        0.0000000000000000     
   0.0000000000000000        0.0000000000000000     
   0.0000000000000000        0.0000000000000000     
   0.0000000000000000        0.0000000000000000     
   0.0000000000000000        0.0000000000000000     
   0.0000000000000000        0.0000000000000000     
   0.0000000000000000        0.0000000000000000     
 comp:           2
   0.0000000000000000        0.0000000000000000     
   0.0000000000000000        0.0000000000000000     
   0.0000000000000000        0.0000000000000000     
   0.0000000000000000        0.0000000000000000     
   0.0000000000000000        0.0000000000000000     
   0.0000000000000000        0.0000000000000000     
   0.0000000000000000        0.0000000000000000     
   0.0000000000000000        0.0000000000000000     
   0.0000000000000000        0.0000000000000000     
   0.0000000000000000        0.0000000000000000     
 comp:           3
  0.99999995566047395        276.25308998587258        276.25310223480420     
  0.99999999576783660        276.25310106565593        276.25310223480420     
  0.99999999957870189        276.25310211841929        276.25310223480420     
  0.99999999995788924        276.25310222317097        276.25310223480420     
  0.99999999999578926        276.25310223364096        276.25310223480420     
  0.99999999999957900        276.25310223468790        276.25310223480420     
  0.99999999999995803        276.25310223479261        276.25310223480420     
  0.99999999999999589        276.25310223480307        276.25310223480420     
  0.99999999999999956        276.25310223480409        276.25310223480420     
   1.0000000000000000        276.25310223480420        276.25310223480420     
 
 part:           2
 comp:           0
   1.0000005887057877        276.25016262997377        276.24999999999994     
   1.0000000564096199        276.25001558315745        276.24999999999994     
   1.0000000056174714        276.25000155182641        276.24999999999994     
   1.0000000005615133        276.25000015511802        276.24999999999994     
   1.0000000000561491        276.25000001551115        276.24999999999994     
   1.0000000000056151        276.25000000155109        276.24999999999994     
   1.0000000000005616        276.25000000015507        276.24999999999994     
   1.0000000000000564        276.25000000001552        276.24999999999994     
   1.0000000000000058        276.25000000000153        276.24999999999994     
   1.0000000000000007        276.25000000000011        276.24999999999994     
 comp:           1
   0.0000000000000000        0.0000000000000000     
   0.0000000000000000        0.0000000000000000     
   0.0000000000000000        0.0000000000000000     
   0.0000000000000000        0.0000000000000000     
   0.0000000000000000        0.0000000000000000     
   0.0000000000000000        0.0000000000000000     
   0.0000000000000000        0.0000000000000000     
   0.0000000000000000        0.0000000000000000     
   0.0000000000000000        0.0000000000000000     
   0.0000000000000000        0.0000000000000000     
 comp:           2
   0.0000000000000000        0.0000000000000000     
   0.0000000000000000        0.0000000000000000     
   0.0000000000000000        0.0000000000000000     
   0.0000000000000000        0.0000000000000000     
   0.0000000000000000        0.0000000000000000     
   0.0000000000000000        0.0000000000000000     
   0.0000000000000000        0.0000000000000000     
   0.0000000000000000        0.0000000000000000     
   0.0000000000000000        0.0000000000000000     
   0.0000000000000000        0.0000000000000000     
 comp:           3
   1.0000005887057877       -276.25016262997377       -276.24999999999994     
   1.0000000564096199       -276.25001558315745       -276.24999999999994     
   1.0000000056174714       -276.25000155182641       -276.24999999999994     
   1.0000000005615133       -276.25000015511802       -276.24999999999994     
   1.0000000000561491       -276.25000001551115       -276.24999999999994     
   1.0000000000056151       -276.25000000155109       -276.24999999999994     
   1.0000000000005616       -276.25000000015507       -276.24999999999994     
   1.0000000000000564       -276.25000000001552       -276.24999999999994     
   1.0000000000000058       -276.25000000000153       -276.24999999999994     
   1.0000000000000007       -276.25000000000011       -276.24999999999994     
 
 part:           3
 comp:           0
  0.99999998163233716        33.089894174028707        33.089894781812738     
  0.99999999430344477        33.089894593314327        33.089894781812738     
  0.99999999820197227        33.089894722316188        33.089894781812738     
  0.99999999943151552        33.089894763001645        33.089894781812738     
  0.99999999982023235        33.089894775864245        33.089894781812738     
  0.99999999994315270        33.089894779931669        33.089894781812738     
  0.99999999998202316        33.089894781217886        33.089894781812738     
  0.99999999999431521        33.089894781624629        33.089894781812738     
  0.99999999999820233        33.089894781753252        33.089894781812738     
  0.99999999999943157        33.089894781793930        33.089894781812738     
 comp:           1
   1.0000104630136180       -7.7354040721111357       -7.7353231373198099     
   1.0000032446026181       -7.7353482353695133       -7.7353231373198099     
   1.0000010240686392       -7.7353310588216493       -7.7353231373198099     
   1.0000003237769954       -7.7353256418394940       -7.7353231373198099     
   1.0000001023853178       -7.7353239293033269       -7.7353231373198099     
   1.0000000323770184       -7.7353233877665097       -7.7353231373198099     
   1.0000000102385103       -7.7353232165179948       -7.7353231373198099     
   1.0000000032377012       -7.7353231623644749       -7.7353231373198099     
   1.0000000010238510       -7.7353231452396285       -7.7353231373198099     
   1.0000000003237701       -7.7353231398242768       -7.7353231373198099     
 comp:           2
  0.99999897914139835       -25.158850077991282       -25.158875761646012     
  0.99999968342959189       -25.158867797090444       -25.158875761646012     
  0.99999990008334916       -25.158873247855407       -25.158875761646012     
  0.99999996840962435       -25.158874966867675       -25.158875761646012     
  0.99999999001043716       -25.158875510319842       -25.158875761646012     
  0.99999999684102880       -25.158875682169850       -25.158875761646012     
  0.99999999900104586       -25.158875736513448       -25.158875761646012     
  0.99999999968410291       -25.158875753698396       -25.158875761646012     
  0.99999999990010457       -25.158875759132755       -25.158875761646012     
  0.99999999996841038       -25.158875760851252       -25.158875761646012     
 comp:           3
   1.0000000000000000       -19.974462547031042       -19.974462547031042     
   1.0000000000000000       -19.974462547031042       -19.974462547031042     
   1.0000000000000000       -19.974462547031042       -19.974462547031042     
   1.0000000000000000       -19.974462547031042       -19.974462547031042     
   1.0000000000000000       -19.974462547031042       -19.974462547031042     
   1.0000000000000000       -19.974462547031042       -19.974462547031042     
   1.0000000000000000       -19.974462547031042       -19.974462547031042     
   1.0000000000000000       -19.974462547031042       -19.974462547031042     
   1.0000000000000000       -19.974462547031042       -19.974462547031042     
   1.0000000000000000       -19.974462547031042       -19.974462547031042     
 
 part:           4
 comp:           0
  0.99999784914284784        161.94097792126885        161.94132623392861     
  0.99999933301395483        161.94121822132388        161.94132623392861     
  0.99999978948432444        161.94129214274091        161.94132623392861     
  0.99999993344182481        161.94131545540944        161.94132623392861     
  0.99999997895285908        161.94132282552670        161.94132623392861     
  0.99999999334432232        161.94132515609934        161.94132623392861     
  0.99999999789529037        161.94132589308913        161.94132623392861     
  0.99999999933443229        161.94132612614570        161.94132623392861     
  0.99999999978952914        161.94132619984467        161.94132623392861     
  0.99999999993344335        161.94132622315033        161.94132623392861     
 comp:           1
  0.99999673771087794        121.41524734069549        121.41564343362830     
  0.99999898835651002        121.41552060428305        121.41564343362830     
  0.99999968070277678        121.41560466595050        121.41564343362830     
  0.99999989904865838        121.41563117655620        121.41564343362830     
  0.99999996807699265        121.41563955767583        121.41564343362830     
  0.99999998990507821        121.41564220794687        121.41564343362830     
  0.99999999680770590        121.41564304603386        121.41564343362830     
  0.99999999899050795        121.41564331106018        121.41564343362830     
  0.99999999968077069        121.41564339486887        121.41564343362830     
  0.99999999989905075        121.41564342137148        121.41564343362830     
 comp:           2
  0.99999809976011222       -66.146886962917392       -66.147012658109304     
  0.99999941073116461       -66.146973679736192       -66.147012658109304     
  0.99999981401362747       -66.147000355666364       -66.147012658109304     
  0.99999994119719038       -66.147008768479111       -66.147012658109304     
  0.99999998140527424       -66.147011428123747       -66.147012658109304     
  0.99999999411984264       -66.147012269154459       -66.147012658109304     
  0.99999999814053131       -66.147012535111003       -66.147012658109304     
  0.99999999941198436       -66.147012619213825       -66.147012658109304     
  0.99999999981405308       -66.147012645809468       -66.147012658109304     
  0.99999999994119837       -66.147012654219751       -66.147012658109304     
 comp:           3
   1.0000000000000000       -84.307813329546519       -84.307813329546519     
   1.0000000000000000       -84.307813329546519       -84.307813329546519     
   1.0000000000000000       -84.307813329546519       -84.307813329546519     
   1.0000000000000000       -84.307813329546519       -84.307813329546519     
   1.0000000000000000       -84.307813329546519       -84.307813329546519     
   1.0000000000000000       -84.307813329546519       -84.307813329546519     
   1.0000000000000000       -84.307813329546519       -84.307813329546519     
   1.0000000000000000       -84.307813329546519       -84.307813329546519     
   1.0000000000000000       -84.307813329546519       -84.307813329546519     
   1.0000000000000000       -84.307813329546519       -84.307813329546519     
 
 part:           5
 comp:           0
   1.0000013870833553        238.40048396173478        238.40015328085025     
   1.0000004301367706        238.40025582552229        238.40015328085025     
   1.0000001357606481        238.40018564620956        238.40015328085025     
   1.0000000429230678        238.40016351371619        238.40015328085025     
   1.0000000135732057        238.40015651670458        238.40015328085025     
   1.0000000042922164        238.40015430411529        238.40015328085025     
   1.0000000013573176        238.40015360443499        238.40015328085025     
   1.0000000004292215        238.40015338317673        238.40015328085025     
   1.0000000001357319        238.40015331320873        238.40015328085025     
   1.0000000000429221        238.40015329108289        238.40015328085025     
 comp:           1
   1.0000043273371402       -134.74971267416578       -134.74912956925280     
   1.0000013419157348       -134.74931039123001       -134.74912956925280     
   1.0000004235383426       -134.74918664067582       -134.74912956925280     
   1.0000001339089590       -134.74914761336848       -134.74912956925280     
   1.0000000423449207       -134.74913527519399       -134.74912956925280     
   1.0000000133906142       -134.74913137362640       -134.74912956925280     
   1.0000000042344830       -134.74913013984570       -134.74912956925280     
   1.0000000013390611       -134.74912974969013       -134.74912956925280     
   1.0000000004234482       -134.74912962631208       -134.74912956925280     
   1.0000000001339060       -134.74912958729652       -134.74912956925280     
 comp:           2
   1.0001310070612157        1.4126366177617606        1.4124515766315966     
   1.0000406255466412        1.4125089582490014        1.4124515766315966     
   1.0000128223227789        1.4124696875416218        1.4124515766315966     
   1.0000040539987149        1.4124573027084733        1.4124515766315966     
   1.0000012819624235        1.4124533873414429        1.4124515766315966     
   1.0000004053913403        1.4124521492272344        1.4124515766315966     
   1.0000001281959714        1.4124517577021984        1.4124515766315966     
   1.0000000405391249        1.4124516338911475        1.4124515766315966     
   1.0000000128195967        1.4124515947386562        1.4124515766315966     
   1.0000000040539125        1.4124515823575519        1.4124515766315966     
 comp:           3
   1.0000000000000000        179.46613661310795        179.46613661310795     
   1.0000000000000000        179.46613661310795        179.46613661310795     
   1.0000000000000000        179.46613661310795        179.46613661310795     
   1.0000000000000000        179.46613661310795        179.46613661310795     
   1.0000000000000000        179.46613661310795        179.46613661310795     
   1.0000000000000000        179.46613661310795        179.46613661310795     
   1.0000000000000000        179.46613661310795        179.46613661310795     
   1.0000000000000000        179.46613661310795        179.46613661310795     
   1.0000000000000000        179.46613661310795        179.46613661310795     
   1.0000000000000000        179.46613661310795        179.46613661310795     
 
 part:           6
 comp:           0
   1.0484744812903373        3.2526140272214135E-003   3.1022348042448154E-003
   1.0046462744251641        3.1166486384766319E-003   3.1022348042448154E-003
   1.0004627064368024        3.1036702282572120E-003   3.1022348042448154E-003
   1.0000462515202635        3.1023782873207261E-003   3.1022348042448154E-003
   1.0000046249608794        3.1022491519594238E-003   3.1022348042448154E-003
   1.0000004624941763        3.1022362390103462E-003   3.1022348042448154E-003
   1.0000000462493988        3.1022349477213100E-003   3.1022348042448154E-003
   1.0000000046249402        3.1022348185924661E-003   3.1022348042448154E-003
   1.0000000004624936        3.1022348056795792E-003   3.1022348042448154E-003
   1.0000000000462492        3.1022348043882914E-003   3.1022348042448154E-003
 comp:           1
   1.3513633969797041E-003   0.0000000000000000     
   4.1906064048143830E-004   0.0000000000000000     
   1.3226484396035607E-004   0.0000000000000000     
   4.1817815830460564E-005   0.0000000000000000     
   1.3223701565318501E-005   0.0000000000000000     
   4.1816936069554828E-006   0.0000000000000000     
   1.3223673742405739E-006   0.0000000000000000     
   4.1816927364913074E-007   0.0000000000000000     
   1.3223673283735642E-007   0.0000000000000000     
   4.1816928914422008E-008   0.0000000000000000     
 comp:           2
  -4.2883845544553054E-004  -0.0000000000000000     
  -1.3298370978799998E-004  -0.0000000000000000     
  -4.1972611897342275E-005  -0.0000000000000000     
  -1.3270366498693688E-005  -0.0000000000000000     
  -4.1963780928343434E-006  -0.0000000000000000     
  -1.3270087317454341E-006  -0.0000000000000000     
  -4.1963692635771936E-007  -0.0000000000000000     
  -1.3270084555143972E-007  -0.0000000000000000     
  -4.1963691180239124E-008  -0.0000000000000000     
  -1.3270085046861461E-008  -0.0000000000000000     
 comp:           3
  0.94362808864148107        2.9273558988466143E-003   3.1022348042448154E-003
  0.99459992332923641        3.0854824984511823E-003   3.1022348042448154E-003
  0.99946225495358887        3.1005665928460287E-003   3.1022348042448154E-003
  0.99994624801801535        3.1020680529755054E-003   3.1022348042448154E-003
  0.99999462502692615        3.1022181298162740E-003   3.1022348042448154E-003
  0.99999946250494343        3.1022331368089438E-003   3.1022348042448154E-003
  0.99999994625051714        3.1022346375012989E-003   3.1022348042448154E-003
  0.99999999462505229        3.1022347875704656E-003   3.1022348042448154E-003
  0.99999999946250495        3.1022348025773797E-003   3.1022348042448154E-003
  0.99999999994625033        3.1022348040780712E-003   3.1022348042448154E-003
 
 part:           7
 comp:           0
   1.0000001532005451        119.06864394478676        119.06862570340840     
   1.0000000475071078        119.06863136001445        119.06862570340840     
   1.0000000149942299        119.06862748875074        119.06862570340840     
   1.0000000047406779        119.06862626787441        119.06862570340840     
   1.0000000014991048        119.06862588190475        119.06862570340840     
   1.0000000004740577        119.06862575985380        119.06862570340840     
   1.0000000001499101        119.06862572125799        119.06862570340840     
   1.0000000000474059        119.06862570905294        119.06862570340840     
   1.0000000000149909        119.06862570519336        119.06862570340840     
   1.0000000000047407        119.06862570397286        119.06862570340840     
 comp:           1
  0.99998617716093507        21.068518042184458        21.068809272944328     
  0.99999571350866934        21.068718961676034        21.068809272944328     
  0.99999864708817043        21.068780768703029        21.068809272944328     
  0.99999957225355018        21.068800260835960        21.068809272944328     
  0.99999986473728297        21.068806423119941        21.068809272944328     
  0.99999995722625501        21.068808371752453        21.068809272944328     
  0.99999998647375687        21.068808987962491        21.068809272944328     
  0.99999999572262643        21.068809182825159        21.068809272944328     
  0.99999999864737577        21.068809244446147        21.068809272944328     
  0.99999999957226271        21.068809263932412        21.068809272944328     
 comp:           2
   1.0000010280892786        89.893529261602367        89.893436843123723     
   1.0000003188126374        89.893465502287413        89.893436843123723     
   1.0000001006243464        89.893445888592055        89.893436843123723     
   1.0000000318141256        89.893439703004816        89.893436843123723     
   1.0000000100603175        89.893437747480235        89.893436843123723     
   1.0000000031813456        89.893437129105820        89.893436843123723     
   1.0000000010060297        89.893436933559187        89.893436843123723     
   1.0000000003181346        89.893436871721931        89.893436843123723     
   1.0000000001006029        89.893436852167270        89.893436843123723     
   1.0000000000318134        89.893436845983544        89.893436843123723     
 comp:           3
   1.0000000000000000       -75.183860736530363       -75.183860736530363     
   1.0000000000000000       -75.183860736530363       -75.183860736530363     
   1.0000000000000000       -75.183860736530363       -75.183860736530363     
   1.0000000000000000       -75.183860736530363       -75.183860736530363     
   1.0000000000000000       -75.183860736530363       -75.183860736530363     
   1.0000000000000000       -75.183860736530363       -75.183860736530363     
   1.0000000000000000       -75.183860736530363       -75.183860736530363     
   1.0000000000000000       -75.183860736530363       -75.183860736530363     
   1.0000000000000000       -75.183860736530363       -75.183860736530363     
   1.0000000000000000       -75.183860736530363       -75.183860736530363     
 
 part: i_fks+j_fks
 comp:           0
   1.0000005000079242        276.25634259989982        276.25620446960846     
   1.0000000479434876        276.25621771429439        276.25620446960846     
   1.0000000047746949        276.25620578864755        276.25620446960846     
   1.0000000004772738        276.25620460145831        276.25620446960846     
   1.0000000000477254        276.25620448279290        276.25620446960846     
   1.0000000000047724        276.25620447092689        276.25620446960846     
   1.0000000000004774        276.25620446974034        276.25620446960846     
   1.0000000000000477        276.25620446962165        276.25620446960846     
   1.0000000000000047        276.25620446960977        276.25620446960846     
   1.0000000000000004        276.25620446960858        276.25620446960846     
 comp:           1
   1.3513633969797041E-003   0.0000000000000000     
   4.1906064048143830E-004   0.0000000000000000     
   1.3226484396035607E-004   0.0000000000000000     
   4.1817815830460564E-005   0.0000000000000000     
   1.3223701565318501E-005   0.0000000000000000     
   4.1816936069554828E-006   0.0000000000000000     
   1.3223673742405739E-006   0.0000000000000000     
   4.1816927364913074E-007   0.0000000000000000     
   1.3223673283735642E-007   0.0000000000000000     
   4.1816928914422008E-008   0.0000000000000000     
 comp:           2
  -4.2883845544553054E-004   0.0000000000000000     
  -1.3298370978799998E-004   0.0000000000000000     
  -4.1972611897342275E-005   0.0000000000000000     
  -1.3270366498693688E-005   0.0000000000000000     
  -4.1963780928343434E-006   0.0000000000000000     
  -1.3270087317454341E-006   0.0000000000000000     
  -4.1963692635771936E-007   0.0000000000000000     
  -1.3270084555143972E-007   0.0000000000000000     
  -4.1963691180239124E-008   0.0000000000000000     
  -1.3270085046861461E-008   0.0000000000000000     
 comp:           3
  0.99999932262937807        276.25601734177144        276.25620446960846     
  0.99999993512741514        276.25618654815440        276.25620446960846     
  0.99999999354006786        276.25620268501211        276.25620446960846     
  0.99999999935427863        276.25620429122392        276.25620446960846     
  0.99999999993543065        276.25620445177077        276.25620446960846     
  0.99999999999354316        276.25620446782472        276.25620446960846     
  0.99999999999935429        276.25620446943009        276.25620446960846     
  0.99999999999993539        276.25620446959061        276.25620446960846     
  0.99999999999999345        276.25620446960664        276.25620446960846     
  0.99999999999999933        276.25620446960829        276.25620446960846     
     
 Collinear #          94
 
 part:           1
 comp:           0
  0.99999984673316089        276.26068299952993        276.26072534113808     
  0.99999998537085188        276.26072129967901        276.26072534113808     
  0.99999999854371524        276.26072493882378        276.26072534113808     
  0.99999999985443755        276.26072530092489        276.26072534113808     
  0.99999999998544431        276.26072533711692        276.26072534113808     
  0.99999999999854450        276.26072534073597        276.26072534113808     
  0.99999999999985456        276.26072534109790        276.26072534113808     
  0.99999999999998557        276.26072534113410        276.26072534113808     
  0.99999999999999856        276.26072534113769        276.26072534113808     
  0.99999999999999978        276.26072534113803        276.26072534113808     
 comp:           1
   0.0000000000000000        0.0000000000000000     
   0.0000000000000000        0.0000000000000000     
   0.0000000000000000        0.0000000000000000     
   0.0000000000000000        0.0000000000000000     
   0.0000000000000000        0.0000000000000000     
   0.0000000000000000        0.0000000000000000     
   0.0000000000000000        0.0000000000000000     
   0.0000000000000000        0.0000000000000000     
   0.0000000000000000        0.0000000000000000     
   0.0000000000000000        0.0000000000000000     
 comp:           2
   0.0000000000000000        0.0000000000000000     
   0.0000000000000000        0.0000000000000000     
   0.0000000000000000        0.0000000000000000     
   0.0000000000000000        0.0000000000000000     
   0.0000000000000000        0.0000000000000000     
   0.0000000000000000        0.0000000000000000     
   0.0000000000000000        0.0000000000000000     
   0.0000000000000000        0.0000000000000000     
   0.0000000000000000        0.0000000000000000     
   0.0000000000000000        0.0000000000000000     
 comp:           3
  0.99999984673316089        276.26068299952993        276.26072534113808     
  0.99999998537085188        276.26072129967901        276.26072534113808     
  0.99999999854371524        276.26072493882378        276.26072534113808     
  0.99999999985443755        276.26072530092489        276.26072534113808     
  0.99999999998544431        276.26072533711692        276.26072534113808     
  0.99999999999854450        276.26072534073597        276.26072534113808     
  0.99999999999985456        276.26072534109790        276.26072534113808     
  0.99999999999998557        276.26072534113410        276.26072534113808     
  0.99999999999999856        276.26072534113769        276.26072534113808     
  0.99999999999999978        276.26072534113803        276.26072534113808     
 
 part:           2
 comp:           0
   1.0000020353043766        276.25056225283396        276.24999999999994     
   1.0000001950220367        276.25005387483759        276.24999999999994     
   1.0000000194209882        276.25000536504791        276.24999999999994     
   1.0000000019412902        276.25000053628139        276.24999999999994     
   1.0000000001941209        276.25000005362585        276.24999999999994     
   1.0000000000194120        276.25000000536249        276.24999999999994     
   1.0000000000019411        276.25000000053620        276.24999999999994     
   1.0000000000001943        276.25000000005360        276.24999999999994     
   1.0000000000000195        276.25000000000534        276.24999999999994     
   1.0000000000000018        276.25000000000045        276.24999999999994     
 comp:           1
   0.0000000000000000        0.0000000000000000     
   0.0000000000000000        0.0000000000000000     
   0.0000000000000000        0.0000000000000000     
   0.0000000000000000        0.0000000000000000     
   0.0000000000000000        0.0000000000000000     
   0.0000000000000000        0.0000000000000000     
   0.0000000000000000        0.0000000000000000     
   0.0000000000000000        0.0000000000000000     
   0.0000000000000000        0.0000000000000000     
   0.0000000000000000        0.0000000000000000     
 comp:           2
   0.0000000000000000        0.0000000000000000     
   0.0000000000000000        0.0000000000000000     
   0.0000000000000000        0.0000000000000000     
   0.0000000000000000        0.0000000000000000     
   0.0000000000000000        0.0000000000000000     
   0.0000000000000000        0.0000000000000000     
   0.0000000000000000        0.0000000000000000     
   0.0000000000000000        0.0000000000000000     
   0.0000000000000000        0.0000000000000000     
   0.0000000000000000        0.0000000000000000     
 comp:           3
   1.0000020353043766       -276.25056225283396       -276.24999999999994     
   1.0000001950220367       -276.25005387483759       -276.24999999999994     
   1.0000000194209882       -276.25000536504791       -276.24999999999994     
   1.0000000019412902       -276.25000053628139       -276.24999999999994     
   1.0000000001941209       -276.25000005362585       -276.24999999999994     
   1.0000000000194120       -276.25000000536249       -276.24999999999994     
   1.0000000000019411       -276.25000000053620       -276.24999999999994     
   1.0000000000001943       -276.25000000005360       -276.24999999999994     
   1.0000000000000195       -276.25000000000534       -276.24999999999994     
   1.0000000000000018       -276.25000000000045       -276.24999999999994     
 
 part:           3
 comp:           0
  0.99999701105072802        47.547634048803523        47.547776166694483     
  0.99999907311266600        47.547732095262994        47.547776166694483     
  0.99999970745297406        47.547762256733975        47.547776166694483     
  0.99999990750612200        47.547771768816276        47.547776166694483     
  0.99999997075141878        47.547774775989488        47.547776166694483     
  0.99999999075080348        47.547775726915759        47.547776166694483     
  0.99999999707514764        47.547776027624259        47.547776166694483     
  0.99999999907508053        47.547776122716620        47.547776166694483     
  0.99999999970751485        47.547776152787463        47.547776166694483     
  0.99999999990750810        47.547776162296699        47.547776166694483     
 comp:           1
  0.99999355243475740       -40.089220676219760       -40.089479155752159     
  0.99999800059556299       -40.089399000669658       -40.089479155752159     
  0.99999936894339636       -40.089453857021603       -40.089479155752159     
  0.99999980048053183       -40.089471157120599       -40.089479155752159     
  0.99999993690760913       -40.089476626411070       -40.089479155752159     
  0.99999998004847213       -40.089478355905797       -40.089479155752159     
  0.99999999369077408       -40.089478902818577       -40.089479155752159     
  0.99999999800484751       -40.089479075767535       -40.089479155752159     
  0.99999999936907735       -40.089479130458798       -40.089479155752159     
  0.99999999980048482       -40.089479147753700       -40.089479155752159     
 comp:           2
   1.0000308271812861       -10.814079398217144       -10.813746040907560     
   1.0000095595780309       -10.813849415756644       -10.813746040907560     
   1.0000030172158929       -10.813778668313978       -10.813746040907560     
   1.0000009539450290       -10.813756356626842       -10.813746040907560     
   1.0000003016581454       -10.813749302962135       -10.813746040907560     
   1.0000000953924999       -10.813747072457828       -10.813746040907560     
   1.0000000301657515       -10.813746367112335       -10.813746040907560     
   1.0000000095392481       -10.813746144062566       -10.813746040907560     
   1.0000000030165750       -10.813746073528037       -10.813746040907560     
   1.0000000009539249       -10.813746051223061       -10.813746040907560     
 comp:           3
   1.0000000000000000       -23.098265021021607       -23.098265021021607     
   1.0000000000000000       -23.098265021021607       -23.098265021021607     
   1.0000000000000000       -23.098265021021607       -23.098265021021607     
   1.0000000000000000       -23.098265021021607       -23.098265021021607     
   1.0000000000000000       -23.098265021021607       -23.098265021021607     
   1.0000000000000000       -23.098265021021607       -23.098265021021607     
   1.0000000000000000       -23.098265021021607       -23.098265021021607     
   1.0000000000000000       -23.098265021021607       -23.098265021021607     
   1.0000000000000000       -23.098265021021607       -23.098265021021607     
   1.0000000000000000       -23.098265021021607       -23.098265021021607     
 
 part:           4
 comp:           0
  0.99999486688623762        208.91608078090093        208.91715317641510     
  0.99999840820313579        208.91682062274580        208.91715317641510     
  0.99999949759277318        208.91704821492755        208.91715317641510     
  0.99999984115519358        208.91711999101034        208.91715317641510     
  0.99999994976981432        208.91714268246770        208.91715317641510     
  0.99999998411585023        208.91714985794374        208.91715317641510     
  0.99999999497699166        208.91715212702249        208.91715317641510     
  0.99999999841158527        208.91715284456802        208.91715317641510     
  0.99999999949769913        208.91715307147584        208.91715317641510     
  0.99999999984115850        208.91715314323039        208.91715317641510     
 comp:           1
  0.99999434220029892       -200.73336172287222       -200.73449743845183     
  0.99999824550233030       -200.73414525024384       -200.73449743845183     
  0.99999944624130466       -200.73438627997842       -200.73449743845183     
  0.99999982491959094       -200.73446229377390       -200.73449743845183     
  0.99999994463576936       -200.73448632494080       -200.73449743845183     
  0.99999998249232613       -200.73449392405772       -200.73449743845183     
  0.99999999446358845       -200.73449632710305       -200.73449743845183     
  0.99999999824923291       -200.73449708701247       -200.73449743845183     
  0.99999999944635887       -200.73449732731694       -200.73449743845183     
  0.99999999982492338       -200.73449740330790       -200.73449743845183     
 comp:           2
   1.0005452998903237       -2.6875388586222120       -2.6860741426868033     
   1.0001690988436147       -2.6865283547181953       -2.6860741426868033     
   1.0000533713761082       -2.6862175021601273       -2.6860741426868033     
   1.0000168742855640       -2.6861194682689331       -2.6860741426868033     
   1.0000053360158583       -2.6860884756210255       -2.6860741426868033     
   1.0000016873931736       -2.6860786751499757       -2.6860741426868033     
   1.0000005336004765       -2.6860755759772457       -2.6860741426868033     
   1.0000001687392839       -2.6860745959330306       -2.6860741426868033     
   1.0000000533600457       -2.6860742860158426       -2.6860741426868033     
   1.0000000168739291       -2.6860741880114278       -2.6860741426868033     
 comp:           3
   1.0000000000000000        57.834448516173055        57.834448516173055     
   1.0000000000000000        57.834448516173055        57.834448516173055     
   1.0000000000000000        57.834448516173055        57.834448516173055     
   1.0000000000000000        57.834448516173055        57.834448516173055     
   1.0000000000000000        57.834448516173055        57.834448516173055     
   1.0000000000000000        57.834448516173055        57.834448516173055     
   1.0000000000000000        57.834448516173055        57.834448516173055     
   1.0000000000000000        57.834448516173055        57.834448516173055     
   1.0000000000000000        57.834448516173055        57.834448516173055     
   1.0000000000000000        57.834448516173055        57.834448516173055     
 
 part:           5
 comp:           0
   1.0000055550578029        264.52334207757497        264.52187264328234     
   1.0000017226256834        264.52232831545399        264.52187264328234     
   1.0000005436980703        264.52201646331406        264.52187264328234     
   1.0000001718994571        264.52191811444862        264.52187264328234     
   1.0000000543583334        264.52188702225050        264.52187264328234     
   1.0000000171895806        264.52187719030240        264.52187264328234     
   1.0000000054358216        264.52187408117601        264.52187264328234     
   1.0000000017189576        264.52187309798421        264.52187264328234     
   1.0000000005435821        264.52187278707169        264.52187264328234     
   1.0000000001718958        264.52187268875252        264.52187264328234     
 comp:           1
   1.0000057857867937        248.54182360652931        248.54038560484858     
   1.0000017941801684        248.54083153107948        248.54038560484858     
   1.0000005662827369        248.54052634897837        248.54038560484858     
   1.0000001790400379        248.54043010352862        248.54038560484858     
   1.0000000566163449        248.54039967629680        248.54038560484858     
   1.0000000179036257        248.54039005462263        248.54038560484858     
   1.0000000056616223        248.54038701199039        248.54038560484858     
   1.0000000017903621        248.54038604982588        248.54038560484858     
   1.0000000005661622        248.54038574556276        248.54038560484858     
   1.0000000001790363        248.54038564934632        248.54038560484858     
 comp:           2
   1.0001099057902940       -16.876033239427560       -16.874178669485328     
   1.0000340819315285       -16.874753774087342       -16.874178669485328     
   1.0000107570074657       -16.874360185151254       -16.874178669485328     
   1.0000034010131300       -16.874236058788540       -16.874178669485328     
   1.0000010754741511       -16.874196817228306       -16.874178669485328     
   1.0000003400941320       -16.874184408294475       -16.874178669485328     
   1.0000001075471860       -16.874180484255760       -16.874178669485328     
   1.0000000340094057       -16.874179243366118       -16.874178669485328     
   1.0000000107547182       -16.874178850962366       -16.874178669485328     
   1.0000000034009406       -16.874178726873410       -16.874178669485328     
 comp:           3
   1.0000000000000000       -38.046602607353094       -38.046602607353094     
   1.0000000000000000       -38.046602607353094       -38.046602607353094     
   1.0000000000000000       -38.046602607353094       -38.046602607353094     
   1.0000000000000000       -38.046602607353094       -38.046602607353094     
   1.0000000000000000       -38.046602607353094       -38.046602607353094     
   1.0000000000000000       -38.046602607353094       -38.046602607353094     
   1.0000000000000000       -38.046602607353094       -38.046602607353094     
   1.0000000000000000       -38.046602607353094       -38.046602607353094     
   1.0000000000000000       -38.046602607353094       -38.046602607353094     
   1.0000000000000000       -38.046602607353094       -38.046602607353094     
 
 part:           6
 comp:           0
   1.0484730020667428        1.1245230621280177E-002   1.0725341138125307E-002
   1.0046461261194313        1.0775172425726962E-002   1.0725341138125307E-002
   1.0004626916055888        1.0730303663436993E-002   1.0725341138125307E-002
   1.0000462500371388        1.0725837185551271E-002   1.0725341138125307E-002
   1.0000046248125667        1.0725390740817785E-002   1.0725341138125307E-002
   1.0000004624793450        1.0725346098374052E-002   1.0725341138125307E-002
   1.0000000462479159        1.0725341634149982E-002   1.0725341138125307E-002
   1.0000000046247919        1.0725341187727777E-002   1.0725341138125307E-002
   1.0000000004624792        1.0725341143085553E-002   1.0725341138125307E-002
   1.0000000000462477        1.0725341138621329E-002   1.0725341138125307E-002
 comp:           1
  -3.0035086094652055E-003  -0.0000000000000000     
  -9.3139379329524078E-004  -0.0000000000000000     
  -2.9396854708980312E-004  -0.0000000000000000     
  -9.2943235129030593E-005  -0.0000000000000000     
  -2.9390669472994458E-005  -0.0000000000000000     
  -9.2941279735651567E-006  -0.0000000000000000     
  -2.9390607632625341E-006  -0.0000000000000000     
  -9.2941260388344618E-007  -0.0000000000000000     
  -2.9390606613178037E-007  -0.0000000000000000     
  -9.2941263832238669E-008  -0.0000000000000000     
 comp:           2
   3.8735815563022929E-003   0.0000000000000000     
   1.2012050866087821E-003   0.0000000000000000     
   3.7912697787898084E-004   0.0000000000000000     
   1.1986754432609559E-004   0.0000000000000000     
   3.7904720778622770E-005   0.0000000000000000     
   1.1986502248357299E-005   0.0000000000000000     
   3.7904641023994302E-006   0.0000000000000000     
   1.1986499753163143E-006   0.0000000000000000     
   3.7904639709227879E-007   0.0000000000000000     
   1.1986500197317172E-007   0.0000000000000000     
 comp:           3
  0.94362935087068556        1.0120746696035843E-002   1.0725341138125307E-002
  0.99460005084883729        1.0667424841350557E-002   1.0725341138125307E-002
  0.99946226771490765        1.0719573775926708E-002   1.0725341138125307E-002
  0.99994624929423737        1.0724764643469588E-002   1.0725341138125307E-002
  0.99999462515454918        1.0725283491074282E-002   1.0725341138125307E-002
  0.99999946251770577        1.0725335373444346E-002   1.0725341138125307E-002
  0.99999994625179356        1.0725340561657458E-002   1.0725341138125307E-002
  0.99999999462517997        1.0725341080478529E-002   1.0725341138125307E-002
  0.99999999946251794        1.0725341132360629E-002   1.0725341138125307E-002
  0.99999999994625166        1.0725341137548838E-002   1.0725341138125307E-002
 
 part:           7
 comp:           0
  0.99999191135267773        31.512943114463376        31.513198013608104     
  0.99999749168649765        31.513118968628024        31.513198013608104     
  0.99999920831978628        31.513173065232767        31.513198013608104     
  0.99999974969654104        31.513190125745638        31.513198013608104     
  0.99999992084860190        31.513195519294424        31.513198013608104     
  0.99999997497017734        31.513197224838347        31.513198013608104     
  0.99999999208487644        31.513197764177249        31.513198013608104     
  0.99999999749701818        31.513197934731142        31.513198013608104     
  0.99999999920848770        31.513197988665020        31.513198013608104     
  0.99999999974970177        31.513198005720408        31.513198013608104     
 comp:           1
  0.99997779902328909       -7.7162376988278716       -7.7164090106446084     
  0.99999311541523661       -7.7163558863727060       -7.7164090106446084     
  0.99999782707042739       -7.7163922434312751       -7.7164090106446084     
  0.99999931299058753       -7.7164037093989872       -7.7164090106446084     
  0.99999978275268486       -7.7164073342754680       -7.7164090106446084     
  0.99999993130049647       -7.7164084805311406       -7.7164090106446084     
  0.99999997827531339       -7.7164088430080406       -7.7164090106446084     
  0.99999999313005095       -7.7164089576332717       -7.7164090106446084     
  0.99999999782753135       -7.7164089938809521       -7.7164090106446084     
  0.99999999931300509       -7.7164090053434746       -7.7164090106446084     
 comp:           2
  0.99999272606909129        30.373777914710612        30.373998853079691     
  0.99999774433374911        30.373930339475574        30.373998853079691     
  0.99999928806107108        30.373977228647480        30.373998853079691     
  0.99999977490814640        30.373992016139987        30.373998853079691     
  0.99999992882106137        30.373996691090689        30.373998853079691     
  0.99999997749128566        30.373998169400029        30.373998853079691     
  0.99999999288212083        30.373998636881236        30.373998853079691     
  0.99999999774912895        30.373998784711738        30.373998853079691     
  0.99999999928821215        30.373998831459847        30.373998853079691     
  0.99999999977491283        30.373998846242895        30.373998853079691     
 comp:           3
   1.0000000000000000        3.3104191122016511        3.3104191122016511     
   1.0000000000000000        3.3104191122016511        3.3104191122016511     
   1.0000000000000000        3.3104191122016511        3.3104191122016511     
   1.0000000000000000        3.3104191122016511        3.3104191122016511     
   1.0000000000000000        3.3104191122016511        3.3104191122016511     
   1.0000000000000000        3.3104191122016511        3.3104191122016511     
   1.0000000000000000        3.3104191122016511        3.3104191122016511     
   1.0000000000000000        3.3104191122016511        3.3104191122016511     
   1.0000000000000000        3.3104191122016511        3.3104191122016511     
   1.0000000000000000        3.3104191122016511        3.3104191122016511     
 
 part: i_fks+j_fks
 comp:           0
   1.0000017285458698        276.27192823015122        276.27145068227622     
   1.0000001657421655        276.27149647210473        276.27145068227622     
   1.0000000165062695        276.27145524248721        276.27145068227622     
   1.0000000016499504        276.27145113811042        276.27145068227622     
   1.0000000001649882        276.27145072785777        276.27145068227622     
   1.0000000000164986        276.27145068683433        276.27145068227622     
   1.0000000000016500        276.27145068273205        276.27145068227622     
   1.0000000000001650        276.27145068232181        276.27145068227622     
   1.0000000000000164        276.27145068228077        276.27145068227622     
   1.0000000000000013        276.27145068227662        276.27145068227622     
 comp:           1
  -3.0035086094652055E-003   0.0000000000000000     
  -9.3139379329524078E-004   0.0000000000000000     
  -2.9396854708980312E-004   0.0000000000000000     
  -9.2943235129030593E-005   0.0000000000000000     
  -2.9390669472994458E-005   0.0000000000000000     
  -9.2941279735651567E-006   0.0000000000000000     
  -2.9390607632625341E-006   0.0000000000000000     
  -9.2941260388344618E-007   0.0000000000000000     
  -2.9390606613178037E-007   0.0000000000000000     
  -9.2941263832238669E-008   0.0000000000000000     
 comp:           2
   3.8735815563022929E-003   0.0000000000000000     
   1.2012050866087821E-003   0.0000000000000000     
   3.7912697787898084E-004   0.0000000000000000     
   1.1986754432609559E-004   0.0000000000000000     
   3.7904720778622770E-005   0.0000000000000000     
   1.1986502248357299E-005   0.0000000000000000     
   3.7904641023994302E-006   0.0000000000000000     
   1.1986499753163143E-006   0.0000000000000000     
   3.7904639709227879E-007   0.0000000000000000     
   1.1986500197317172E-007   0.0000000000000000     
 comp:           3
  0.99999765833187371        276.27080374622597        276.27145068227622     
  0.99999977573594478        276.27138872452036        276.27145068227622     
  0.99999997766806348        276.27144451259971        276.27145068227622     
  0.99999999776774662        276.27145006556833        276.27145068227622     
  0.99999999977678389        276.27145062060799        276.27145068227622     
  0.99999999997767841        276.27145067610940        276.27145068227622     
  0.99999999999776779        276.27145068165953        276.27145068227622     
  0.99999999999977696        276.27145068221461        276.27145068227622     
  0.99999999999997757        276.27145068227003        276.27145068227622     
  0.99999999999999778        276.27145068227560        276.27145068227622     
     
 Collinear #          95
 
 part:           1
 comp:           0
   1.0000220440262879        276.25608966226207        276.25000000000006     
   1.0000021122128500        276.25058349879987        276.25000000000006     
   1.0000002103413168        276.25005810678880        276.25000000000006     
   1.0000000210253719        276.25000580825906        276.25000000000006     
   1.0000000021024493        276.25000058080167        276.25000000000006     
   1.0000000002102434        276.25000005807982        276.25000000000006     
   1.0000000000210238        276.25000000580792        276.25000000000006     
   1.0000000000021021        276.25000000058077        276.25000000000006     
   1.0000000000002098        276.25000000005804        276.25000000000006     
   1.0000000000000209        276.25000000000580        276.25000000000006     
 comp:           1
   0.0000000000000000        0.0000000000000000     
   0.0000000000000000        0.0000000000000000     
   0.0000000000000000        0.0000000000000000     
   0.0000000000000000        0.0000000000000000     
   0.0000000000000000        0.0000000000000000     
   0.0000000000000000        0.0000000000000000     
   0.0000000000000000        0.0000000000000000     
   0.0000000000000000        0.0000000000000000     
   0.0000000000000000        0.0000000000000000     
   0.0000000000000000        0.0000000000000000     
 comp:           2
   0.0000000000000000        0.0000000000000000     
   0.0000000000000000        0.0000000000000000     
   0.0000000000000000        0.0000000000000000     
   0.0000000000000000        0.0000000000000000     
   0.0000000000000000        0.0000000000000000     
   0.0000000000000000        0.0000000000000000     
   0.0000000000000000        0.0000000000000000     
   0.0000000000000000        0.0000000000000000     
   0.0000000000000000        0.0000000000000000     
   0.0000000000000000        0.0000000000000000     
 comp:           3
   1.0000220440262879        276.25608966226207        276.25000000000006     
   1.0000021122128500        276.25058349879987        276.25000000000006     
   1.0000002103413168        276.25005810678880        276.25000000000006     
   1.0000000210253719        276.25000580825906        276.25000000000006     
   1.0000000021024493        276.25000058080167        276.25000000000006     
   1.0000000002102434        276.25000005807982        276.25000000000006     
   1.0000000000210238        276.25000000580792        276.25000000000006     
   1.0000000000021021        276.25000000058077        276.25000000000006     
   1.0000000000002098        276.25000000005804        276.25000000000006     
   1.0000000000000209        276.25000000000580        276.25000000000006     
 
 part:           2
 comp:           0
  0.99999834390133646        276.36572653762704        276.36618422729538     
  0.99999984193000369        276.36614054209366        276.36618422729538     
  0.99999998426466508        276.36617987858091        276.36618422729538     
  0.99999999842717968        276.36618379262103        276.36618422729538     
  0.99999999984272481        276.36618418382983        276.36618422729538     
  0.99999999998427214        276.36618422294873        276.36618422729538     
  0.99999999999842692        276.36618422686064        276.36618422729538     
  0.99999999999984268        276.36618422725189        276.36618422729538     
  0.99999999999998412        276.36618422729100        276.36618422729538     
  0.99999999999999833        276.36618422729492        276.36618422729538     
 comp:           1
   0.0000000000000000        0.0000000000000000     
   0.0000000000000000        0.0000000000000000     
   0.0000000000000000        0.0000000000000000     
   0.0000000000000000        0.0000000000000000     
   0.0000000000000000        0.0000000000000000     
   0.0000000000000000        0.0000000000000000     
   0.0000000000000000        0.0000000000000000     
   0.0000000000000000        0.0000000000000000     
   0.0000000000000000        0.0000000000000000     
   0.0000000000000000        0.0000000000000000     
 comp:           2
   0.0000000000000000        0.0000000000000000     
   0.0000000000000000        0.0000000000000000     
   0.0000000000000000        0.0000000000000000     
   0.0000000000000000        0.0000000000000000     
   0.0000000000000000        0.0000000000000000     
   0.0000000000000000        0.0000000000000000     
   0.0000000000000000        0.0000000000000000     
   0.0000000000000000        0.0000000000000000     
   0.0000000000000000        0.0000000000000000     
   0.0000000000000000        0.0000000000000000     
 comp:           3
  0.99999834390133646       -276.36572653762704       -276.36618422729538     
  0.99999984193000369       -276.36614054209366       -276.36618422729538     
  0.99999998426466508       -276.36617987858091       -276.36618422729538     
  0.99999999842717968       -276.36618379262103       -276.36618422729538     
  0.99999999984272481       -276.36618418382983       -276.36618422729538     
  0.99999999998427214       -276.36618422294873       -276.36618422729538     
  0.99999999999842692       -276.36618422686064       -276.36618422729538     
  0.99999999999984268       -276.36618422725189       -276.36618422729538     
  0.99999999999998412       -276.36618422729100       -276.36618422729538     
  0.99999999999999833       -276.36618422729492       -276.36618422729538     
 
 part:           3
 comp:           0
   1.0000353219881022        180.32732280117023        180.32095350659588     
   1.0000109523371681        180.32292844247715        180.32095350659588     
   1.0000034567019749        180.32157682239199        180.32095350659588     
   1.0000010928864040        180.32115057691433        180.32095350659588     
   1.0000003455934576        180.32101582433768        180.32095350659588     
   1.0000001092859423        180.32097321314120        180.32095350659588     
   1.0000000345592330        180.32095973834976        180.32095350659588     
   1.0000000109285880        180.32095547724930        180.32095350659588     
   1.0000000034559229        180.32095412977120        180.32095350659588     
   1.0000000010928587        180.32095370366122        180.32095350659588     
 comp:           1
   1.0000301596599903       -55.072029392961333       -55.070368489372157     
   1.0000093523763578       -55.070883528184432       -55.070368489372157     
   1.0000029518040712       -55.070531046310066       -55.070368489372157     
   1.0000009332626789       -55.070419884491784       -55.070368489372157     
   1.0000002951178149       -55.070384741618973       -55.070368489372157     
   1.0000000933242577       -55.070373628773417       -55.070368489372157     
   1.0000000295117148       -55.070370114593167       -55.070368489372157     
   1.0000000093324233       -55.070369003312152       -55.070368489372157     
   1.0000000029511713       -55.070368651894249       -55.070368489372157     
   1.0000000009332424       -55.070368540766161       -55.070368489372157     
 comp:           2
   1.0002814375515816       -61.298863872280101       -61.281616924056031     
   1.0000872725323973       -61.286965125954389       -61.281616924056031     
   1.0000275450224181       -61.283304927568025       -61.281616924056031     
   1.0000087088237546       -61.282150614857215       -61.281616924056031     
   1.0000027539181571       -61.281785688613574       -61.281616924056031     
   1.0000008708636174       -61.281670291986629       -61.281616924056031     
   1.0000002753911932       -61.281633800473635       -61.281616924056031     
   1.0000000870863393       -61.281622260847719       -61.281616924056031     
   1.0000000275391181       -61.281618611697716       -61.281616924056031     
   1.0000000087086343       -61.281617457735216       -61.281616924056031     
 comp:           3
   1.0000000000000000        160.38798734988208        160.38798734988208     
   1.0000000000000000        160.38798734988208        160.38798734988208     
   1.0000000000000000        160.38798734988208        160.38798734988208     
   1.0000000000000000        160.38798734988208        160.38798734988208     
   1.0000000000000000        160.38798734988208        160.38798734988208     
   1.0000000000000000        160.38798734988208        160.38798734988208     
   1.0000000000000000        160.38798734988208        160.38798734988208     
   1.0000000000000000        160.38798734988208        160.38798734988208     
   1.0000000000000000        160.38798734988208        160.38798734988208     
   1.0000000000000000        160.38798734988208        160.38798734988208     
 
 part:           4
 comp:           0
  0.99995520698791562        33.451536794708495        33.453035256921019     
  0.99998610872945037        33.452570551757560        33.453035256921019     
  0.99999561551440652        33.452888582569877        33.453035256921019     
  0.99999861375967714        33.452988882974623        33.453035256921019     
  0.99999956163975146        33.453020592440168        33.453035256921019     
  0.99999986137848740        33.453030619610672        33.453035256921019     
  0.99999995616402770        33.453033790474692        33.453035256921019     
  0.99999998613784769        33.453034793189950        33.453035256921019     
  0.99999999561640263        33.453035110276382        33.453035256921019     
  0.99999999861378464        33.453035210547910        33.453035256921019     
 comp:           1
  0.99997563206463158        12.644074403960328        12.644382521456384     
  0.99999244340284577        12.644286972951406        12.644382521456384     
  0.99999761496083805        12.644352364108892        12.644382521456384     
  0.99999924592759160        12.644372986676403        12.644382521456384     
  0.99999976154581660        12.644379506350475        12.644382521456384     
  0.99999992459429921        12.644381567997860        12.644382521456384     
  0.99999997615462721        12.644382219946369        12.644382521456384     
  0.99999999245943105        12.644382426110546        12.644382521456384     
  0.99999999761546265        12.644382491305382        12.644382521456384     
  0.99999999924594307        12.644382511921799        12.644382521456384     
 comp:           2
  0.99977859558004045        14.447800759697303        14.451000275031031     
  0.99993134157717900        14.450008092143962        14.451000275031031     
  0.99997832979264589        14.450687118858598        14.451000275031031     
  0.99999314857981692        14.450901265156082        14.451000275031031     
  0.99999783343113058        14.450968965943703        14.451000275031031     
  0.99999931487197480        14.450990374245750        14.451000275031031     
  0.99999978334352635        14.450997144128271        14.451000275031031     
  0.99999993148720745        14.450999284952648        14.451000275031031     
  0.99999997833435317        14.450999961940763        14.451000275031031     
  0.99999999314872046        14.451000176023189        14.451000275031031     
 comp:           3
   1.0000000000000000        27.393315783288138        27.393315783288138     
   1.0000000000000000        27.393315783288138        27.393315783288138     
   1.0000000000000000        27.393315783288138        27.393315783288138     
   1.0000000000000000        27.393315783288138        27.393315783288138     
   1.0000000000000000        27.393315783288138        27.393315783288138     
   1.0000000000000000        27.393315783288138        27.393315783288138     
   1.0000000000000000        27.393315783288138        27.393315783288138     
   1.0000000000000000        27.393315783288138        27.393315783288138     
   1.0000000000000000        27.393315783288138        27.393315783288138     
   1.0000000000000000        27.393315783288138        27.393315783288138     
 
 part:           5
 comp:           0
   1.0000016894365562        117.87174746300214        117.87154832649946     
   1.0000005229055360        117.87160996218461        117.87154832649946     
   1.0000001649445702        117.87156776877136        117.87154832649946     
   1.0000000521405106        117.87155447238219        117.87154832649946     
   1.0000000164870060        117.87155026984838        117.87154832649946     
   1.0000000052135436        117.87154894102791        117.87154832649946     
   1.0000000016486574        117.87154852082926        117.87154832649946     
   1.0000000005213503        117.87154838795183        117.87154832649946     
   1.0000000001648657        117.87154834593242        117.87154832649946     
   1.0000000000521350        117.87154833264469        117.87154832649946     
 comp:           1
  0.99998688373305011        82.772099309758261        82.773184984948813     
  0.99999593265679732        82.772848317997500        82.773184984948813     
  0.99999871625749304        82.773078725492809        82.773184984948813     
  0.99999959412268202        82.773151389190488        82.773184984948813     
  0.99999987165278059        82.773174361240677        82.773184984948813     
  0.99999995941312336        82.773181625443769        82.773184984948813     
  0.99999998716530514        82.773183922580245        82.773184984948813     
  0.99999999594131317        82.773184648998381        82.773184984948813     
  0.99999999871653056        82.773184878711959        82.773184984948813     
  0.99999999959413133        82.773184951353770        82.773184984948813     
 comp:           2
   1.0011220399422969       -10.058806528773278       -10.047532795655016     
   1.0003479436298393       -10.051028770686864       -10.047532795655016     
   1.0001098186224808       -10.048636201865966       -10.047532795655016     
   1.0000347210501430       -10.047881656545027       -10.047532795655016     
   1.0000109795498380       -10.047643113042096       -10.047532795655016     
   1.0000034720318545       -10.047567681008941       -10.047532795655016     
   1.0000010979526646       -10.047543827370420       -10.047532795655016     
   1.0000003472031123       -10.047536284189674       -10.047532795655016     
   1.0000001097952627       -10.047533898826519       -10.047532795655016     
   1.0000000347203126       -10.047533144508495       -10.047532795655016     
 comp:           3
   1.0000000000000000        21.774592595119657        21.774592595119657     
   1.0000000000000000        21.774592595119657        21.774592595119657     
   1.0000000000000000        21.774592595119657        21.774592595119657     
   1.0000000000000000        21.774592595119657        21.774592595119657     
   1.0000000000000000        21.774592595119657        21.774592595119657     
   1.0000000000000000        21.774592595119657        21.774592595119657     
   1.0000000000000000        21.774592595119657        21.774592595119657     
   1.0000000000000000        21.774592595119657        21.774592595119657     
   1.0000000000000000        21.774592595119657        21.774592595119657     
   1.0000000000000000        21.774592595119657        21.774592595119657     
 
 part:           6
 comp:           0
   1.0484525499564799       0.12181364937254256       0.11618422729535917     
   1.0046440756124537       0.11672379563189333       0.11618422729535917     
   1.0004624865460938       0.11623796093735159       0.11618422729535917     
   1.0000462295311414       0.11618959843771305       0.11618422729535917     
   1.0000046227619663       0.11618476438738620       0.11618422729535917     
   1.0000004622742844       0.11618428100433971       0.11618422729535917     
   1.0000000462274092       0.11618423266625499       0.11618422729535917     
   1.0000000046227411       0.11618422783244876       0.11618422729535917     
   1.0000000004622736       0.11618422734906807       0.11618422729535917     
   1.0000000000462270       0.11618422730073001       0.11618422729535917     
 comp:           1
   5.0888874031759191E-003   0.0000000000000000     
   1.5780605638171768E-003   0.0000000000000000     
   4.9807053048415810E-004   0.0000000000000000     
   1.5747359098118816E-004   0.0000000000000000     
   4.9796569056952353E-005   0.0000000000000000     
   1.5747027658465840E-005   0.0000000000000000     
   4.9796464237382850E-006   0.0000000000000000     
   1.5747024379078162E-006   0.0000000000000000     
   4.9796462509699558E-007   0.0000000000000000     
   1.5747024962562878E-007   0.0000000000000000     
 comp:           2
   5.2843390870200471E-002   0.0000000000000000     
   1.6386699996269752E-002   0.0000000000000000     
   5.1720019796226216E-003   0.0000000000000000     
   1.6352176538155833E-003   0.0000000000000000     
   5.1709133140364304E-004   0.0000000000000000     
   1.6351832368718697E-004   0.0000000000000000     
   5.1709024294932225E-005   0.0000000000000000     
   1.6351828963377783E-005   0.0000000000000000     
   5.1709022500892851E-006   0.0000000000000000     
   1.6351829569272711E-006   0.0000000000000000     
 comp:           3
  0.94364680918567589      -0.10963687536496899      -0.11618422729535917     
  0.99460181458224350      -0.11555704329380005      -0.11618422729535917     
  0.99946244421737329      -0.11612177179212653      -0.11618422729535917     
  0.99994626694572941      -0.11617798436196852      -0.11618422729535917     
  0.99999462691971031      -0.11618360302817751      -0.11618422729535917     
  0.99999946269422146      -0.11618416486890247      -0.11618422729535917     
  0.99999994626944466      -0.11618422105271611      -0.11618422729535917     
  0.99999999462694489      -0.11618422667109492      -0.11618422729535917     
  0.99999999946269402      -0.11618422723293269      -0.11618422729535917     
  0.99999999994626909      -0.11618422728911648      -0.11618422729535917     
 
 part:           7
 comp:           0
  0.99997705539529824        220.84939549163553        220.85446290998362     
  0.99999288390589669        220.85289128884241        220.85446290998362     
  0.99999775390871415        220.85396685069904        220.85446290998362     
  0.99999928984992936        220.85430607017119        220.85446290998362     
  0.99999977543417073        220.85441331361801        220.85446290998362     
  0.99999992898608969        220.85444722624462        220.85446290998362     
  0.99999997754342473        220.85445795034875        220.85446290998362     
  0.99999999289860642        220.85446134160915        220.85446290998362     
  0.99999999775434234        220.85446241402011        220.85446290998362     
  0.99999999928986050        220.85446275314615        220.85446290998362     
 comp:           1
   1.0000504171584881       -40.349233208160435       -40.347199017033041     
   1.0000156344507332       -40.347829823328297       -40.347199017033041     
   1.0000049345876276       -40.347398113822116       -40.347199017033041     
   1.0000015601562087       -40.347261964966087       -40.347199017033041     
   1.0000004933553923       -40.347218922541238       -40.347199017033041     
   1.0000001560123870       -40.347205311695866       -40.347199017033041     
   1.0000000493354402       -40.347201007579869       -40.347199017033041     
   1.0000000156012359       -40.347199646499213       -40.347199017033041     
   1.0000000049335438       -40.347199216087716       -40.347199017033041     
   1.0000000015601236       -40.347199079979660       -40.347199017033041     
 comp:           2
  0.99962862374390915        56.857026250485880        56.878149444680020     
  0.99988483556087970        56.871599104501023        56.878149444680020     
  0.99996365148823529        56.876082008595773        56.878149444680020     
  0.99998850778209114        56.877495788592348        56.878149444680020     
  0.99999636591025787        56.877942744380569        56.878149444680020     
  0.99999885080202988        56.878084080426135        56.878149444680020     
  0.99999963659175406        56.878128774691497        56.878149444680020     
  0.99999988508022319        56.878142908255782        56.878149444680020     
  0.99999996365917654        56.878147377681231        56.878149444680020     
  0.99999998850802185        56.878148791037567        56.878149444680020     
 comp:           3
   1.0000000000000000       -209.55589572828990       -209.55589572828990     
   1.0000000000000000       -209.55589572828990       -209.55589572828990     
   1.0000000000000000       -209.55589572828990       -209.55589572828990     
   1.0000000000000000       -209.55589572828990       -209.55589572828990     
   1.0000000000000000       -209.55589572828990       -209.55589572828990     
   1.0000000000000000       -209.55589572828990       -209.55589572828990     
   1.0000000000000000       -209.55589572828990       -209.55589572828990     
   1.0000000000000000       -209.55589572828990       -209.55589572828990     
   1.0000000000000000       -209.55589572828990       -209.55589572828990     
   1.0000000000000000       -209.55589572828990       -209.55589572828990     
 
 part: i_fks+j_fks
 comp:           0
   1.0000187054691325        276.48754018699958        276.48236845459076     
   1.0000017935434278        276.48286433772557        276.48236845459076     
   1.0000001786187227        276.48241783951823        276.48236845459076     
   1.0000000178545490        276.48237339105873        276.48236845459076     
   1.0000000017853814        276.48236894821724        276.48236845459076     
   1.0000000001785370        276.48236850395307        276.48236845459076     
   1.0000000000178533        276.48236845952687        276.48236845459076     
   1.0000000000017852        276.48236845508433        276.48236845459076     
   1.0000000000001785        276.48236845464010        276.48236845459076     
   1.0000000000000178        276.48236845459564        276.48236845459076     
 comp:           1
   5.0888874031759191E-003   0.0000000000000000     
   1.5780605638171768E-003   0.0000000000000000     
   4.9807053048415810E-004   0.0000000000000000     
   1.5747359098118816E-004   0.0000000000000000     
   4.9796569056952353E-005   0.0000000000000000     
   1.5747027658465840E-005   0.0000000000000000     
   4.9796464237382850E-006   0.0000000000000000     
   1.5747024379078162E-006   0.0000000000000000     
   4.9796462509699558E-007   0.0000000000000000     
   1.5747024962562878E-007   0.0000000000000000     
 comp:           2
   5.2843390870200471E-002   0.0000000000000000     
   1.6386699996269752E-002   0.0000000000000000     
   5.1720019796226216E-003   0.0000000000000000     
   1.6352176538155833E-003   0.0000000000000000     
   5.1709133140364304E-004   0.0000000000000000     
   1.6351832368718697E-004   0.0000000000000000     
   5.1709024294932225E-005   0.0000000000000000     
   1.6351828963377783E-005   0.0000000000000000     
   5.1709022500892851E-006   0.0000000000000000     
   1.6351829569272711E-006   0.0000000000000000     
 comp:           3
  0.99997466369505617       -276.47536341299201       -276.48236845459076     
  0.99999757355520691       -276.48169758538745       -276.48236845459076     
  0.99999975837801847       -276.48230165037302       -276.48236845459076     
  0.99999997584797973       -276.48236177698300       -276.48236845459076     
  0.99999999758489932       -276.48236778685799       -276.48236845459076     
  0.99999999975849052       -276.48236838781764       -276.48236845459076     
  0.99999999997584876       -276.48236844791336       -276.48236845459076     
  0.99999999999758482       -276.48236845392302       -276.48236845459076     
  0.99999999999975819       -276.48236845452391       -276.48236845459076     
  0.99999999999997569       -276.48236845458405       -276.48236845459076     
     
 Collinear #          20
 
 part:           1
 comp:           0
   1.0000000000000000        325.00000000000000        325.00000000000000     
   1.0000000000000000        325.00000000000000        325.00000000000000     
   1.0000000000000000        325.00000000000000        325.00000000000000     
   1.0000000000000000        325.00000000000000        325.00000000000000     
   1.0000000000000000        325.00000000000000        325.00000000000000     
   1.0000000000000000        325.00000000000000        325.00000000000000     
   1.0000000000000000        325.00000000000000        325.00000000000000     
   1.0000000000000000        325.00000000000000        325.00000000000000     
   1.0000000000000000        325.00000000000000        325.00000000000000     
   1.0000000000000000        325.00000000000000        325.00000000000000     
 comp:           1
   0.0000000000000000        0.0000000000000000     
   0.0000000000000000        0.0000000000000000     
   0.0000000000000000        0.0000000000000000     
   0.0000000000000000        0.0000000000000000     
   0.0000000000000000        0.0000000000000000     
   0.0000000000000000        0.0000000000000000     
   0.0000000000000000        0.0000000000000000     
   0.0000000000000000        0.0000000000000000     
   0.0000000000000000        0.0000000000000000     
   0.0000000000000000        0.0000000000000000     
 comp:           2
   0.0000000000000000        0.0000000000000000     
   0.0000000000000000        0.0000000000000000     
   0.0000000000000000        0.0000000000000000     
   0.0000000000000000        0.0000000000000000     
   0.0000000000000000        0.0000000000000000     
   0.0000000000000000        0.0000000000000000     
   0.0000000000000000        0.0000000000000000     
   0.0000000000000000        0.0000000000000000     
   0.0000000000000000        0.0000000000000000     
   0.0000000000000000        0.0000000000000000     
 comp:           3
   1.0000000000000000        325.00000000000000        325.00000000000000     
   1.0000000000000000        325.00000000000000        325.00000000000000     
   1.0000000000000000        325.00000000000000        325.00000000000000     
   1.0000000000000000        325.00000000000000        325.00000000000000     
   1.0000000000000000        325.00000000000000        325.00000000000000     
   1.0000000000000000        325.00000000000000        325.00000000000000     
   1.0000000000000000        325.00000000000000        325.00000000000000     
   1.0000000000000000        325.00000000000000        325.00000000000000     
   1.0000000000000000        325.00000000000000        325.00000000000000     
   1.0000000000000000        325.00000000000000        325.00000000000000     
 
 part:           2
 comp:           0
   1.0000000000000000        325.00000000000000        325.00000000000000     
   1.0000000000000000        325.00000000000000        325.00000000000000     
   1.0000000000000000        325.00000000000000        325.00000000000000     
   1.0000000000000000        325.00000000000000        325.00000000000000     
   1.0000000000000000        325.00000000000000        325.00000000000000     
   1.0000000000000000        325.00000000000000        325.00000000000000     
   1.0000000000000000        325.00000000000000        325.00000000000000     
   1.0000000000000000        325.00000000000000        325.00000000000000     
   1.0000000000000000        325.00000000000000        325.00000000000000     
   1.0000000000000000        325.00000000000000        325.00000000000000     
 comp:           1
  -0.0000000000000000       -0.0000000000000000     
  -0.0000000000000000       -0.0000000000000000     
  -0.0000000000000000       -0.0000000000000000     
  -0.0000000000000000       -0.0000000000000000     
  -0.0000000000000000       -0.0000000000000000     
  -0.0000000000000000       -0.0000000000000000     
  -0.0000000000000000       -0.0000000000000000     
  -0.0000000000000000       -0.0000000000000000     
  -0.0000000000000000       -0.0000000000000000     
  -0.0000000000000000       -0.0000000000000000     
 comp:           2
  -0.0000000000000000       -0.0000000000000000     
  -0.0000000000000000       -0.0000000000000000     
  -0.0000000000000000       -0.0000000000000000     
  -0.0000000000000000       -0.0000000000000000     
  -0.0000000000000000       -0.0000000000000000     
  -0.0000000000000000       -0.0000000000000000     
  -0.0000000000000000       -0.0000000000000000     
  -0.0000000000000000       -0.0000000000000000     
  -0.0000000000000000       -0.0000000000000000     
  -0.0000000000000000       -0.0000000000000000     
 comp:           3
   1.0000000000000000       -325.00000000000000       -325.00000000000000     
   1.0000000000000000       -325.00000000000000       -325.00000000000000     
   1.0000000000000000       -325.00000000000000       -325.00000000000000     
   1.0000000000000000       -325.00000000000000       -325.00000000000000     
   1.0000000000000000       -325.00000000000000       -325.00000000000000     
   1.0000000000000000       -325.00000000000000       -325.00000000000000     
   1.0000000000000000       -325.00000000000000       -325.00000000000000     
   1.0000000000000000       -325.00000000000000       -325.00000000000000     
   1.0000000000000000       -325.00000000000000       -325.00000000000000     
   1.0000000000000000       -325.00000000000000       -325.00000000000000     
 
 part:           3
 comp:           0
  0.99999833329573140        167.36423043522808        167.36450938237027     
  0.99999983333011511        167.36448148774676        167.36450938237027     
  0.99999998333301687        167.36450659290881        167.36450938237027     
  0.99999999833330167        167.36450910342413        167.36450938237027     
  0.99999999983333021        167.36450935447567        167.36450938237027     
  0.99999999998333289        167.36450937958080        167.36450938237027     
  0.99999999999833300        167.36450938209128        167.36450938237027     
  0.99999999999983336        167.36450938234239        167.36450938237027     
  0.99999999999998335        167.36450938236749        167.36450938237027     
  0.99999999999999845        167.36450938237002        167.36450938237027     
 comp:           1
  0.99999885062839444        95.628591317118790        95.628701230032661     
  0.99999988506321891        95.628690238777565        95.628701230032661     
  0.99999998850632554        95.628700130907504        95.628701230032661     
  0.99999999885063262        95.628701120120155        95.628701230032661     
  0.99999999988506316        95.628701219041403        95.628701230032661     
  0.99999999998850631        95.628701228933537        95.628701230032661     
  0.99999999999885059        95.628701229922740        95.628701230032661     
  0.99999999999988509        95.628701230021676        95.628701230032661     
  0.99999999999998856        95.628701230031567        95.628701230032661     
  0.99999999999999878        95.628701230032547        95.628701230032661     
 comp:           2
  0.99999841396951805        86.977917634366207        86.978055584213621     
  0.99999984139747544        86.978041789274428        86.978055584213621     
  0.99999998413975277        86.978054204720152        86.978055584213621     
  0.99999999841397536        86.978055446264278        86.978055584213621     
  0.99999999984139754        86.978055570418690        86.978055584213621     
  0.99999999998413980        86.978055582834131        86.978055584213621     
  0.99999999999841382        86.978055584075662        86.978055584213621     
  0.99999999999984157        86.978055584199836        86.978055584213621     
  0.99999999999998412        86.978055584212242        86.978055584213621     
  0.99999999999999833        86.978055584213479        86.978055584213621     
 comp:           3
  0.99999786005687086        106.29036770502306        106.29059516085186     
  0.99999978600639372        106.29057241534409        106.29059516085186     
  0.99999997860064627        106.29059288630182        106.29059516085186     
  0.99999999786006466        106.29059493339686        106.29059516085186     
  0.99999999978600640        106.29059513810635        106.29059516085186     
  0.99999999997860067        106.29059515857732        106.29059516085186     
  0.99999999999786005        106.29059516062441        106.29059516085186     
  0.99999999999978606        106.29059516082913        106.29059516085186     
  0.99999999999997857        106.29059516084959        106.29059516085186     
  0.99999999999999789        106.29059516085164        106.29059516085186     
 
 part:           4
 comp:           0
  0.99999835516892099        152.51268531932973        152.51293617734711     
  0.99999983551742533        152.51291109162671        152.51293617734711     
  0.99999998355174780        152.51293366877587        152.51293617734711     
  0.99999999835517484        152.51293592649000        152.51293617734711     
  0.99999999983551768        152.51293615226143        152.51293617734711     
  0.99999999998355160        152.51293617483853        152.51293617734711     
  0.99999999999835487        152.51293617709621        152.51293617734711     
  0.99999999999983569        152.51293617732205        152.51293617734711     
  0.99999999999998357        152.51293617734461        152.51293617734711     
  0.99999999999999856        152.51293617734689        152.51293617734711     
 comp:           1
  0.99999747608948131        39.684141538540992        39.684241698016038     
  0.99999974760978394        39.684231682101704        39.684241698016038     
  0.99999997476098657        39.684240696424929        39.684241698016038     
  0.99999999747609880        39.684241597856932        39.684241698016038     
  0.99999999974760989        39.684241688000128        39.684241698016038     
  0.99999999997476086        39.684241697014443        39.684241698016038     
  0.99999999999747591        39.684241697915873        39.684241698016038     
  0.99999999999974776        39.684241698006026        39.684241698016038     
  0.99999999999997480        39.684241698015036        39.684241698016038     
  0.99999999999999745        39.684241698015938        39.684241698016038     
 comp:           2
  0.99999671457562223        38.262350041499673        38.262475749970257     
  0.99999967145865021        38.262463179164826        38.262475749970257     
  0.99999996714587580        38.262474492890128        38.262475749970257     
  0.99999999671458761        38.262475624262244        38.262475749970257     
  0.99999999967145881        38.262475737399456        38.262475749970257     
  0.99999999996714595        38.262475748713179        38.262475749970257     
  0.99999999999671452        38.262475749844548        38.262475749970257     
  0.99999999999967149        38.262475749957687        38.262475749970257     
  0.99999999999996736        38.262475749969006        38.262475749970257     
  0.99999999999999667        38.262475749970129        38.262475749970257     
 comp:           3
  0.99999854240984176        142.20154943939139        142.20175671127245     
  0.99999985424146676        142.20173598415298        142.20175671127245     
  0.99999998542415136        142.20175463856117        142.20175671127245     
  0.99999999854241528        142.20175650400134        142.20175671127245     
  0.99999999985424137        142.20175669054532        142.20175671127245     
  0.99999999998542421        142.20175670919974        142.20175671127245     
  0.99999999999854239        142.20175671106517        142.20175671127245     
  0.99999999999985434        142.20175671125173        142.20175671127245     
  0.99999999999998546        142.20175671127038        142.20175671127245     
  0.99999999999999856        142.20175671127225        142.20175671127245     
 
 part:           5
 comp:           0
   1.0000015050484883        176.65830261688873        176.65803673797760     
   1.0000001505041056        176.65806332573743        176.65803673797760     
   1.0000000150504031        176.65803939675229        176.65803673797760     
   1.0000000015050401        176.65803700385504        176.65803673797760     
   1.0000000001505041        176.65803676456537        176.65803673797760     
   1.0000000000150504        176.65803674063636        176.65803673797760     
   1.0000000000015050        176.65803673824345        176.65803673797760     
   1.0000000000001503        176.65803673800417        176.65803673797760     
   1.0000000000000149        176.65803673798024        176.65803673797760     
   1.0000000000000016        176.65803673797788        176.65803673797760     
 comp:           1
   1.0000015123986357       -76.710324699205358       -76.710208682790409     
   1.0000001512391483       -76.710220284377044       -76.710208682790409     
   1.0000000151239077       -76.710209842948530       -76.710208682790409     
   1.0000000015123909       -76.710208798806221       -76.710208682790409     
   1.0000000001512392       -76.710208694391994       -76.710208682790409     
   1.0000000000151239       -76.710208683950569       -76.710208682790409     
   1.0000000000015123       -76.710208682906426       -76.710208682790409     
   1.0000000000001512       -76.710208682802005       -76.710208682790409     
   1.0000000000000151       -76.710208682791560       -76.710208682790409     
   1.0000000000000016       -76.710208682790523       -76.710208682790409     
 comp:           2
   1.0000028170328534       -51.689371979222202       -51.689226368973351     
   1.0000002817019531       -51.689240929929376       -51.689226368973351     
   1.0000000281701822       -51.689227825068272       -51.689226368973351     
   1.0000000028170180       -51.689226514582835       -51.689226368973351     
   1.0000000002817020       -51.689226383534304       -51.689226368973351     
   1.0000000000281701       -51.689226370429445       -51.689226368973351     
   1.0000000000028171       -51.689226369118963       -51.689226368973351     
   1.0000000000002818       -51.689226368987910       -51.689226368973351     
   1.0000000000000280       -51.689226368974801       -51.689226368973351     
   1.0000000000000029       -51.689226368973500       -51.689226368973351     
 comp:           3
   1.0000018871943193       -127.21900344699226       -127.21876336046475     
   1.0000001887185395       -127.21878736900396       -127.21876336046475     
   1.0000000188718450       -127.21876576131754       -127.21876336046475     
   1.0000000018871844       -127.21876360055002       -127.21876336046475     
   1.0000000001887184       -127.21876338447328       -127.21876336046475     
   1.0000000000188718       -127.21876336286560       -127.21876336046475     
   1.0000000000018872       -127.21876336070484       -127.21876336046475     
   1.0000000000001887       -127.21876336048875       -127.21876336046475     
   1.0000000000000189       -127.21876336046714       -127.21876336046475     
   1.0000000000000020       -127.21876336046499       -127.21876336046475     
 
 part:           6
 comp:           0
   1.0000017199120681        153.45360221933839        153.45333829308996     
   1.0000001719909406        153.45336468567396        153.45333829308996     
   1.0000000171990913        153.45334093234794        153.45333829308996     
   1.0000000017199091        153.45333855701574        153.45333829308996     
   1.0000000001719909        153.45333831948253        153.45333829308996     
   1.0000000000171991        153.45333829572922        153.45333829308996     
   1.0000000000017202        153.45333829335391        153.45333829308996     
   1.0000000000001721        153.45333829311636        153.45333829308996     
   1.0000000000000173        153.45333829309260        153.45333829308996     
   1.0000000000000018        153.45333829309024        153.45333829308996     
 comp:           1
  0.99996422728216172       -58.596368993345166       -58.598465219707229     
  0.99998803841407635       -58.597764289130509       -58.598465219707229     
  0.99999617157235265       -58.598240879722887       -58.598465219707229     
  0.99999878535345654       -58.598394043283996       -58.598465219707229     
  0.99999961551460570       -58.598442689453222       -58.598465219707229     
  0.99999987837763271       -58.598458092823172       -58.598465219707229     
  0.99999996153589132       -58.598462965769492       -58.598465219707229     
  0.99999998783620869       -58.598464506927726       -58.598465219707229     
  0.99999999615343438       -58.598464994304386       -58.598465219707229     
  0.99999999878360546       -58.598465148428375       -58.598465219707229     
 comp:           2
   1.0000575703878294       -73.550181051816779       -73.545946983125688     
   1.0000182469124095       -73.547288969578361       -73.545946983125688     
   1.0000057459093794       -73.546369571472283       -73.545946983125688     
   1.0000018137059561       -73.546080373847772       -73.545946983125688     
   1.0000005731852966       -73.545989138581120       -73.545946983125688     
   1.0000001812202743       -73.545960311142380       -73.545946983125688     
   1.0000000573031969       -73.545951197543573       -73.545946983125688     
   1.0000000181204904       -73.545948315814314       -73.545946983125688     
   1.0000000057301650       -73.545947404556102       -73.545946983125688     
   1.0000000018120339       -73.545947116393435       -73.545946983125688     
 comp:           3
  0.99998993042939177       -121.26353302675807       -121.26475411076187     
  0.99999635668755460       -121.26431230537403       -121.26475411076187     
  0.99999880798124940       -121.26460956090118       -121.26475411076187     
  0.99999961924675373       -121.26470793881309       -121.26475411076187     
  0.99999987922075295       -121.26473946449617       -121.26475411076187     
  0.99999996176899775       -121.26474947468878       -121.26475411076187     
  0.99999998790657119       -121.26475264425520       -121.26475411076187     
  0.99999999617535007       -121.26475364696664       -121.26475411076187     
  0.99999999879050239       -121.26475396409244       -121.26475411076187     
  0.99999999961751962       -121.26475406438048       -121.26475411076187     
 
 part:           7
 comp:           0
   1.0000000000000000        1.1179409215044060E-002   1.1179409215044060E-002
   1.0000000000000000        1.1179409215044060E-002   1.1179409215044060E-002
   1.0000000000000000        1.1179409215044060E-002   1.1179409215044060E-002
   1.0000000000000000        1.1179409215044060E-002   1.1179409215044060E-002
   1.0000000000000000        1.1179409215044060E-002   1.1179409215044060E-002
   1.0000000000000000        1.1179409215044060E-002   1.1179409215044060E-002
   1.0000000000000000        1.1179409215044060E-002   1.1179409215044060E-002
   1.0000000000000000        1.1179409215044060E-002   1.1179409215044060E-002
   1.0000000000000000        1.1179409215044060E-002   1.1179409215044060E-002
   1.0000000000000000        1.1179409215044060E-002   1.1179409215044060E-002
 comp:           1
   1.4146467471450574       -6.0391631092490961E-003  -4.2690255510337959E-003
   1.1565513751722716       -4.9373473716937009E-003  -4.2690255510337959E-003
   1.0517867853777023       -4.4901046610171108E-003  -4.2690255510337959E-003
   1.0165963719251925       -4.3398758868369025E-003  -4.2690255510337959E-003
   1.0052699720318934       -4.2915231962911823E-003  -4.2690255510337959E-003
   1.0016686766350715       -4.2761491742253294E-003  -4.2690255510337959E-003
   1.0005278983767103       -4.2712791626923216E-003  -4.2690255510337959E-003
   1.0001669577485197       -4.2697382979281695E-003  -4.2690255510337959E-003
   1.0000527988376497       -4.2692509506207874E-003  -4.2690255510337959E-003
   1.0000166966774555       -4.2690968295764709E-003  -4.2690255510337959E-003
 comp:           2
  0.13337947301336306       -7.1464482689015570E-004  -5.3579820848336738E-003
  0.74189664477981609       -3.9750689315284663E-003  -5.3579820848336738E-003
  0.92036535241358564       -4.9313010697336224E-003  -5.3579820848336738E-003
  0.97502791409129230       -5.2241820959138905E-003  -5.3579820848336738E-003
  0.99212457573244006       -5.3157857026976231E-003  -5.3579820848336738E-003
  0.99751172939003119       -5.3446499754832427E-003  -5.3579820848336738E-003
  0.99921335549865620       -5.3537672576883409E-003  -5.3579820848336738E-003
  0.99975126277955051       -5.3566493552626741E-003  -5.3579820848336738E-003
  0.99992134454663295       -5.3575606503236586E-003  -5.3579820848336738E-003
  0.99997512717375026       -5.3578488166762285E-003  -5.3579820848336738E-003
 comp:           3
   1.0618343872759908       -9.3806706641207677E-003  -8.8344008976632953E-003
   1.0423712061206760       -9.2087251190508725E-003  -8.8344008976632953E-003
   1.0155983125761419       -8.9722026442879948E-003  -8.8344008976632953E-003
   1.0051499969177333       -8.8798980350562814E-003  -8.8344008976632953E-003
   1.0016502289982103       -8.8489796822064353E-003  -8.8344008976632953E-003
   1.0005240111956395       -8.8390302226404385E-003  -8.8344008976632953E-003
   1.0001659231789362       -8.8358667295442318E-003  -8.8344008976632953E-003
   1.0000524911372601       -8.8348646254134255E-003  -8.8344008976632953E-003
   1.0000166013169880       -8.8345475603529965E-003  -8.8344008976632953E-003
   1.0000052500144549       -8.8344472783957080E-003  -8.8344008976632953E-003
 
 part: i_fks+j_fks
 comp:           0
   1.0000017197867781        153.46478162855342        153.46451770230499     
   1.0000001719784117        153.46454409488899        153.46451770230499     
   1.0000000171978385        153.46452034156297        153.46451770230499     
   1.0000000017197836        153.46451796623077        153.46451770230499     
   1.0000000001719782        153.46451772869756        153.46451770230499     
   1.0000000000171978        153.46451770494426        153.46451770230499     
   1.0000000000017200        153.46451770256894        153.46451770230499     
   1.0000000000001721        153.46451770233139        153.46451770230499     
   1.0000000000000173        153.46451770230763        153.46451770230499     
   1.0000000000000018        153.46451770230527        153.46451770230499     
 comp:           1
  0.99999443560427603       -58.602408156454416       -58.602734245258262     
  0.99999944356254911       -58.602701636502204       -58.602734245258262     
  0.99999994435627615       -58.602730984383903       -58.602734245258262     
  0.99999999443562770       -58.602733919170831       -58.602734245258262     
  0.99999999944356277       -58.602734212649516       -58.602734245258262     
  0.99999999994435640       -58.602734241997396       -58.602734245258262     
  0.99999999999443578       -58.602734244932186       -58.602734245258262     
  0.99999999999944356       -58.602734245225655       -58.602734245258262     
  0.99999999999994449       -58.602734245255007       -58.602734245258262     
  0.99999999999999467       -58.602734245257949       -58.602734245258262     
 comp:           2
  0.99999443560427581       -73.550895696643664       -73.551304965210520     
  0.99999944356254922       -73.551264038509885       -73.551304965210520     
  0.99999994435627615       -73.551300872542015       -73.551304965210520     
  0.99999999443562781       -73.551304555943688       -73.551304965210520     
  0.99999999944356244       -73.551304924283812       -73.551304965210520     
  0.99999999994435651       -73.551304961117864       -73.551304965210520     
  0.99999999999443578       -73.551304964801261       -73.551304965210520     
  0.99999999999944333       -73.551304965169578       -73.551304965210520     
  0.99999999999994438       -73.551304965206427       -73.551304965210520     
  0.99999999999999445       -73.551304965210107       -73.551304965210520     
 comp:           3
  0.99999443560427592       -121.27291369742218       -121.27358851165954     
  0.99999944356254911       -121.27352103049309       -121.27358851165954     
  0.99999994435627615       -121.27358176354547       -121.27358851165954     
  0.99999999443562781       -121.27358783684815       -121.27358851165954     
  0.99999999944356266       -121.27358844417839       -121.27358851165954     
  0.99999999994435629       -121.27358850491143       -121.27358851165954     
  0.99999999999443567       -121.27358851098474       -121.27358851165954     
  0.99999999999944356       -121.27358851159205       -121.27358851165954     
  0.99999999999994438       -121.27358851165279       -121.27358851165954     
  0.99999999999999445       -121.27358851165887       -121.27358851165954     
     
 Collinear #          22
 
 part:           1
 comp:           0
   1.0000000000000000        325.00000000000000        325.00000000000000     
   1.0000000000000000        325.00000000000000        325.00000000000000     
   1.0000000000000000        325.00000000000000        325.00000000000000     
   1.0000000000000000        325.00000000000000        325.00000000000000     
   1.0000000000000000        325.00000000000000        325.00000000000000     
   1.0000000000000000        325.00000000000000        325.00000000000000     
   1.0000000000000000        325.00000000000000        325.00000000000000     
   1.0000000000000000        325.00000000000000        325.00000000000000     
   1.0000000000000000        325.00000000000000        325.00000000000000     
   1.0000000000000000        325.00000000000000        325.00000000000000     
 comp:           1
   0.0000000000000000        0.0000000000000000     
   0.0000000000000000        0.0000000000000000     
   0.0000000000000000        0.0000000000000000     
   0.0000000000000000        0.0000000000000000     
   0.0000000000000000        0.0000000000000000     
   0.0000000000000000        0.0000000000000000     
   0.0000000000000000        0.0000000000000000     
   0.0000000000000000        0.0000000000000000     
   0.0000000000000000        0.0000000000000000     
   0.0000000000000000        0.0000000000000000     
 comp:           2
   0.0000000000000000        0.0000000000000000     
   0.0000000000000000        0.0000000000000000     
   0.0000000000000000        0.0000000000000000     
   0.0000000000000000        0.0000000000000000     
   0.0000000000000000        0.0000000000000000     
   0.0000000000000000        0.0000000000000000     
   0.0000000000000000        0.0000000000000000     
   0.0000000000000000        0.0000000000000000     
   0.0000000000000000        0.0000000000000000     
   0.0000000000000000        0.0000000000000000     
 comp:           3
   1.0000000000000000        325.00000000000000        325.00000000000000     
   1.0000000000000000        325.00000000000000        325.00000000000000     
   1.0000000000000000        325.00000000000000        325.00000000000000     
   1.0000000000000000        325.00000000000000        325.00000000000000     
   1.0000000000000000        325.00000000000000        325.00000000000000     
   1.0000000000000000        325.00000000000000        325.00000000000000     
   1.0000000000000000        325.00000000000000        325.00000000000000     
   1.0000000000000000        325.00000000000000        325.00000000000000     
   1.0000000000000000        325.00000000000000        325.00000000000000     
   1.0000000000000000        325.00000000000000        325.00000000000000     
 
 part:           2
 comp:           0
   1.0000000000000000        325.00000000000000        325.00000000000000     
   1.0000000000000000        325.00000000000000        325.00000000000000     
   1.0000000000000000        325.00000000000000        325.00000000000000     
   1.0000000000000000        325.00000000000000        325.00000000000000     
   1.0000000000000000        325.00000000000000        325.00000000000000     
   1.0000000000000000        325.00000000000000        325.00000000000000     
   1.0000000000000000        325.00000000000000        325.00000000000000     
   1.0000000000000000        325.00000000000000        325.00000000000000     
   1.0000000000000000        325.00000000000000        325.00000000000000     
   1.0000000000000000        325.00000000000000        325.00000000000000     
 comp:           1
  -0.0000000000000000       -0.0000000000000000     
  -0.0000000000000000       -0.0000000000000000     
  -0.0000000000000000       -0.0000000000000000     
  -0.0000000000000000       -0.0000000000000000     
  -0.0000000000000000       -0.0000000000000000     
  -0.0000000000000000       -0.0000000000000000     
  -0.0000000000000000       -0.0000000000000000     
  -0.0000000000000000       -0.0000000000000000     
  -0.0000000000000000       -0.0000000000000000     
  -0.0000000000000000       -0.0000000000000000     
 comp:           2
  -0.0000000000000000       -0.0000000000000000     
  -0.0000000000000000       -0.0000000000000000     
  -0.0000000000000000       -0.0000000000000000     
  -0.0000000000000000       -0.0000000000000000     
  -0.0000000000000000       -0.0000000000000000     
  -0.0000000000000000       -0.0000000000000000     
  -0.0000000000000000       -0.0000000000000000     
  -0.0000000000000000       -0.0000000000000000     
  -0.0000000000000000       -0.0000000000000000     
  -0.0000000000000000       -0.0000000000000000     
 comp:           3
   1.0000000000000000       -325.00000000000000       -325.00000000000000     
   1.0000000000000000       -325.00000000000000       -325.00000000000000     
   1.0000000000000000       -325.00000000000000       -325.00000000000000     
   1.0000000000000000       -325.00000000000000       -325.00000000000000     
   1.0000000000000000       -325.00000000000000       -325.00000000000000     
   1.0000000000000000       -325.00000000000000       -325.00000000000000     
   1.0000000000000000       -325.00000000000000       -325.00000000000000     
   1.0000000000000000       -325.00000000000000       -325.00000000000000     
   1.0000000000000000       -325.00000000000000       -325.00000000000000     
   1.0000000000000000       -325.00000000000000       -325.00000000000000     
 
 part:           3
 comp:           0
   1.0000000052142404        46.948525264368982        46.948525019568088     
   1.0000000005214238        46.948525044048168        46.948525019568088     
   1.0000000000521423        46.948525022016092        46.948525019568088     
   1.0000000000052143        46.948525019812891        46.948525019568088     
   1.0000000000005214        46.948525019592566        46.948525019568088     
   1.0000000000000522        46.948525019570539        46.948525019568088     
   1.0000000000000053        46.948525019568336        46.948525019568088     
   1.0000000000000007        46.948525019568116        46.948525019568088     
   1.0000000000000000        46.948525019568088        46.948525019568088     
   1.0000000000000000        46.948525019568088        46.948525019568088     
 comp:           1
   1.0000000481384617       -7.9929892315700659       -7.9929888467998786     
   1.0000000048138449       -7.9929888852768878       -7.9929888467998786     
   1.0000000004813845       -7.9929888506475804       -7.9929888467998786     
   1.0000000000481382       -7.9929888471846473       -7.9929888467998786     
   1.0000000000048144       -7.9929888468383599       -7.9929888467998786     
   1.0000000000004809       -7.9929888468037236       -7.9929888467998786     
   1.0000000000000488       -7.9929888468002686       -7.9929888467998786     
   1.0000000000000051       -7.9929888467999186       -7.9929888467998786     
   1.0000000000000000       -7.9929888467998786       -7.9929888467998786     
   1.0000000000000000       -7.9929888467998786       -7.9929888467998786     
 comp:           2
   1.0000000058948046       -41.349997102589143       -41.349996858838992     
   1.0000000005894805       -41.349996883214004       -41.349996858838992     
   1.0000000000589482       -41.349996861276495       -41.349996858838992     
   1.0000000000058948       -41.349996859082744       -41.349996858838992     
   1.0000000000005895       -41.349996858863371       -41.349996858838992     
   1.0000000000000588       -41.349996858841429       -41.349996858838992     
   1.0000000000000060       -41.349996858839241       -41.349996858838992     
   1.0000000000000007       -41.349996858839020       -41.349996858838992     
   1.0000000000000000       -41.349996858838992       -41.349996858838992     
   1.0000000000000000       -41.349996858838992       -41.349996858838992     
 comp:           3
  0.99999999611161683       -20.671143128984493       -20.671143209361819     
  0.99999999961116182       -20.671143201324089       -20.671143209361819     
  0.99999999996111621       -20.671143208558046       -20.671143209361819     
  0.99999999999611167       -20.671143209281443       -20.671143209361819     
  0.99999999999961109       -20.671143209353779       -20.671143209361819     
  0.99999999999996114       -20.671143209361016       -20.671143209361819     
  0.99999999999999600       -20.671143209361738       -20.671143209361819     
  0.99999999999999967       -20.671143209361812       -20.671143209361819     
   1.0000000000000000       -20.671143209361819       -20.671143209361819     
   1.0000000000000000       -20.671143209361819       -20.671143209361819     
 
 part:           4
 comp:           0
   1.0000000034863230        252.12187853952366        252.12187766054538     
   1.0000000003486322        252.12187774844318        252.12187766054538     
   1.0000000000348632        252.12187766933513        252.12187766054538     
   1.0000000000034863        252.12187766142435        252.12187766054538     
   1.0000000000003486        252.12187766063326        252.12187766054538     
   1.0000000000000351        252.12187766055422        252.12187766054538     
   1.0000000000000036        252.12187766054626        252.12187766054538     
   1.0000000000000004        252.12187766054547        252.12187766054538     
   1.0000000000000000        252.12187766054538        252.12187766054538     
   1.0000000000000000        252.12187766054538        252.12187766054538     
 comp:           1
  0.99999996291876780        55.723170856107451        55.723172922391363     
  0.99999999629187764        55.723172715763020        55.723172922391363     
  0.99999999962918773        55.723172901728525        55.723172922391363     
  0.99999999996291888        55.723172920325084        55.723172922391363     
  0.99999999999629152        55.723172922184716        55.723172922391363     
  0.99999999999962941        55.723172922370715        55.723172922391363     
  0.99999999999996236        55.723172922389267        55.723172922391363     
  0.99999999999999600        55.723172922391143        55.723172922391363     
   1.0000000000000000        55.723172922391363        55.723172922391363     
   1.0000000000000000        55.723172922391363        55.723172922391363     
 comp:           2
   1.0000000054380156       -240.70938819379066       -240.70938688480928     
   1.0000000005438014       -240.70938701570739       -240.70938688480928     
   1.0000000000543803       -240.70938689789909       -240.70938688480928     
   1.0000000000054381       -240.70938688611827       -240.70938688480928     
   1.0000000000005438       -240.70938688494019       -240.70938688480928     
   1.0000000000000544       -240.70938688482235       -240.70938688480928     
   1.0000000000000056       -240.70938688481061       -240.70938688480928     
   1.0000000000000007       -240.70938688480942       -240.70938688480928     
   1.0000000000000000       -240.70938688480928       -240.70938688480928     
   1.0000000000000000       -240.70938688480928       -240.70938688480928     
 comp:           3
   1.0000000085995751        50.193229657099728        50.193229225459284     
   1.0000000008599574        50.193229268623320        50.193229225459284     
   1.0000000000859957        50.193229229775689        50.193229225459284     
   1.0000000000085996        50.193229225890924        50.193229225459284     
   1.0000000000008600        50.193229225502449        50.193229225459284     
   1.0000000000000859        50.193229225463597        50.193229225459284     
   1.0000000000000089        50.193229225459724        50.193229225459284     
   1.0000000000000009        50.193229225459326        50.193229225459284     
   1.0000000000000000        50.193229225459284        50.193229225459284     
   1.0000000000000000        50.193229225459284        50.193229225459284     
 
 part:           5
 comp:           0
  0.99999999528077044        314.39505979517628        314.39506127887876     
  0.99999999952807728        314.39506113050857        314.39506127887876     
  0.99999999995280742        314.39506126404166        314.39506127887876     
  0.99999999999528089        314.39506127739509        314.39506127887876     
  0.99999999999952793        314.39506127873034        314.39506127887876     
  0.99999999999995304        314.39506127886398        314.39506127887876     
  0.99999999999999534        314.39506127887728        314.39506127887876     
  0.99999999999999944        314.39506127887859        314.39506127887876     
   1.0000000000000000        314.39506127887876        314.39506127887876     
   1.0000000000000000        314.39506127887876        314.39506127887876     
 comp:           1
   1.0000001486215546       -17.336979678920358       -17.336977102271867     
   1.0000000148621520       -17.336977359936654       -17.336977102271867     
   1.0000000014862156       -17.336977128038352       -17.336977102271867     
   1.0000000001486211       -17.336977104848508       -17.336977102271867     
   1.0000000000148637       -17.336977102529559       -17.336977102271867     
   1.0000000000014850       -17.336977102297613       -17.336977102271867     
   1.0000000000001505       -17.336977102274478       -17.336977102271867     
   1.0000000000000155       -17.336977102272137       -17.336977102271867     
   1.0000000000000000       -17.336977102271867       -17.336977102271867     
   1.0000000000000000       -17.336977102271867       -17.336977102271867     
 comp:           2
  0.99999999458273225        301.31333945364327        301.31334108593830     
  0.99999999945827334        301.31334092270885        301.31334108593830     
  0.99999999994582744        301.31334106961538        301.31334108593830     
  0.99999999999458267        301.31334108430599        301.31334108593830     
  0.99999999999945821        301.31334108577505        301.31334108593830     
  0.99999999999994582        301.31334108592199        301.31334108593830     
  0.99999999999999456        301.31334108593666        301.31334108593830     
  0.99999999999999944        301.31334108593813        301.31334108593830     
   1.0000000000000000        301.31334108593830        301.31334108593830     
   1.0000000000000000        301.31334108593830        301.31334108593830     
 comp:           3
  0.99999998499478593       -35.871134246747630       -35.871134785001686     
  0.99999999849947885       -35.871134731176291       -35.871134785001686     
  0.99999999984994792       -35.871134779619148       -35.871134785001686     
  0.99999999998499489       -35.871134784463436       -35.871134785001686     
  0.99999999999849931       -35.871134784947856       -35.871134785001686     
  0.99999999999985001       -35.871134784996308       -35.871134785001686     
  0.99999999999998479       -35.871134785001139       -35.871134785001686     
  0.99999999999999845       -35.871134785001630       -35.871134785001686     
   1.0000000000000000       -35.871134785001686       -35.871134785001686     
   1.0000000000000000       -35.871134785001686       -35.871134785001686     
 
 part:           6
 comp:           0
   1.0000000098516111        36.534472365459770        36.534472005536358     
   1.0000000009851611        36.534472041528701        36.534472005536358     
   1.0000000000985163        36.534472009135598        36.534472005536358     
   1.0000000000098517        36.534472005896284        36.534472005536358     
   1.0000000000009852        36.534472005572354        36.534472005536358     
   1.0000000000000986        36.534472005539961        36.534472005536358     
   1.0000000000000100        36.534472005536720        36.534472005536358     
   1.0000000000000011        36.534472005536401        36.534472005536358     
   1.0000000000000002        36.534472005536365        36.534472005536358     
   1.0000000000000000        36.534472005536358        36.534472005536358     
 comp:           1
  0.99999957735866019       -30.393140856586147       -30.393153701989348     
  0.99999986101724248       -30.393149477865038       -30.393153701989348     
  0.99999995573680400       -30.393152356691228       -30.393153701989348     
  0.99999998597828754       -30.393153275825288       -30.393153701989348     
  0.99999999556371055       -30.393153567156521       -30.393153701989348     
  0.99999999859684618       -30.393153659343078       -30.393153701989348     
  0.99999999955628194       -30.393153688503357       -30.393153701989348     
  0.99999999985968202       -30.393153697724642       -30.393153701989348     
  0.99999999995562749       -30.393153700640728       -30.393153701989348     
  0.99999999998596811       -30.393153701562873       -30.393153701989348     
 comp:           2
   1.0000012219899945       -19.253947123248448       -19.253923595146460     
   1.0000003932703792       -19.253931167144295       -19.253923595146460     
   1.0000001244302037       -19.253925990916095       -19.253923595146460     
   1.0000000393358388       -19.253924352515696       -19.253923595146460     
   1.0000000124372481       -19.253923834612284       -19.253923595146460     
   1.0000000039329666       -19.253923670871501       -19.253923595146460     
   1.0000000012436376       -19.253923619091363       -19.253923595146460     
   1.0000000003932707       -19.253923602718466       -19.253923595146460     
   1.0000000001243630       -19.253923597540936       -19.253923595146460     
   1.0000000000393270       -19.253923595903657       -19.253923595146460     
 comp:           3
  0.99999877334657605        6.3490298526161082        6.3490376406848688     
  0.99999960081427475        6.3490351062396737        6.3490376406848688     
  0.99999987326754225        6.3490368360557241        6.3490376406848688     
  0.99999995989334356        6.3490373860461977        6.3490376406848688     
  0.99999998731473216        6.3490375601456259        6.3490376406848688     
  0.99999999598817302        6.3490376152136285        6.3490376406848688     
  0.99999999873138312        6.3490376326303721        6.3490376406848688     
  0.99999999959882624        6.3490376381378013        6.3490376406848688     
  0.99999999987313759        6.3490376398794144        6.3490376406848688     
  0.99999999995988254        6.3490376404301614        6.3490376406848688     
 
 part:           7
 comp:           0
   1.0000000000000000        6.4035471332253303E-005   6.4035471332253303E-005
   1.0000000000000000        6.4035471332253303E-005   6.4035471332253303E-005
   1.0000000000000000        6.4035471332253303E-005   6.4035471332253303E-005
   1.0000000000000000        6.4035471332253303E-005   6.4035471332253303E-005
   1.0000000000000000        6.4035471332253303E-005   6.4035471332253303E-005
   1.0000000000000000        6.4035471332253303E-005   6.4035471332253303E-005
   1.0000000000000000        6.4035471332253303E-005   6.4035471332253303E-005
   1.0000000000000000        6.4035471332253303E-005   6.4035471332253303E-005
   1.0000000000000000        6.4035471332253303E-005   6.4035471332253303E-005
   1.0000000000000000        6.4035471332253303E-005   6.4035471332253303E-005
 comp:           1
   1.1467524942475458       -6.1089030800421496E-005  -5.3271330218911560E-005
   1.0698566016115647       -5.6992684311332174E-005  -5.3271330218911560E-005
   1.0243099073478552       -5.4566351320830296E-005  -5.3271330218911560E-005
   1.0079054972811110       -5.3692466575118337E-005  -5.3271330218911560E-005
   1.0025216201928107       -5.3405660280889447E-005  -5.3271330218911560E-005
   1.0007996044555596       -5.3313926211908191E-005  -5.3271330218911560E-005
   1.0002530623253878       -5.3284811185613256E-005  -5.3271330218911560E-005
   1.0000800469583877       -5.3275594426864848E-005  -5.3271330218911560E-005
   1.0000253152321839       -5.3272678795004798E-005  -5.3271330218911560E-005
   1.0000080055968799       -5.3271756687706545E-005  -5.3271330218911560E-005
 comp:           2
  0.20843290058197775       -7.0340150228503724E-006  -3.3747143580549353E-005
  0.76618760488120474       -2.5856643111563235E-005  -3.3747143580549353E-005
  0.92806443331783861       -3.1319523683178273E-005  -3.3747143580549353E-005
  0.97746315133795203       -3.2986589312898108E-005  -3.3747143580549353E-005
  0.99289467788375674       -3.3507359254906439E-005  -3.3747143580549353E-005
  0.99775516130824793       -3.3671386686903624E-005  -3.3747143580549353E-005
  0.99929036692806783       -3.3723195491381352E-005  -3.3747143580549353E-005
  0.99977561593644082       -3.3739571259339234E-005  -3.3747143580549353E-005
  0.99992904569368124       -3.3744749075386356E-005  -3.3747143580549353E-005
  0.99997756249071390       -3.3746386378701886E-005  -3.3747143580549353E-005
 comp:           3
   1.6054694580395990        1.7866016267408466E-005   1.1128219336681895E-005
   1.2183114789457981        1.3557637358106147E-005   1.1128219336681895E-005
   1.0713615003485997        1.1922345764755813E-005   1.1128219336681895E-005
   1.0227878684860019        1.1381807735409586E-005   1.1128219336681895E-005
   1.0072279502923018        1.1208653552889263E-005   1.1128219336681895E-005
   1.0022879435314993        1.1153680074130362E-005   1.1128219336681895E-005
   1.0007236959055630        1.1136272783452059E-005   1.1128219336681895E-005
   1.0002288743675287        1.1130766300844299E-005   1.1128219336681895E-005
   1.0000723785896006        1.1129024781502250E-005   1.1128219336681895E-005
   1.0000228883397355        1.1128474043146724E-005   1.1128219336681895E-005
 
 part: i_fks+j_fks
 comp:           0
   1.0000000098515940        36.534536400931103        36.534536041007691     
   1.0000000009851595        36.534536077000034        36.534536041007691     
   1.0000000000985161        36.534536044606931        36.534536041007691     
   1.0000000000098517        36.534536041367616        36.534536041007691     
   1.0000000000009852        36.534536041043687        36.534536041007691     
   1.0000000000000986        36.534536041011293        36.534536041007691     
   1.0000000000000100        36.534536041008053        36.534536041007691     
   1.0000000000000011        36.534536041007733        36.534536041007691     
   1.0000000000000002        36.534536041007698        36.534536041007691     
   1.0000000000000000        36.534536041007691        36.534536041007691     
 comp:           1
  0.99999983457808106       -30.393201945616948       -30.393206973319568     
  0.99999998345780949       -30.393206470549348       -30.393206973319568     
  0.99999999834578102       -30.393206923042548       -30.393206973319568     
  0.99999999983457799       -30.393206968291864       -30.393206973319568     
  0.99999999998345790       -30.393206972816802       -30.393206973319568     
  0.99999999999834577       -30.393206973269290       -30.393206973319568     
  0.99999999999983469       -30.393206973314545       -30.393206973319568     
  0.99999999999998368       -30.393206973319071       -30.393206973319568     
  0.99999999999999845       -30.393206973319522       -30.393206973319568     
  0.99999999999999978       -30.393206973319561       -30.393206973319568     
 comp:           2
  0.99999983457808117       -19.253954157263472       -19.253957342290040     
  0.99999998345780938       -19.253957023787407       -19.253957342290040     
  0.99999999834578090       -19.253957310439777       -19.253957342290040     
  0.99999999983457799       -19.253957339105011       -19.253957342290040     
  0.99999999998345790       -19.253957341971539       -19.253957342290040     
  0.99999999999834577       -19.253957342258190       -19.253957342290040     
  0.99999999999983469       -19.253957342286856       -19.253957342290040     
  0.99999999999998357       -19.253957342289723       -19.253957342290040     
  0.99999999999999856       -19.253957342290011       -19.253957342290040     
  0.99999999999999978       -19.253957342290036       -19.253957342290040     
 comp:           3
  0.99999983457808128        6.3490477186323755        6.3490487689042050     
  0.99999998345780960        6.3490486638770314        6.3490487689042050     
  0.99999999834578113        6.3490487584014890        6.3490487689042050     
  0.99999999983457810        6.3490487678539331        6.3490487689042050     
  0.99999999998345801        6.3490487687991788        6.3490487689042050     
  0.99999999999834577        6.3490487688937023        6.3490487689042050     
  0.99999999999983469        6.3490487689031552        6.3490487689042050     
  0.99999999999998379        6.3490487689041020        6.3490487689042050     
  0.99999999999999856        6.3490487689041961        6.3490487689042050     
  0.99999999999999989        6.3490487689042041        6.3490487689042050     
     
 Collinear #          83
 
 part:           1
 comp:           0
   1.0000000000000000        325.00000000000000        325.00000000000000     
   1.0000000000000000        325.00000000000000        325.00000000000000     
   1.0000000000000000        325.00000000000000        325.00000000000000     
   1.0000000000000000        325.00000000000000        325.00000000000000     
   1.0000000000000000        325.00000000000000        325.00000000000000     
   1.0000000000000000        325.00000000000000        325.00000000000000     
   1.0000000000000000        325.00000000000000        325.00000000000000     
   1.0000000000000000        325.00000000000000        325.00000000000000     
   1.0000000000000000        325.00000000000000        325.00000000000000     
   1.0000000000000000        325.00000000000000        325.00000000000000     
 comp:           1
   0.0000000000000000        0.0000000000000000     
   0.0000000000000000        0.0000000000000000     
   0.0000000000000000        0.0000000000000000     
   0.0000000000000000        0.0000000000000000     
   0.0000000000000000        0.0000000000000000     
   0.0000000000000000        0.0000000000000000     
   0.0000000000000000        0.0000000000000000     
   0.0000000000000000        0.0000000000000000     
   0.0000000000000000        0.0000000000000000     
   0.0000000000000000        0.0000000000000000     
 comp:           2
   0.0000000000000000        0.0000000000000000     
   0.0000000000000000        0.0000000000000000     
   0.0000000000000000        0.0000000000000000     
   0.0000000000000000        0.0000000000000000     
   0.0000000000000000        0.0000000000000000     
   0.0000000000000000        0.0000000000000000     
   0.0000000000000000        0.0000000000000000     
   0.0000000000000000        0.0000000000000000     
   0.0000000000000000        0.0000000000000000     
   0.0000000000000000        0.0000000000000000     
 comp:           3
   1.0000000000000000        325.00000000000000        325.00000000000000     
   1.0000000000000000        325.00000000000000        325.00000000000000     
   1.0000000000000000        325.00000000000000        325.00000000000000     
   1.0000000000000000        325.00000000000000        325.00000000000000     
   1.0000000000000000        325.00000000000000        325.00000000000000     
   1.0000000000000000        325.00000000000000        325.00000000000000     
   1.0000000000000000        325.00000000000000        325.00000000000000     
   1.0000000000000000        325.00000000000000        325.00000000000000     
   1.0000000000000000        325.00000000000000        325.00000000000000     
   1.0000000000000000        325.00000000000000        325.00000000000000     
 
 part:           2
 comp:           0
   1.0000000000000000        325.00000000000000        325.00000000000000     
   1.0000000000000000        325.00000000000000        325.00000000000000     
   1.0000000000000000        325.00000000000000        325.00000000000000     
   1.0000000000000000        325.00000000000000        325.00000000000000     
   1.0000000000000000        325.00000000000000        325.00000000000000     
   1.0000000000000000        325.00000000000000        325.00000000000000     
   1.0000000000000000        325.00000000000000        325.00000000000000     
   1.0000000000000000        325.00000000000000        325.00000000000000     
   1.0000000000000000        325.00000000000000        325.00000000000000     
   1.0000000000000000        325.00000000000000        325.00000000000000     
 comp:           1
  -0.0000000000000000       -0.0000000000000000     
  -0.0000000000000000       -0.0000000000000000     
  -0.0000000000000000       -0.0000000000000000     
  -0.0000000000000000       -0.0000000000000000     
  -0.0000000000000000       -0.0000000000000000     
  -0.0000000000000000       -0.0000000000000000     
  -0.0000000000000000       -0.0000000000000000     
  -0.0000000000000000       -0.0000000000000000     
  -0.0000000000000000       -0.0000000000000000     
  -0.0000000000000000       -0.0000000000000000     
 comp:           2
  -0.0000000000000000       -0.0000000000000000     
  -0.0000000000000000       -0.0000000000000000     
  -0.0000000000000000       -0.0000000000000000     
  -0.0000000000000000       -0.0000000000000000     
  -0.0000000000000000       -0.0000000000000000     
  -0.0000000000000000       -0.0000000000000000     
  -0.0000000000000000       -0.0000000000000000     
  -0.0000000000000000       -0.0000000000000000     
  -0.0000000000000000       -0.0000000000000000     
  -0.0000000000000000       -0.0000000000000000     
 comp:           3
   1.0000000000000000       -325.00000000000000       -325.00000000000000     
   1.0000000000000000       -325.00000000000000       -325.00000000000000     
   1.0000000000000000       -325.00000000000000       -325.00000000000000     
   1.0000000000000000       -325.00000000000000       -325.00000000000000     
   1.0000000000000000       -325.00000000000000       -325.00000000000000     
   1.0000000000000000       -325.00000000000000       -325.00000000000000     
   1.0000000000000000       -325.00000000000000       -325.00000000000000     
   1.0000000000000000       -325.00000000000000       -325.00000000000000     
   1.0000000000000000       -325.00000000000000       -325.00000000000000     
   1.0000000000000000       -325.00000000000000       -325.00000000000000     
 
 part:           3
 comp:           0
  0.99661582956545558        199.36298739486958        200.03995670206825     
  0.99967324450684181        199.97459254736472        200.03995670206825     
  0.99996743665265642        200.03344273147556        200.03995670206825     
  0.99999674478304057        200.03930552860862        200.03995670206825     
  0.99999967448947746        200.03989158695742        200.03995670206825     
  0.99999996744905950        200.03995019057953        200.03995670206825     
  0.99999999674490725        200.03995605091964        200.03995670206825     
  0.99999999967449082        200.03995663695341        200.03995670206825     
  0.99999999996744904        200.03995669555675        200.03995670206825     
  0.99999999999674483        200.03995670141708        200.03995670206825     
 comp:           1
   1.0074783844916404        2.8176908809831658        2.7967755183203593     
   1.0007219947407948        2.7987947755357703        2.7967755183203593     
   1.0000719508483096        2.7969767486914341        2.7967755183203593     
   1.0000071926080081        2.7967956344303491        2.7967755183203593     
   1.0000007192360421        2.7967775298621134        2.7967755183203593     
   1.0000000719233568        2.7967757194738430        2.7967755183203593     
   1.0000000071923327        2.7967755384356994        2.7967755183203593     
   1.0000000007192333        2.7967755203318934        2.7967755183203593     
   1.0000000000719236        2.7967755185215135        2.7967755183203593     
   1.0000000000071927        2.7967755183404757        2.7967755183203593     
 comp:           2
  0.99173623060180127        34.452162066867743        34.739239128091171     
  0.99920218089196799        34.711523499316286        34.739239128091171     
  0.99992049282581008        34.736477109354588        34.739239128091171     
  0.99999205201952146        34.738963021296740        34.739239128091171     
  0.99999920522931096        34.739211518362154        34.739239128091171     
  0.99999992052320452        34.739236367127766        34.739239128091171     
  0.99999999205232359        34.739238851994941        34.739239128091171     
  0.99999999920523241        34.739239100481548        34.739239128091171     
  0.99999999992052302        34.739239125330201        34.739239128091171     
  0.99999999999205191        34.739239127815061        34.739239128091171     
 comp:           3
  0.99676474863082831       -196.33530543696014       -196.97256118522390     
  0.99968765520463654       -196.91103783090827       -196.97256118522390     
  0.99996887307937066       -196.96643003594573       -196.97256118522390     
  0.99999688837944445       -196.97194828135363       -196.97256118522390     
  0.99999968884865542       -196.97249989694663       -196.97256118522390     
  0.99999996888497267       -196.97255505641726       -196.97256118522390     
  0.99999999688849850       -196.97256057234347       -196.97256118522390     
  0.99999999968884989       -196.97256112393586       -196.97256118522390     
  0.99999999996888489       -196.97256117909507       -196.97256118522390     
  0.99999999999688838       -196.97256118461098       -196.97256118522390     
 
 part:           4
 comp:           0
  0.99729273689365383        71.391276367293443        71.585076002520054     
  0.99973849587394381        71.566356209781347        71.585076002520054     
  0.99997393836272097        71.583210378234682        71.585076002520054     
  0.99999739472070859        71.584889503403971        71.585076002520054     
  0.99999973948091181        71.585057353241325        71.585076002520054     
  0.99999997394817963        71.585074137598511        71.585076002520054     
  0.99999999739481893        71.585075816027967        71.585076002520054     
  0.99999999973948195        71.585075983870851        71.585076002520054     
  0.99999999997394806        71.585076000655121        71.585076002520054     
  0.99999999999739464        71.585076002333551        71.585076002520054     
 comp:           1
  0.99982857198335262       -43.667878526036255       -43.675365707355816     
  0.99998345468640659       -43.674643084733880       -43.675365707355816     
  0.99999835121461844       -43.675293696051305       -43.675365707355816     
  0.99999983517870161       -43.675358508725331       -43.675365707355816     
  0.99999998351844244       -43.675364987517760       -43.675365707355816     
  0.99999999835184994       -43.675365635372259       -43.675365707355816     
  0.99999999983518506       -43.675365700157464       -43.675365707355816     
  0.99999999998351852       -43.675365706635979       -43.675365707355816     
  0.99999999999835176       -43.675365707283831       -43.675365707355816     
  0.99999999999983524       -43.675365707348618       -43.675365707355816     
 comp:           2
  0.98531177855337604        6.8937559705388001        6.9965224415160625     
  0.99858237157077989        6.9866039723972930        6.9965224415160625     
  0.99985872948146748        6.9955340391628251        6.9965224415160625     
  0.99998587785253790        6.9964236355944216        6.9965224415160625     
  0.99999858783427886        6.9965125612669032        6.9965224415160625     
  0.99999985878391773        6.9965214534945739        6.9965224415160625     
  0.99999998587839756        6.9965223427139538        6.9965224415160625     
  0.99999999858783983        6.9965224316358521        6.9965224415160625     
  0.99999999985878341        6.9965224405280377        6.9965224415160625     
  0.99999999998587763        6.9965224414172553        6.9965224415160625     
 comp:           3
  0.99594698103439294       -56.056282921767746       -56.284404681409399     
  0.99960882432698261       -56.262387591527762       -56.284404681409399     
  0.99996101828305262       -56.282210618677553       -56.284404681409399     
  0.99999610318160670       -56.284185351305979       -56.284404681409399     
  0.99999961033168838       -56.284382749160457       -56.284404681409399     
  0.99999996103330402       -56.284402488192114       -56.284404681409399     
  0.99999999610333190       -56.284404462087757       -56.284404681409399     
  0.99999999961033315       -56.284404659477232       -56.284404681409399     
  0.99999999996103317       -56.284404679216173       -56.284404681409399     
  0.99999999999610323       -56.284404681190068       -56.284404681409399     
 
 part:           5
 comp:           0
  0.99942422764729510        110.73539931435663        110.79919442720978     
  0.99994396371251903        110.79298565169820        110.79919442720978     
  0.99999441137920020        110.79857521252721        110.79919442720978     
  0.99999944128760565        110.79913252232657        110.79919442720978     
  0.99999994413025695        110.79918823688726        110.79919442720978     
  0.99999999441304077        110.79919380817920        110.79919442720978     
  0.99999999944130424        110.79919436530675        110.79919442720978     
  0.99999999994413047        110.79919442101948        110.79919442720978     
  0.99999999999441291        110.79919442659074        110.79919442720978     
  0.99999999999944134        110.79919442714788        110.79919442720978     
 comp:           1
   1.0003528817666023        32.886654774237122        32.875053767186614     
   1.0000340254450266        32.876172355521319        32.875053767186614     
   1.0000033904142505        32.875165227237389        32.875053767186614     
   1.0000003389205998        32.875064909219553        32.875053767186614     
   1.0000000338908521        32.875054881350202        32.875053767186614     
   1.0000000033890732        32.875053878602579        32.875053767186614     
   1.0000000003389073        32.875053778328208        32.875053767186614     
   1.0000000000338907        32.875053768300774        32.875053767186614     
   1.0000000000033891        32.875053767298027        32.875053767186614     
   1.0000000000003388        32.875053767197755        32.875053767186614     
 comp:           2
  0.99766241852469617        67.958790198679651        68.118021624162637     
  0.99977460651835537        68.102668266106022        68.118021624162637     
  0.99997754100581171        68.116491761910865        68.118021624162637     
  0.99999775490095955        68.117868692457648        68.118021624162637     
  0.99999977549809649        68.118006331537117        68.118021624162637     
  0.99999997754988956        68.118020094905532        68.118021624162637     
  0.99999999775498982        68.118021471236986        68.118021624162637     
  0.99999999977549892        68.118021608870066        68.118021624162637     
  0.99999999997754985        68.118021622633378        68.118021624162637     
  0.99999999999775480        68.118021624009700        68.118021624162637     
 comp:           3
   1.0375915013032244        9.7562021007905031        9.4027390244972366     
   1.0036246348837468        9.4368205203681956        9.4027390244972366     
   1.0003611712867395        9.4061350238495898        9.4027390244972366     
   1.0000361042574986        9.4030785034081692        9.4027390244972366     
   1.0000036102970891        9.4027729711785657        9.4027390244972366     
   1.0000003610284232        9.4027424191532809        9.4027390244972366     
   1.0000000361028274        9.4027393639627004        9.4027390244972366     
   1.0000000036102825        9.4027390584437818        9.4027390244972366     
   1.0000000003610297        9.4027390278919043        9.4027390244972366     
   1.0000000000361045        9.4027390248367180        9.4027390244972366     
 
 part:           6
 comp:           0
   1.0389311867555273        24.940101342060498        24.005537286782012     
   1.0037613289748604        24.095830009735877        24.005537286782012     
   1.0003748639096495        24.014536096342571        24.005537286782012     
   1.0000374737481648        24.006436864240857        24.005537286782012     
   1.0000037472484353        24.005627241494047        24.005537286782012     
   1.0000003747235797        24.005546282222877        24.005537286782012     
   1.0000000374723452        24.005538186325794        24.005537286782012     
   1.0000000037472345        24.005537376736388        24.005537286782012     
   1.0000000003747234        24.005537295777447        24.005537286782012     
   1.0000000000374722        24.005537287681555        24.005537286782012     
 comp:           1
   5.4441370792321075        3.9090895523255274       0.71803657685946842     
   2.3934435890257646        1.7185800415703003       0.71803657685946842     
   1.4409444095918311        1.0346507913081062       0.71803657685946842     
   1.1395153587696338       0.81821370748973687       0.71803657685946842     
   1.0441277589866764       0.74972192186674114       0.71803657685946842     
   1.0139553825177301       0.72805705195126380       0.71803657685946842     
   1.0044131768975182       0.72120539929203764       0.71803657685946842     
   1.0013955785008137       0.71903865326893146       0.71803657685946842     
   1.0004413222618087       0.71835346238562947       0.71803657685946842     
   1.0001395613385955       0.71813678700529548       0.71803657685946842     
 comp:           2
   7.8405951796744408E-002 -0.77273163337586581       -9.8555226442382313     
  0.72329272288655500       -7.1284278088211703       -9.8555226442382313     
  0.91361836958414344       -9.0041865296285390       -9.8555226442382313     
  0.97278615515042677       -9.5873159800864762       -9.8555226442382313     
  0.99140417526379732       -9.7708062989046827       -9.8555226442382313     
  0.99728274720108179       -9.8287426977483729       -9.8555226442382313     
  0.99914082749587951       -9.8470550501685654       -9.8555226442382313     
  0.99972831568782838       -9.8528450533475400       -9.8555226442382313     
  0.99991408673984328       -9.8546759241573163       -9.8555226442382313     
  0.99997283137769855       -9.8552548832659266       -9.8555226442382313     
 comp:           3
   1.1253514123263897        24.619718918926381        21.877360839696387     
   1.0491675806041931        22.953017742189175        21.877360839696387     
   1.0165086543735344        22.238526628404031        21.877360839696387     
   1.0053178602845758        21.993701588037144        21.877360839696387     
   1.0016914437330071        21.914365164583426        21.877360839696387     
   1.0005358620973128        21.889084088159617        21.877360839696387     
   1.0001695525924743        21.881070202943253        21.877360839696387     
   1.0000536270372249        21.878534057740520        21.877360839696387     
   1.0000169593630224        21.877731865800836        21.877360839696387     
   1.0000053632305907        21.877478173027285        21.877360839696387     
 
 part:           7
 comp:           0
   1.0000000000000000        243.57023558141989        243.57023558141989     
   1.0000000000000000        243.57023558141989        243.57023558141989     
   1.0000000000000000        243.57023558141989        243.57023558141989     
   1.0000000000000000        243.57023558141989        243.57023558141989     
   1.0000000000000000        243.57023558141989        243.57023558141989     
   1.0000000000000000        243.57023558141989        243.57023558141989     
   1.0000000000000000        243.57023558141989        243.57023558141989     
   1.0000000000000000        243.57023558141989        243.57023558141989     
   1.0000000000000000        243.57023558141989        243.57023558141989     
   1.0000000000000000        243.57023558141989        243.57023558141989     
 comp:           1
  0.55650859992521962        4.0544433184904420        7.2854998449893760     
  0.86213657892345341        6.2810959121064904        7.2854998449893760     
  0.95648906417958179        6.9685009288143762        7.2854998449893760     
  0.98624451451020090        7.1852842575856908        7.2854998449893760     
  0.99565037523506816        7.2538106544387029        7.2854998449893760     
  0.99862454740813855        7.2754789853445789        7.2854998449893760     
  0.99956504550747660        7.2823309841015194        7.2854998449893760     
  0.99986245552449216        7.2844977647343843        7.2854998449893760     
  0.99995650457518959        7.2851829590786616        7.2854998449893760     
  0.99998624525613666        7.2853996348050920        7.2854998449893760     
 comp:           2
   1.0853386449552462       -108.53197660271030       -99.998260549531608     
   1.0267415389504924       -102.67236792899838       -99.998260549531608     
   1.0084607054824621       -100.84431638079971       -99.998260549531608     
   1.0026768347595219       -100.26593936926231       -99.998260549531608     
   1.0008466503543623       -100.08292411226148       -99.998260549531608     
   1.0002677513398806       -100.02503521777948       -99.998260549531608     
   1.0000846721352865       -100.00672761577728       -99.998260549531608     
   1.0000267758468355       -100.00093808763990       -99.998260549531608     
   1.0000084672953111       -99.999107264334285       -99.998260549531608     
   1.0000026776510211       -99.998528309976081       -99.998260549531608     
 comp:           3
  0.98215490318984344        218.01566733901092        221.97686600243961     
  0.99462430989296002        220.78358715987855        221.97686600243961     
  0.99832015377644856        221.60397900236961        221.97686600243961     
  0.99947060942276722        221.85935354121426        221.97686600243961     
  0.99983276864493553        221.93974451034507        221.97686600243961     
  0.99994713428766469        221.96513103729643        221.97686600243961     
  0.99998328413685067        221.97315546752520        221.97686600243961     
  0.99999471415543417        221.97569266722871        221.97686600243961     
  0.99999832848427939        221.97649496461847        221.97686600243961     
  0.99999947141112178        221.97674866793702        221.97686600243961     
 
 part: i_fks+j_fks
 comp:           0
   1.0034927080477454        268.51033692348039        267.57577286820191     
   1.0003374473031919        267.66606559115576        267.57577286820191     
   1.0000336308831854        267.58477167776249        267.57577286820191     
   1.0000033619540707        267.57667244566073        267.57577286820191     
   1.0000003361840688        267.57586282291396        267.57577286820191     
   1.0000000336182935        267.57578186364276        267.57577286820191     
   1.0000000033618281        267.57577376774566        267.57577286820191     
   1.0000000003361829        267.57577295815628        267.57577286820191     
   1.0000000000336182        267.57577287719732        267.57577286820191     
   1.0000000000033618        267.57577286910146        267.57577286820191     
 comp:           1
  0.99500176560405607        7.9635328708159694        8.0035364218488443     
  0.99951765470055032        7.9996759536767907        8.0035364218488443     
  0.99995193353211809        8.0031517201224815        8.0035364218488443     
  0.99999519502737411        8.0034979650754270        8.0035364218488443     
  0.99999951951947275        8.0035325763054441        8.0035364218488443     
  0.99999995195211455        8.0035360372958433        8.0035364218488443     
  0.99999999519521310        8.0035363833935573        8.0035364218488443     
  0.99999999951952134        8.0035364180033159        8.0035364218488443     
  0.99999999995195210        8.0035364214642915        8.0035364218488443     
  0.99999999999519507        8.0035364218103879        8.0035364218488443     
 comp:           2
  0.99500176560405607       -109.30470823608617       -109.85378319376984     
  0.99951765470055021       -109.80079573781956       -109.85378319376984     
  0.99995193353211809       -109.84850291042825       -109.85378319376984     
  0.99999519502737444       -109.85325534934879       -109.85378319376984     
  0.99999951951947275       -109.85373041116617       -109.85378319376984     
  0.99999995195211444       -109.85377791552784       -109.85378319376984     
  0.99999999519521332       -109.85378266594584       -109.85378319376984     
  0.99999999951952123       -109.85378314098743       -109.85378319376984     
  0.99999999995195210       -109.85378318849160       -109.85378319376984     
  0.99999999999519518       -109.85378319324201       -109.85378319376984     
 comp:           3
  0.99500176560405595        242.63538625793728        243.85422684213600     
  0.99951765470055010        243.73660490206771        243.85422684213600     
  0.99995193353211820        243.84250563077364        243.85422684213600     
  0.99999519502737444        243.85305512925140        243.85422684213600     
  0.99999951951947263        243.85410967492848        243.85422684213600     
  0.99999995195211455        243.85421512545605        243.85422684213600     
  0.99999999519521332        243.85422567046845        243.85422684213600     
  0.99999999951952134        243.85422672496924        243.85422684213600     
  0.99999999995195199        243.85422683041929        243.85422684213600     
  0.99999999999519518        243.85422684096432        243.85422684213600     
     
 Collinear #          24
 
 part:           1
 comp:           0
   1.0000000000000000        325.00000000000000        325.00000000000000     
   1.0000000000000000        325.00000000000000        325.00000000000000     
   1.0000000000000000        325.00000000000000        325.00000000000000     
   1.0000000000000000        325.00000000000000        325.00000000000000     
   1.0000000000000000        325.00000000000000        325.00000000000000     
   1.0000000000000000        325.00000000000000        325.00000000000000     
   1.0000000000000000        325.00000000000000        325.00000000000000     
   1.0000000000000000        325.00000000000000        325.00000000000000     
   1.0000000000000000        325.00000000000000        325.00000000000000     
   1.0000000000000000        325.00000000000000        325.00000000000000     
 comp:           1
   0.0000000000000000        0.0000000000000000     
   0.0000000000000000        0.0000000000000000     
   0.0000000000000000        0.0000000000000000     
   0.0000000000000000        0.0000000000000000     
   0.0000000000000000        0.0000000000000000     
   0.0000000000000000        0.0000000000000000     
   0.0000000000000000        0.0000000000000000     
   0.0000000000000000        0.0000000000000000     
   0.0000000000000000        0.0000000000000000     
   0.0000000000000000        0.0000000000000000     
 comp:           2
   0.0000000000000000        0.0000000000000000     
   0.0000000000000000        0.0000000000000000     
   0.0000000000000000        0.0000000000000000     
   0.0000000000000000        0.0000000000000000     
   0.0000000000000000        0.0000000000000000     
   0.0000000000000000        0.0000000000000000     
   0.0000000000000000        0.0000000000000000     
   0.0000000000000000        0.0000000000000000     
   0.0000000000000000        0.0000000000000000     
   0.0000000000000000        0.0000000000000000     
 comp:           3
   1.0000000000000000        325.00000000000000        325.00000000000000     
   1.0000000000000000        325.00000000000000        325.00000000000000     
   1.0000000000000000        325.00000000000000        325.00000000000000     
   1.0000000000000000        325.00000000000000        325.00000000000000     
   1.0000000000000000        325.00000000000000        325.00000000000000     
   1.0000000000000000        325.00000000000000        325.00000000000000     
   1.0000000000000000        325.00000000000000        325.00000000000000     
   1.0000000000000000        325.00000000000000        325.00000000000000     
   1.0000000000000000        325.00000000000000        325.00000000000000     
   1.0000000000000000        325.00000000000000        325.00000000000000     
 
 part:           2
 comp:           0
   1.0000000000000000        325.00000000000000        325.00000000000000     
   1.0000000000000000        325.00000000000000        325.00000000000000     
   1.0000000000000000        325.00000000000000        325.00000000000000     
   1.0000000000000000        325.00000000000000        325.00000000000000     
   1.0000000000000000        325.00000000000000        325.00000000000000     
   1.0000000000000000        325.00000000000000        325.00000000000000     
   1.0000000000000000        325.00000000000000        325.00000000000000     
   1.0000000000000000        325.00000000000000        325.00000000000000     
   1.0000000000000000        325.00000000000000        325.00000000000000     
   1.0000000000000000        325.00000000000000        325.00000000000000     
 comp:           1
  -0.0000000000000000       -0.0000000000000000     
  -0.0000000000000000       -0.0000000000000000     
  -0.0000000000000000       -0.0000000000000000     
  -0.0000000000000000       -0.0000000000000000     
  -0.0000000000000000       -0.0000000000000000     
  -0.0000000000000000       -0.0000000000000000     
  -0.0000000000000000       -0.0000000000000000     
  -0.0000000000000000       -0.0000000000000000     
  -0.0000000000000000       -0.0000000000000000     
  -0.0000000000000000       -0.0000000000000000     
 comp:           2
  -0.0000000000000000       -0.0000000000000000     
  -0.0000000000000000       -0.0000000000000000     
  -0.0000000000000000       -0.0000000000000000     
  -0.0000000000000000       -0.0000000000000000     
  -0.0000000000000000       -0.0000000000000000     
  -0.0000000000000000       -0.0000000000000000     
  -0.0000000000000000       -0.0000000000000000     
  -0.0000000000000000       -0.0000000000000000     
  -0.0000000000000000       -0.0000000000000000     
  -0.0000000000000000       -0.0000000000000000     
 comp:           3
   1.0000000000000000       -325.00000000000000       -325.00000000000000     
   1.0000000000000000       -325.00000000000000       -325.00000000000000     
   1.0000000000000000       -325.00000000000000       -325.00000000000000     
   1.0000000000000000       -325.00000000000000       -325.00000000000000     
   1.0000000000000000       -325.00000000000000       -325.00000000000000     
   1.0000000000000000       -325.00000000000000       -325.00000000000000     
   1.0000000000000000       -325.00000000000000       -325.00000000000000     
   1.0000000000000000       -325.00000000000000       -325.00000000000000     
   1.0000000000000000       -325.00000000000000       -325.00000000000000     
   1.0000000000000000       -325.00000000000000       -325.00000000000000     
 
 part:           3
 comp:           0
  0.99999998462308359        23.763060343144549        23.763060708547147     
  0.99999999846230880        23.763060672006898        23.763060708547147     
  0.99999999984623100        23.763060704893125        23.763060708547147     
  0.99999999998462286        23.763060708181740        23.763060708547147     
  0.99999999999846234        23.763060708510608        23.763060708547147     
  0.99999999999984635        23.763060708543495        23.763060708547147     
  0.99999999999998457        23.763060708546782        23.763060708547147     
  0.99999999999999833        23.763060708547108        23.763060708547147     
   1.0000000000000000        23.763060708547147        23.763060708547147     
   1.0000000000000000        23.763060708547147        23.763060708547147     
 comp:           1
  0.99999999246651294        22.296423514220916        22.296423682190735     
  0.99999999924665151        22.296423665393757        22.296423682190735     
  0.99999999992466515        22.296423680511037        22.296423682190735     
  0.99999999999246658        22.296423682022766        22.296423682190735     
  0.99999999999924660        22.296423682173938        22.296423682190735     
  0.99999999999992462        22.296423682189054        22.296423682190735     
  0.99999999999999256        22.296423682190568        22.296423682190735     
  0.99999999999999922        22.296423682190717        22.296423682190735     
   1.0000000000000000        22.296423682190735        22.296423682190735     
   1.0000000000000000        22.296423682190735        22.296423682190735     
 comp:           2
  0.99999987029617132        6.2607102406526396        6.2607110526908336     
  0.99999998702961979        6.2607109714870308        6.2607110526908336     
  0.99999999870296230        6.2607110445704555        6.2607110526908336     
  0.99999999987029642        6.2607110518787970        6.2607110526908336     
  0.99999999998703026        6.2607110526096337        6.2607110526908336     
  0.99999999999870326        6.2607110526827148        6.2607110526908336     
  0.99999999999987010        6.2607110526900200        6.2607110526908336     
  0.99999999999998690        6.2607110526907519        6.2607110526908336     
  0.99999999999999867        6.2607110526908256        6.2607110526908336     
   1.0000000000000000        6.2607110526908336        6.2607110526908336     
 comp:           3
   1.0000000057931830        5.0197921898236988        5.0197921607431244     
   1.0000000005793181        5.0197921636511813        5.0197921607431244     
   1.0000000000579319        5.0197921610339300        5.0197921607431244     
   1.0000000000057931        5.0197921607722051        5.0197921607431244     
   1.0000000000005793        5.0197921607460323        5.0197921607431244     
   1.0000000000000580        5.0197921607434148        5.0197921607431244     
   1.0000000000000058        5.0197921607431537        5.0197921607431244     
   1.0000000000000004        5.0197921607431271        5.0197921607431244     
   1.0000000000000000        5.0197921607431244        5.0197921607431244     
   1.0000000000000000        5.0197921607431244        5.0197921607431244     
 
 part:           4
 comp:           0
   1.0000000189805169        264.22421607044635        264.22421105533425     
   1.0000000018980513        264.22421155684538        264.22421105533425     
   1.0000000001898051        264.22421110548532        264.22421105533425     
   1.0000000000189804        264.22421106034932        264.22421105533425     
   1.0000000000018978        264.22421105583572        264.22421105533425     
   1.0000000000001898        264.22421105538439        264.22421105533425     
   1.0000000000000189        264.22421105533925        264.22421105533425     
   1.0000000000000018        264.22421105533471        264.22421105533425     
   1.0000000000000004        264.22421105533437        264.22421105533425     
   1.0000000000000000        264.22421105533425        264.22421105533425     
 comp:           1
  0.99999998918601374        172.70928189025258        172.70928375792840     
  0.99999999891860158        172.70928357116085        172.70928375792840     
  0.99999999989186017        172.70928373925165        172.70928375792840     
  0.99999999998918598        172.70928375606073        172.70928375792840     
  0.99999999999891864        172.70928375774164        172.70928375792840     
  0.99999999999989186        172.70928375790973        172.70928375792840     
  0.99999999999998912        172.70928375792653        172.70928375792840     
  0.99999999999999889        172.70928375792820        172.70928375792840     
  0.99999999999999989        172.70928375792838        172.70928375792840     
   1.0000000000000000        172.70928375792840        172.70928375792840     
 comp:           2
   1.0000000503535003       -179.31517862107575       -179.31516959192930     
   1.0000000050353490       -179.31517049484376       -179.31516959192930     
   1.0000000005035348       -179.31516968222073       -179.31516959192930     
   1.0000000000503533       -179.31516960095843       -179.31516959192930     
   1.0000000000050351       -179.31516959283218       -179.31516959192930     
   1.0000000000005034       -179.31516959201957       -179.31516959192930     
   1.0000000000000504       -179.31516959193834       -179.31516959192930     
   1.0000000000000051       -179.31516959193021       -179.31516959192930     
   1.0000000000000004       -179.31516959192939       -179.31516959192930     
   1.0000000000000000       -179.31516959192930       -179.31516959192930     
 comp:           3
   1.0000000036537320        88.498627238431851        88.498626915081587     
   1.0000000003653731        88.498626947416611        88.498626915081587     
   1.0000000000365372        88.498626918315082        88.498626915081587     
   1.0000000000036537        88.498626915404941        88.498626915081587     
   1.0000000000003653        88.498626915113917        88.498626915081587     
   1.0000000000000364        88.498626915084813        88.498626915081587     
   1.0000000000000038        88.498626915081914        88.498626915081587     
   1.0000000000000002        88.498626915081616        88.498626915081587     
   1.0000000000000000        88.498626915081587        88.498626915081587     
   1.0000000000000000        88.498626915081587        88.498626915081587     
 
 part:           5
 comp:           0
  0.99999997979699007        313.68126432975191        313.68127066705773     
  0.99999999797969963        313.68127003332734        313.68127066705773     
  0.99999999979797005        313.68127060368471        313.68127066705773     
  0.99999999997979683        313.68127066072037        313.68127066705773     
  0.99999999999797984        313.68127066642404        313.68127066705773     
  0.99999999999979794        313.68127066699435        313.68127066705773     
  0.99999999999997968        313.68127066705136        313.68127066705773     
  0.99999999999999778        313.68127066705705        313.68127066705773     
   1.0000000000000000        313.68127066705773        313.68127066705773     
   1.0000000000000000        313.68127066705773        313.68127066705773     
 comp:           1
   1.0000000119708716       -185.22162877702266       -185.22162655975836     
   1.0000000011970869       -185.22162678148476       -185.22162655975836     
   1.0000000001197087       -185.22162658193099       -185.22162655975836     
   1.0000000000119709       -185.22162656197563       -185.22162655975836     
   1.0000000000011970       -185.22162655998008       -185.22162655975836     
   1.0000000000001197       -185.22162655978053       -185.22162655975836     
   1.0000000000000120       -185.22162655976058       -185.22162655975836     
   1.0000000000000013       -185.22162655975859       -185.22162655975836     
   1.0000000000000002       -185.22162655975839       -185.22162655975836     
   1.0000000000000000       -185.22162655975836       -185.22162655975836     
 comp:           2
  0.99999995135480546        220.35489392989123        220.35490464909844     
  0.99999999513548155        220.35490357717794        220.35490464909844     
  0.99999999951354823        220.35490454190642        220.35490464909844     
  0.99999999995135491        220.35490463837925        220.35490464909844     
  0.99999999999513567        220.35490464802658        220.35490464909844     
  0.99999999999951361        220.35490464899127        220.35490464909844     
  0.99999999999995126        220.35490464908770        220.35490464909844     
  0.99999999999999512        220.35490464909736        220.35490464909844     
  0.99999999999999944        220.35490464909833        220.35490464909844     
   1.0000000000000000        220.35490464909844        220.35490464909844     
 comp:           3
  0.99999999596822786       -95.212334240236260       -95.212334624110696     
  0.99999999959682284       -95.212334585723255       -95.212334624110696     
  0.99999999995968236       -95.212334620271960       -95.212334624110696     
  0.99999999999596823       -95.212334623726818       -95.212334624110696     
  0.99999999999959688       -95.212334624072312       -95.212334624110696     
  0.99999999999995970       -95.212334624106859       -95.212334624110696     
  0.99999999999999600       -95.212334624110312       -95.212334624110696     
  0.99999999999999956       -95.212334624110653       -95.212334624110696     
   1.0000000000000000       -95.212334624110696       -95.212334624110696     
   1.0000000000000000       -95.212334624110696       -95.212334624110696     
 
 part:           6
 comp:           0
   1.0000000349173024        48.331232294199332        48.331230606603135     
   1.0000000034917300        48.331230775362748        48.331230606603135     
   1.0000000003491731        48.331230623479101        48.331230606603135     
   1.0000000000349174        48.331230608290731        48.331230606603135     
   1.0000000000034917        48.331230606771896        48.331230606603135     
   1.0000000000003491        48.331230606620011        48.331230606603135     
   1.0000000000000351        48.331230606604827        48.331230606603135     
   1.0000000000000036        48.331230606603306        48.331230606603135     
   1.0000000000000002        48.331230606603150        48.331230606603135     
   1.0000000000000000        48.331230606603135        48.331230606603135     
 comp:           1
   1.0000095885542875       -9.7841287494855411       -9.7840349347354199     
   1.0000030953412866       -9.7840652196627040       -9.7840349347354199     
   1.0000009802863050       -9.7840445258908737       -9.7840349347354199     
   1.0000003099879864       -9.7840379676687075       -9.7840349347354199     
   1.0000000980214565       -9.7840358937807750       -9.7840349347354199     
   1.0000000309964610       -9.7840352380058775       -9.7840349347354199     
   1.0000000098018571       -9.7840350306371313       -9.7840349347354199     
   1.0000000030996117       -9.7840349650621281       -9.7840349347354199     
   1.0000000009801824       -9.7840349443255583       -9.7840349347354199     
   1.0000000003099609       -9.7840349377680891       -9.7840349347354199     
 comp:           2
  0.99999960698812218       -47.300205399438063       -47.300223988987916     
  0.99999986500121896       -47.300217603515335       -47.300223988987916     
  0.99999995645575646       -47.300221929335443       -47.300223988987916     
  0.99999998615148145       -47.300223333949887       -47.300223988987916     
  0.99999999561306607       -47.300223781484959       -47.300223988987916     
  0.99999999861196986       -47.300223923333782       -47.300223988987916     
  0.99999999956099150       -47.300223968222717       -47.300223988987916     
  0.99999999986116572       -47.300223982421024       -47.300223988987916     
  0.99999999995609590       -47.300223986911242       -47.300223988987916     
  0.99999999998611622       -47.300223988331211       -47.300223988987916     
 comp:           3
   1.0000149727960470        1.6939329562639631        1.6939075937310397     
   1.0000048378465813        1.6939157885961011        1.6939075937310397     
   1.0000015325594760        1.6939101897451740        1.6939075937310397     
   1.0000004846713983        1.6939084147196017        1.6939075937310397     
   1.0000001532624405        1.6939078533434515        1.6939075937310397     
   1.0000000484652558        1.6939076758267047        1.6939075937310397     
   1.0000000153259700        1.6939076196918166        1.6939075937310397     
   1.0000000048464897        1.6939076019405452        1.6939075937310397     
   1.0000000015325938        1.6939075963271122        1.6939075937310397     
   1.0000000004846488        1.6939075945519899        1.6939075937310397     
 
 part:           7
 comp:           0
   1.0000000000000000        2.2696245768370467E-004   2.2696245768370467E-004
   1.0000000000000000        2.2696245768370467E-004   2.2696245768370467E-004
   1.0000000000000000        2.2696245768370467E-004   2.2696245768370467E-004
   1.0000000000000000        2.2696245768370467E-004   2.2696245768370467E-004
   1.0000000000000000        2.2696245768370467E-004   2.2696245768370467E-004
   1.0000000000000000        2.2696245768370467E-004   2.2696245768370467E-004
   1.0000000000000000        2.2696245768370467E-004   2.2696245768370467E-004
   1.0000000000000000        2.2696245768370467E-004   2.2696245768370467E-004
   1.0000000000000000        2.2696245768370467E-004   2.2696245768370467E-004
   1.0000000000000000        2.2696245768370467E-004   2.2696245768370467E-004
 comp:           1
  -1.1344286703310362        5.2122034689649333E-005  -4.5945625364386870E-005
  0.33159646997977216       -1.5235407181843770E-005  -4.5945625364386870E-005
  0.79032422636605038       -3.6311940821013433E-005  -4.5945625364386870E-005
  0.93389607448415801       -4.2908439167520658E-005  -4.5945625364386870E-005
  0.97911725787780479       -4.4986154718259389E-005  -4.5945625364386870E-005
  0.99339843599158173       -4.5642312377637064E-005  -4.5945625364386870E-005
  0.99791262034355444       -4.5849719400698579E-005  -4.5945625364386870E-005
  0.99933993420086464       -4.5915298228463954E-005  -4.5945625364386870E-005
  0.99979127103670418       -4.5936035181636584E-005  -4.5945625364386870E-005
  0.99993399430047503       -4.5942592691244582E-005  -4.5945625364386870E-005
 comp:           2
  0.99112716420943825       -2.2015002994342839E-004  -2.2212087196603946E-004
   1.0194913418905436       -2.2645030582255522E-004  -2.2212087196603946E-004
   1.0083470256335860       -2.2397492057809446E-004  -2.2212087196603946E-004
   1.0028564521666541       -2.2275534961202595E-004  -2.2212087196603946E-004
   1.0009249330231613       -2.2232631889565423E-004  -2.2212087196603946E-004
   1.0002946528047669       -2.2218632050396154E-004  -2.2212087196603946E-004
   1.0000933935370730       -2.2214161661993014E-004  -2.2212087196603946E-004
   1.0000295552528848       -2.2212743680458141E-004  -2.2212087196603946E-004
   1.0000093483535140       -2.2212294843047342E-004  -2.2212087196603946E-004
   1.0000029564261581       -2.2212152864999562E-004  -2.2212087196603946E-004
 comp:           3
  -2.2809928765261014       -1.8144283219405340E-005   7.9545549686409619E-006
  -3.9466771428112245E-002  -3.1394060275970743E-007   7.9545549686409619E-006
  0.67271868822282377        5.3511777839004927E-006   7.9545549686409619E-006
  0.89669756884549690        7.1328301016282185E-006   7.9545549686409619E-006
  0.96735379378258846        7.6948689267669730E-006   7.9545549686409619E-006
  0.98967848884755982        7.8724519408194359E-006   7.9545549686409619E-006
  0.99673627087068439        7.9285934558790663E-006   7.9545549686409619E-006
  0.99896793982591803        7.9463453892552820E-006   7.9545549686409619E-006
  0.99967363609078874        7.9519588889853604E-006   7.9545549686409619E-006
  0.99989679485193295        7.9537340176176156E-006   7.9545549686409619E-006
 
 part: i_fks+j_fks
 comp:           0
   1.0000000349171385        48.331459256657013        48.331457569060817     
   1.0000000034917138        48.331457737820429        48.331457569060817     
   1.0000000003491714        48.331457585936782        48.331457569060817     
   1.0000000000349172        48.331457570748412        48.331457569060817     
   1.0000000000034917        48.331457569229578        48.331457569060817     
   1.0000000000003491        48.331457569077692        48.331457569060817     
   1.0000000000000351        48.331457569062508        48.331457569060817     
   1.0000000000000036        48.331457569060987        48.331457569060817     
   1.0000000000000002        48.331457569060831        48.331457569060817     
   1.0000000000000000        48.331457569060817        48.331457569060817     
 comp:           1
  0.99999956532351020       -9.7840766274508510       -9.7840808803607846     
  0.99999995653236062       -9.7840804550698852       -9.7840808803607846     
  0.99999999565323605       -9.7840808378316950       -9.7840808803607846     
  0.99999999956532359       -9.7840808761078755       -9.7840808803607846     
  0.99999999995653222       -9.7840808799354928       -9.7840808803607846     
  0.99999999999565314       -9.7840808803182551       -9.7840808803607846     
  0.99999999999956535       -9.7840808803565320       -9.7840808803607846     
  0.99999999999995626       -9.7840808803603565       -9.7840808803607846     
  0.99999999999999545       -9.7840808803607402       -9.7840808803607846     
  0.99999999999999967       -9.7840808803607811       -9.7840808803607846     
 comp:           2
  0.99999956532351031       -47.300425549468009       -47.300446109859884     
  0.99999995653236085       -47.300444053821160       -47.300446109859884     
  0.99999999565323627       -47.300445904256023       -47.300446109859884     
  0.99999999956532359       -47.300446089299498       -47.300446109859884     
  0.99999999995653266       -47.300446107803857       -47.300446109859884     
  0.99999999999565337       -47.300446109654288       -47.300446109859884     
  0.99999999999956557       -47.300446109839335       -47.300446109859884     
  0.99999999999995659       -47.300446109857830       -47.300446109859884     
  0.99999999999999545       -47.300446109859671       -47.300446109859884     
  0.99999999999999956       -47.300446109859863       -47.300446109859884     
 comp:           3
  0.99999956532351009        1.6939148119807437        1.6939155482860084     
  0.99999995653236062        1.6939154746554983        1.6939155482860084     
  0.99999999565323638        1.6939155409229580        1.6939155482860084     
  0.99999999956532371        1.6939155475497034        1.6939155482860084     
  0.99999999995653255        1.6939155482123782        1.6939155482860084     
  0.99999999999565325        1.6939155482786454        1.6939155482860084     
  0.99999999999956546        1.6939155482852724        1.6939155482860084     
  0.99999999999995637        1.6939155482859345        1.6939155482860084     
  0.99999999999999567        1.6939155482860011        1.6939155482860084     
  0.99999999999999944        1.6939155482860075        1.6939155482860084     
