     
 Collinear #          21
 
 part:           1
 comp:           0
  0.99999999939304507        276.25004229509068        276.25004246276200     
  0.99999999994206668        276.25004244675790        276.25004246276200     
  0.99999999999423317        276.25004246116890        276.25004246276200     
  0.99999999999942346        276.25004246260272        276.25004246276200     
  0.99999999999994260        276.25004246274614        276.25004246276200     
  0.99999999999999423        276.25004246276040        276.25004246276200     
  0.99999999999999956        276.25004246276188        276.25004246276200     
   1.0000000000000002        276.25004246276205        276.25004246276200     
   1.0000000000000000        276.25004246276200        276.25004246276200     
   1.0000000000000000        276.25004246276200        276.25004246276200     
 comp:           1
   0.0000000000000000        0.0000000000000000     
   0.0000000000000000        0.0000000000000000     
   0.0000000000000000        0.0000000000000000     
   0.0000000000000000        0.0000000000000000     
   0.0000000000000000        0.0000000000000000     
   0.0000000000000000        0.0000000000000000     
   0.0000000000000000        0.0000000000000000     
   0.0000000000000000        0.0000000000000000     
   0.0000000000000000        0.0000000000000000     
   0.0000000000000000        0.0000000000000000     
 comp:           2
   0.0000000000000000        0.0000000000000000     
   0.0000000000000000        0.0000000000000000     
   0.0000000000000000        0.0000000000000000     
   0.0000000000000000        0.0000000000000000     
   0.0000000000000000        0.0000000000000000     
   0.0000000000000000        0.0000000000000000     
   0.0000000000000000        0.0000000000000000     
   0.0000000000000000        0.0000000000000000     
   0.0000000000000000        0.0000000000000000     
   0.0000000000000000        0.0000000000000000     
 comp:           3
  0.99999999939304507        276.25004229509068        276.25004246276200     
  0.99999999994206668        276.25004244675790        276.25004246276200     
  0.99999999999423317        276.25004246116890        276.25004246276200     
  0.99999999999942346        276.25004246260272        276.25004246276200     
  0.99999999999994260        276.25004246274614        276.25004246276200     
  0.99999999999999423        276.25004246276040        276.25004246276200     
  0.99999999999999956        276.25004246276188        276.25004246276200     
   1.0000000000000002        276.25004246276205        276.25004246276200     
   1.0000000000000000        276.25004246276200        276.25004246276200     
   1.0000000000000000        276.25004246276200        276.25004246276200     
 
 part:           2
 comp:           0
   1.0000000080581257        276.25000222605723        276.25000000000000     
   1.0000000007721277        276.25000021330027        276.25000000000000     
   1.0000000000768914        276.25000002124125        276.25000000000000     
   1.0000000000076859        276.25000000212322        276.25000000000000     
   1.0000000000007687        276.25000000021237        276.25000000000000     
   1.0000000000000770        276.25000000002126        276.25000000000000     
   1.0000000000000075        276.25000000000210        276.25000000000000     
   1.0000000000000011        276.25000000000028        276.25000000000000     
   1.0000000000000000        276.25000000000000        276.25000000000000     
   1.0000000000000000        276.25000000000000        276.25000000000000     
 comp:           1
   0.0000000000000000        0.0000000000000000     
   0.0000000000000000        0.0000000000000000     
   0.0000000000000000        0.0000000000000000     
   0.0000000000000000        0.0000000000000000     
   0.0000000000000000        0.0000000000000000     
   0.0000000000000000        0.0000000000000000     
   0.0000000000000000        0.0000000000000000     
   0.0000000000000000        0.0000000000000000     
   0.0000000000000000        0.0000000000000000     
   0.0000000000000000        0.0000000000000000     
 comp:           2
   0.0000000000000000        0.0000000000000000     
   0.0000000000000000        0.0000000000000000     
   0.0000000000000000        0.0000000000000000     
   0.0000000000000000        0.0000000000000000     
   0.0000000000000000        0.0000000000000000     
   0.0000000000000000        0.0000000000000000     
   0.0000000000000000        0.0000000000000000     
   0.0000000000000000        0.0000000000000000     
   0.0000000000000000        0.0000000000000000     
   0.0000000000000000        0.0000000000000000     
 comp:           3
   1.0000000080581257       -276.25000222605723       -276.25000000000000     
   1.0000000007721277       -276.25000021330027       -276.25000000000000     
   1.0000000000768914       -276.25000002124125       -276.25000000000000     
   1.0000000000076859       -276.25000000212322       -276.25000000000000     
   1.0000000000007687       -276.25000000021237       -276.25000000000000     
   1.0000000000000770       -276.25000000002126       -276.25000000000000     
   1.0000000000000075       -276.25000000000210       -276.25000000000000     
   1.0000000000000011       -276.25000000000028       -276.25000000000000     
   1.0000000000000000       -276.25000000000000       -276.25000000000000     
   1.0000000000000000       -276.25000000000000       -276.25000000000000     
 
 part:           3
 comp:           0
   1.0000000149622470        39.789440232351645        39.789439637012222     
   1.0000000046398254        39.789439821628278        39.789439637012222     
   1.0000000014644319        39.789439695281146        39.789439637012222     
   1.0000000004630054        39.789439655434947        39.789439637012222     
   1.0000000001464124        39.789439642837891        39.789439637012222     
   1.0000000000462994        39.789439638854454        39.789439637012222     
   1.0000000000146414        39.789439637594796        39.789439637012222     
   1.0000000000046299        39.789439637196445        39.789439637012222     
   1.0000000000014642        39.789439637070480        39.789439637012222     
   1.0000000000004630        39.789439637030647        39.789439637012222     
 comp:           1
   1.0000001142816364       -10.798949488956849       -10.798948254835370     
   1.0000000354389853       -10.798948637539137       -10.798948254835370     
   1.0000000111853309       -10.798948375625180       -10.798948254835370     
   1.0000000035364356       -10.798948293025155       -10.798948254835370     
   1.0000000011182977       -10.798948266911809       -10.798948254835370     
   1.0000000003536362       -10.798948258654269       -10.798948254835370     
   1.0000000001118299       -10.798948256043015       -10.798948254835370     
   1.0000000000353637       -10.798948255217260       -10.798948254835370     
   1.0000000000111828       -10.798948254956134       -10.798948254835370     
   1.0000000000035363       -10.798948254873558       -10.798948254835370     
 comp:           2
   1.0000000415202810        15.796863353189947        15.796862697299769     
   1.0000000128755298        15.796862900692746        15.796862697299769     
   1.0000000040638031        15.796862761495110        15.796862697299769     
   1.0000000012848416        15.796862717596236        15.796862697299769     
   1.0000000004062948        15.796862703717952        15.796862697299769     
   1.0000000001284814        15.796862699329372        15.796862697299769     
   1.0000000000406295        15.796862697941588        15.796862697299769     
   1.0000000000128482        15.796862697502730        15.796862697299769     
   1.0000000000040630        15.796862697363951        15.796862697299769     
   1.0000000000012848        15.796862697320066        15.796862697299769     
 comp:           3
   1.0000000000000000        34.840832698709804        34.840832698709804     
   1.0000000000000000        34.840832698709804        34.840832698709804     
   1.0000000000000000        34.840832698709804        34.840832698709804     
   1.0000000000000000        34.840832698709804        34.840832698709804     
   1.0000000000000000        34.840832698709804        34.840832698709804     
   1.0000000000000000        34.840832698709804        34.840832698709804     
   1.0000000000000000        34.840832698709804        34.840832698709804     
   1.0000000000000000        34.840832698709804        34.840832698709804     
   1.0000000000000000        34.840832698709804        34.840832698709804     
   1.0000000000000000        34.840832698709804        34.840832698709804     
 
 part:           4
 comp:           0
  0.99999997214832859        43.261203329646897        43.261204534543751     
  0.99999999136313578        43.261204160902601        43.261204534543751     
  0.99999999727401379        43.261204416614305        43.261204534543751     
  0.99999999913813242        43.261204497258319        43.261204534543751     
  0.99999999972745879        43.261204522753289        43.261204534543751     
  0.99999999991381505        43.261204530815284        43.261204534543751     
  0.99999999997274602        43.261204533364712        43.261204534543751     
  0.99999999999138156        43.261204534170908        43.261204534543751     
  0.99999999999727451        43.261204534425843        43.261204534543751     
  0.99999999999913824        43.261204534506469        43.261204534543751     
 comp:           1
  0.99999994481988852        24.316781266362554        24.316782608165330     
  0.99999998288852687        24.316782192069358        24.316782608165330     
  0.99999999459923883        24.316782476836195        24.316782608165330     
  0.99999999829245600        24.316782566643354        24.316782608165330     
  0.99999999946003748        24.316782595035178        24.316782608165330     
  0.99999999982924925        24.316782604013220        24.316782608165330     
  0.99999999994600419        24.316782606852325        24.316782608165330     
  0.99999999998292499        24.316782607750120        24.316782608165330     
  0.99999999999460043        24.316782608034028        24.316782608165330     
  0.99999999999829248        24.316782608123809        24.316782608165330     
 comp:           2
  0.99999997391704298       -27.340412647780294       -27.340413360899120     
  0.99999999191161804       -27.340413139759413       -27.340413360899120     
  0.99999999744712686       -27.340413291102514       -27.340413360899120     
  0.99999999919286497       -27.340413338831716       -27.340413360899120     
  0.99999999974476650       -27.340413353920930       -27.340413360899120     
  0.99999999991928823       -27.340413358692427       -27.340413360899120     
  0.99999999997447686       -27.340413360201307       -27.340413360899120     
  0.99999999999192879       -27.340413360678451       -27.340413360899120     
  0.99999999999744760       -27.340413360829338       -27.340413360899120     
  0.99999999999919287       -27.340413360877054       -27.340413360899120     
 comp:           3
   1.0000000000000000       -23.080894666845676       -23.080894666845676     
   1.0000000000000000       -23.080894666845676       -23.080894666845676     
   1.0000000000000000       -23.080894666845676       -23.080894666845676     
   1.0000000000000000       -23.080894666845676       -23.080894666845676     
   1.0000000000000000       -23.080894666845676       -23.080894666845676     
   1.0000000000000000       -23.080894666845676       -23.080894666845676     
   1.0000000000000000       -23.080894666845676       -23.080894666845676     
   1.0000000000000000       -23.080894666845676       -23.080894666845676     
   1.0000000000000000       -23.080894666845676       -23.080894666845676     
   1.0000000000000000       -23.080894666845676       -23.080894666845676     
 
 part:           5
 comp:           0
  0.99999997031444343        232.96940045117543        232.96940736700196     
  0.99999999079444402        232.96940522238904        232.96940736700196     
  0.99999999709452203        232.96940669011448        232.96940736700196     
  0.99999999908138293        232.96940715299229        232.96940736700196     
  0.99999999970951337        232.96940729932746        232.96940736700196     
  0.99999999990814015        232.96940734560144        232.96940736700196     
  0.99999999997095168        232.96940736023458        232.96940736700196     
  0.99999999999081401        232.96940736486192        232.96940736700196     
  0.99999999999709510        232.96940736632521        232.96940736700196     
  0.99999999999908140        232.96940736678795        232.96940736700196     
 comp:           1
  0.99999996537466951        208.68682456531988        208.68683179117039     
  0.99999998926260936        208.68682955041837        208.68683179117039     
  0.99999999661104100        208.68683108393927        208.68683179117039     
  0.99999999892852209        208.68683156756705        208.68683179117039     
  0.99999999966117536        208.68683172046215        208.68683179117039     
  0.99999999989285437        208.68683176881052        208.68683179117039     
  0.99999999996611777        208.68683178409961        208.68683179117039     
  0.99999999998928546        208.68683178893440        208.68683179117039     
  0.99999999999661182        208.68683179046332        208.68683179117039     
  0.99999999999892852        208.68683179094680        208.68683179117039     
 comp:           2
  0.99999985714596928       -26.882498339247459       -26.882502179521250     
  0.99999995570065303       -26.882500988643958       -26.882502179521250     
  0.99999998601814177       -26.882501803653916       -26.882502179521250     
  0.99999999557939401       -26.882502060684299       -26.882502179521250     
  0.99999999860210831       -26.882502141942425       -26.882502179521250     
  0.99999999955794872       -26.882502167637806       -26.882502179521250     
  0.99999999986021193       -26.882502175763396       -26.882502179521250     
  0.99999999995579492       -26.882502178332906       -26.882502179521250     
  0.99999999998602107       -26.882502179145462       -26.882502179521250     
  0.99999999999557942       -26.882502179402415       -26.882502179521250     
 comp:           3
   1.0000000000000000        59.453058189578144        59.453058189578144     
   1.0000000000000000        59.453058189578144        59.453058189578144     
   1.0000000000000000        59.453058189578144        59.453058189578144     
   1.0000000000000000        59.453058189578144        59.453058189578144     
   1.0000000000000000        59.453058189578144        59.453058189578144     
   1.0000000000000000        59.453058189578144        59.453058189578144     
   1.0000000000000000        59.453058189578144        59.453058189578144     
   1.0000000000000000        59.453058189578144        59.453058189578144     
   1.0000000000000000        59.453058189578144        59.453058189578144     
   1.0000000000000000        59.453058189578144        59.453058189578144     
 
 part:           6
 comp:           0
   1.0000000318225051        236.47995598682644        236.47994846144209     
   1.0000000098682282        236.47995079508021        236.47994846144209     
   1.0000000031146319        236.47994919799009        236.47994846144209     
   1.0000000009847447        236.47994869431449        236.47994846144209     
   1.0000000003113978        236.47994853508141        236.47994846144209     
   1.0000000000984723        236.47994848472885        236.47994846144209     
   1.0000000000311400        236.47994846880607        236.47994846144209     
   1.0000000000098472        236.47994846377077        236.47994846144209     
   1.0000000000031140        236.47994846217847        236.47994846144209     
   1.0000000000009848        236.47994846167495        236.47994846144209     
 comp:           1
   1.0000000330089143       -222.20467347923511       -222.20466614450035     
   1.0000000102361364       -222.20466841901762       -222.20466614450035     
   1.0000000032307519       -222.20466686238851       -222.20466614450035     
   1.0000000010214580       -222.20466637147311       -222.20466614450035     
   1.0000000003230072       -222.20466621627406       -222.20466614450035     
   1.0000000001021436       -222.20466616719716       -222.20466614450035     
   1.0000000000323008       -222.20466615167774       -222.20466614450035     
   1.0000000000102143       -222.20466614677002       -222.20466614450035     
   1.0000000000032301       -222.20466614521808       -222.20466614450035     
   1.0000000000010214       -222.20466614472733       -222.20466614450035     
 comp:           2
   1.0000001014452822        38.426056741262371        38.426052843120601     
   1.0000000314584037        38.426054051942884        38.426052843120601     
   1.0000000099289708        38.426053224651760        38.426052843120601     
   1.0000000031392158        38.426052963748269        38.426052843120601     
   1.0000000009926882        38.426052881265690        38.426052843120601     
   1.0000000003139149        38.426052855183116        38.426052843120601     
   1.0000000000992690        38.426052846935121        38.426052843120601     
   1.0000000000313916        38.426052844326854        38.426052843120601     
   1.0000000000099267        38.426052843502049        38.426052843120601     
   1.0000000000031390        38.426052843241223        38.426052843120601     
 comp:           3
   1.0000000000000000       -71.212996221442268       -71.212996221442268     
   1.0000000000000000       -71.212996221442268       -71.212996221442268     
   1.0000000000000000       -71.212996221442268       -71.212996221442268     
   1.0000000000000000       -71.212996221442268       -71.212996221442268     
   1.0000000000000000       -71.212996221442268       -71.212996221442268     
   1.0000000000000000       -71.212996221442268       -71.212996221442268     
   1.0000000000000000       -71.212996221442268       -71.212996221442268     
   1.0000000000000000       -71.212996221442268       -71.212996221442268     
   1.0000000000000000       -71.212996221442268       -71.212996221442268     
   1.0000000000000000       -71.212996221442268       -71.212996221442268     
 
 part:           7
 comp:           0
   1.0484750750548624        4.4521147584189088E-005   4.2462762008776873E-005
   1.0046463339555169        4.2660058181743286E-005   4.2462762008776873E-005
   1.0004627123900951        4.2482410054875991E-005   4.2462762008776873E-005
   1.0000462521155942        4.2464726001353746E-005   4.2462762008776873E-005
   1.0000046250204129        4.2462958399917954E-005   4.2462762008776873E-005
   1.0000004625001297        4.2462781647809813E-005   4.2462762008776873E-005
   1.0000000462499943        4.2462763972679370E-005   4.2462762008776873E-005
   1.0000000046249999        4.2462762205167140E-005   4.2462762008776873E-005
   1.0000000004624996        4.2462762028415887E-005   4.2462762008776873E-005
   1.0000000000462499        4.2462762010740770E-005   4.2462762008776873E-005
 comp:           1
   1.7136509539045681E-005   0.0000000000000000     
   5.3140690521666110E-006   0.0000000000000000     
   1.6772382380187978E-006   0.0000000000000000     
   5.3028785127561701E-007   0.0000000000000000     
   1.6768853540866809E-007   0.0000000000000000     
   5.3027669524348540E-008   0.0000000000000000     
   1.6768818259313913E-008   0.0000000000000000     
   5.3027658486207377E-009   0.0000000000000000     
   1.6768817677682852E-009   0.0000000000000000     
   5.3027660451126646E-010   0.0000000000000000     
 comp:           2
  -9.1074245687811529E-006  -0.0000000000000000     
  -2.8242322589455978E-006  -0.0000000000000000     
  -8.9139043758162437E-007  -0.0000000000000000     
  -2.8182848988176590E-007  -0.0000000000000000     
  -8.9120289275016573E-008  -0.0000000000000000     
  -2.8182256086098754E-008  -0.0000000000000000     
  -8.9120101766538866E-009  -0.0000000000000000     
  -2.8182250219732690E-009  -0.0000000000000000     
  -8.9120098675383696E-010  -0.0000000000000000     
  -2.8182251264015018E-010  -0.0000000000000000     
 comp:           3
  0.94362758199672736        4.0069033439244617E-005   4.2462762008776873E-005
  0.99459987214419832        4.2233457664819000E-005   4.2462762008776873E-005
  0.99946224983132792        4.2439927651344369E-005   4.2462762008776873E-005
  0.99994624750575301        4.2460479529406285E-005   4.2462762008776873E-005
  0.99999462497569991        4.2462533770399226E-005   4.2462762008776873E-005
  0.99999946249982097        4.2462739185034689E-005   4.2462762008776873E-005
  0.99999994625000521        4.2462759726403635E-005   4.2462762008776873E-005
  0.99999999462500133        4.2462761780539583E-005   4.2462762008776873E-005
  0.99999999946249996        4.2462761985953136E-005   4.2462762008776873E-005
  0.99999999994624977        4.2462762006494492E-005   4.2462762008776873E-005
 
 part: i_fks+j_fks
 comp:           0
   1.0000000068442123        276.25008681623825        276.25008492552399     
   1.0000000006562608        276.25008510681607        276.25008492552399     
   1.0000000000653573        276.25008494357894        276.25008492552399     
   1.0000000000065330        276.25008492732871        276.25008492552399     
   1.0000000000006535        276.25008492570453        276.25008492552399     
   1.0000000000000655        276.25008492554207        276.25008492552399     
   1.0000000000000069        276.25008492552587        276.25008492552399     
   1.0000000000000011        276.25008492552428        276.25008492552399     
   1.0000000000000002        276.25008492552405        276.25008492552399     
   1.0000000000000000        276.25008492552399        276.25008492552399     
 comp:           1
   1.7136509539045681E-005   0.0000000000000000     
   5.3140690521666110E-006   0.0000000000000000     
   1.6772382380187978E-006   0.0000000000000000     
   5.3028785127561701E-007   0.0000000000000000     
   1.6768853540866809E-007   0.0000000000000000     
   5.3027669524348540E-008   0.0000000000000000     
   1.6768818259313913E-008   0.0000000000000000     
   5.3027658486207377E-009   0.0000000000000000     
   1.6768817677682852E-009   0.0000000000000000     
   5.3027660451126646E-010   0.0000000000000000     
 comp:           2
  -9.1074245687811529E-006   0.0000000000000000     
  -2.8242322589455978E-006   0.0000000000000000     
  -8.9139043758162437E-007   0.0000000000000000     
  -2.8182848988176590E-007   0.0000000000000000     
  -8.9120289275016573E-008   0.0000000000000000     
  -2.8182256086098754E-008   0.0000000000000000     
  -8.9120101766538866E-009   0.0000000000000000     
  -2.8182250219732690E-009   0.0000000000000000     
  -8.9120098675383696E-010   0.0000000000000000     
  -2.8182251264015018E-010   0.0000000000000000     
 comp:           3
  0.99999999072796708        276.25008236412413        276.25008492552399     
  0.99999999911200610        276.25008468021559        276.25008492552399     
  0.99999999991157495        276.25008490109656        276.25008492552399     
  0.99999999999116107        276.25008492308223        276.25008492552399     
  0.99999999999911648        276.25008492527991        276.25008492552399     
  0.99999999999991174        276.25008492549961        276.25008492552399     
  0.99999999999999134        276.25008492552161        276.25008492552399     
  0.99999999999999933        276.25008492552382        276.25008492552399     
   1.0000000000000000        276.25008492552399        276.25008492552399     
   1.0000000000000000        276.25008492552399        276.25008492552399     
     
 Collinear #          70
 
 part:           1
 comp:           0
  0.99999999646764881        276.25024614977627        276.25024712558917     
  0.99999999966284014        276.25024703244867        276.25024712558917     
  0.99999999996643640        276.25024711631721        276.25024712558917     
  0.99999999999664513        276.25024712466239        276.25024712558917     
  0.99999999999966416        276.25024712549640        276.25024712558917     
  0.99999999999996625        276.25024712557985        276.25024712558917     
  0.99999999999999634        276.25024712558815        276.25024712558917     
  0.99999999999999933        276.25024712558900        276.25024712558917     
  0.99999999999999978        276.25024712558911        276.25024712558917     
   1.0000000000000000        276.25024712558917        276.25024712558917     
 comp:           1
   0.0000000000000000        0.0000000000000000     
   0.0000000000000000        0.0000000000000000     
   0.0000000000000000        0.0000000000000000     
   0.0000000000000000        0.0000000000000000     
   0.0000000000000000        0.0000000000000000     
   0.0000000000000000        0.0000000000000000     
   0.0000000000000000        0.0000000000000000     
   0.0000000000000000        0.0000000000000000     
   0.0000000000000000        0.0000000000000000     
   0.0000000000000000        0.0000000000000000     
 comp:           2
   0.0000000000000000        0.0000000000000000     
   0.0000000000000000        0.0000000000000000     
   0.0000000000000000        0.0000000000000000     
   0.0000000000000000        0.0000000000000000     
   0.0000000000000000        0.0000000000000000     
   0.0000000000000000        0.0000000000000000     
   0.0000000000000000        0.0000000000000000     
   0.0000000000000000        0.0000000000000000     
   0.0000000000000000        0.0000000000000000     
   0.0000000000000000        0.0000000000000000     
 comp:           3
  0.99999999646764881        276.25024614977627        276.25024712558917     
  0.99999999966284014        276.25024703244867        276.25024712558917     
  0.99999999996643640        276.25024711631721        276.25024712558917     
  0.99999999999664513        276.25024712466239        276.25024712558917     
  0.99999999999966416        276.25024712549640        276.25024712558917     
  0.99999999999996625        276.25024712557985        276.25024712558917     
  0.99999999999999634        276.25024712558815        276.25024712558917     
  0.99999999999999933        276.25024712558900        276.25024712558917     
  0.99999999999999978        276.25024712558911        276.25024712558917     
   1.0000000000000000        276.25024712558917        276.25024712558917     
 
 part:           2
 comp:           0
   1.0000000468968175        276.25001295524589        276.25000000000006     
   1.0000000044936415        276.25000124136852        276.25000000000006     
   1.0000000004474925        276.25000012361988        276.25000000000006     
   1.0000000000447307        276.25000001235691        276.25000000000006     
   1.0000000000044729        276.25000000123566        276.25000000000006     
   1.0000000000004472        276.25000000012358        276.25000000000006     
   1.0000000000000446        276.25000000001239        276.25000000000006     
   1.0000000000000042        276.25000000000125        276.25000000000006     
   1.0000000000000002        276.25000000000011        276.25000000000006     
   1.0000000000000000        276.25000000000006        276.25000000000006     
 comp:           1
   0.0000000000000000        0.0000000000000000     
   0.0000000000000000        0.0000000000000000     
   0.0000000000000000        0.0000000000000000     
   0.0000000000000000        0.0000000000000000     
   0.0000000000000000        0.0000000000000000     
   0.0000000000000000        0.0000000000000000     
   0.0000000000000000        0.0000000000000000     
   0.0000000000000000        0.0000000000000000     
   0.0000000000000000        0.0000000000000000     
   0.0000000000000000        0.0000000000000000     
 comp:           2
   0.0000000000000000        0.0000000000000000     
   0.0000000000000000        0.0000000000000000     
   0.0000000000000000        0.0000000000000000     
   0.0000000000000000        0.0000000000000000     
   0.0000000000000000        0.0000000000000000     
   0.0000000000000000        0.0000000000000000     
   0.0000000000000000        0.0000000000000000     
   0.0000000000000000        0.0000000000000000     
   0.0000000000000000        0.0000000000000000     
   0.0000000000000000        0.0000000000000000     
 comp:           3
   1.0000000468968175       -276.25001295524589       -276.25000000000006     
   1.0000000044936415       -276.25000124136852       -276.25000000000006     
   1.0000000004474925       -276.25000012361988       -276.25000000000006     
   1.0000000000447307       -276.25000001235691       -276.25000000000006     
   1.0000000000044729       -276.25000000123566       -276.25000000000006     
   1.0000000000004472       -276.25000000012358       -276.25000000000006     
   1.0000000000000446       -276.25000000001239       -276.25000000000006     
   1.0000000000000042       -276.25000000000125       -276.25000000000006     
   1.0000000000000002       -276.25000000000011       -276.25000000000006     
   1.0000000000000000       -276.25000000000006       -276.25000000000006     
 
 part:           3
 comp:           0
   1.0000000977468833        33.311594166494899        33.311590910390713     
   1.0000000303115173        33.311591920115575        33.311590910390713     
   1.0000000095669879        33.311591229082296        33.311590910390713     
   1.0000000030247684        33.311591011150561        33.311590910390713     
   1.0000000009564973        33.311590942253162        33.311590910390713     
   1.0000000003024705        33.311590920466486        33.311590910390713     
   1.0000000000956495        33.311590913576950        33.311590910390713     
   1.0000000000302471        33.311590911398291        33.311590910390713     
   1.0000000000095648        33.311590910709334        33.311590910390713     
   1.0000000000030249        33.311590910491475        33.311590910390713     
 comp:           1
   1.0000001489588302       -30.228204959389618       -30.228200456632237     
   1.0000000461924565       -30.228201852947073       -30.228200456632237     
   1.0000000145793653       -30.228200897340212       -30.228200456632237     
   1.0000000046095183       -30.228200595969678       -30.228200456632237     
   1.0000000014576298       -30.228200500693763       -30.228200456632237     
   1.0000000004609422       -30.228200470565689       -30.228200456632237     
   1.0000000001457627       -30.228200461038380       -30.228200456632237     
   1.0000000000460942       -30.228200458025583       -30.228200456632237     
   1.0000000000145763       -30.228200457072852       -30.228200456632237     
   1.0000000000046094       -30.228200456771575       -30.228200456632237     
 comp:           2
  0.99999905605944894        5.4116506481783206        5.4116557564596377     
  0.99999970728198662        5.4116541723705156        5.4116557564596377     
  0.99999990761169388        5.4116552564859290        5.4116557564596377     
  0.99999997078984060        5.4116555983843107        5.4116557564596377     
  0.99999999076311330        5.4116557064727866        5.4116557564596377     
  0.99999999707904552        5.4116557406524377        5.4116557564596377     
  0.99999999907631332        5.4116557514609633        5.4116557564596377     
  0.99999999970790465        5.4116557548789181        5.4116557564596377     
  0.99999999990763133        5.4116557559597700        5.4116557564596377     
  0.99999999997079003        5.4116557563015633        5.4116557564596377     
 comp:           3
   1.0000000000000000        12.785704482290351        12.785704482290351     
   1.0000000000000000        12.785704482290351        12.785704482290351     
   1.0000000000000000        12.785704482290351        12.785704482290351     
   1.0000000000000000        12.785704482290351        12.785704482290351     
   1.0000000000000000        12.785704482290351        12.785704482290351     
   1.0000000000000000        12.785704482290351        12.785704482290351     
   1.0000000000000000        12.785704482290351        12.785704482290351     
   1.0000000000000000        12.785704482290351        12.785704482290351     
   1.0000000000000000        12.785704482290351        12.785704482290351     
   1.0000000000000000        12.785704482290351        12.785704482290351     
 
 part:           4
 comp:           0
   1.0000001295203791        104.55005097251096        104.55003743115049     
   1.0000000401645475        104.55004163035544        104.55003743115049     
   1.0000000126768229        104.55003875651281        104.55003743115049     
   1.0000000040079966        104.55003785018667        104.55003743115049     
   1.0000000012674155        104.55003756365883        104.55003743115049     
   1.0000000004007912        104.55003747305322        104.55003743115049     
   1.0000000001267413        104.55003744440130        104.55003743115049     
   1.0000000000400791        104.55003743534076        104.55003743115049     
   1.0000000000126741        104.55003743247556        104.55003743115049     
   1.0000000000040081        104.55003743156954        104.55003743115049     
 comp:           1
   1.0000199682974362      -0.70774206187736866      -0.70772792975556342     
   1.0000061922123029      -0.70773231215715715      -0.70772792975556342     
   1.0000019543997221      -0.70772931293883268      -0.70772792975556342     
   1.0000006179172394      -0.70772836707285203      -0.70772792975556342     
   1.0000001953988511      -0.70772806804478772      -0.70772792975556342     
   1.0000000617904241      -0.70772797348637229      -0.70772792975556342     
   1.0000000195398440      -0.70772794358445679      -0.70772792975556342     
   1.0000000061790411      -0.70772793412864343      -0.70772792975556342     
   1.0000000019539843      -0.70772793113845267      -0.70772792975556342     
   1.0000000006179179      -0.70772793019288116      -0.70772792975556342     
 comp:           2
   1.0000001828520426       -87.680677059002022       -87.680661026414057     
   1.0000000567028147       -87.680665998154325       -87.680661026414057     
   1.0000000178966675       -87.680662595605696       -87.680661026414057     
   1.0000000056583407       -87.680661522541101       -87.680661026414057     
   1.0000000017892903       -87.680661183300202       -87.680661026414057     
   1.0000000005658221       -87.680661076025714       -87.680661026414057     
   1.0000000001789286       -87.680661042102642       -87.680661026414057     
   1.0000000000565823       -87.680661031375223       -87.680661026414057     
   1.0000000000178930       -87.680661027982921       -87.680661026414057     
   1.0000000000056584       -87.680661026910187       -87.680661026414057     
 comp:           3
   1.0000000000000000        56.941295471770637        56.941295471770637     
   1.0000000000000000        56.941295471770637        56.941295471770637     
   1.0000000000000000        56.941295471770637        56.941295471770637     
   1.0000000000000000        56.941295471770637        56.941295471770637     
   1.0000000000000000        56.941295471770637        56.941295471770637     
   1.0000000000000000        56.941295471770637        56.941295471770637     
   1.0000000000000000        56.941295471770637        56.941295471770637     
   1.0000000000000000        56.941295471770637        56.941295471770637     
   1.0000000000000000        56.941295471770637        56.941295471770637     
   1.0000000000000000        56.941295471770637        56.941295471770637     
 
 part:           5
 comp:           0
   1.0000001150830531        199.94524341182245        199.94522040151602     
   1.0000000356875016        199.94522753706138        199.94522040151602     
   1.0000000112637679        199.94522265365256        199.94522040151602     
   1.0000000035612349        199.94522111356790        199.94522040151602     
   1.0000000011261398        199.94522062668230        199.94522040151602     
   1.0000000003561160        199.94522047271971        199.94522040151602     
   1.0000000001126137        199.94522042403261        199.94522040151602     
   1.0000000000356117        199.94522040863640        199.94522040151602     
   1.0000000000112614        199.94522040376768        199.94522040151602     
   1.0000000000035616        199.94522040222813        199.94522040151602     
 comp:           1
   1.0000001634783511       -165.32328479845833       -165.32325777168475     
   1.0000000506949911       -165.32326615274584       -165.32325777168475     
   1.0000000160004652       -165.32326041693378       -165.32325777168475     
   1.0000000050588234       -165.32325860802592       -165.32325777168475     
   1.0000000015997097       -165.32325803615399       -165.32325777168475     
   1.0000000005058718       -165.32325785531711       -165.32325777168475     
   1.0000000001599705       -165.32325779813161       -165.32325777168475     
   1.0000000000505871       -165.32325778004798       -165.32325777168475     
   1.0000000000159972       -165.32325777432945       -165.32325777168475     
   1.0000000000050588       -165.32325777252109       -165.32325777168475     
 comp:           2
   1.0000070873988958       -4.3262007071354791       -4.3261700458426731     
   1.0000021978177651       -4.3261795539760550       -4.3261700458426731     
   1.0000006936800978       -4.3261730468207338       -4.3261700458426731     
   1.0000002193189483       -4.3261709946537374       -4.3261700458426731     
   1.0000000693534146       -4.3261703458773377       -4.3261700458426731     
   1.0000000219314333       -4.3261701407217830       -4.3261700458426731     
   1.0000000069353268       -4.3261700758460764       -4.3261700458426731     
   1.0000000021931430       -4.3261700553305822       -4.3261700458426731     
   1.0000000006935328       -4.3261700488430135       -4.3261700458426731     
   1.0000000002193188       -4.3261700467914830       -4.3261700458426731     
 comp:           3
   1.0000000000000000       -78.488087628198841       -78.488087628198841     
   1.0000000000000000       -78.488087628198841       -78.488087628198841     
   1.0000000000000000       -78.488087628198841       -78.488087628198841     
   1.0000000000000000       -78.488087628198841       -78.488087628198841     
   1.0000000000000000       -78.488087628198841       -78.488087628198841     
   1.0000000000000000       -78.488087628198841       -78.488087628198841     
   1.0000000000000000       -78.488087628198841       -78.488087628198841     
   1.0000000000000000       -78.488087628198841       -78.488087628198841     
   1.0000000000000000       -78.488087628198841       -78.488087628198841     
   1.0000000000000000       -78.488087628198841       -78.488087628198841     
 
 part:           6
 comp:           0
   1.0484750353384158        2.5910501072704808E-004   2.4712558906413721E-004
   1.0046463299735775        2.4827381609584392E-004   2.4712558906413721E-004
   1.0004627119918834        2.4723993703769842E-004   2.4712558906413721E-004
   1.0000462520757729        2.4713701913560800E-004   2.4712558906413721E-004
   1.0000046250164301        2.4712673202404692E-004   2.4712558906413721E-004
   1.0000004624997314        2.4712570335965579E-004   2.4712558906413721E-004
   1.0000000462499541        2.4712560049368435E-004   2.4712558906413721E-004
   1.0000000046249953        2.4712559020709192E-004   2.4712558906413721E-004
   1.0000000004624989        2.4712558917843255E-004   2.4712558906413721E-004
   1.0000000000462494        2.4712558907556665E-004   2.4712558906413721E-004
 comp:           1
   7.4681912930114316E-005   0.0000000000000000     
   2.3159024007249642E-005   0.0000000000000000     
   7.3095024130559002E-006   0.0000000000000000     
   2.3110254942040853E-006   0.0000000000000000     
   7.3079645229847165E-007   0.0000000000000000     
   2.3109768755238822E-007   0.0000000000000000     
   7.3079491470650651E-008   0.0000000000000000     
   2.3109763944748366E-008   0.0000000000000000     
   7.3079488935867209E-009   0.0000000000000000     
   2.3109764801071652E-009   0.0000000000000000     
 comp:           2
   8.4725022520785000E-005   0.0000000000000000     
   2.6273414185436864E-005   0.0000000000000000     
   8.2924731339088550E-006   0.0000000000000000     
   2.6218086730822796E-006   0.0000000000000000     
   8.2907284307296870E-007   0.0000000000000000     
   2.6217535162362171E-007   0.0000000000000000     
   8.2907109870798416E-008   0.0000000000000000     
   2.6217529704964305E-008   0.0000000000000000     
   8.2907106995141191E-009   0.0000000000000000     
   2.6217530676444640E-009   0.0000000000000000     
 comp:           3
  0.94362761588548416        2.3319453043288768E-004   2.4712558906413721E-004
  0.99459987556789498        2.4579108013283362E-004   2.4712558906413721E-004
  0.99946225017394830        2.4699269732160505E-004   2.4712558906413721E-004
  0.99994624754001749        2.4711230545580037E-004   2.4712558906413721E-004
  0.99999462497912561        2.4712426075893738E-004   2.4712558906413721E-004
  0.99999946250016347        2.4712545623417349E-004   2.4712558906413721E-004
  0.99999994625003907        2.4712557578114645E-004   2.4712558906413721E-004
  0.99999999462500411        2.4712558773583819E-004   2.4712558906413721E-004
  0.99999999946249984        2.4712558893130715E-004   2.4712558906413721E-004
  0.99999999994624977        2.4712558905085416E-004   2.4712558906413721E-004
 
 part:           7
 comp:           0
  0.99999981458300224        214.69311144918325        214.69315125694280     
  0.99999994250178048        214.69313891246887        214.69315125694280     
  0.99999998185228434        214.69314736075253        214.69315125694280     
  0.99999999426228603        214.69315002509489        214.69315125694280     
  0.99999999818561025        214.69315086740573        214.69315125694280     
  0.99999999942624074        214.69315113376061        214.69315125694280     
  0.99999999981856136        214.69315121798917        214.69315125694280     
  0.99999999994262401        214.69315124462457        214.69315125694280     
  0.99999999998185607        214.69315125304743        214.69315125694280     
  0.99999999999426270        214.69315125571103        214.69315125694280     
 comp:           1
  0.99999985213298426        196.25915713781237        196.25918615807254     
  0.99999995414611331        196.25917715882605        196.25918615807254     
  0.99999998552749447        196.25918331771038        196.25918615807254     
  0.99999999542426721        196.25918526004295        196.25918615807254     
  0.99999999855305399        196.25918587409609        196.25918615807254     
  0.99999999954243635        196.25918606827148        196.25918615807254     
  0.99999999985530574        196.25918612967496        196.25918615807254     
  0.99999999995424371        196.25918614909244        196.25918615807254     
  0.99999999998553057        196.25918615523278        196.25918615807254     
  0.99999999999542455        196.25918615717455        196.25918615807254     
 comp:           2
  0.99999961980721996        86.595142392936637        86.595175315797078     
  0.99999988210138291        86.595165106345661        86.595175315797078     
  0.99999996278857672        86.595172093467355        86.595175315797078     
  0.99999998823496539        86.595174297001847        86.595175315797078     
  0.99999999627964054        86.595174993631900        86.595175315797078     
  0.99999999882352131        86.595175213919703        86.595175315797078     
  0.99999999962796482        86.595175283580630        86.595175315797078     
  0.99999999988235222        86.595175305609345        86.595175315797078     
  0.99999999996279654        86.595175312575435        86.595175315797078     
  0.99999999998823552        86.595175314778331        86.595175315797078     
 comp:           3
   1.0000000000000000        8.7610876741378476        8.7610876741378476     
   1.0000000000000000        8.7610876741378476        8.7610876741378476     
   1.0000000000000000        8.7610876741378476        8.7610876741378476     
   1.0000000000000000        8.7610876741378476        8.7610876741378476     
   1.0000000000000000        8.7610876741378476        8.7610876741378476     
   1.0000000000000000        8.7610876741378476        8.7610876741378476     
   1.0000000000000000        8.7610876741378476        8.7610876741378476     
   1.0000000000000000        8.7610876741378476        8.7610876741378476     
   1.0000000000000000        8.7610876741378476        8.7610876741378476     
   1.0000000000000000        8.7610876741378476        8.7610876741378476     
 
 part: i_fks+j_fks
 comp:           0
   1.0000000398319968        276.25050525478702        276.25049425117822     
   1.0000000038193111        276.25049530626478        276.25049425117822     
   1.0000000003803651        276.25049435625425        276.25049425117822     
   1.0000000000380209        276.25049426168152        276.25049425117822     
   1.0000000000038016        276.25049425222841        276.25049425117822     
   1.0000000000003801        276.25049425128321        276.25049425117822     
   1.0000000000000377        276.25049425118863        276.25049425117822     
   1.0000000000000036        276.25049425117919        276.25049425117822     
   1.0000000000000002        276.25049425117828        276.25049425117822     
   1.0000000000000000        276.25049425117822        276.25049425117822     
 comp:           1
   7.4681912930114316E-005   0.0000000000000000     
   2.3159024007249642E-005   0.0000000000000000     
   7.3095024130559002E-006   0.0000000000000000     
   2.3110254942040853E-006   0.0000000000000000     
   7.3079645229847165E-007   0.0000000000000000     
   2.3109768755238822E-007   0.0000000000000000     
   7.3079491470650651E-008   0.0000000000000000     
   2.3109763944748366E-008   0.0000000000000000     
   7.3079488935867209E-009   0.0000000000000000     
   2.3109764801071652E-009   0.0000000000000000     
 comp:           2
   8.4725022520785000E-005   0.0000000000000000     
   2.6273414185436864E-005   0.0000000000000000     
   8.2924731339088550E-006   0.0000000000000000     
   2.6218086730822796E-006   0.0000000000000000     
   8.2907284307296870E-007   0.0000000000000000     
   2.6217535162362171E-007   0.0000000000000000     
   8.2907109870798416E-008   0.0000000000000000     
   2.6217529704964305E-008   0.0000000000000000     
   8.2907106995141191E-009   0.0000000000000000     
   2.6217530676444640E-009   0.0000000000000000     
 comp:           3
  0.99999994603857068        276.25047934430671        276.25049425117822     
  0.99999999483204760        276.25049282352882        276.25049425117822     
  0.99999999948538121        276.25049410901454        276.25049425117822     
  0.99999999994855970        276.25049423696782        276.25049425117822     
  0.99999999999485578        276.25049424975714        276.25049425117822     
  0.99999999999948541        276.25049425103606        276.25049425117822     
  0.99999999999994815        276.25049425116390        276.25049425117822     
  0.99999999999999467        276.25049425117675        276.25049425117822     
  0.99999999999999933        276.25049425117805        276.25049425117822     
   1.0000000000000000        276.25049425117822        276.25049425117822     
     
 Collinear #          80
 
 part:           1
 comp:           0
  0.99999999807628137        276.25013405282931        276.25013458425684     
  0.99999999981638299        276.25013453353262        276.25013458425684     
  0.99999999998172162        276.25013457920744        276.25013458425684     
  0.99999999999817324        276.25013458375219        276.25013458425684     
  0.99999999999981748        276.25013458420642        276.25013458425684     
  0.99999999999998190        276.25013458425184        276.25013458425684     
  0.99999999999999811        276.25013458425633        276.25013458425684     
  0.99999999999999978        276.25013458425678        276.25013458425684     
   1.0000000000000002        276.25013458425690        276.25013458425684     
   1.0000000000000000        276.25013458425684        276.25013458425684     
 comp:           1
   0.0000000000000000        0.0000000000000000     
   0.0000000000000000        0.0000000000000000     
   0.0000000000000000        0.0000000000000000     
   0.0000000000000000        0.0000000000000000     
   0.0000000000000000        0.0000000000000000     
   0.0000000000000000        0.0000000000000000     
   0.0000000000000000        0.0000000000000000     
   0.0000000000000000        0.0000000000000000     
   0.0000000000000000        0.0000000000000000     
   0.0000000000000000        0.0000000000000000     
 comp:           2
   0.0000000000000000        0.0000000000000000     
   0.0000000000000000        0.0000000000000000     
   0.0000000000000000        0.0000000000000000     
   0.0000000000000000        0.0000000000000000     
   0.0000000000000000        0.0000000000000000     
   0.0000000000000000        0.0000000000000000     
   0.0000000000000000        0.0000000000000000     
   0.0000000000000000        0.0000000000000000     
   0.0000000000000000        0.0000000000000000     
   0.0000000000000000        0.0000000000000000     
 comp:           3
  0.99999999807628137        276.25013405282931        276.25013458425684     
  0.99999999981638299        276.25013453353262        276.25013458425684     
  0.99999999998172162        276.25013457920744        276.25013458425684     
  0.99999999999817324        276.25013458375219        276.25013458425684     
  0.99999999999981748        276.25013458420642        276.25013458425684     
  0.99999999999998190        276.25013458425184        276.25013458425684     
  0.99999999999999811        276.25013458425633        276.25013458425684     
  0.99999999999999978        276.25013458425678        276.25013458425684     
   1.0000000000000002        276.25013458425690        276.25013458425684     
   1.0000000000000000        276.25013458425684        276.25013458425684     
 
 part:           2
 comp:           0
   1.0000000255399473        276.25000705541044        276.25000000000000     
   1.0000000024472315        276.25000067604770        276.25000000000000     
   1.0000000002437042        276.25000006732330        276.25000000000000     
   1.0000000000243603        276.25000000672952        276.25000000000000     
   1.0000000000024358        276.25000000067291        276.25000000000000     
   1.0000000000002436        276.25000000006730        276.25000000000000     
   1.0000000000000244        276.25000000000676        276.25000000000000     
   1.0000000000000022        276.25000000000063        276.25000000000000     
   1.0000000000000004        276.25000000000011        276.25000000000000     
   1.0000000000000000        276.25000000000000        276.25000000000000     
 comp:           1
   0.0000000000000000        0.0000000000000000     
   0.0000000000000000        0.0000000000000000     
   0.0000000000000000        0.0000000000000000     
   0.0000000000000000        0.0000000000000000     
   0.0000000000000000        0.0000000000000000     
   0.0000000000000000        0.0000000000000000     
   0.0000000000000000        0.0000000000000000     
   0.0000000000000000        0.0000000000000000     
   0.0000000000000000        0.0000000000000000     
   0.0000000000000000        0.0000000000000000     
 comp:           2
   0.0000000000000000        0.0000000000000000     
   0.0000000000000000        0.0000000000000000     
   0.0000000000000000        0.0000000000000000     
   0.0000000000000000        0.0000000000000000     
   0.0000000000000000        0.0000000000000000     
   0.0000000000000000        0.0000000000000000     
   0.0000000000000000        0.0000000000000000     
   0.0000000000000000        0.0000000000000000     
   0.0000000000000000        0.0000000000000000     
   0.0000000000000000        0.0000000000000000     
 comp:           3
   1.0000000255399473       -276.25000705541044       -276.25000000000000     
   1.0000000024472315       -276.25000067604770       -276.25000000000000     
   1.0000000002437042       -276.25000006732330       -276.25000000000000     
   1.0000000000243603       -276.25000000672952       -276.25000000000000     
   1.0000000000024358       -276.25000000067291       -276.25000000000000     
   1.0000000000002436       -276.25000000006730       -276.25000000000000     
   1.0000000000000244       -276.25000000000676       -276.25000000000000     
   1.0000000000000022       -276.25000000000063       -276.25000000000000     
   1.0000000000000004       -276.25000000000011       -276.25000000000000     
   1.0000000000000000       -276.25000000000000       -276.25000000000000     
 
 part:           3
 comp:           0
  0.99999990990687426        74.926570238820815        74.926576989190337     
  0.99999997206192381        74.926574895885921        74.926576989190337     
  0.99999999118212235        74.926576328496949        74.926576989190337     
  0.99999999721207566        74.926576780300707        74.926576989190337     
  0.99999999911839776        74.926576923134903        74.926576989190337     
  0.99999999972121345        74.926576968301816        74.926576989190337     
  0.99999999991184008        74.926576982584820        74.926576989190337     
  0.99999999997212130        74.926576987101484        74.926576989190337     
  0.99999999999118405        74.926576988529789        74.926576989190337     
  0.99999999999721212        74.926576988981452        74.926576989190337     
 comp:           1
  0.99999986110863970        60.047992597778396        60.048000937926929     
  0.99999995692948473        60.047998351628586        60.048000937926929     
  0.99999998640598842        60.048000121633706        60.048000937926929     
  0.99999999570201836        60.048000679841721        60.048000937926929     
  0.99999999864088485        60.048000856314779        60.048000937926929     
  0.99999999957021091        60.048000912118951        60.048000937926929     
  0.99999999986408894        60.048000929765742        60.048000937926929     
  0.99999999995702105        60.048000935346131        60.048000937926929     
  0.99999999998640887        60.048000937110807        60.048000937926929     
  0.99999999999570222        60.048000937668853        60.048000937926929     
 comp:           2
  0.99999999620672464       -36.207234214831836       -36.207234352175846     
  0.99999999882369706       -36.207234309585168       -36.207234352175846     
  0.99999999962873254       -36.207234338733279       -36.207234352175846     
  0.99999999988261745       -36.207234347925748       -36.207234352175846     
  0.99999999996288114       -36.207234350831875       -36.207234352175846     
  0.99999999998826195       -36.207234351750841       -36.207234352175846     
  0.99999999999628808       -36.207234352041446       -36.207234352175846     
  0.99999999999882627       -36.207234352133348       -36.207234352175846     
  0.99999999999962885       -36.207234352162409       -36.207234352175846     
  0.99999999999988265       -36.207234352171596       -36.207234352175846     
 comp:           3
   1.0000000000000000       -26.345928988031766       -26.345928988031766     
   1.0000000000000000       -26.345928988031766       -26.345928988031766     
   1.0000000000000000       -26.345928988031766       -26.345928988031766     
   1.0000000000000000       -26.345928988031766       -26.345928988031766     
   1.0000000000000000       -26.345928988031766       -26.345928988031766     
   1.0000000000000000       -26.345928988031766       -26.345928988031766     
   1.0000000000000000       -26.345928988031766       -26.345928988031766     
   1.0000000000000000       -26.345928988031766       -26.345928988031766     
   1.0000000000000000       -26.345928988031766       -26.345928988031766     
   1.0000000000000000       -26.345928988031766       -26.345928988031766     
 
 part:           4
 comp:           0
  0.99999992305976426        53.000634265685029        53.000638343566635     
  0.99999997614066372        53.000637079006580        53.000638343566635     
  0.99999999246946336        53.000637944443383        53.000638343566635     
  0.99999999761909075        53.000638217376924        53.000638343566635     
  0.99999999924710470        53.000638303662704        53.000638343566635     
  0.99999999976191412        53.000638330947929        53.000638343566635     
  0.99999999992471089        53.000638339576263        53.000638343566635     
  0.99999999997619149        53.000638342304768        53.000638343566635     
  0.99999999999247102        53.000638343167594        53.000638343566635     
  0.99999999999761913        53.000638343440450        53.000638343566635     
 comp:           1
  0.99999984163648892        37.253218966076453        37.253224865627942     
  0.99999995089112825        37.253223036164101        37.253224865627942     
  0.99999998450014904        37.253224288208507        37.253224865627942     
  0.99999999509945425        37.253224683066811        37.253224865627942     
  0.99999999845034104        37.253224807898150        37.253224865627942     
  0.99999999950995577        37.253224847372216        37.253224865627942     
  0.99999999984503463        37.253224859854981        37.253224865627942     
  0.99999999995099564        37.253224863802373        37.253224865627942     
  0.99999999998450351        37.253224865050647        37.253224865627942     
  0.99999999999509948        37.253224865445382        37.253224865627942     
 comp:           2
   1.0000000025880722        37.538642462985187        37.538642365832473     
   1.0000000008025669        37.538642395959741        37.538642365832473     
   1.0000000002533080        37.538642375341311        37.538642365832473     
   1.0000000000800877        37.538642368838858        37.538642365832473     
   1.0000000000253255        37.538642366783158        37.538642365832473     
   1.0000000000080085        37.538642366133104        37.538642365832473     
   1.0000000000025326        37.538642365927544        37.538642365832473     
   1.0000000000008009        37.538642365862536        37.538642365832473     
   1.0000000000002534        37.538642365841980        37.538642365832473     
   1.0000000000000802        37.538642365835479        37.538642365832473     
 comp:           3
   1.0000000000000000        3.4806940782888134        3.4806940782888134     
   1.0000000000000000        3.4806940782888134        3.4806940782888134     
   1.0000000000000000        3.4806940782888134        3.4806940782888134     
   1.0000000000000000        3.4806940782888134        3.4806940782888134     
   1.0000000000000000        3.4806940782888134        3.4806940782888134     
   1.0000000000000000        3.4806940782888134        3.4806940782888134     
   1.0000000000000000        3.4806940782888134        3.4806940782888134     
   1.0000000000000000        3.4806940782888134        3.4806940782888134     
   1.0000000000000000        3.4806940782888134        3.4806940782888134     
   1.0000000000000000        3.4806940782888134        3.4806940782888134     
 
 part:           5
 comp:           0
  0.99999998847380422        213.67600032773512        213.67600279060656     
  0.99999999642570037        213.67600202686450        213.67600279060656     
  0.99999999887187141        213.67600254955255        213.67600279060656     
  0.99999999964332265        213.67600271439318        213.67600279060656     
  0.99999999988721089        213.67600276650623        213.67600279060656     
  0.99999999996433309        213.67600278298539        213.67600279060656     
  0.99999999998872147        213.67600278819660        213.67600279060656     
  0.99999999999643330        213.67600278984443        213.67600279060656     
  0.99999999999887201        213.67600279036554        213.67600279060656     
  0.99999999999964340        213.67600279053036        213.67600279060656     
 comp:           1
  0.99999888529854808        21.337061537867793        21.337085322347782     
  0.99999965432864535        21.337077946728595        21.337085322347782     
  0.99999989089844177        21.337082994438525        21.337085322347782     
  0.99999996550565717        21.337084586339046        21.337085322347782     
  0.99999998909213972        21.337085089605836        21.337085322347782     
  0.99999999655063831        21.337085248748458        21.337085322347782     
  0.99999999890921654        21.337085299073642        21.337085322347782     
  0.99999999965506392        21.337085314987853        21.337085322347782     
  0.99999999989092159        21.337085320020368        21.337085322347782     
  0.99999999996550637        21.337085321611788        21.337085322347782     
 comp:           2
  0.99999999182471111       -47.910034589137659       -47.910034980816036     
  0.99999999746482515       -47.910034859355719       -47.910034980816036     
  0.99999999919984239       -47.910034942480458       -47.910034980816036     
  0.99999999974701637       -47.910034968695584       -47.910034980816036     
  0.99999999992000099       -47.910034976983283       -47.910034980816036     
  0.99999999997470213       -47.910034979604013       -47.910034980816036     
  0.99999999999200018       -47.910034980432762       -47.910034980816036     
  0.99999999999747013       -47.910034980694832       -47.910034980816036     
  0.99999999999919997       -47.910034980777709       -47.910034980816036     
  0.99999999999974698       -47.910034980803914       -47.910034980816036     
 comp:           3
   1.0000000000000000        190.89152823602365        190.89152823602365     
   1.0000000000000000        190.89152823602365        190.89152823602365     
   1.0000000000000000        190.89152823602365        190.89152823602365     
   1.0000000000000000        190.89152823602365        190.89152823602365     
   1.0000000000000000        190.89152823602365        190.89152823602365     
   1.0000000000000000        190.89152823602365        190.89152823602365     
   1.0000000000000000        190.89152823602365        190.89152823602365     
   1.0000000000000000        190.89152823602365        190.89152823602365     
   1.0000000000000000        190.89152823602365        190.89152823602365     
   1.0000000000000000        190.89152823602365        190.89152823602365     
 
 part:           6
 comp:           0
   1.0484750571779449        1.4110823640996426E-004   1.3458425686326621E-004
   1.0046463321631913        1.3520958002458922E-004   1.3458425686326621E-004
   1.0004627122108547        1.3464653064230566E-004   1.3458425686326621E-004
   1.0000462520976703        1.3459048166745952E-004   1.3458425686326621E-004
   1.0000046250186201        1.3458487931796017E-004   1.3458425686326621E-004
   1.0000004624999506        1.3458431910847837E-004   1.3458425686326621E-004
   1.0000000462499763        1.3458426308778491E-004   1.3458425686326621E-004
   1.0000000046249977        1.3458425748571809E-004   1.3458425686326621E-004
   1.0000000004624998        1.3458425692551139E-004   1.3458425686326621E-004
   1.0000000000462497        1.3458425686949070E-004   1.3458425686326621E-004
 comp:           1
   6.1499303138682317E-005   0.0000000000000000     
   1.9071068142912192E-005   0.0000000000000000     
   6.0192527407600141E-006   0.0000000000000000     
   1.9030907652876195E-006   0.0000000000000000     
   6.0179863146206824E-007   0.0000000000000000     
   1.9030507286369952E-007   0.0000000000000000     
   6.0179736528141370E-008   0.0000000000000000     
   1.9030503325013454E-008   0.0000000000000000     
   6.0179734440790266E-009   0.0000000000000000     
   1.9030504030181348E-009   0.0000000000000000     
 comp:           2
  -1.0127590487526309E-006  -0.0000000000000000     
  -3.1405879165098760E-007  -0.0000000000000000     
  -9.9123930984828273E-008  -0.0000000000000000     
  -3.1339743619473829E-008  -0.0000000000000000     
  -9.9103075715471917E-009  -0.0000000000000000     
  -3.1339084303381905E-009  -0.0000000000000000     
  -9.9102867203204332E-010  -0.0000000000000000     
  -3.1339077779893944E-010  -0.0000000000000000     
  -9.9102863765793488E-011  -0.0000000000000000     
  -3.1339078941151273E-011  -0.0000000000000000     
 comp:           3
  0.94362759725051648        1.2699741893163022E-004   1.3458425686326621E-004
  0.99459987368525049        1.3385748487622788E-004   1.3458425686326621E-004
  0.99946224998554634        1.3451188417719275E-004   1.3458425686326621E-004
  0.99994624752117578        1.3457702262584909E-004   1.3458425686326621E-004
  0.99999462497724179        1.3458353346982267E-004   1.3458425686326621E-004
  0.99999946249997507        1.3458418452422480E-004   1.3458425686326621E-004
  0.99999994625002042        1.3458424962936515E-004   1.3458425686326621E-004
  0.99999999462500255        1.3458425613987617E-004   1.3458425686326621E-004
  0.99999999946250007        1.3458425679092718E-004   1.3458425686326621E-004
  0.99999999994624977        1.3458425685603228E-004   1.3458425686326621E-004
 
 part:           7
 comp:           0
   1.0000000630219479        210.89679516776243        210.89678187663645     
   1.0000000195432424        210.89678599824336        210.89678187663645     
   1.0000000061682812        210.89678317750710        210.89678187663645     
   1.0000000019502087        210.89678228792920        210.89678187663645     
   1.0000000006166985        210.89678200669616        210.89678187663645     
   1.0000000001950167        210.89678191776486        210.89678187663645     
   1.0000000000616700        210.89678188964245        210.89678187663645     
   1.0000000000195017        210.89678188074930        210.89678187663645     
   1.0000000000061671        210.89678187793706        210.89678187663645     
   1.0000000000019502        210.89678187704774        210.89678187663645     
 comp:           1
   1.0000001978713529       -118.63833460102578       -118.63831112590265     
   1.0000000613603373       -118.63831840558942       -118.63831112590265     
   1.0000000193666851       -118.63831342353348       -118.63831112590265     
   1.0000000061231122       -118.63831185233833       -118.63831112590265     
   1.0000000019362612       -118.63831135561739       -118.63831112590265     
   1.0000000006122982       -118.63831119854468       -118.63831112590265     
   1.0000000001936258       -118.63831114887410       -118.63831112590265     
   1.0000000000612299       -118.63831113316685       -118.63831112590265     
   1.0000000000193625       -118.63831112819979       -118.63831112590265     
   1.0000000000061229       -118.63831112662906       -118.63831112590265     
 comp:           2
   1.0000000082995995        46.578627353743357        46.578626967159408     
   1.0000000025737239        46.578627087039933        46.578626967159408     
   1.0000000008123244        46.578627004996363        46.578626967159408     
   1.0000000002568303        46.578626979122213        46.578626967159408     
   1.0000000000812155        46.578626970942310        46.578626967159408     
   1.0000000000256826        46.578626968355664        46.578626967159408     
   1.0000000000081215        46.578626967537701        46.578626967159408     
   1.0000000000025684        46.578626967279035        46.578626967159408     
   1.0000000000008122        46.578626967197238        46.578626967159408     
   1.0000000000002569        46.578626967171374        46.578626967159408     
 comp:           3
   1.0000000000000000       -168.02629332628067       -168.02629332628067     
   1.0000000000000000       -168.02629332628067       -168.02629332628067     
   1.0000000000000000       -168.02629332628067       -168.02629332628067     
   1.0000000000000000       -168.02629332628067       -168.02629332628067     
   1.0000000000000000       -168.02629332628067       -168.02629332628067     
   1.0000000000000000       -168.02629332628067       -168.02629332628067     
   1.0000000000000000       -168.02629332628067       -168.02629332628067     
   1.0000000000000000       -168.02629332628067       -168.02629332628067     
   1.0000000000000000       -168.02629332628067       -168.02629332628067     
   1.0000000000000000       -168.02629332628067       -168.02629332628067     
 
 part: i_fks+j_fks
 comp:           0
   1.0000000216924749        276.25027516106570        276.25026916851368     
   1.0000000020799942        276.25026974311265        276.25026916851368     
   1.0000000002071470        276.25026922573807        276.25026916851368     
   1.0000000000207063        276.25026917423384        276.25026916851368     
   1.0000000000020708        276.25026916908575        276.25026916851368     
   1.0000000000002072        276.25026916857092        276.25026916851368     
   1.0000000000000209        276.25026916851942        276.25026916851368     
   1.0000000000000020        276.25026916851425        276.25026916851368     
   1.0000000000000004        276.25026916851380        276.25026916851368     
   1.0000000000000000        276.25026916851368        276.25026916851368     
 comp:           1
   6.1499303138682317E-005   0.0000000000000000     
   1.9071068142912192E-005   0.0000000000000000     
   6.0192527407600141E-006   0.0000000000000000     
   1.9030907652876195E-006   0.0000000000000000     
   6.0179863146206824E-007   0.0000000000000000     
   1.9030507286369952E-007   0.0000000000000000     
   6.0179736528141370E-008   0.0000000000000000     
   1.9030503325013454E-008   0.0000000000000000     
   6.0179734440790266E-009   0.0000000000000000     
   1.9030504030181348E-009   0.0000000000000000     
 comp:           2
  -1.0127590487526309E-006   0.0000000000000000     
  -3.1405879165098760E-007   0.0000000000000000     
  -9.9123930984828273E-008   0.0000000000000000     
  -3.1339743619473829E-008   0.0000000000000000     
  -9.9103075715471917E-009   0.0000000000000000     
  -3.1339084303381905E-009   0.0000000000000000     
  -9.9102867203204332E-010   0.0000000000000000     
  -3.1339077779893944E-010   0.0000000000000000     
  -9.9102863765793488E-011   0.0000000000000000     
  -3.1339078941151273E-011   0.0000000000000000     
 comp:           3
  0.99999997061264245        276.25026105024824        276.25026916851368     
  0.99999999718553678        276.25026839101747        276.25026916851368     
  0.99999999971973952        276.25026909109164        276.25026916851368     
  0.99999999997198596        276.25026916077479        276.25026916851368     
  0.99999999999719891        276.25026916773987        276.25026916851368     
  0.99999999999972011        276.25026916843638        276.25026916851368     
  0.99999999999997202        276.25026916850595        276.25026916851368     
  0.99999999999999734        276.25026916851294        276.25026916851368     
   1.0000000000000000        276.25026916851368        276.25026916851368     
   1.0000000000000000        276.25026916851368        276.25026916851368     
     
 Collinear #          21
 
 part:           1
 comp:           0
  0.99999999780475546        276.25015297397158        276.25015358040821     
  0.99999999979046572        276.25015352252433        276.25015358040821     
  0.99999999997914146        276.25015357464605        276.25015358040821     
  0.99999999999791511        276.25015357983227        276.25015358040821     
  0.99999999999979139        276.25015358035057        276.25015358040821     
  0.99999999999997879        276.25015358040235        276.25015358040821     
  0.99999999999999778        276.25015358040758        276.25015358040821     
  0.99999999999999956        276.25015358040810        276.25015358040821     
  0.99999999999999956        276.25015358040810        276.25015358040821     
   1.0000000000000000        276.25015358040821        276.25015358040821     
 comp:           1
   0.0000000000000000        0.0000000000000000     
   0.0000000000000000        0.0000000000000000     
   0.0000000000000000        0.0000000000000000     
   0.0000000000000000        0.0000000000000000     
   0.0000000000000000        0.0000000000000000     
   0.0000000000000000        0.0000000000000000     
   0.0000000000000000        0.0000000000000000     
   0.0000000000000000        0.0000000000000000     
   0.0000000000000000        0.0000000000000000     
   0.0000000000000000        0.0000000000000000     
 comp:           2
   0.0000000000000000        0.0000000000000000     
   0.0000000000000000        0.0000000000000000     
   0.0000000000000000        0.0000000000000000     
   0.0000000000000000        0.0000000000000000     
   0.0000000000000000        0.0000000000000000     
   0.0000000000000000        0.0000000000000000     
   0.0000000000000000        0.0000000000000000     
   0.0000000000000000        0.0000000000000000     
   0.0000000000000000        0.0000000000000000     
   0.0000000000000000        0.0000000000000000     
 comp:           3
  0.99999999780475546        276.25015297397158        276.25015358040821     
  0.99999999979046572        276.25015352252433        276.25015358040821     
  0.99999999997914146        276.25015357464605        276.25015358040821     
  0.99999999999791511        276.25015357983227        276.25015358040821     
  0.99999999999979139        276.25015358035057        276.25015358040821     
  0.99999999999997879        276.25015358040235        276.25015358040821     
  0.99999999999999778        276.25015358040758        276.25015358040821     
  0.99999999999999956        276.25015358040810        276.25015358040821     
  0.99999999999999956        276.25015358040810        276.25015358040821     
   1.0000000000000000        276.25015358040821        276.25015358040821     
 
 part:           2
 comp:           0
   1.0000000291448310        276.25000805125956        276.25000000000000     
   1.0000000027926506        276.25000077146973        276.25000000000000     
   1.0000000002781022        276.25000007682576        276.25000000000000     
   1.0000000000277989        276.25000000767943        276.25000000000000     
   1.0000000000027798        276.25000000076790        276.25000000000000     
   1.0000000000002778        276.25000000007674        276.25000000000000     
   1.0000000000000278        276.25000000000767        276.25000000000000     
   1.0000000000000029        276.25000000000080        276.25000000000000     
   1.0000000000000002        276.25000000000006        276.25000000000000     
   1.0000000000000000        276.25000000000000        276.25000000000000     
 comp:           1
   0.0000000000000000        0.0000000000000000     
   0.0000000000000000        0.0000000000000000     
   0.0000000000000000        0.0000000000000000     
   0.0000000000000000        0.0000000000000000     
   0.0000000000000000        0.0000000000000000     
   0.0000000000000000        0.0000000000000000     
   0.0000000000000000        0.0000000000000000     
   0.0000000000000000        0.0000000000000000     
   0.0000000000000000        0.0000000000000000     
   0.0000000000000000        0.0000000000000000     
 comp:           2
   0.0000000000000000        0.0000000000000000     
   0.0000000000000000        0.0000000000000000     
   0.0000000000000000        0.0000000000000000     
   0.0000000000000000        0.0000000000000000     
   0.0000000000000000        0.0000000000000000     
   0.0000000000000000        0.0000000000000000     
   0.0000000000000000        0.0000000000000000     
   0.0000000000000000        0.0000000000000000     
   0.0000000000000000        0.0000000000000000     
   0.0000000000000000        0.0000000000000000     
 comp:           3
   1.0000000291448310       -276.25000805125956       -276.25000000000000     
   1.0000000027926506       -276.25000077146973       -276.25000000000000     
   1.0000000002781022       -276.25000007682576       -276.25000000000000     
   1.0000000000277989       -276.25000000767943       -276.25000000000000     
   1.0000000000027798       -276.25000000076790       -276.25000000000000     
   1.0000000000002778       -276.25000000007674       -276.25000000000000     
   1.0000000000000278       -276.25000000000767       -276.25000000000000     
   1.0000000000000029       -276.25000000000080       -276.25000000000000     
   1.0000000000000002       -276.25000000000006       -276.25000000000000     
   1.0000000000000000       -276.25000000000000       -276.25000000000000     
 
 part:           3
 comp:           0
  0.99999993361390982        133.73011525399829        133.73012413181837     
  0.99999997941352670        133.73012137878675        133.73012413181837     
  0.99999999350245150        133.73012326290041        133.73012413181837     
  0.99999999794568761        133.73012385709492        133.73012413181837     
  0.99999999935038186        133.73012404494486        133.73012413181837     
  0.99999999979457310        133.73012410434660        133.73012413181837     
  0.99999999993503841        133.73012412313105        133.73012413181837     
  0.99999999997945721        133.73012412907119        133.73012413181837     
  0.99999999999350375        133.73012413094963        133.73012413181837     
  0.99999999999794564        133.73012413154365        133.73012413181837     
 comp:           1
  0.99999981665733217        71.630104040929368        71.630117173786147     
  0.99999994314503726        71.630113101258502        71.630117173786147     
  0.99999998205531060        71.630115888405939        71.630117173786147     
  0.99999999432647624        71.630116767390973        71.630117173786147     
  0.99999999820590857        71.630117045275171        71.630117173786147     
  0.99999999943265949        71.630117133147479        71.630117173786147     
  0.99999999982059118        71.630117160935072        71.630117173786147     
  0.99999999994326594        71.630117169722283        71.630117173786147     
  0.99999999998205924        71.630117172501045        71.630117173786147     
  0.99999999999432654        71.630117173379759        71.630117173786147     
 comp:           2
  0.99999952883348542        22.874004762905177        22.874015540375353     
  0.99999985389023227        22.874012198258256        22.874015540375353     
  0.99999995388451124        22.874014485528946        22.874015540375353     
  0.99999998541979118        22.874015206867430        22.874015540375353     
  0.99999999538942130        22.874015434912906        22.874015540375353     
  0.99999999854200983        22.874015507025263        22.874015540375353     
  0.99999999953894303        22.874015529829130        22.874015540375353     
  0.99999999985420107        22.874015537040346        22.874015540375353     
  0.99999999995389433        22.874015539320730        22.874015540375353     
  0.99999999998542011        22.874015540041853        22.874015540375353     
 comp:           3
   1.0000000000000000       -110.57347827594047       -110.57347827594047     
   1.0000000000000000       -110.57347827594047       -110.57347827594047     
   1.0000000000000000       -110.57347827594047       -110.57347827594047     
   1.0000000000000000       -110.57347827594047       -110.57347827594047     
   1.0000000000000000       -110.57347827594047       -110.57347827594047     
   1.0000000000000000       -110.57347827594047       -110.57347827594047     
   1.0000000000000000       -110.57347827594047       -110.57347827594047     
   1.0000000000000000       -110.57347827594047       -110.57347827594047     
   1.0000000000000000       -110.57347827594047       -110.57347827594047     
   1.0000000000000000       -110.57347827594047       -110.57347827594047     
 
 part:           4
 comp:           0
   1.0000000220791190        51.538222812236661        51.538221674318130     
   1.0000000068467811        51.538222027189057        51.538221674318130     
   1.0000000021609960        51.538221785692024        51.538221674318130     
   1.0000000006832361        51.538221709530902        51.538221674318130     
   1.0000000002160541        51.538221685453173        51.538221674318130     
   1.0000000000683222        51.538221677839331        51.538221674318130     
   1.0000000000216054        51.538221675431636        51.538221674318130     
   1.0000000000068323        51.538221674670254        51.538221674318130     
   1.0000000000021605        51.538221674429479        51.538221674318130     
   1.0000000000006832        51.538221674353345        51.538221674318130     
 comp:           1
  0.99999974714223783        20.016263489215547        20.016268550484419     
  0.99999992158825668        20.016266980973906        20.016268550484419     
  0.99999997525151207        20.016268055112040        20.016268550484419     
  0.99999999217533797        20.016268393863882        20.016268550484419     
  0.99999999752567192        20.016268500957604        20.016268550484419     
  0.99999999921755034        20.016268534822697        20.016268550484419     
  0.99999999975256770        20.016268545531748        20.016268550484419     
  0.99999999992175503        20.016268548918248        20.016268550484419     
  0.99999999997525679        20.016268549989153        20.016268550484419     
  0.99999999999217548        20.016268550327801        20.016268550484419     
 comp:           2
   1.0000001078546752       -38.510406458245988       -38.510402304719058     
   1.0000000334459700       -38.510403592736814       -38.510402304719058     
   1.0000000105562910       -38.510402711246073       -38.510402304719058     
   1.0000000033375538       -38.510402433249595       -38.510402304719058     
   1.0000000010554069       -38.510402345363204       -38.510402304719058     
   1.0000000003337484       -38.510402317571838       -38.510402304719058     
   1.0000000001055405       -38.510402308783462       -38.510402304719058     
   1.0000000000333749       -38.510402306004337       -38.510402304719058     
   1.0000000000105540       -38.510402305125496       -38.510402304719058     
   1.0000000000033376       -38.510402304847588       -38.510402304719058     
 comp:           3
   1.0000000000000000       -27.793635980107592       -27.793635980107592     
   1.0000000000000000       -27.793635980107592       -27.793635980107592     
   1.0000000000000000       -27.793635980107592       -27.793635980107592     
   1.0000000000000000       -27.793635980107592       -27.793635980107592     
   1.0000000000000000       -27.793635980107592       -27.793635980107592     
   1.0000000000000000       -27.793635980107592       -27.793635980107592     
   1.0000000000000000       -27.793635980107592       -27.793635980107592     
   1.0000000000000000       -27.793635980107592       -27.793635980107592     
   1.0000000000000000       -27.793635980107592       -27.793635980107592     
   1.0000000000000000       -27.793635980107592       -27.793635980107592     
 
 part:           5
 comp:           0
   1.0000000454830276        223.87226210082079        223.87225191843299     
   1.0000000141043843        223.87225507601329        223.87225191843299     
   1.0000000044516566        223.87225291503540        223.87225191843299     
   1.0000000014074681        223.87225223352604        223.87225191843299     
   1.0000000004450720        223.87225201807226        223.87225191843299     
   1.0000000001407439        223.87225194994164        223.87225191843299     
   1.0000000000445071        223.87225192839691        223.87225191843299     
   1.0000000000140743        223.87225192158385        223.87225191843299     
   1.0000000000044507        223.87225191942937        223.87225191843299     
   1.0000000000014073        223.87225191874808        223.87225191843299     
 comp:           1
   1.0000010637732299       -20.667200752176377       -20.667178766984868     
   1.0000003298783950       -20.667185584640631       -20.667178766984868     
   1.0000001041169484       -20.667180918788453       -20.667178766984868     
   1.0000000329183720       -20.667179447314748       -20.667178766984868     
   1.0000000104095041       -20.667178982119953       -20.667178766984868     
   1.0000000032917680       -20.667178835016426       -20.667178766984868     
   1.0000000010409482       -20.667178788498333       -20.667178766984868     
   1.0000000003291767       -20.667178773788024       -20.667178766984868     
   1.0000000001040947       -20.667178769136214       -20.667178766984868     
   1.0000000000329177       -20.667178767665185       -20.667178766984868     
 comp:           2
   1.0000001783485613       -101.16221776214238       -101.16219972000960     
   1.0000000553062773       -101.16220531491426       -101.16219972000960     
   1.0000000174558894       -101.16220148588577       -101.16219972000960     
   1.0000000055189810       -101.16220027832186       -101.16219972000960     
   1.0000000017452215       -101.16219989656005       -101.16219972000960     
   1.0000000005518865       -101.16219977583965       -101.16219972000960     
   1.0000000001745217       -101.16219973766461       -101.16219972000960     
   1.0000000000551887       -101.16219972559260       -101.16219972000960     
   1.0000000000174523       -101.16219972177510       -101.16219972000960     
   1.0000000000055189       -101.16219972056790       -101.16219972000960     
 comp:           3
   1.0000000000000000        181.63327419358541        181.63327419358541     
   1.0000000000000000        181.63327419358541        181.63327419358541     
   1.0000000000000000        181.63327419358541        181.63327419358541     
   1.0000000000000000        181.63327419358541        181.63327419358541     
   1.0000000000000000        181.63327419358541        181.63327419358541     
   1.0000000000000000        181.63327419358541        181.63327419358541     
   1.0000000000000000        181.63327419358541        181.63327419358541     
   1.0000000000000000        181.63327419358541        181.63327419358541     
   1.0000000000000000        181.63327419358541        181.63327419358541     
   1.0000000000000000        181.63327419358541        181.63327419358541     
 
 part:           6
 comp:           0
  0.99999998296252890        143.35939983294884        143.35940227543051     
  0.99999999471664136        143.35940151801137        143.35940227543051     
  0.99999999833245434        143.35940203637216        143.35940227543051     
  0.99999999947277651        143.35940219984806        143.35940227543051     
  0.99999999983328047        143.35940225152970        143.35940227543051     
  0.99999999994727884        143.35940226787244        143.35940227543051     
  0.99999999998332811        143.35940227304044        143.35940227543051     
  0.99999999999472777        143.35940227467469        143.35940227543051     
  0.99999999999833289        143.35940227519151        143.35940227543051     
  0.99999999999947287        143.35940227535494        143.35940227543051     
 comp:           1
   1.0000001983467142       -70.979221035778167       -70.979206957285697     
   1.0000000615077491       -70.979211323056958       -70.979206957285697     
   1.0000000194132121       -70.979208335220093       -70.979206957285697     
   1.0000000061378225       -70.979207392943465       -70.979206957285697     
   1.0000000019409128       -70.979207095050143       -70.979206957285697     
   1.0000000006137695       -70.979207000850565       -70.979206957285697     
   1.0000000001940907       -70.979206971062112       -70.979206957285697     
   1.0000000000613769       -70.979206961642177       -70.979206957285697     
   1.0000000000194091       -70.979206958663340       -70.979206957285697     
   1.0000000000061378       -70.979206957721345       -70.979206957285697     
 comp:           2
  0.99999990108180392        116.79857493084782        116.79858648435329     
  0.99999996932525137        116.79858290158602        116.79858648435329     
  0.99999999031836795        116.79858535355235        116.79858648435329     
  0.99999999693898478        116.79858612683104        116.79858648435329     
  0.99999999903204051        116.79858637129699        116.79858648435329     
  0.99999999969390496        116.79858644860182        116.79858648435329     
  0.99999999990320432        116.79858647304769        116.79858648435329     
  0.99999999996939049        116.79858648077814        116.79858648435329     
  0.99999999999032041        116.79858648322273        116.79858648435329     
  0.99999999999693900        116.79858648399578        116.79858648435329     
 comp:           3
   1.0000000000000000       -43.266159937537331       -43.266159937537331     
   1.0000000000000000       -43.266159937537331       -43.266159937537331     
   1.0000000000000000       -43.266159937537331       -43.266159937537331     
   1.0000000000000000       -43.266159937537331       -43.266159937537331     
   1.0000000000000000       -43.266159937537331       -43.266159937537331     
   1.0000000000000000       -43.266159937537331       -43.266159937537331     
   1.0000000000000000       -43.266159937537331       -43.266159937537331     
   1.0000000000000000       -43.266159937537331       -43.266159937537331     
   1.0000000000000000       -43.266159937537331       -43.266159937537331     
   1.0000000000000000       -43.266159937537331       -43.266159937537331     
 
 part:           7
 comp:           0
   1.0484750534915910        1.6102522667951272E-004   1.5358040817783195E-004
   1.0046463317936005        1.5429399371122275E-004   1.5358040817783195E-004
   1.0004627121738938        1.5365147170236742E-004   1.5358040817783195E-004
   1.0000462520939741        1.5358751159330359E-004   1.5358040817783195E-004
   1.0000046250182504        1.5358111849002266E-004   1.5358040817783195E-004
   1.0000004624999133        1.5358047920875742E-004   1.5358040817783195E-004
   1.0000000462499725        1.5358041528092161E-004   1.5358040817783195E-004
   1.0000000046249975        1.5358040888814096E-004   1.5358040817783195E-004
   1.0000000004624994        1.5358040824886278E-004   1.5358040817783195E-004
   1.0000000000462499        1.5358040818493502E-004   1.5358040817783195E-004
 comp:           1
   5.4257809636252748E-005   0.0000000000000000     
   1.6825465175848246E-005   0.0000000000000000     
   5.3104905609263735E-006   0.0000000000000000     
   1.6790033548624964E-006   0.0000000000000000     
   5.3093732553650310E-007   0.0000000000000000     
   1.6789680324927111E-007   0.0000000000000000     
   5.3093620844752096E-008   0.0000000000000000     
   1.6789676830016905E-008   0.0000000000000000     
   5.3093619003184812E-009   0.0000000000000000     
   1.6789677452151840E-009   0.0000000000000000     
 comp:           2
   4.4526635361299346E-005   0.0000000000000000     
   1.3807806796695019E-005   0.0000000000000000     
   4.3580505438980960E-006   0.0000000000000000     
   1.3778729855399281E-006   0.0000000000000000     
   4.3571336278329138E-007   0.0000000000000000     
   1.3778439982606764E-007   0.0000000000000000     
   4.3571244604496179E-008   0.0000000000000000     
   1.3778437114511027E-008   0.0000000000000000     
   4.3571243093215220E-009   0.0000000000000000     
   1.3778437625065647E-009   0.0000000000000000     
 comp:           3
  0.94362760039596305        1.4492271203668010E-004   1.5358040817783195E-004
  0.99459987400302730        1.5275105462300516E-004   1.5358040817783195E-004
  0.99946225001734712        1.5349782031599850E-004   1.5358040817783195E-004
  0.99994624752435612        1.5357215285068199E-004   1.5358040817783195E-004
  0.99999462497755975        1.5357958267969162E-004   1.5358040817783195E-004
  0.99999946250000682        1.5358032562836361E-004   1.5358040817783195E-004
  0.99999994625002353        1.5358039992288862E-004   1.5358040817783195E-004
  0.99999999462500300        1.5358040735233771E-004   1.5358040817783195E-004
  0.99999999946249984        1.5358040809528245E-004   1.5358040817783195E-004
  0.99999999994624977        1.5358040816957697E-004   1.5358040817783195E-004
 
 part: i_fks+j_fks
 comp:           0
   1.0000000247542962        276.25031399919828        276.25030716081636     
   1.0000000023735782        276.25030781651805        276.25030716081636     
   1.0000000002363849        276.25030722611774        276.25030716081636     
   1.0000000000236289        276.25030716734386        276.25030716081636     
   1.0000000000023626        276.25030716146904        276.25030716081636     
   1.0000000000002360        276.25030716088156        276.25030716081636     
   1.0000000000000235        276.25030716082284        276.25030716081636     
   1.0000000000000022        276.25030716081699        276.25030716081636     
   1.0000000000000000        276.25030716081636        276.25030716081636     
   1.0000000000000002        276.25030716081642        276.25030716081636     
 comp:           1
   5.4257809636252748E-005   0.0000000000000000     
   1.6825465175848246E-005   0.0000000000000000     
   5.3104905609263735E-006   0.0000000000000000     
   1.6790033548624964E-006   0.0000000000000000     
   5.3093732553650310E-007   0.0000000000000000     
   1.6789680324927111E-007   0.0000000000000000     
   5.3093620844752096E-008   0.0000000000000000     
   1.6789676830016905E-008   0.0000000000000000     
   5.3093619003184812E-009   0.0000000000000000     
   1.6789677452151840E-009   0.0000000000000000     
 comp:           2
   4.4526635361299346E-005   0.0000000000000000     
   1.3807806796695019E-005   0.0000000000000000     
   4.3580505438980960E-006   0.0000000000000000     
   1.3778729855399281E-006   0.0000000000000000     
   4.3571336278329138E-007   0.0000000000000000     
   1.3778439982606764E-007   0.0000000000000000     
   4.3571244604496179E-008   0.0000000000000000     
   1.3778437114511027E-008   0.0000000000000000     
   4.3571243093215220E-009   0.0000000000000000     
   1.3778437625065647E-009   0.0000000000000000     
 comp:           3
  0.99999996646471512        276.25029789668361        276.25030716081636     
  0.99999999678828433        276.25030627357893        276.25030716081636     
  0.99999999968018127        276.25030707246634        276.25030716081636     
  0.99999999996803168        276.25030715198511        276.25030716081636     
  0.99999999999680322        276.25030715993324        276.25030716081636     
  0.99999999999968003        276.25030716072797        276.25030716081636     
  0.99999999999996791        276.25030716080749        276.25030716081636     
  0.99999999999999667        276.25030716081545        276.25030716081636     
  0.99999999999999933        276.25030716081619        276.25030716081636     
   1.0000000000000000        276.25030716081636        276.25030716081636     
     
 Collinear #          85
 
 part:           1
 comp:           0
  0.99999999881435708        276.25008262051068        276.25008294804462     
  0.99999999988683130        276.25008291678176        276.25008294804462     
  0.99999999998873446        276.25008294493250        276.25008294804462     
  0.99999999999887401        276.25008294773357        276.25008294804462     
  0.99999999999988742        276.25008294801353        276.25008294804462     
  0.99999999999998890        276.25008294804155        276.25008294804462     
  0.99999999999999900        276.25008294804434        276.25008294804462     
  0.99999999999999978        276.25008294804456        276.25008294804462     
   1.0000000000000000        276.25008294804462        276.25008294804462     
   1.0000000000000000        276.25008294804462        276.25008294804462     
 comp:           1
   0.0000000000000000        0.0000000000000000     
   0.0000000000000000        0.0000000000000000     
   0.0000000000000000        0.0000000000000000     
   0.0000000000000000        0.0000000000000000     
   0.0000000000000000        0.0000000000000000     
   0.0000000000000000        0.0000000000000000     
   0.0000000000000000        0.0000000000000000     
   0.0000000000000000        0.0000000000000000     
   0.0000000000000000        0.0000000000000000     
   0.0000000000000000        0.0000000000000000     
 comp:           2
   0.0000000000000000        0.0000000000000000     
   0.0000000000000000        0.0000000000000000     
   0.0000000000000000        0.0000000000000000     
   0.0000000000000000        0.0000000000000000     
   0.0000000000000000        0.0000000000000000     
   0.0000000000000000        0.0000000000000000     
   0.0000000000000000        0.0000000000000000     
   0.0000000000000000        0.0000000000000000     
   0.0000000000000000        0.0000000000000000     
   0.0000000000000000        0.0000000000000000     
 comp:           3
  0.99999999881435708        276.25008262051068        276.25008294804462     
  0.99999999988683130        276.25008291678176        276.25008294804462     
  0.99999999998873446        276.25008294493250        276.25008294804462     
  0.99999999999887401        276.25008294773357        276.25008294804462     
  0.99999999999988742        276.25008294801353        276.25008294804462     
  0.99999999999998890        276.25008294804155        276.25008294804462     
  0.99999999999999900        276.25008294804434        276.25008294804462     
  0.99999999999999978        276.25008294804456        276.25008294804462     
   1.0000000000000000        276.25008294804462        276.25008294804462     
   1.0000000000000000        276.25008294804462        276.25008294804462     
 
 part:           2
 comp:           0
   1.0000000157409854        276.25000434844731        276.25000000000006     
   1.0000000015082973        276.25000041666721        276.25000000000006     
   1.0000000001502014        276.25000004149319        276.25000000000006     
   1.0000000000150138        276.25000000414758        276.25000000000006     
   1.0000000000015010        276.25000000041473        276.25000000000006     
   1.0000000000001501        276.25000000004150        276.25000000000006     
   1.0000000000000149        276.25000000000415        276.25000000000006     
   1.0000000000000013        276.25000000000040        276.25000000000006     
   1.0000000000000000        276.25000000000006        276.25000000000006     
   1.0000000000000000        276.25000000000006        276.25000000000006     
 comp:           1
   0.0000000000000000        0.0000000000000000     
   0.0000000000000000        0.0000000000000000     
   0.0000000000000000        0.0000000000000000     
   0.0000000000000000        0.0000000000000000     
   0.0000000000000000        0.0000000000000000     
   0.0000000000000000        0.0000000000000000     
   0.0000000000000000        0.0000000000000000     
   0.0000000000000000        0.0000000000000000     
   0.0000000000000000        0.0000000000000000     
   0.0000000000000000        0.0000000000000000     
 comp:           2
   0.0000000000000000        0.0000000000000000     
   0.0000000000000000        0.0000000000000000     
   0.0000000000000000        0.0000000000000000     
   0.0000000000000000        0.0000000000000000     
   0.0000000000000000        0.0000000000000000     
   0.0000000000000000        0.0000000000000000     
   0.0000000000000000        0.0000000000000000     
   0.0000000000000000        0.0000000000000000     
   0.0000000000000000        0.0000000000000000     
   0.0000000000000000        0.0000000000000000     
 comp:           3
   1.0000000157409854       -276.25000434844731       -276.25000000000006     
   1.0000000015082973       -276.25000041666721       -276.25000000000006     
   1.0000000001502014       -276.25000004149319       -276.25000000000006     
   1.0000000000150138       -276.25000000414758       -276.25000000000006     
   1.0000000000015010       -276.25000000041473       -276.25000000000006     
   1.0000000000001501       -276.25000000004150       -276.25000000000006     
   1.0000000000000149       -276.25000000000415       -276.25000000000006     
   1.0000000000000013       -276.25000000000040       -276.25000000000006     
   1.0000000000000000       -276.25000000000006       -276.25000000000006     
   1.0000000000000000       -276.25000000000006       -276.25000000000006     
 
 part:           3
 comp:           0
   1.0000000041693011        27.479363261318252        27.479363146748511     
   1.0000000012929089        27.479363182276824        27.479363146748511     
   1.0000000004080707        27.479363157962034        27.479363146748511     
   1.0000000001290186        27.479363150293860        27.479363146748511     
   1.0000000000407985        27.479363147869627        27.479363146748511     
   1.0000000000129017        27.479363147103040        27.479363146748511     
   1.0000000000040798        27.479363146860624        27.479363146748511     
   1.0000000000012901        27.479363146783964        27.479363146748511     
   1.0000000000004081        27.479363146759724        27.479363146748511     
   1.0000000000001290        27.479363146752057        27.479363146748511     
 comp:           1
   1.0000001625750685        8.1413950991780055        8.1413937755903554     
   1.0000000504148836        8.1413941860377754        8.1413937755903554     
   1.0000000159120572        8.1413939051366793        8.1413937755903554     
   1.0000000050308719        8.1413938165486641        8.1413937755903554     
   1.0000000015908708        8.1413937885422616        8.1413937755903554     
   1.0000000005030765        8.1413937796860996        8.1413937755903554     
   1.0000000001590867        8.1413937768855433        8.1413937755903554     
   1.0000000000503078        8.1413937759999300        8.1413937755903554     
   1.0000000000159088        8.1413937757198749        8.1413937755903554     
   1.0000000000050309        8.1413937756313128        8.1413937755903554     
 comp:           2
  0.99999976361423581       -5.6804360429300251       -5.6804373857045576     
  0.99999992669625826       -5.6804369693072427       -5.6804373857045576     
  0.99999997686371078       -5.6804372542803154       -5.6804373857045576     
  0.99999999268506234       -5.6804373441525122       -5.6804373857045576     
  0.99999999768685788       -5.6804373725648984       -5.6804373857045576     
  0.99999999926852157       -5.6804373815494404       -5.6804373857045576     
  0.99999999976868625       -5.6804373843905944       -5.6804373857045576     
  0.99999999992685229       -5.6804373852890464       -5.6804373857045576     
  0.99999999997686861       -5.6804373855731614       -5.6804373857045576     
  0.99999999999268530       -5.6804373856630068       -5.6804373857045576     
 comp:           3
   1.0000000000000000        25.561846733926487        25.561846733926487     
   1.0000000000000000        25.561846733926487        25.561846733926487     
   1.0000000000000000        25.561846733926487        25.561846733926487     
   1.0000000000000000        25.561846733926487        25.561846733926487     
   1.0000000000000000        25.561846733926487        25.561846733926487     
   1.0000000000000000        25.561846733926487        25.561846733926487     
   1.0000000000000000        25.561846733926487        25.561846733926487     
   1.0000000000000000        25.561846733926487        25.561846733926487     
   1.0000000000000000        25.561846733926487        25.561846733926487     
   1.0000000000000000        25.561846733926487        25.561846733926487     
 
 part:           4
 comp:           0
  0.99999998633509413        178.95498712068346        178.95498956608654     
  0.99999999576248222        178.95498880776159        178.95498956608654     
  0.99999999866254519        178.95498932674232        178.95498956608654     
  0.99999999957714059        178.95498949041374        178.95498956608654     
  0.99999999986628274        178.95498954215716        178.95498956608654     
  0.99999999995771505        178.95498955851943        178.95498956608654     
  0.99999999998662825        178.95498956369360        178.95498956608654     
  0.99999999999577160        178.95498956532984        178.95498956608654     
  0.99999999999866285        178.95498956584726        178.95498956608654     
  0.99999999999957723        178.95498956601088        178.95498956608654     
 comp:           1
  0.99999992700921303       -118.09235227462852       -118.09236089428288     
  0.99999997736539747       -118.09235822130923       -118.09236089428288     
  0.99999999285601671       -118.09236005063302       -118.09236089428288     
  0.99999999774130610       -118.09236062754839       -118.09236089428288     
  0.99999999928575201       -118.09236080993564       -118.09236089428288     
  0.99999999977413534       -118.09236086760998       -118.09236089428288     
  0.99999999992857536       -118.09236088584817       -118.09236089428288     
  0.99999999997741351       -118.09236089161558       -118.09236089428288     
  0.99999999999285749       -118.09236089343941       -118.09236089428288     
  0.99999999999774136       -118.09236089401615       -118.09236089428288     
 comp:           2
   1.0000001317738625        66.360709560834408        66.360700816228544     
   1.0000000408633627        66.360703527949937        66.360700816228544     
   1.0000000128973849        66.360701672108050        66.360700816228544     
   1.0000000040777310        66.360701086829636        66.360700816228544     
   1.0000000012894670        66.360700901798481        66.360700816228544     
   1.0000000004077645        66.360700843288086        66.360700816228544     
   1.0000000001289464        66.360700824785525        66.360700816228544     
   1.0000000000407765        66.360700818934504        66.360700816228544     
   1.0000000000128946        66.360700817084236        66.360700816228544     
   1.0000000000040776        66.360700816499133        66.360700816228544     
 comp:           3
   1.0000000000000000        116.94160925945735        116.94160925945735     
   1.0000000000000000        116.94160925945735        116.94160925945735     
   1.0000000000000000        116.94160925945735        116.94160925945735     
   1.0000000000000000        116.94160925945735        116.94160925945735     
   1.0000000000000000        116.94160925945735        116.94160925945735     
   1.0000000000000000        116.94160925945735        116.94160925945735     
   1.0000000000000000        116.94160925945735        116.94160925945735     
   1.0000000000000000        116.94160925945735        116.94160925945735     
   1.0000000000000000        116.94160925945735        116.94160925945735     
   1.0000000000000000        116.94160925945735        116.94160925945735     
 
 part:           5
 comp:           0
   1.0000000260379625        190.44431125362189        190.44430629484017     
   1.0000000080744285        190.44430783256911        190.44430629484017     
   1.0000000025484690        190.44430678018156        190.44430629484017     
   1.0000000008057424        190.44430644828924        190.44430629484017     
   1.0000000002547933        190.44430634336410        190.44430629484017     
   1.0000000000805727        190.44430631018477        190.44430629484017     
   1.0000000000254792        190.44430629969256        190.44430629484017     
   1.0000000000080573        190.44430629637463        190.44430629484017     
   1.0000000000025480        190.44430629532542        190.44430629484017     
   1.0000000000008058        190.44430629499362        190.44430629484017     
 comp:           1
   1.0000003085607398        29.728534987539419        29.728525814483497     
   1.0000000956853585        29.728528659068147        29.728525814483497     
   1.0000000302004246        29.728526712297597        29.728525814483497     
   1.0000000095483861        29.728526098342940        29.728525814483497     
   1.0000000030194069        29.728525904246016        29.728525814483497     
   1.0000000009548184        29.728525842868844        29.728525814483497     
   1.0000000003019400        29.728525823459730        29.728525814483497     
   1.0000000000954818        29.728525817322030        29.728525814483497     
   1.0000000000301938        29.728525815381118        29.728525814483497     
   1.0000000000095481        29.728525814767352        29.728525814483497     
 comp:           2
   1.0000001289355724        72.175821157669958        72.175811851640347     
   1.0000000399832023        72.175814737460428        72.175811851640347     
   1.0000000126195867        72.175812762469263        72.175811851640347     
   1.0000000039899004        72.175812139614649        72.175811851640347     
   1.0000000012616932        72.175811942704073        72.175811851640347     
   1.0000000003989815        72.175811880437166        72.175811851640347     
   1.0000000001261691        72.175811860746705        72.175811851640347     
   1.0000000000398983        72.175811854520035        72.175811851640347     
   1.0000000000126168        72.175811852550979        72.175811851640347     
   1.0000000000039899        72.175811851928316        72.175811851640347     
 comp:           3
   1.0000000000000000       -153.97624746111512       -153.97624746111512     
   1.0000000000000000       -153.97624746111512       -153.97624746111512     
   1.0000000000000000       -153.97624746111512       -153.97624746111512     
   1.0000000000000000       -153.97624746111512       -153.97624746111512     
   1.0000000000000000       -153.97624746111512       -153.97624746111512     
   1.0000000000000000       -153.97624746111512       -153.97624746111512     
   1.0000000000000000       -153.97624746111512       -153.97624746111512     
   1.0000000000000000       -153.97624746111512       -153.97624746111512     
   1.0000000000000000       -153.97624746111512       -153.97624746111512     
   1.0000000000000000       -153.97624746111512       -153.97624746111512     
 
 part:           6
 comp:           0
  0.99999998311319616        155.62133836437772        155.62134099232478     
  0.99999999476336465        155.62134017739257        155.62134099232478     
  0.99999999834720144        155.62134073511405        155.62134099232478     
  0.99999999947743923        155.62134091100316        155.62134099232478     
  0.99999999983475496        155.62134096660913        155.62134099232478     
  0.99999999994774502        155.62134098419278        155.62134099232478     
  0.99999999998347544        155.62134098975321        155.62134099232478     
  0.99999999999477451        155.62134099151157        155.62134099232478     
  0.99999999999834754        155.62134099206762        155.62134099232478     
  0.99999999999947753        155.62134099224346        155.62134099232478     
 comp:           1
   1.0000000934370927        80.222448799960716        80.222441304209028     
   1.0000000289750468        80.222443628658013        80.222441304209028     
   1.0000000091451684        80.222442037856766        80.222441304209028     
   1.0000000028914031        80.222441536164439        80.222441304209028     
   1.0000000009143244        80.222441377558368        80.222441304209028     
   1.0000000002891343        80.222441327404084        80.222441304209028     
   1.0000000000914322        80.222441311543946        80.222441304209028     
   1.0000000000289135        80.222441306528538        80.222441304209028     
   1.0000000000091434        80.222441304942521        80.222441304209028     
   1.0000000000028912        80.222441304440977        80.222441304209028     
 comp:           2
  0.99999994276203796       -132.85606767775334       -132.85607528216434     
  0.99999998225038300       -132.85607292401988       -132.85607528216434     
  0.99999999439782661       -132.85607453788157       -132.85607528216434     
  0.99999999822877605       -132.85607504684648       -132.85607528216434     
  0.99999999943990059       -132.85607520775173       -132.85607528216434     
  0.99999999982288124       -132.85607525863304       -132.85607528216434     
  0.99999999994399003       -132.85607527472308       -132.85607528216434     
  0.99999999998228817       -132.85607527981122       -132.85607528216434     
  0.99999999999439892       -132.85607528142020       -132.85607528216434     
  0.99999999999822886       -132.85607528192904       -132.85607528216434     
 comp:           3
   1.0000000000000000        11.472791467731287        11.472791467731287     
   1.0000000000000000        11.472791467731287        11.472791467731287     
   1.0000000000000000        11.472791467731287        11.472791467731287     
   1.0000000000000000        11.472791467731287        11.472791467731287     
   1.0000000000000000        11.472791467731287        11.472791467731287     
   1.0000000000000000        11.472791467731287        11.472791467731287     
   1.0000000000000000        11.472791467731287        11.472791467731287     
   1.0000000000000000        11.472791467731287        11.472791467731287     
   1.0000000000000000        11.472791467731287        11.472791467731287     
   1.0000000000000000        11.472791467731287        11.472791467731287     
 
 part:           7
 comp:           0
   1.0484750671983651        8.6968956650094805E-005   8.2948044613483215E-005
   1.0046463331678304        8.3333448864377521E-005   8.2948044613483215E-005
   1.0004627123113226        8.2986425694926014E-005   8.2948044613483215E-005
   1.0000462521077167        8.2951881135377565E-005   8.2948044613483215E-005
   1.0000046250196246        8.2948428249817369E-005   8.2948044613483215E-005
   1.0000004625000507        8.2948082976958047E-005   8.2948044613483215E-005
   1.0000000462499861        8.2948048449829129E-005   8.2948044613483215E-005
   1.0000000046249986        8.2948044997117814E-005   8.2948044613483215E-005
   1.0000000004624994        8.2948044651846625E-005   8.2948044613483215E-005
   1.0000000000462497        8.2948044617319529E-005   8.2948044613483215E-005
 comp:           1
  -2.6612049613722624E-005  -0.0000000000000000     
  -8.2524547073370771E-006  -0.0000000000000000     
  -2.6046580224202162E-006  -0.0000000000000000     
  -8.2350764170890793E-007  -0.0000000000000000     
  -2.6041100131448795E-007  -0.0000000000000000     
  -8.2349031700656997E-008  -0.0000000000000000     
  -2.6041045341143895E-008  -0.0000000000000000     
  -8.2349014559032785E-009  -0.0000000000000000     
  -2.6041044437903021E-009  -0.0000000000000000     
  -8.2349017610443508E-010  -0.0000000000000000     
 comp:           2
  -2.6997821001848760E-005  -0.0000000000000000     
  -8.3720832573400740E-006  -0.0000000000000000     
  -2.6424154501827429E-006  -0.0000000000000000     
  -8.3544530493612175E-007  -0.0000000000000000     
  -2.6418594969007653E-007  -0.0000000000000000     
  -8.3542772909286933E-008  -0.0000000000000000     
  -2.6418539384456080E-008  -0.0000000000000000     
  -8.3542755519175743E-009  -0.0000000000000000     
  -2.6418538468121720E-009  -0.0000000000000000     
  -8.3542758614820059E-010  -0.0000000000000000     
 comp:           3
  0.94362758870041796        7.8272063326035861E-005   8.2948044613483215E-005
  0.99459987282145512        8.2500114623358791E-005   8.2948044613483215E-005
  0.99946224989910304        8.2903439294123107E-005   8.2948044613483215E-005
  0.99994624751253081        8.2943585949754532E-005   8.2948044613483215E-005
  0.99999462497637714        8.2947598765783947E-005   8.2948044613483215E-005
  0.99999946249988847        8.2948000028899984E-005   8.2948044613483215E-005
  0.99999994625001154        8.2948040155026771E-005   8.2948044613483215E-005
  0.99999999462500144        8.2948044167637598E-005   8.2948044613483215E-005
  0.99999999946249962        8.2948044568898613E-005   8.2948044613483215E-005
  0.99999999994624966        8.2948044609024732E-005   8.2948044613483215E-005
 
 part: i_fks+j_fks
 comp:           0
   1.0000000133696862        276.25016958946730        276.25016589608924     
   1.0000000012819590        276.25016625023062        276.25016589608924     
   1.0000000001276703        276.25016593135820        276.25016589608924     
   1.0000000000127620        276.25016589961473        276.25016589608924     
   1.0000000000012761        276.25016589644179        276.25016589608924     
   1.0000000000001277        276.25016589612454        276.25016589608924     
   1.0000000000000127        276.25016589609277        276.25016589608924     
   1.0000000000000013        276.25016589608958        276.25016589608924     
   1.0000000000000002        276.25016589608930        276.25016589608924     
   1.0000000000000000        276.25016589608924        276.25016589608924     
 comp:           1
  -2.6612049613722624E-005   0.0000000000000000     
  -8.2524547073370771E-006   0.0000000000000000     
  -2.6046580224202162E-006   0.0000000000000000     
  -8.2350764170890793E-007   0.0000000000000000     
  -2.6041100131448795E-007   0.0000000000000000     
  -8.2349031700656997E-008   0.0000000000000000     
  -2.6041045341143895E-008   0.0000000000000000     
  -8.2349014559032785E-009   0.0000000000000000     
  -2.6041044437903021E-009   0.0000000000000000     
  -8.2349017610443508E-010   0.0000000000000000     
 comp:           2
  -2.6997821001848760E-005   0.0000000000000000     
  -8.3720832573400740E-006   0.0000000000000000     
  -2.6424154501827429E-006   0.0000000000000000     
  -8.3544530493612175E-007   0.0000000000000000     
  -2.6418594969007653E-007   0.0000000000000000     
  -8.3542772909286933E-008   0.0000000000000000     
  -2.6418539384456080E-008   0.0000000000000000     
  -8.3542755519175743E-009   0.0000000000000000     
  -2.6418538468121720E-009   0.0000000000000000     
  -8.3542758614820059E-010   0.0000000000000000     
 comp:           3
  0.99999998188773853        276.25016089257400        276.25016589608924     
  0.99999999826536623        276.25016541689638        276.25016589608924     
  0.99999999982726728        276.25016584837181        276.25016589608924     
  0.99999999998273403        276.25016589131951        276.25016589608924     
  0.99999999999827338        276.25016589561227        276.25016589608924     
  0.99999999999982758        276.25016589604161        276.25016589608924     
  0.99999999999998268        276.25016589608447        276.25016589608924     
  0.99999999999999811        276.25016589608873        276.25016589608924     
  0.99999999999999978        276.25016589608919        276.25016589608924     
   1.0000000000000000        276.25016589608924        276.25016589608924     
     
 Collinear #           7
 
 part:           1
 comp:           0
  0.99999999937198125        276.25004376291031        276.25004393640052     
  0.99999999994005606        276.25004391984100        276.25004393640052     
  0.99999999999403288        276.25004393475211        276.25004393640052     
  0.99999999999940348        276.25004393623573        276.25004393640052     
  0.99999999999994049        276.25004393638409        276.25004393640052     
  0.99999999999999400        276.25004393639887        276.25004393640052     
  0.99999999999999933        276.25004393640035        276.25004393640052     
  0.99999999999999978        276.25004393640046        276.25004393640052     
  0.99999999999999978        276.25004393640046        276.25004393640052     
   1.0000000000000000        276.25004393640052        276.25004393640052     
 comp:           1
   0.0000000000000000        0.0000000000000000     
   0.0000000000000000        0.0000000000000000     
   0.0000000000000000        0.0000000000000000     
   0.0000000000000000        0.0000000000000000     
   0.0000000000000000        0.0000000000000000     
   0.0000000000000000        0.0000000000000000     
   0.0000000000000000        0.0000000000000000     
   0.0000000000000000        0.0000000000000000     
   0.0000000000000000        0.0000000000000000     
   0.0000000000000000        0.0000000000000000     
 comp:           2
   0.0000000000000000        0.0000000000000000     
   0.0000000000000000        0.0000000000000000     
   0.0000000000000000        0.0000000000000000     
   0.0000000000000000        0.0000000000000000     
   0.0000000000000000        0.0000000000000000     
   0.0000000000000000        0.0000000000000000     
   0.0000000000000000        0.0000000000000000     
   0.0000000000000000        0.0000000000000000     
   0.0000000000000000        0.0000000000000000     
   0.0000000000000000        0.0000000000000000     
 comp:           3
  0.99999999937198125        276.25004376291031        276.25004393640052     
  0.99999999994005606        276.25004391984100        276.25004393640052     
  0.99999999999403288        276.25004393475211        276.25004393640052     
  0.99999999999940348        276.25004393623573        276.25004393640052     
  0.99999999999994049        276.25004393638409        276.25004393640052     
  0.99999999999999400        276.25004393639887        276.25004393640052     
  0.99999999999999933        276.25004393640035        276.25004393640052     
  0.99999999999999978        276.25004393640046        276.25004393640052     
  0.99999999999999978        276.25004393640046        276.25004393640052     
   1.0000000000000000        276.25004393640052        276.25004393640052     
 
 part:           2
 comp:           0
   1.0000000083377771        276.25000230331091        276.25000000000000     
   1.0000000007989238        276.25000022070270        276.25000000000000     
   1.0000000000795597        276.25000002197839        276.25000000000000     
   1.0000000000079527        276.25000000219694        276.25000000000000     
   1.0000000000007956        276.25000000021976        276.25000000000000     
   1.0000000000000795        276.25000000002194        276.25000000000000     
   1.0000000000000080        276.25000000000222        276.25000000000000     
   1.0000000000000007        276.25000000000017        276.25000000000000     
  0.99999999999999978        276.24999999999994        276.25000000000000     
   1.0000000000000000        276.25000000000000        276.25000000000000     
 comp:           1
   0.0000000000000000        0.0000000000000000     
   0.0000000000000000        0.0000000000000000     
   0.0000000000000000        0.0000000000000000     
   0.0000000000000000        0.0000000000000000     
   0.0000000000000000        0.0000000000000000     
   0.0000000000000000        0.0000000000000000     
   0.0000000000000000        0.0000000000000000     
   0.0000000000000000        0.0000000000000000     
   0.0000000000000000        0.0000000000000000     
   0.0000000000000000        0.0000000000000000     
 comp:           2
   0.0000000000000000        0.0000000000000000     
   0.0000000000000000        0.0000000000000000     
   0.0000000000000000        0.0000000000000000     
   0.0000000000000000        0.0000000000000000     
   0.0000000000000000        0.0000000000000000     
   0.0000000000000000        0.0000000000000000     
   0.0000000000000000        0.0000000000000000     
   0.0000000000000000        0.0000000000000000     
   0.0000000000000000        0.0000000000000000     
   0.0000000000000000        0.0000000000000000     
 comp:           3
   1.0000000083377771       -276.25000230331091       -276.25000000000000     
   1.0000000007989238       -276.25000022070270       -276.25000000000000     
   1.0000000000795597       -276.25000002197839       -276.25000000000000     
   1.0000000000079527       -276.25000000219694       -276.25000000000000     
   1.0000000000007956       -276.25000000021976       -276.25000000000000     
   1.0000000000000795       -276.25000000002194       -276.25000000000000     
   1.0000000000000080       -276.25000000000222       -276.25000000000000     
   1.0000000000000007       -276.25000000000017       -276.25000000000000     
  0.99999999999999978       -276.24999999999994       -276.25000000000000     
   1.0000000000000000       -276.25000000000000       -276.25000000000000     
 
 part:           3
 comp:           0
  0.99999996945547021        89.816823506388928        89.816826249801650     
  0.99999999052807453        89.816825399063362        89.816826249801650     
  0.99999999701044984        89.816825981289739        89.816826249801650     
  0.99999999905480208        89.816826164906971        89.816826249801650     
  0.99999999970110776        89.816826222956095        89.816826249801650     
  0.99999999990548216        89.816826241312356        89.816826249801650     
  0.99999999997011091        89.816826247117106        89.816826249801650     
  0.99999999999054823        89.816826248952722        89.816826249801650     
  0.99999999999701106        89.816826249533193        89.816826249801650     
  0.99999999999905476        89.816826249716755        89.816826249801650     
 comp:           1
  0.99999997526687512        85.706480122014838        85.706482241803968     
  0.99999999233020398        85.706481584452732        85.706482241803968     
  0.99999999757924196        85.706482034329312        85.706482241803968     
  0.99999999923463556        85.706482176207274        85.706482241803968     
  0.99999999975797516        85.706482221060867        85.706482241803968     
  0.99999999992346511        85.706482235244437        85.706482241803968     
  0.99999999997579758        85.706482239729667        85.706482241803968     
  0.99999999999234646        85.706482241148009        85.706482241803968     
  0.99999999999757971        85.706482241596532        85.706482241803968     
  0.99999999999923461        85.706482241738371        85.706482241803968     
 comp:           2
  0.99999990479887213       -26.074428249993289       -26.074430732308503     
  0.99999997047792222       -26.074429962537131       -26.074430732308503     
  0.99999999068217638       -26.074430489351556       -26.074430732308503     
  0.99999999705400899       -26.074430655493465       -26.074430732308503     
  0.99999999906841341       -26.074430708017914       -26.074430732308503     
  0.99999999970540709       -26.074430724627160       -26.074430732308503     
  0.99999999990684152       -26.074430729879449       -26.074430732308503     
  0.99999999997054068       -26.074430731540367       -26.074430732308503     
  0.99999999999068412       -26.074430732065597       -26.074430732308503     
  0.99999999999705402       -26.074430732231690       -26.074430732308503     
 comp:           3
   1.0000000000000000       -6.1989928462979051       -6.1989928462979051     
   1.0000000000000000       -6.1989928462979051       -6.1989928462979051     
   1.0000000000000000       -6.1989928462979051       -6.1989928462979051     
   1.0000000000000000       -6.1989928462979051       -6.1989928462979051     
   1.0000000000000000       -6.1989928462979051       -6.1989928462979051     
   1.0000000000000000       -6.1989928462979051       -6.1989928462979051     
   1.0000000000000000       -6.1989928462979051       -6.1989928462979051     
   1.0000000000000000       -6.1989928462979051       -6.1989928462979051     
   1.0000000000000000       -6.1989928462979051       -6.1989928462979051     
   1.0000000000000000       -6.1989928462979051       -6.1989928462979051     
 
 part:           4
 comp:           0
  0.99999998336635210        164.68751395818524        164.68751669753939     
  0.99999999484186930        164.68751584805966        164.68751669753939     
  0.99999999837197928        164.68751642942470        164.68751669753939     
  0.99999999948527318        164.68751661277031        164.68751669753939     
  0.99999999983723209        164.68751667073354        164.68751669753939     
  0.99999999994852851        164.68751668906268        164.68751669753939     
  0.99999999998372335        164.68751669485883        164.68751669753939     
  0.99999999999485278        164.68751669669172        164.68751669753939     
  0.99999999999837241        164.68751669727135        164.68751669753939     
  0.99999999999948541        164.68751669745464        164.68751669753939     
 comp:           1
  0.99999996985722750        128.94735222789510        128.94735611472592     
  0.99999999065266032        128.94735490941119        128.94735611472592     
  0.99999999704977205        128.94735573430182        128.94735611472592     
  0.99999999906723436        128.94735599444826        128.94735611472592     
  0.99999999970503917        128.94735607669151        128.94735611472592     
  0.99999999990672550        128.94735610269842        128.94735611472592     
  0.99999999997050404        128.94735611092250        128.94735611472592     
  0.99999999999067257        128.94735611352317        128.94735611472592     
  0.99999999999705047        128.94735611434558        128.94735611472592     
  0.99999999999906719        128.94735611460564        128.94735611472592     
 comp:           2
   1.0000004138440315        10.998245043332190        10.998240491776006     
   1.0000001283339384        10.998241903223523        10.998240491776006     
   1.0000000405050420        10.998240937260199        10.998240491776006     
   1.0000000128063689        10.998240632623531        10.998240491776006     
   1.0000000040496526        10.998240536315059        10.998240491776006     
   1.0000000012806101        10.998240505860462        10.998240491776006     
   1.0000000004049643        10.998240496229901        10.998240491776006     
   1.0000000001280609        10.998240493184451        10.998240491776006     
   1.0000000000404965        10.998240492221395        10.998240491776006     
   1.0000000000128060        10.998240491916849        10.998240491776006     
 comp:           3
   1.0000000000000000       -101.85085278538136       -101.85085278538136     
   1.0000000000000000       -101.85085278538136       -101.85085278538136     
   1.0000000000000000       -101.85085278538136       -101.85085278538136     
   1.0000000000000000       -101.85085278538136       -101.85085278538136     
   1.0000000000000000       -101.85085278538136       -101.85085278538136     
   1.0000000000000000       -101.85085278538136       -101.85085278538136     
   1.0000000000000000       -101.85085278538136       -101.85085278538136     
   1.0000000000000000       -101.85085278538136       -101.85085278538136     
   1.0000000000000000       -101.85085278538136       -101.85085278538136     
   1.0000000000000000       -101.85085278538136       -101.85085278538136     
 
 part:           5
 comp:           0
   1.0000000045133357        91.009710308155775        91.009709897398395     
   1.0000000013995953        91.009710024775160        91.009709897398395     
   1.0000000004417433        91.009709937601329        91.009709897398395     
   1.0000000001396649        91.009709910109251        91.009709897398395     
   1.0000000000441649        91.009709901417821        91.009709897398395     
   1.0000000000139662        91.009709898669456        91.009709897398395     
   1.0000000000044165        91.009709897800334        91.009709897398395     
   1.0000000000013967        91.009709897525497        91.009709897398395     
   1.0000000000004416        91.009709897438583        91.009709897398395     
   1.0000000000001397        91.009709897411099        91.009709897398395     
 comp:           1
   1.0000001014882232       -21.164454928243995       -21.164452780301289     
   1.0000000314717197       -21.164453446383014       -21.164452780301289     
   1.0000000099331738       -21.164452990531476       -21.164452780301289     
   1.0000000031405447       -21.164452846769198       -21.164452780301289     
   1.0000000009931085       -21.164452801319886       -21.164452780301289     
   1.0000000003140479       -21.164452786947940       -21.164452780301289     
   1.0000000000993108       -21.164452782403146       -21.164452780301289     
   1.0000000000314049       -21.164452780965956       -21.164452780301289     
   1.0000000000099312       -21.164452780511475       -21.164452780301289     
   1.0000000000031406       -21.164452780367757       -21.164452780301289     
 comp:           2
  0.99999921672002490       -3.2112165826473897       -3.2112190979310049     
  0.99999975710316824       -3.2112183179360598       -3.2112190979310049     
  0.99999992333636445       -3.2112188517472742       -3.2112190979310049     
  0.99999997576146693       -3.2112190200957644       -3.2112190979310049     
  0.99999999233524972       -3.2112190733178125       -3.2112190979310049     
  0.99999999757619773       -3.2112190901476447       -3.2112190979310049     
  0.99999999923352656       -3.2112190954696906       -3.2112190979310049     
  0.99999999975761977       -3.2112190971526688       -3.2112190979310049     
  0.99999999992335264       -3.2112190976848733       -3.2112190979310049     
  0.99999999997576194       -3.2112190978531712       -3.2112190979310049     
 comp:           3
   1.0000000000000000        36.841625258036075        36.841625258036075     
   1.0000000000000000        36.841625258036075        36.841625258036075     
   1.0000000000000000        36.841625258036075        36.841625258036075     
   1.0000000000000000        36.841625258036075        36.841625258036075     
   1.0000000000000000        36.841625258036075        36.841625258036075     
   1.0000000000000000        36.841625258036075        36.841625258036075     
   1.0000000000000000        36.841625258036075        36.841625258036075     
   1.0000000000000000        36.841625258036075        36.841625258036075     
   1.0000000000000000        36.841625258036075        36.841625258036075     
   1.0000000000000000        36.841625258036075        36.841625258036075     
 
 part:           6
 comp:           0
   1.0000000245041267        206.98595222727042        206.98594715526053     
   1.0000000075987834        206.98594872810190        206.98594715526053     
   1.0000000023983449        206.98594765168420        206.98594715526053     
   1.0000000007582781        206.98594731221345        206.98594715526053     
   1.0000000002397840        206.98594720489243        206.98594715526053     
   1.0000000000758262        206.98594717095548        206.98594715526053     
   1.0000000000239784        206.98594716022370        206.98594715526053     
   1.0000000000075826        206.98594715683004        206.98594715526053     
   1.0000000000023979        206.98594715575686        206.98594715526053     
   1.0000000000007583        206.98594715541748        206.98594715526053     
 comp:           1
   1.0000000252475176       -193.48939046135524       -193.48938557622859     
   1.0000000078293103       -193.48938709111704       -193.48938557622859     
   1.0000000024711042       -193.48938605436103       -193.48938557622859     
   1.0000000007812824       -193.48938572739843       -193.48938557622859     
   1.0000000002470584       -193.48938562403177       -193.48938557622859     
   1.0000000000781266       -193.48938559134524       -193.48938557622859     
   1.0000000000247058       -193.48938558100889       -193.48938557622859     
   1.0000000000078126       -193.48938557774025       -193.48938557622859     
   1.0000000000024705       -193.48938557670661       -193.48938557622859     
   1.0000000000007814       -193.48938557637976       -193.48938557622859     
 comp:           2
   1.0000003128152455        18.287415059043944        18.287409338463501     
   1.0000000970046912        18.287411112427996        18.287409338463501     
   1.0000000306168351        18.287409898366096        18.287409338463501     
   1.0000000096800414        18.287409515486381        18.287409338463501     
   1.0000000030610388        18.287409394441969        18.287409338463501     
   1.0000000009679837        18.287409356165416        18.287409338463501     
   1.0000000003061034        18.287409344061338        18.287409338463501     
   1.0000000000967983        18.287409340233694        18.287409338463501     
   1.0000000000306104        18.287409339023284        18.287409338463501     
   1.0000000000096798        18.287409338640519        18.287409338463501     
 comp:           3
   1.0000000000000000        71.208220373643186        71.208220373643186     
   1.0000000000000000        71.208220373643186        71.208220373643186     
   1.0000000000000000        71.208220373643186        71.208220373643186     
   1.0000000000000000        71.208220373643186        71.208220373643186     
   1.0000000000000000        71.208220373643186        71.208220373643186     
   1.0000000000000000        71.208220373643186        71.208220373643186     
   1.0000000000000000        71.208220373643186        71.208220373643186     
   1.0000000000000000        71.208220373643186        71.208220373643186     
   1.0000000000000000        71.208220373643186        71.208220373643186     
   1.0000000000000000        71.208220373643186        71.208220373643186     
 
 part:           7
 comp:           0
   1.0484750747688907        4.6066220812358682E-005   4.3936400512442121E-005
   1.0046463339268454        4.4140543700766545E-005   4.3936400512442121E-005
   1.0004627123872276        4.3956730429209424E-005   4.3936400512442121E-005
   1.0000462521153075        4.3938432663904817E-005   4.3936400512442121E-005
   1.0000046250203840        4.3936603719190092E-005   4.3936400512442121E-005
   1.0000004625001266        4.3936420833032919E-005   4.3936400512442121E-005
   1.0000000462499938        4.3936402544500372E-005   4.3936400512442121E-005
   1.0000000046249995        4.3936400715647947E-005   4.3936400512442121E-005
   1.0000000004624996        4.3936400532762685E-005   4.3936400512442121E-005
   1.0000000000462497        4.3936400514474166E-005   4.3936400512442121E-005
 comp:           1
   1.3039689321845267E-005   0.0000000000000000     
   4.0436361505882099E-006   0.0000000000000000     
   1.2762613932464510E-006   0.0000000000000000     
   4.0351209300437441E-007   0.0000000000000000     
   1.2759928731690617E-007   0.0000000000000000     
   4.0350360404146408E-008   0.0000000000000000     
   1.2759901884887878E-008   0.0000000000000000     
   4.0350352004890307E-009   0.0000000000000000     
   1.2759901442307187E-009   0.0000000000000000     
   4.0350353500056919E-010   0.0000000000000000     
 comp:           2
  -1.5269735456654774E-005  -0.0000000000000000     
  -4.7351783296712885E-006  -0.0000000000000000     
  -1.4945274666756519E-006  -0.0000000000000000     
  -4.7252068371104010E-007  -0.0000000000000000     
  -1.4942130243261960E-007  -0.0000000000000000     
  -4.7251074296669089E-008  -0.0000000000000000     
  -1.4942098805122174E-008  -0.0000000000000000     
  -4.7251064460973190E-009  -0.0000000000000000     
  -1.4942098286851383E-009  -0.0000000000000000     
  -4.7251066211843033E-010  -0.0000000000000000     
 comp:           3
  0.94362758224073728        4.1459599387916447E-005   4.3936400512442121E-005
  0.99459987216884949        4.3699138333234309E-005   4.3936400512442121E-005
  0.99946224983379484        4.3912773705764098E-005   4.3936400512442121E-005
  0.99994624750599970        4.3934038821337180E-005   4.3936400512442121E-005
  0.99999462497572422        4.3936164353222777E-005   4.3936400512442121E-005
  0.99999946249982308        4.3936376896619072E-005   4.3936400512442121E-005
  0.99999994625000510        4.3936398150860820E-005   4.3936400512442121E-005
  0.99999999462500089        4.3936400276284009E-005   4.3936400512442121E-005
  0.99999999946249962        4.3936400488826287E-005   4.3936400512442121E-005
  0.99999999994624966        4.3936400510080525E-005   4.3936400512442121E-005
 
 part: i_fks+j_fks
 comp:           0
   1.0000000070817356        276.25008982913113        276.25008787280103     
   1.0000000006790357        276.25008806038471        276.25008787280103     
   1.0000000000676255        276.25008789148256        276.25008787280103     
   1.0000000000067597        276.25008787466840        276.25008787280103     
   1.0000000000006761        276.25008787298782        276.25008787280103     
   1.0000000000000675        276.25008787281968        276.25008787280103     
   1.0000000000000069        276.25008787280291        276.25008787280103     
   1.0000000000000007        276.25008787280120        276.25008787280103     
  0.99999999999999978        276.25008787280098        276.25008787280103     
   1.0000000000000000        276.25008787280103        276.25008787280103     
 comp:           1
   1.3039689321845267E-005   0.0000000000000000     
   4.0436361505882099E-006   0.0000000000000000     
   1.2762613932464510E-006   0.0000000000000000     
   4.0351209300437441E-007   0.0000000000000000     
   1.2759928731690617E-007   0.0000000000000000     
   4.0350360404146408E-008   0.0000000000000000     
   1.2759901884887878E-008   0.0000000000000000     
   4.0350352004890307E-009   0.0000000000000000     
   1.2759901442307187E-009   0.0000000000000000     
   4.0350353500056919E-010   0.0000000000000000     
 comp:           2
  -1.5269735456654774E-005   0.0000000000000000     
  -4.7351783296712885E-006   0.0000000000000000     
  -1.4945274666756519E-006   0.0000000000000000     
  -4.7252068371104010E-007   0.0000000000000000     
  -1.4942130243261960E-007   0.0000000000000000     
  -4.7251074296669089E-008   0.0000000000000000     
  -1.4942098805122174E-008   0.0000000000000000     
  -4.7251064460973190E-009   0.0000000000000000     
  -1.4942098286851383E-009   0.0000000000000000     
  -4.7251066211843033E-010   0.0000000000000000     
 comp:           3
  0.99999999040618837        276.25008522250971        276.25008787280103     
  0.99999999908118886        276.25008761897936        276.25008787280103     
  0.99999999990850608        276.25008784752583        276.25008787280103     
  0.99999999999085443        276.25008787027457        276.25008787280103     
  0.99999999999908562        276.25008787254842        276.25008787280103     
  0.99999999999990841        276.25008787277574        276.25008787280103     
  0.99999999999999079        276.25008787279847        276.25008787280103     
  0.99999999999999900        276.25008787280075        276.25008787280103     
  0.99999999999999978        276.25008787280098        276.25008787280103     
   1.0000000000000000        276.25008787280103        276.25008787280103     
