     
 Soft #          83
 
 part:           1
 comp:           0
   1.0001218458141095        276.28365990614776        276.25000000000000     
   1.0000116010212898        276.25320478213132        276.25000000000000     
   1.0000011548442187        276.25031902571544        276.25000000000000     
   1.0000001154323626        276.25003188819016        276.25000000000000     
   1.0000000115427161        276.25000318867535        276.25000000000000     
   1.0000000011542662        276.25000031886606        276.25000000000000     
   1.0000000001154266        276.25000003188660        276.25000000000000     
   1.0000000000115430        276.25000000318875        276.25000000000000     
   1.0000000000011542        276.25000000031883        276.25000000000000     
   1.0000000000001155        276.25000000003189        276.25000000000000     
 comp:           1
   0.0000000000000000        0.0000000000000000     
   0.0000000000000000        0.0000000000000000     
   0.0000000000000000        0.0000000000000000     
   0.0000000000000000        0.0000000000000000     
   0.0000000000000000        0.0000000000000000     
   0.0000000000000000        0.0000000000000000     
   0.0000000000000000        0.0000000000000000     
   0.0000000000000000        0.0000000000000000     
   0.0000000000000000        0.0000000000000000     
   0.0000000000000000        0.0000000000000000     
 comp:           2
   0.0000000000000000        0.0000000000000000     
   0.0000000000000000        0.0000000000000000     
   0.0000000000000000        0.0000000000000000     
   0.0000000000000000        0.0000000000000000     
   0.0000000000000000        0.0000000000000000     
   0.0000000000000000        0.0000000000000000     
   0.0000000000000000        0.0000000000000000     
   0.0000000000000000        0.0000000000000000     
   0.0000000000000000        0.0000000000000000     
   0.0000000000000000        0.0000000000000000     
 comp:           3
   1.0001218458141095        276.28365990614776        276.25000000000000     
   1.0000116010212898        276.25320478213132        276.25000000000000     
   1.0000011548442187        276.25031902571544        276.25000000000000     
   1.0000001154323626        276.25003188819016        276.25000000000000     
   1.0000000115427161        276.25000318867535        276.25000000000000     
   1.0000000011542662        276.25000031886606        276.25000000000000     
   1.0000000001154266        276.25000003188660        276.25000000000000     
   1.0000000000115430        276.25000000318875        276.25000000000000     
   1.0000000000011542        276.25000000031883        276.25000000000000     
   1.0000000000001155        276.25000000003189        276.25000000000000     
 
 part:           2
 comp:           0
   1.1109757433672043        306.90704910519020        276.25000000000000     
   1.0100892920336284        279.03716692428986        276.25000000000000     
   1.0009998450021171        276.52620718183488        276.25000000000000     
   1.0000998945571062        276.27759587140059        276.25000000000000     
   1.0000099885571694        276.25275933891805        276.25000000000000     
   1.0000009988467324        276.25027593140982        276.25000000000000     
   1.0000000998845833        276.25002759311616        276.25000000000000     
   1.0000000099884576        276.25000275931143        276.25000000000000     
   1.0000000009988455        276.25000027593109        276.25000000000000     
   1.0000000000998845        276.25000002759310        276.25000000000000     
 comp:           1
   0.0000000000000000        0.0000000000000000     
   0.0000000000000000        0.0000000000000000     
   0.0000000000000000        0.0000000000000000     
   0.0000000000000000        0.0000000000000000     
   0.0000000000000000        0.0000000000000000     
   0.0000000000000000        0.0000000000000000     
   0.0000000000000000        0.0000000000000000     
   0.0000000000000000        0.0000000000000000     
   0.0000000000000000        0.0000000000000000     
   0.0000000000000000        0.0000000000000000     
 comp:           2
   0.0000000000000000        0.0000000000000000     
   0.0000000000000000        0.0000000000000000     
   0.0000000000000000        0.0000000000000000     
   0.0000000000000000        0.0000000000000000     
   0.0000000000000000        0.0000000000000000     
   0.0000000000000000        0.0000000000000000     
   0.0000000000000000        0.0000000000000000     
   0.0000000000000000        0.0000000000000000     
   0.0000000000000000        0.0000000000000000     
   0.0000000000000000        0.0000000000000000     
 comp:           3
   1.1109757433672043       -306.90704910519020       -276.25000000000000     
   1.0100892920336284       -279.03716692428986       -276.25000000000000     
   1.0009998450021171       -276.52620718183488       -276.25000000000000     
   1.0000998945571062       -276.27759587140059       -276.25000000000000     
   1.0000099885571694       -276.25275933891805       -276.25000000000000     
   1.0000009988467324       -276.25027593140982       -276.25000000000000     
   1.0000000998845833       -276.25002759311616       -276.25000000000000     
   1.0000000099884576       -276.25000275931143       -276.25000000000000     
   1.0000000009988455       -276.25000027593109       -276.25000000000000     
   1.0000000000998845       -276.25000002759310       -276.25000000000000     
 
 part:           3
 comp:           0
   1.0032978562624608        135.12555637249716        134.68139648565995     
   1.0003138857774763        134.72367106050743        134.68139648565995     
   1.0000312416483053        134.68560415448221        134.68139648565995     
   1.0000031227065860        134.68181705614376        134.68139648565995     
   1.0000003122560872        134.68143854074583        134.68139648565995     
   1.0000000312254631        134.68140069114892        134.68139648565995     
   1.0000000031225449        134.68139690620865        134.68139648565995     
   1.0000000003122544        134.68139652771481        134.68139648565995     
   1.0000000000312255        134.68139648986542        134.68139648565995     
   1.0000000000031226        134.68139648608050        134.68139648565995     
 comp:           1
   1.0036459039106269        113.05850833335651        112.64780525963685     
   1.0003471066047809        112.68690605685654        112.64780525963685     
   1.0000345490709333        112.65169713665124        112.64780525963685     
   1.0000034533033291        112.64819426667776        112.64780525963685     
   1.0000003453143074        112.64784415853570        112.64780525963685     
   1.0000000345312707        112.64780914950870        112.64780525963685     
   1.0000000034531256        112.64780564862386        112.64780525963685     
   1.0000000003453127        112.64780529853556        112.64780525963685     
   1.0000000000345313        112.64780526352672        112.64780525963685     
   1.0000000000034532        112.64780526002585        112.64780525963685     
 comp:           2
   1.0047614053404599       -53.574994208979291       -53.321110787317309     
   1.0004533074053035       -53.345281641696211       -53.321110787317309     
   1.0000451197110187       -53.323516620427228       -53.321110787317309     
   1.0000045098766495       -53.321351258949775       -53.321110787317309     
   1.0000004509667364       -53.321134833364617       -53.321110787317309     
   1.0000000450964646       -53.321113191910889       -53.321110787317309     
   1.0000000045096442       -53.321111027776553       -53.321110787317309     
   1.0000000004509644       -53.321110811363233       -53.321110787317309     
   1.0000000000450964       -53.321110789721899       -53.321110787317309     
   1.0000000000045097       -53.321110787557771       -53.321110787317309     
 comp:           3
   1.0000000000000000        51.053008470814881        51.053008470814881     
   1.0000000000000000        51.053008470814881        51.053008470814881     
   1.0000000000000000        51.053008470814881        51.053008470814881     
   1.0000000000000000        51.053008470814881        51.053008470814881     
   1.0000000000000000        51.053008470814881        51.053008470814881     
   1.0000000000000000        51.053008470814881        51.053008470814881     
   1.0000000000000000        51.053008470814881        51.053008470814881     
   1.0000000000000000        51.053008470814881        51.053008470814881     
   1.0000000000000000        51.053008470814881        51.053008470814881     
   1.0000000000000000        51.053008470814881        51.053008470814881     
 
 part:           4
 comp:           0
   1.0030288808639756        123.62995809944668        123.25662845615769     
   1.0002882399794879        123.29215594421564        123.25662845615769     
   1.0000286886468039        123.26016452203770        123.25662845615769     
   1.0000028675213584        123.25698189717234        123.25662845615769     
   1.0000002867387128        123.25666379860468        123.25662845615769     
   1.0000000286737372        123.25663199038586        123.25662845615769     
   1.0000000028673723        123.25662880958033        123.25662845615769     
   1.0000000002867373        123.25662849149995        123.25662845615769     
   1.0000000000286737        123.25662845969191        123.25662845615769     
   1.0000000000028675        123.25662845651111        123.25662845615769     
 comp:           1
   1.0030591827461008        123.22347388450511        122.84766044128429     
   1.0002912834616851        122.88344393307754        122.84766044128429     
   1.0000289930788417        122.85122217318899        122.84766044128429     
   1.0000028979653579        122.84801644954854        122.84766044128429     
   1.0000002897831206        122.84769604046269        122.84766044128429     
   1.0000000289781781        122.84766400118566        122.84766044128429     
   1.0000000028978164        122.84766079727426        122.84766044128429     
   1.0000000002897818        122.84766047688329        122.84766044128429     
   1.0000000000289782        122.84766044484419        122.84766044128429     
   1.0000000000028979        122.84766044164029        122.84766044128429     
 comp:           2
  0.70076966274637198       0.54406197179348581       0.77637774680665217     
  0.97150845316856538       0.75425754387462673       0.77637774680665217     
  0.99716407633022686       0.77417599877779808       0.77637774680665217     
  0.99971653895064372       0.77615767395584545       0.77637774680665217     
  0.99997165520724984       0.77635574054032308       0.77637774680665217     
  0.99999716553384022       0.77637554619020166       0.77637774680665217     
  0.99999971655351616       0.77637752674510974       0.77637774680665217     
  0.99999997165535293       0.77637772480049894       0.77637774680665217     
  0.99999999716553523       0.77637774460603681       0.77637774680665217     
  0.99999999971655351       0.77637774658659064       0.77637774680665217     
 comp:           3
   1.0000000000000000       -10.002300739153515       -10.002300739153515     
   1.0000000000000000       -10.002300739153515       -10.002300739153515     
   1.0000000000000000       -10.002300739153515       -10.002300739153515     
   1.0000000000000000       -10.002300739153515       -10.002300739153515     
   1.0000000000000000       -10.002300739153515       -10.002300739153515     
   1.0000000000000000       -10.002300739153515       -10.002300739153515     
   1.0000000000000000       -10.002300739153515       -10.002300739153515     
   1.0000000000000000       -10.002300739153515       -10.002300739153515     
   1.0000000000000000       -10.002300739153515       -10.002300739153515     
   1.0000000000000000       -10.002300739153515       -10.002300739153515     
 
 part:           5
 comp:           0
  0.99791372039292225        99.292164283799735        99.499748580171911     
  0.99980052856477408        99.479901222518009        99.499748580171911     
  0.99998013769219740        99.497772285539327        99.499748580171911     
  0.99999801461140092        99.499551034505473        99.499748580171911     
  0.99999980146955592        99.499728826442634        99.499748580171911     
  0.99999998014703984        99.499746604807370        99.499748580171911     
  0.99999999801470485        99.499748382635545        99.499748580171911     
  0.99999999980147047        99.499748560418269        99.499748580171911     
  0.99999999998014699        99.499748578196545        99.499748580171911     
  0.99999999999801481        99.499748579974380        99.499748580171911     
 comp:           1
  0.99343019363249541       -45.757081308162533       -46.059684516786170     
  0.99937299997973672       -46.030805093660824       -46.059684516786170     
  0.99993757746172218       -46.056809354366358       -46.059684516786170     
  0.99999376050032640       -46.059397127399663       -46.059684516786170     
  0.99999937607755385       -46.059655779115140       -46.059684516786170     
  0.99999993760803063       -46.059681643031745       -46.059684516786170     
  0.99999999376080584       -46.059684229410855       -46.059684516786170     
  0.99999999937608064       -46.059684488048639       -46.059684516786170     
  0.99999999993760802       -46.059684513912416       -46.059684516786170     
  0.99999999999376088       -46.059684516498798       -46.059684516786170     
 comp:           2
  0.99482263492824075        35.943203932672802        36.130263496935292     
  0.99950588985073296        36.112411167045764        36.130263496935292     
  0.99995080764161193        36.128486164064697        36.130263496935292     
  0.99999508293458461        36.130085842066201        36.130263496935292     
  0.99999950831514683        36.130245732231991        36.130263496935292     
  0.99999995083173165        36.130261720472802        36.130263496935292     
  0.99999999508317527        36.130263319289121        36.130263496935292     
  0.99999999950831764        36.130263479170679        36.130263496935292     
  0.99999999995083166        36.130263495158829        36.130263496935292     
  0.99999999999508327        36.130263496757649        36.130263496935292     
 comp:           3
   1.0000000000000000        2.4685086597010417        2.4685086597010417     
   1.0000000000000000        2.4685086597010417        2.4685086597010417     
   1.0000000000000000        2.4685086597010417        2.4685086597010417     
   1.0000000000000000        2.4685086597010417        2.4685086597010417     
   1.0000000000000000        2.4685086597010417        2.4685086597010417     
   1.0000000000000000        2.4685086597010417        2.4685086597010417     
   1.0000000000000000        2.4685086597010417        2.4685086597010417     
   1.0000000000000000        2.4685086597010417        2.4685086597010417     
   1.0000000000000000        2.4685086597010417        2.4685086597010417     
   1.0000000000000000        2.4685086597010417        2.4685086597010417     
 
 part:           6
 comp:           0
  0.99689142080108661        194.45586009828719        195.06222647801047     
  0.99970305612319244        195.00430394426138        195.06222647801047     
  0.99997043445388090        195.05645935675744        195.06222647801047     
  0.99999704472435691        195.06165001536368        195.06222647801047     
  0.99999970448521613        195.06216883423878        195.06222647801047     
  0.99999997044864952        195.06222071365826        195.06222647801047     
  0.99999999704486620        195.06222590157549        195.06222647801047     
  0.99999999970448661        195.06222642036698        195.06222647801047     
  0.99999999997044864        195.06222647224612        195.06222647801047     
  0.99999999999704481        195.06222647743402        195.06222647801047     
 comp:           1
  0.99687002815512915       -188.84285252261751       -189.43578118413495     
  0.99970114775283669       -189.37916787523494       -189.43578118413495     
  0.99997024571923909       -189.43014465871545       -189.43578118413495     
  0.99999702587172978       -189.43521777782274       -189.43578118413495     
  0.99999970260016158       -189.43572484596424       -189.43578118413495     
  0.99999997026014609       -189.43577555034250       -189.43578118413495     
  0.99999999702601594       -189.43578062075596       -189.43578118413495     
  0.99999999970260156       -189.43578112779704       -189.43578118413495     
  0.99999999997026023       -189.43578117850117       -189.43578118413495     
  0.99999999999702605       -189.43578118357158       -189.43578118413495     
 comp:           2
  0.97767034663408825        16.047940128482004        16.414469543575358     
  0.99786794660861977        16.379473018117270        16.414469543575358     
  0.99978772883320610        16.410985224973039        16.414469543575358     
  0.99997878215631597        16.414121263926425        16.414469543575358     
  0.99999787830829390        16.414434717131467        16.414469543575358     
  0.99999978783175647        16.414466060946186        16.414469543575358     
  0.99999997878318481        16.414469195312591        16.414469543575358     
  0.99999999787831861        16.414469508749082        16.414469543575358     
  0.99999999978783194        16.414469540092732        16.414469543575358     
  0.99999999997878319        16.414469543227096        16.414469543575358     
 comp:           3
   1.0000000000000000       -43.519216391362420       -43.519216391362420     
   1.0000000000000000       -43.519216391362420       -43.519216391362420     
   1.0000000000000000       -43.519216391362420       -43.519216391362420     
   1.0000000000000000       -43.519216391362420       -43.519216391362420     
   1.0000000000000000       -43.519216391362420       -43.519216391362420     
   1.0000000000000000       -43.519216391362420       -43.519216391362420     
   1.0000000000000000       -43.519216391362420       -43.519216391362420     
   1.0000000000000000       -43.519216391362420       -43.519216391362420     
   1.0000000000000000       -43.519216391362420       -43.519216391362420     
   1.0000000000000000       -43.519216391362420       -43.519216391362420     
 
 part:           7
 comp:           0
   30.687170157307246        0.0000000000000000     
   2.7903395349188380        0.0000000000000000     
  0.27652588873356010        0.0000000000000000     
   2.7627756405523628E-002   0.0000000000000000     
   2.7625275615758803E-003   0.0000000000000000     
   2.7625027561327978E-004   0.0000000000000000     
   2.7625002756130323E-005   0.0000000000000000     
   2.7625000275613016E-006   0.0000000000000000     
   2.7625000027561304E-007   0.0000000000000000     
   2.7625000002756140E-008   0.0000000000000000     
 comp:           1
  -1.6820483870815672       -0.0000000000000000     
 -0.16037702103831636       -0.0000000000000000     
  -1.5965296758410644E-002  -0.0000000000000000     
  -1.5958110038821461E-003  -0.0000000000000000     
  -1.5957391900529858E-004  -0.0000000000000000     
  -1.5957320092032927E-005  -0.0000000000000000     
  -1.5957312911236555E-006  -0.0000000000000000     
  -1.5957312193157450E-007  -0.0000000000000000     
  -1.5957312121349542E-008  -0.0000000000000000     
  -1.5957312114168754E-009  -0.0000000000000000     
 comp:           2
   1.0397881760309866        0.0000000000000000     
   9.9139912658545631E-002   0.0000000000000000     
   9.8692326116871822E-003   0.0000000000000000     
   9.8647900129422987E-004   0.0000000000000000     
   9.8643460829637671E-005   0.0000000000000000     
   9.8643016932621277E-006   0.0000000000000000     
   9.8642972543249241E-007   0.0000000000000000     
   9.8642968104315332E-008   0.0000000000000000     
   9.8642967660421962E-009   0.0000000000000000     
   9.8642967616032654E-010   0.0000000000000000     
 comp:           3
  -30.623389199042467       -0.0000000000000000     
  -2.7839621421585474       -0.0000000000000000     
 -0.27588815611939110       -0.0000000000000000     
  -2.7563983210393345E-002  -0.0000000000000000     
  -2.7561502427253886E-003  -0.0000000000000000     
  -2.7561254373485570E-004  -0.0000000000000000     
  -2.7561229568354170E-005  -0.0000000000000000     
  -2.7561227087843482E-006  -0.0000000000000000     
  -2.7561226839792437E-007  -0.0000000000000000     
  -2.7561226814987332E-008  -0.0000000000000000     
 
 part: i_fks reduced
 comp:           0
   1.0540925533894596        291.19306787383823        276.25000000000000     
   1.0050378152592121        277.64169646535731        276.25000000000000     
   1.0005003753127737        276.38822868015376        276.25000000000000     
   1.0000500037503124        276.26381353602380        276.25000000000000     
   1.0000050000375003        276.25138126035944        276.25000000000000     
   1.0000005000003749        276.25013812510355        276.25000000000000     
   1.0000000500000037        276.25001381250104        276.25000000000000     
   1.0000000050000000        276.25000138125000        276.25000000000000     
   1.0000000004999998        276.25000013812496        276.25000000000000     
   1.0000000000500000        276.25000001381250        276.25000000000000     
 comp:           1
   1.0540925533894596       -16.820483870815671       -15.957312113370886     
   1.0050378152592121       -16.037702103831634       -15.957312113370886     
   1.0005003753127737       -15.965296758410643       -15.957312113370886     
   1.0000500037503124       -15.958110038821459       -15.957312113370886     
   1.0000050000375003       -15.957391900529856       -15.957312113370886     
   1.0000005000003749       -15.957320092032925       -15.957312113370886     
   1.0000000500000037       -15.957312911236551       -15.957312113370886     
   1.0000000050000000       -15.957312193157447       -15.957312113370886     
   1.0000000004999998       -15.957312121349540       -15.957312113370886     
   1.0000000000500000       -15.957312114168751       -15.957312113370886     
 comp:           2
   1.0540925533894596        10.397881760309867        9.8642967611100474     
   1.0050378152592119        9.9139912658545626        9.8642967611100474     
   1.0005003753127737        9.8692326116871811        9.8642967611100474     
   1.0000500037503124        9.8647900129422972        9.8642967611100474     
   1.0000050000375003        9.8643460829637668        9.8642967611100474     
   1.0000005000003747        9.8643016932621244        9.8642967611100474     
   1.0000000500000037        9.8642972543249225        9.8642967611100474     
   1.0000000050000000        9.8642968104315312        9.8642967611100474     
   1.0000000004999998        9.8642967660421945        9.8642967611100474     
   1.0000000000500000        9.8642967616032617        9.8642967611100474     
 comp:           3
   1.1111039943059549       -306.23389199042469       -275.61226812231206     
   1.0101009512838783       -278.39621421585474       -275.61226812231206     
   1.0010010004233796       -275.88815611939111       -275.61226812231206     
   1.0001000099952342       -275.63983210393343       -275.61226812231206     
   1.0000100000999432       -275.61502427253885       -275.61226812231206     
   1.0000010000009993       -275.61254373485559       -275.61226812231206     
   1.0000001000000101       -275.61229568354162       -275.61226812231206     
   1.0000000100000002       -275.61227087843480       -275.61226812231206     
   1.0000000009999996       -275.61226839792425       -275.61226812231206     
   1.0000000001000000       -275.61226814987327       -275.61226812231206     
 
 part: i_fks full/reduced
 comp:           0
  0.10538427436261193        30.687170157307246        291.19306787383823     
   1.0050145819026869E-002   2.7903395349188380        277.64169646535731     
   1.0004980677146191E-003  0.27652588873356010        276.38822868015376     
   1.0000497731463143E-004   2.7627756405523628E-002   276.26381353602380     
   1.0000049769786573E-005   2.7625275615758803E-003   276.25138126035944     
   1.0000004976945068E-006   2.7625027561327978E-004   276.25013812510355     
   1.0000000497694173E-007   2.7625002756130323E-005   276.25001381250104     
   1.0000000049769418E-008   2.7625000275613016E-006   276.25000138125000     
   1.0000000004976944E-009   2.7625000027561304E-007   276.25000013812496     
   1.0000000000497698E-010   2.7625000002756140E-008   276.25000001381250     
 comp:           1
  0.10000000000000001       -1.6820483870815672       -16.820483870815671     
   1.0000000000000000E-002 -0.16037702103831636       -16.037702103831634     
   1.0000000000000000E-003  -1.5965296758410644E-002  -15.965296758410643     
   1.0000000000000000E-004  -1.5958110038821461E-003  -15.958110038821459     
   1.0000000000000001E-005  -1.5957391900529858E-004  -15.957391900529856     
   1.0000000000000002E-006  -1.5957320092032927E-005  -15.957320092032925     
   1.0000000000000002E-007  -1.5957312911236555E-006  -15.957312911236551     
   1.0000000000000002E-008  -1.5957312193157450E-007  -15.957312193157447     
   1.0000000000000001E-009  -1.5957312121349542E-008  -15.957312121349540     
   1.0000000000000002E-010  -1.5957312114168754E-009  -15.957312114168751     
 comp:           2
   9.9999999999999992E-002   1.0397881760309866        10.397881760309867     
   1.0000000000000000E-002   9.9139912658545631E-002   9.9139912658545626     
   1.0000000000000000E-003   9.8692326116871822E-003   9.8692326116871811     
   1.0000000000000002E-004   9.8647900129422987E-004   9.8647900129422972     
   1.0000000000000001E-005   9.8643460829637671E-005   9.8643460829637668     
   1.0000000000000004E-006   9.8643016932621277E-006   9.8643016932621244     
   1.0000000000000002E-007   9.8642972543249241E-007   9.8642972543249225     
   1.0000000000000002E-008   9.8642968104315332E-008   9.8642968104315312     
   1.0000000000000003E-009   9.8642967660421962E-009   9.8642967660421945     
   1.0000000000000004E-010   9.8642967616032654E-010   9.8642967616032617     
 comp:           3
   9.9999999999999992E-002  -30.623389199042467       -306.23389199042469     
   1.0000000000000000E-002  -2.7839621421585474       -278.39621421585474     
   1.0000000000000000E-003 -0.27588815611939110       -275.88815611939111     
   1.0000000000000000E-004  -2.7563983210393345E-002  -275.63983210393343     
   1.0000000000000001E-005  -2.7561502427253886E-003  -275.61502427253885     
   1.0000000000000004E-006  -2.7561254373485570E-004  -275.61254373485559     
   1.0000000000000004E-007  -2.7561229568354170E-005  -275.61229568354162     
   1.0000000000000000E-008  -2.7561227087843482E-006  -275.61227087843480     
   1.0000000000000005E-009  -2.7561226839792437E-007  -275.61226839792425     
   1.0000000000000002E-010  -2.7561226814987332E-008  -275.61226814987327     
     
 Collinear #          21
 
 part:           1
 comp:           0
  0.99999631066257155        276.50870085520057        276.50972099286355     
  0.99999964787143503        276.50962362589229        276.50972099286355     
  0.99999996494686860        276.50971130033196        276.50972099286355     
  0.99999999649627613        276.50972002404984        276.50972099286355     
  0.99999999964964326        276.50972089598650        276.50972099286355     
  0.99999999996496414        276.50972098317578        276.50972099286355     
  0.99999999999649614        276.50972099189471        276.50972099286355     
  0.99999999999964928        276.50972099276657        276.50972099286355     
  0.99999999999996481        276.50972099285383        276.50972099286355     
  0.99999999999999656        276.50972099286258        276.50972099286355     
 comp:           1
   0.0000000000000000        0.0000000000000000     
   0.0000000000000000        0.0000000000000000     
   0.0000000000000000        0.0000000000000000     
   0.0000000000000000        0.0000000000000000     
   0.0000000000000000        0.0000000000000000     
   0.0000000000000000        0.0000000000000000     
   0.0000000000000000        0.0000000000000000     
   0.0000000000000000        0.0000000000000000     
   0.0000000000000000        0.0000000000000000     
   0.0000000000000000        0.0000000000000000     
 comp:           2
   0.0000000000000000        0.0000000000000000     
   0.0000000000000000        0.0000000000000000     
   0.0000000000000000        0.0000000000000000     
   0.0000000000000000        0.0000000000000000     
   0.0000000000000000        0.0000000000000000     
   0.0000000000000000        0.0000000000000000     
   0.0000000000000000        0.0000000000000000     
   0.0000000000000000        0.0000000000000000     
   0.0000000000000000        0.0000000000000000     
   0.0000000000000000        0.0000000000000000     
 comp:           3
  0.99999631066257155        276.50870085520057        276.50972099286355     
  0.99999964787143503        276.50962362589229        276.50972099286355     
  0.99999996494686860        276.50971130033196        276.50972099286355     
  0.99999999649627613        276.50972002404984        276.50972099286355     
  0.99999999964964326        276.50972089598650        276.50972099286355     
  0.99999999996496414        276.50972098317578        276.50972099286355     
  0.99999999999649614        276.50972099189471        276.50972099286355     
  0.99999999999964928        276.50972099276657        276.50972099286355     
  0.99999999999996481        276.50972099285383        276.50972099286355     
  0.99999999999999656        276.50972099286258        276.50972099286355     
 
 part:           2
 comp:           0
   1.0000492662452458        276.26360980024913        276.25000000000000     
   1.0000047204775728        276.25130403192952        276.25000000000000     
   1.0000004700800980        276.25012985962707        276.25000000000000     
   1.0000000469884227        276.25001298055179        276.25000000000000     
   1.0000000046986464        276.25000129800105        276.25000000000000     
   1.0000000004698624        276.25000012979950        276.25000000000000     
   1.0000000000469862        276.25000001297991        276.25000000000000     
   1.0000000000046985        276.25000000129796        276.25000000000000     
   1.0000000000004698        276.25000000012977        276.25000000000000     
   1.0000000000000471        276.25000000001302        276.25000000000000     
 comp:           1
   0.0000000000000000        0.0000000000000000     
   0.0000000000000000        0.0000000000000000     
   0.0000000000000000        0.0000000000000000     
   0.0000000000000000        0.0000000000000000     
   0.0000000000000000        0.0000000000000000     
   0.0000000000000000        0.0000000000000000     
   0.0000000000000000        0.0000000000000000     
   0.0000000000000000        0.0000000000000000     
   0.0000000000000000        0.0000000000000000     
   0.0000000000000000        0.0000000000000000     
 comp:           2
   0.0000000000000000        0.0000000000000000     
   0.0000000000000000        0.0000000000000000     
   0.0000000000000000        0.0000000000000000     
   0.0000000000000000        0.0000000000000000     
   0.0000000000000000        0.0000000000000000     
   0.0000000000000000        0.0000000000000000     
   0.0000000000000000        0.0000000000000000     
   0.0000000000000000        0.0000000000000000     
   0.0000000000000000        0.0000000000000000     
   0.0000000000000000        0.0000000000000000     
 comp:           3
   1.0000492662452458       -276.26360980024913       -276.25000000000000     
   1.0000047204775728       -276.25130403192952       -276.25000000000000     
   1.0000004700800980       -276.25012985962707       -276.25000000000000     
   1.0000000469884227       -276.25001298055179       -276.25000000000000     
   1.0000000046986464       -276.25000129800105       -276.25000000000000     
   1.0000000004698624       -276.25000012979950       -276.25000000000000     
   1.0000000000469862       -276.25000001297991       -276.25000000000000     
   1.0000000000046985       -276.25000000129796       -276.25000000000000     
   1.0000000000004698       -276.25000000012977       -276.25000000000000     
   1.0000000000000471       -276.25000000001302       -276.25000000000000     
 
 part:           3
 comp:           0
   1.0001659702279508        41.482599036718092        41.475715302794860     
   1.0000514617373890        41.477849715163792        41.475715302794860     
   1.0000162419566256        41.476388949563827        41.475715302794860     
   1.0000051351264874        41.475928285839096        41.475715302794860     
   1.0000016238337150        41.475782652459721        41.475715302794860     
   1.0000005134998473        41.475736600568339        41.475715302794860     
   1.0000001623828305        41.475722037738912        41.475715302794860     
   1.0000000513499541        41.475717432570939        41.475715302794860     
   1.0000000162382805        41.475715976289159        41.475715302794860     
   1.0000000051349953        41.475715515772464        41.475715302794860     
 comp:           1
   1.0003224412195364        26.678749777916870        26.670150222154017     
   1.0000999819437286        26.672816755612764        26.670150222154017     
   1.0000315559046995        26.670991822872747        26.670150222154017     
   1.0000099768871926        26.670416307234191        26.670150222154017     
   1.0000031549028086        26.670234363885861        26.670150222154017     
   1.0000009976654032        26.670176830040194        26.670150222154017     
   1.0000003154893857        26.670158636303327        26.670150222154017     
   1.0000000997664964        26.670152882941466        26.670150222154017     
   1.0000000315489352        26.670151063568859        26.670150222154017     
   1.0000000099766497        26.670150488232764        26.670150222154017     
 comp:           2
   1.0000959630566741       -24.189520689175019       -24.187199611567905     
   1.0000297560372282       -24.187919326779994       -24.187199611567905     
   1.0000093914825017       -24.187426765229819       -24.187199611567905     
   1.0000029692624053       -24.187271429710400       -24.187199611567905     
   1.0000009389435924       -24.187222321983999       -24.187199611567905     
   1.0000002969193014       -24.187206793214315       -24.187199611567905     
   1.0000000938940927       -24.187201882603070       -24.187199611567905     
   1.0000000296919171       -24.187200329732232       -24.187199611567905     
   1.0000000093894081       -24.187199838671397       -24.187199611567905     
   1.0000000029691918       -24.187199683384339       -24.187199611567905     
 comp:           3
   1.0000000000000000       -20.589255012175602       -20.589255012175602     
   1.0000000000000000       -20.589255012175602       -20.589255012175602     
   1.0000000000000000       -20.589255012175602       -20.589255012175602     
   1.0000000000000000       -20.589255012175602       -20.589255012175602     
   1.0000000000000000       -20.589255012175602       -20.589255012175602     
   1.0000000000000000       -20.589255012175602       -20.589255012175602     
   1.0000000000000000       -20.589255012175602       -20.589255012175602     
   1.0000000000000000       -20.589255012175602       -20.589255012175602     
   1.0000000000000000       -20.589255012175602       -20.589255012175602     
   1.0000000000000000       -20.589255012175602       -20.589255012175602     
 
 part:           4
 comp:           0
  0.99999637366473659        188.96422202052918        188.96490727063596     
  0.99999887055596515        188.96469384534865        188.96490727063596     
  0.99999964304416222        188.96483981850918        188.96490727063596     
  0.99999988709451360        188.96488593546118        188.96490727063596     
  0.99999996429206006        188.96490052308840        188.96490727063596     
  0.99999998870770213        188.96490513678793        188.96490727063596     
  0.99999999642901471        188.96490659584506        188.96490727063596     
  0.99999999887075075        188.96490705724747        188.96490727063596     
  0.99999999964289943        188.96490720315649        188.96490727063596     
  0.99999999988707478        188.96490724929706        188.96490727063596     
 comp:           1
  0.99890570611347651       -35.761603690874921       -35.800780265852616     
  0.99966066363802075       -35.788631759321184       -35.800780265852616     
  0.99989289807536585       -35.796945933382737       -35.800780265852616     
  0.99996613787832078       -35.799567975475043       -35.800780265852616     
  0.99998929206150067       -35.800396913299302       -35.800780265852616     
  0.99999661385897087       -35.800659039361683       -35.800780265852616     
  0.99999892920838818       -35.800741930677411       -35.800780265852616     
  0.99999966138596585       -35.800768143205985       -35.800780265852616     
  0.99999989292084224       -35.800776432335219       -35.800780265852616     
  0.99999996613859543       -35.800779053587910       -35.800780265852616     
 comp:           2
   1.0000878842294212       -120.32817407896972       -120.31760005940271     
   1.0000272525644658       -120.32087902255471       -120.31760005940271     
   1.0000086015011433       -120.31863497137718       -120.31760005940271     
   1.0000027195130183       -120.31792726468241       -120.31760005940271     
   1.0000008599690953       -120.31770352882039       -120.31760005940271     
   1.0000002719455885       -120.31763277924327       -120.31760005940271     
   1.0000000859967300       -120.31761040632286       -120.31760005940271     
   1.0000000271945533       -120.31760333138610       -120.31760005940271     
   1.0000000085996728       -120.31760109409468       -120.31760005940271     
   1.0000000027194553       -120.31760038660106       -120.31760005940271     
 comp:           3
   1.0000000000000000       -141.24346154106320       -141.24346154106320     
   1.0000000000000000       -141.24346154106320       -141.24346154106320     
   1.0000000000000000       -141.24346154106320       -141.24346154106320     
   1.0000000000000000       -141.24346154106320       -141.24346154106320     
   1.0000000000000000       -141.24346154106320       -141.24346154106320     
   1.0000000000000000       -141.24346154106320       -141.24346154106320     
   1.0000000000000000       -141.24346154106320       -141.24346154106320     
   1.0000000000000000       -141.24346154106320       -141.24346154106320     
   1.0000000000000000       -141.24346154106320       -141.24346154106320     
   1.0000000000000000       -141.24346154106320       -141.24346154106320     
 
 part:           5
 comp:           0
  0.99998856780142453        83.510568009629381        83.511522729940566     
  0.99999644999056070        83.511226263246584        83.511522729940566     
  0.99999887906145313        83.511429118655627        83.511522729940566     
  0.99999964554822596        83.511493129133186        83.511522729940566     
  0.99999988790987948        83.511513369123918        83.511522729940566     
  0.99999996455358198        83.511519769756219        83.511522729940566     
  0.99999998879081275        83.511521793844267        83.511522729940566     
  0.99999999645533910        83.511522433920533        83.511522729940566     
  0.99999999887907920        83.511522636330767        83.511522729940566     
  0.99999999964553365        83.511522700338546        83.511522729940566     
 comp:           1
  0.99785331598394345       -8.0480116454418056       -8.0653253504559252     
  0.99933431967886721       -8.0599564220865929       -8.0653253504559252     
  0.99978989666117057       -8.0636307986710491       -8.0653253504559252     
  0.99993357218642520       -8.0647895885271250       -8.0653253504559252     
  0.99997899408052815       -8.0651559308810992       -8.0653253504559252     
  0.99999335735747474       -8.0652717753827723       -8.0653253504559252     
  0.99999789941237094       -8.0653084085332694       -8.0653253504559252     
  0.99999933573587529       -8.0653199929496413       -8.0653253504559252     
  0.99999978994124328       -8.0653236562637094       -8.0653253504559252     
  0.99999993357358496       -8.0653248147052761       -8.0653253504559252     
 comp:           2
   1.0003654838235054       -12.790696603490559       -12.786023518727504     
   1.0001133354453569       -12.787472628397341       -12.786023518727504     
   1.0000357711572976       -12.786480889586004       -12.786023518727504     
   1.0000113096716194       -12.786168124454820       -12.786023518727504     
   1.0000035763641539       -12.786069246203688       -12.786023518727504     
   1.0000011309435251       -12.786037978998014       -12.786023518727504     
   1.0000003576356802       -12.786028091465722       -12.786023518727504     
   1.0000001130943308       -12.786024964754276       -12.786023518727504     
   1.0000000357635670       -12.786023976001312       -12.786023518727504     
   1.0000000113094336       -12.786023663330187       -12.786023518727504     
 comp:           3
   1.0000000000000000       -16.686120096435815       -16.686120096435815     
   1.0000000000000000       -16.686120096435815       -16.686120096435815     
   1.0000000000000000       -16.686120096435815       -16.686120096435815     
   1.0000000000000000       -16.686120096435815       -16.686120096435815     
   1.0000000000000000       -16.686120096435815       -16.686120096435815     
   1.0000000000000000       -16.686120096435815       -16.686120096435815     
   1.0000000000000000       -16.686120096435815       -16.686120096435815     
   1.0000000000000000       -16.686120096435815       -16.686120096435815     
   1.0000000000000000       -16.686120096435815       -16.686120096435815     
   1.0000000000000000       -16.686120096435815       -16.686120096435815     
 
 part:           6
 comp:           0
   1.0484247480588500       0.27229791650852375       0.25972099286351374     
   1.0046412882374467       0.26092643285270917       0.25972099286351374     
   1.0004622077968135       0.25984103793141139       0.25972099286351374     
   1.0000462016561502       0.25973299240352099       0.25972099286351374     
   1.0000046199744668       0.25972219276786923       0.25972099286351374     
   1.0000004619955347       0.25972111285345273       0.25972099286351374     
   1.0000000461995344       0.25972100486250271       0.25972099286351374     
   1.0000000046199535       0.25972099406341265       0.25972099286351374     
   1.0000000004619947       0.25972099298350348       0.25972099286351374     
   1.0000000000461993       0.25972099287551265       0.25972099286351374     
 comp:           1
 -0.11454559200190689       -0.0000000000000000     
  -3.5520106634877584E-002  -0.0000000000000000     
  -1.1210912642669511E-002  -0.0000000000000000     
  -3.5445230604040519E-003  -0.0000000000000000     
  -1.1208551500145748E-003  -0.0000000000000000     
  -3.5444484155404410E-004  -0.0000000000000000     
  -1.1208527893308901E-004  -0.0000000000000000     
  -3.5444476769718650E-005  -0.0000000000000000     
  -1.1208527504296827E-005  -0.0000000000000000     
  -3.5444478083023680E-006  -0.0000000000000000     
 comp:           2
   3.0916621267531530E-002   0.0000000000000000     
   9.5871143098598035E-003   0.0000000000000000     
   3.0259002915714486E-003   0.0000000000000000     
   9.5669047684278873E-004   0.0000000000000000     
   3.0252630034149160E-004   0.0000000000000000     
   9.5667032969493716E-005   0.0000000000000000     
   3.0252566317717880E-005   0.0000000000000000     
   9.5667013035033946E-006   0.0000000000000000     
   3.0252565267748278E-006   0.0000000000000000     
   9.5667016579732055E-007   0.0000000000000000     
 comp:           3
  0.94367056066295751       0.24509105495145200       0.25972099286351374     
  0.99460421398639354       0.25831959396278081       0.25972099286351374     
  0.99946268433251040       0.25958144070487221       0.25972099286351374     
  0.99994629095892806       0.25970704349804080       0.25972099286351374     
  0.99999462932104688       0.25971959798544370       0.25972099286351374     
  0.99999946293435549       0.25972085337629131       0.25972099286351374     
  0.99999994629345845       0.25972097891479745       0.25972099286351374     
  0.99999999462934641       0.25972099146864225       0.25972099286351374     
  0.99999999946293405       0.25972099272402643       0.25972099286351374     
  0.99999999994629318       0.25972099284956496       0.25972099286351374     
 
 part:           7
 comp:           0
  0.99997807138290662        238.54262367206451        238.54785469662860     
  0.99999319509529572        238.54623140120998        238.54785469662860     
  0.99999785174622435        238.54734223529908        238.54785469662860     
  0.99999932074482811        238.54769266176456        238.54785469662860     
  0.99999978519999300        238.54780345654774        238.54785469662860     
  0.99999993207392612        238.54783849300941        238.54785469662860     
  0.99999997851984590        238.54784957258391        238.54785469662860     
  0.99999999320737420        238.54785307626230        238.54785469662860     
  0.99999999785198279        238.54785418422370        238.54785469662860     
  0.99999999932073724        238.54785453459192        238.54785469662860     
 comp:           1
   1.0028760109638371        17.245411150401761        17.195955394154520     
   1.0008918456650904        17.211291532429886        17.195955394154520     
   1.0002814864052760        17.200795821823707        17.195955394154520     
   1.0000889968390112        17.197485779828376        17.195955394154520     
   1.0000281427393212        17.196439335444555        17.195955394154520     
   1.0000088994992011        17.196108429545813        17.195955394154520     
   1.0000028142682769        17.196003788186278        17.195955394154520     
   1.0000008899497619        17.195970697690928        17.195955394154520     
   1.0000002814268207        17.195960233557575        17.195955394154520     
   1.0000000889949798        17.195956924508224        17.195955394154520     
 comp:           2
  0.99991513529486553        157.27747475036779        157.29082318969813     
  0.99997368361235572        157.28668386342218        157.29082318969813     
  0.99999169396046006        157.28951672590145        157.29082318969813     
  0.99999737390065779        157.29041012837081        157.29082318969813     
  0.99999916957017754        157.29069257070776        157.29082318969813     
  0.99999973739551584        157.29078188442264        157.29082318969813     
  0.99999991695718471        157.29081012782535        157.29082318969813     
  0.99999997373955629        157.29081905917133        157.29082318969813     
  0.99999999169571874        157.29082188351089        157.29082318969813     
  0.99999999737395551        157.29082277664543        157.29082318969813     
 comp:           3
   1.0000000000000000        178.51883664967465        178.51883664967465     
   1.0000000000000000        178.51883664967465        178.51883664967465     
   1.0000000000000000        178.51883664967465        178.51883664967465     
   1.0000000000000000        178.51883664967465        178.51883664967465     
   1.0000000000000000        178.51883664967465        178.51883664967465     
   1.0000000000000000        178.51883664967465        178.51883664967465     
   1.0000000000000000        178.51883664967465        178.51883664967465     
   1.0000000000000000        178.51883664967465        178.51883664967465     
   1.0000000000000000        178.51883664967465        178.51883664967465     
   1.0000000000000000        178.51883664967465        178.51883664967465     
 
 part: i_fks+j_fks
 comp:           0
   1.0000417560042003        276.78099877170911        276.76944198572704     
   1.0000040035959534        276.77055005874502        276.76944198572704     
   1.0000003987164752        276.76955233826340        276.76944198572704     
   1.0000000398552900        276.76945301645338        276.76944198572704     
   1.0000000039853654        276.76944308875437        276.76944198572704     
   1.0000000003985345        276.76944209602925        276.76944198572704     
   1.0000000000398532        276.76944199675722        276.76944198572704     
   1.0000000000039850        276.76944198682997        276.76944198572704     
   1.0000000000003983        276.76944198583732        276.76944198572704     
   1.0000000000000397        276.76944198573807        276.76944198572704     
 comp:           1
 -0.11454559200190689        0.0000000000000000     
  -3.5520106634877584E-002   0.0000000000000000     
  -1.1210912642669511E-002   0.0000000000000000     
  -3.5445230604040519E-003   0.0000000000000000     
  -1.1208551500145748E-003   0.0000000000000000     
  -3.5444484155404410E-004   0.0000000000000000     
  -1.1208527893308901E-004   0.0000000000000000     
  -3.5444476769718650E-005   0.0000000000000000     
  -1.1208527504296827E-005   0.0000000000000000     
  -3.5444478083023680E-006   0.0000000000000000     
 comp:           2
   3.0916621267531530E-002   0.0000000000000000     
   9.5871143098598035E-003   0.0000000000000000     
   3.0259002915714486E-003   0.0000000000000000     
   9.5669047684278873E-004   0.0000000000000000     
   3.0252630034149160E-004   0.0000000000000000     
   9.5667032969493716E-005   0.0000000000000000     
   3.0252566317717880E-005   0.0000000000000000     
   9.5667013035033946E-006   0.0000000000000000     
   3.0252565267748278E-006   0.0000000000000000     
   9.5667016579732055E-007   0.0000000000000000     
 comp:           3
  0.99994345446714517        276.75379191015202        276.76944198572704     
  0.99999458478558456        276.76794321985506        276.76944198572704     
  0.99999946076167545        276.76929274103685        276.76944198572704     
  0.99999994609889353        276.76942706754789        276.76944198572704     
  0.99999999461011635        276.76944049397196        276.76944198572704     
  0.99999999946101359        276.76944183655206        276.76944198572704     
  0.99999999994610123        276.76944197080951        276.76944198572704     
  0.99999999999460998        276.76944198423524        276.76944198572704     
  0.99999999999946088        276.76944198557783        276.76944198572704     
  0.99999999999994615        276.76944198571215        276.76944198572704     
     
 Collinear #          69
 
 part:           1
 comp:           0
  0.99999945922612932        276.28771760186862        276.28786701112790     
  0.99999994838397122        276.28785275024541        276.28786701112790     
  0.99999999486179214        276.28786559150342        276.28786701112790     
  0.99999999948641227        276.28786686922984        276.28786701112790     
  0.99999999994864364        276.28786699693876        276.28786701112790     
  0.99999999999486433        276.28786700970898        276.28786701112790     
  0.99999999999948652        276.28786701098602        276.28786701112790     
  0.99999999999994860        276.28786701111369        276.28786701112790     
  0.99999999999999489        276.28786701112648        276.28786701112790     
  0.99999999999999956        276.28786701112779        276.28786701112790     
 comp:           1
   0.0000000000000000        0.0000000000000000     
   0.0000000000000000        0.0000000000000000     
   0.0000000000000000        0.0000000000000000     
   0.0000000000000000        0.0000000000000000     
   0.0000000000000000        0.0000000000000000     
   0.0000000000000000        0.0000000000000000     
   0.0000000000000000        0.0000000000000000     
   0.0000000000000000        0.0000000000000000     
   0.0000000000000000        0.0000000000000000     
   0.0000000000000000        0.0000000000000000     
 comp:           2
   0.0000000000000000        0.0000000000000000     
   0.0000000000000000        0.0000000000000000     
   0.0000000000000000        0.0000000000000000     
   0.0000000000000000        0.0000000000000000     
   0.0000000000000000        0.0000000000000000     
   0.0000000000000000        0.0000000000000000     
   0.0000000000000000        0.0000000000000000     
   0.0000000000000000        0.0000000000000000     
   0.0000000000000000        0.0000000000000000     
   0.0000000000000000        0.0000000000000000     
 comp:           3
  0.99999945922612932        276.28771760186862        276.28786701112790     
  0.99999994838397122        276.28785275024541        276.28786701112790     
  0.99999999486179214        276.28786559150342        276.28786701112790     
  0.99999999948641227        276.28786686922984        276.28786701112790     
  0.99999999994864364        276.28786699693876        276.28786701112790     
  0.99999999999486433        276.28786700970898        276.28786701112790     
  0.99999999999948652        276.28786701098602        276.28786701112790     
  0.99999999999994860        276.28786701111369        276.28786701112790     
  0.99999999999999489        276.28786701112648        276.28786701112790     
  0.99999999999999956        276.28786701112779        276.28786701112790     
 
 part:           2
 comp:           0
   1.0000071855513881        276.25198500857090        276.24999999999994     
   1.0000006885135229        276.25019020186062        276.24999999999994     
   1.0000000685645958        276.25001894096954        276.24999999999994     
   1.0000000068536055        276.25000189330842        276.24999999999994     
   1.0000000006853322        276.25000018932298        276.24999999999994     
   1.0000000000685332        276.25000001893221        276.24999999999994     
   1.0000000000068536        276.25000000189328        276.24999999999994     
   1.0000000000006855        276.25000000018929        276.24999999999994     
   1.0000000000000686        276.25000000001887        276.24999999999994     
   1.0000000000000073        276.25000000000199        276.24999999999994     
 comp:           1
   0.0000000000000000        0.0000000000000000     
   0.0000000000000000        0.0000000000000000     
   0.0000000000000000        0.0000000000000000     
   0.0000000000000000        0.0000000000000000     
   0.0000000000000000        0.0000000000000000     
   0.0000000000000000        0.0000000000000000     
   0.0000000000000000        0.0000000000000000     
   0.0000000000000000        0.0000000000000000     
   0.0000000000000000        0.0000000000000000     
   0.0000000000000000        0.0000000000000000     
 comp:           2
   0.0000000000000000        0.0000000000000000     
   0.0000000000000000        0.0000000000000000     
   0.0000000000000000        0.0000000000000000     
   0.0000000000000000        0.0000000000000000     
   0.0000000000000000        0.0000000000000000     
   0.0000000000000000        0.0000000000000000     
   0.0000000000000000        0.0000000000000000     
   0.0000000000000000        0.0000000000000000     
   0.0000000000000000        0.0000000000000000     
   0.0000000000000000        0.0000000000000000     
 comp:           3
   1.0000071855513881       -276.25198500857090       -276.24999999999994     
   1.0000006885135229       -276.25019020186062       -276.24999999999994     
   1.0000000685645958       -276.25001894096954       -276.24999999999994     
   1.0000000068536055       -276.25000189330842       -276.24999999999994     
   1.0000000006853322       -276.25000018932298       -276.24999999999994     
   1.0000000000685332       -276.25000001893221       -276.24999999999994     
   1.0000000000068536       -276.25000000189328       -276.24999999999994     
   1.0000000000006855       -276.25000000018929       -276.24999999999994     
   1.0000000000000686       -276.25000000001887       -276.24999999999994     
   1.0000000000000073       -276.25000000000199       -276.24999999999994     
 
 part:           3
 comp:           0
  0.99997172427325920        39.975292269180699        39.976422631583105     
  0.99999123155672653        39.976072100588986        39.976422631583105     
  0.99999723247512740        39.976311995839154        39.976422631583105     
  0.99999912499819832        39.976387652141277        39.976422631583105     
  0.99999972330532627        39.976411570319890        39.976422631583105     
  0.99999991250161846        39.976419133710827        39.976422631583105     
  0.99999997233058657        39.976421525458939        39.976422631583105     
  0.99999999125016348        39.976422281795941        39.976422631583105     
  0.99999999723305877        39.976422520970694        39.976422631583105     
  0.99999999912501614        39.976422596604380        39.976422631583105     
 comp:           1
  0.99997049677702754        39.734942211915858        39.736114555363642     
  0.99999085092430307        39.735751006643675        39.736114555363642     
  0.99999711234063793        39.735999811000433        39.736114555363642     
  0.99999908701575646        39.736078276917155        39.736114555363642     
  0.99999971129446852        39.736103083327571        39.736114555363642     
  0.99999990870346067        39.736110927593899        39.736114555363642     
  0.99999997112950390        39.736113408162304        39.736114555363642     
  0.99999999087034774        39.736114192586733        39.736114555363642     
  0.99999999711295051        39.736114440643512        39.736114555363642     
  0.99999999908703463        39.736114519085945        39.736114555363642     
 comp:           2
   1.0001384453090685       -3.1763133558073990       -3.1758736709954558     
   1.0000429324827909       -3.1760100191371818       -3.1758736709954558     
   1.0000135504820356       -3.1759167056145818       -3.1758736709954558     
   1.0000042842229770       -3.1758872771464093       -3.1758736709954558     
   1.0000013547647513       -3.1758779735571601       -3.1758736709954558     
   1.0000004284134523       -3.1758750315824589       -3.1758736709954558     
   1.0000001354762069       -3.1758741012507747       -3.1758736709954558     
   1.0000000428413371       -3.1758738070541308       -3.1758736709954558     
   1.0000000135476204       -3.1758737140209869       -3.1758736709954558     
   1.0000000042841344       -3.1758736846013256       -3.1758736709954558     
 comp:           3
   1.0000000000000000        3.0115432734473693        3.0115432734473693     
   1.0000000000000000        3.0115432734473693        3.0115432734473693     
   1.0000000000000000        3.0115432734473693        3.0115432734473693     
   1.0000000000000000        3.0115432734473693        3.0115432734473693     
   1.0000000000000000        3.0115432734473693        3.0115432734473693     
   1.0000000000000000        3.0115432734473693        3.0115432734473693     
   1.0000000000000000        3.0115432734473693        3.0115432734473693     
   1.0000000000000000        3.0115432734473693        3.0115432734473693     
   1.0000000000000000        3.0115432734473693        3.0115432734473693     
   1.0000000000000000        3.0115432734473693        3.0115432734473693     
 
 part:           4
 comp:           0
   1.0000141726149516        43.737530417523864        43.736910551131444     
   1.0000043948407398        43.737102767887770        43.736910551131444     
   1.0000013870987774        43.736971218546593        43.736910551131444     
   1.0000004385542189        43.736929732138087        43.736910551131444     
   1.0000001386802668        43.736916616577865        43.736910551131444     
   1.0000000438544570        43.736912469189903        43.736910551131444     
   1.0000000138679932        43.736911157674626        43.736910551131444     
   1.0000000043854445        43.736910742937233        43.736910551131444     
   1.0000000013867993        43.736910611785760        43.736910551131444     
   1.0000000004385443        43.736910570312020        43.736910551131444     
 comp:           1
   1.0000398244680695       -32.208875616157627       -32.207592965899963     
   1.0000123495571382       -32.207990715409579       -32.207592965899963     
   1.0000038977875840       -32.207718504255936       -32.207592965899963     
   1.0000012323522780       -32.207632657000524       -32.207592965899963     
   1.0000003896964951       -32.207605517086058       -32.207592965899963     
   1.0000001232326106       -32.207596934925725       -32.207592965899963     
   1.0000000389695651       -32.207594221015853       -32.207592965899963     
   1.0000000123232582       -32.207593362802449       -32.207592965899963     
   1.0000000038969563       -32.207593091411546       -32.207592965899963     
   1.0000000012323258       -32.207593005590212       -32.207592965899963     
 comp:           2
  0.99998370413446958        29.519591728152768        29.520072783289294     
  0.99999494665635880        29.519923608217205        29.520072783289294     
  0.99999840505534876        29.520025700407103        29.520072783289294     
  0.99999949573094182        29.520057897229993        29.520072783289294     
  0.99999984053919633        29.520068075994764        29.520072783289294     
  0.99999994957416516        29.520071294714977        29.520072783289294     
  0.99999998405395418        29.520072312560860        29.520072783289294     
  0.99999999495741765        29.520072634431894        29.520072783289294     
  0.99999999840539544        29.520072736216452        29.520072783289294     
  0.99999999949574181        29.520072768403555        29.520072783289294     
 comp:           3
   1.0000000000000000       -2.0380389520042819       -2.0380389520042819     
   1.0000000000000000       -2.0380389520042819       -2.0380389520042819     
   1.0000000000000000       -2.0380389520042819       -2.0380389520042819     
   1.0000000000000000       -2.0380389520042819       -2.0380389520042819     
   1.0000000000000000       -2.0380389520042819       -2.0380389520042819     
   1.0000000000000000       -2.0380389520042819       -2.0380389520042819     
   1.0000000000000000       -2.0380389520042819       -2.0380389520042819     
   1.0000000000000000       -2.0380389520042819       -2.0380389520042819     
   1.0000000000000000       -2.0380389520042819       -2.0380389520042819     
   1.0000000000000000       -2.0380389520042819       -2.0380389520042819     
 
 part:           5
 comp:           0
   1.0000112816784066        252.62966265248980        252.62681259803321     
   1.0000034983576904        252.62769637698585        252.62681259803321     
   1.0000011041488936        252.62709153564884        252.62681259803321     
   1.0000003490947262        252.62690078872120        252.62681259803321     
   1.0000001103912324        252.62684048581838        252.62681259803321     
   1.0000000349086957        252.62682141690576        252.62681259803321     
   1.0000000110390959        252.62681538680479        252.62681259803321     
   1.0000000034908687        252.62681347992023        252.62681259803321     
   1.0000000011039094        252.62681287691035        252.62681259803321     
   1.0000000003490868        252.62681268622188        252.62681259803321     
 comp:           1
   1.0004488672292977       -16.512619065352084       -16.505210417283102     
   1.0001391937492778       -16.507507839403704       -16.505210417283102     
   1.0000439325741066       -16.505935533662903       -16.505210417283102     
   1.0000138900368094       -16.505439675263347       -16.505210417283102     
   1.0000043923307680       -16.505282913626651       -16.505210417283102     
   1.0000013889742367       -16.505233342595144       -16.505210417283102     
   1.0000004392321304       -16.505217666901839       -16.505210417283102     
   1.0000001388973934       -16.505212709813808       -16.505210417283102     
   1.0000000439232113       -16.505211142244946       -16.505210417283102     
   1.0000000138897391       -16.505210646536170       -16.505210417283102     
 comp:           2
   1.0000129173658383       -215.10832519087171       -215.10554659383249     
   1.0000040056757644       -215.10640823690727       -215.10554659383249     
   1.0000012642783767       -215.10581854712373       -215.10554659383249     
   1.0000003997232929       -215.10563257652990       -215.10554659383249     
   1.0000001264011709       -215.10557378342546       -215.10554659383249     
   1.0000000399714819       -215.10555519191996       -215.10554659383249     
   1.0000000126400899       -215.10554931278594       -215.10554659383249     
   1.0000000039971473       -215.10554745364104       -215.10554659383249     
   1.0000000012640089       -215.10554686572783       -215.10554659383249     
   1.0000000003997147       -215.10554667981333       -215.10554659383249     
 comp:           3
   1.0000000000000000        103.97245953963497        103.97245953963497     
   1.0000000000000000        103.97245953963497        103.97245953963497     
   1.0000000000000000        103.97245953963497        103.97245953963497     
   1.0000000000000000        103.97245953963497        103.97245953963497     
   1.0000000000000000        103.97245953963497        103.97245953963497     
   1.0000000000000000        103.97245953963497        103.97245953963497     
   1.0000000000000000        103.97245953963497        103.97245953963497     
   1.0000000000000000        103.97245953963497        103.97245953963497     
   1.0000000000000000        103.97245953963497        103.97245953963497     
   1.0000000000000000        103.97245953963497        103.97245953963497     
 
 part:           6
 comp:           0
   1.0484677362892689        3.9702339437321293E-002   3.7867011127910896E-002
   1.0046455981773106        3.8042926045786921E-002   3.7867011127910896E-002
   1.0004626388091009        3.7884529876843320E-002   3.7867011127910896E-002
   1.0000462447574776        3.7868762278656910E-002   3.7867011127910896E-002
   1.0000046242846008        3.7867186235747335E-002   3.7867011127910896E-002
   1.0000004624265484        3.7867028638622152E-002   3.7867011127910896E-002
   1.0000000462426362        3.7867012878981317E-002   3.7867011127910896E-002
   1.0000000046242641        3.7867011303017957E-002   3.7867011127910896E-002
   1.0000000004624259        3.7867011145421584E-002   3.7867011127910896E-002
   1.0000000000462423        3.7867011129661954E-002   3.7867011127910896E-002
 comp:           1
   1.6202773282969443E-002   0.0000000000000000     
   5.0245003225675589E-003   0.0000000000000000     
   1.5858434603557210E-003   0.0000000000000000     
   5.0139179873952126E-004   0.0000000000000000     
   1.5855097557805883E-004   0.0000000000000000     
   5.0138124904189815E-005   0.0000000000000000     
   1.5855064193819287E-005   0.0000000000000000     
   5.0138114465959245E-006   0.0000000000000000     
   1.5855063643832340E-006   0.0000000000000000     
   5.0138116323791868E-007   0.0000000000000000     
 comp:           2
   6.0768142111681201E-003   0.0000000000000000     
   1.8844277106740855E-003   0.0000000000000000     
   5.9476707525784407E-004   0.0000000000000000     
   1.8804588293202835E-004   0.0000000000000000     
   5.9464192009649722E-005   0.0000000000000000     
   1.8804192629131506E-005   0.0000000000000000     
   5.9464066878757403E-006   0.0000000000000000     
   1.8804188714296265E-006   0.0000000000000000     
   5.9464064816043551E-007   0.0000000000000000     
   1.8804189411072271E-007   0.0000000000000000     
 comp:           3
  0.94363384469437139        3.5732593297715103E-002   3.7867011127910896E-002
  0.99460050484507734        3.7662548384794339E-002   3.7867011127910896E-002
  0.99946231314782508        3.7846650533896256E-002   3.7867011127910896E-002
  0.99994625383785063        3.7864975921390702E-002   3.7867011127910896E-002
  0.99999462560891361        3.7866807615783822E-002   3.7867011127910896E-002
  0.99999946256314209        3.7866990776783419E-002   3.7867011127910896E-002
  0.99999994625633737        3.7867009092799025E-002   3.7867011127910896E-002
  0.99999999462563427        3.7867010924399730E-002   3.7867011127910896E-002
  0.99999999946256291        3.7867011107559759E-002   3.7867011127910896E-002
  0.99999999994625610        3.7867011125875774E-002   3.7867011127910896E-002
 
 part:           7
 comp:           0
  0.99998917797454678        216.15751493180790        216.15985421925222     
  0.99999664397139265        216.15912878059771        216.15985421925222     
  0.99999894075293649        216.15962525256140        216.15985421925222     
  0.99999966509973093        216.15978182725888        216.15985421925222     
  0.99999989409716039        216.15983132730986        216.15985421925222     
  0.99999996651063539        216.15984698019605        216.15985421925222     
  0.99999998940973400        216.15985193006188        216.15985421925222     
  0.99999999665106398        216.15985349534671        216.15985421925222     
  0.99999999894097336        216.15985399033318        216.15985421925222     
  0.99999999966510633        216.15985414686165        216.15985421925222     
 comp:           1
  0.99929382296411040        8.9703496963108957        8.9766888278194283     
  0.99978101279769327        8.9747230478470463        8.9766888278194283     
  0.99993088271485553        8.9760683834580632        8.9766888278194283     
  0.99997814736867752        8.9764926635479778        8.9766888278194283     
  0.99999308972260803        8.9766267964095672        8.9766888278194283     
  0.99999781478251792        8.9766692118020703        8.9766888278194283     
  0.99999930897368161        8.9766826246911968        8.9766888278194283     
  0.99999978147829549        8.9766868662180848        8.9766888278194283     
  0.99999993089737016        8.9766882075066228        8.9766888278194283     
  0.99999997814782771        8.9766886316592771        8.9766888278194283     
 comp:           2
  0.99998740485138926        188.75897000431516        188.76134748153865     
  0.99999609421403313        188.76061022011658        188.76134748153865     
  0.99999876724612424        188.76111478525596        188.76134748153865     
  0.99999961024343031        188.76127391056338        188.76134748153865     
  0.99999987675049418        188.76132421679586        188.76134748153865     
  0.99999996102515731        188.76134012459482        188.76134748153865     
  0.99999998767507481        188.76134515506917        188.76134748153865     
  0.99999999610251644        188.76134674584441        188.76134748153865     
  0.99999999876750745        188.76134724889170        188.76134748153865     
  0.99999999961025166        188.76134740796923        188.76134748153865     
 comp:           3
   1.0000000000000000       -104.94596386107804       -104.94596386107804     
   1.0000000000000000       -104.94596386107804       -104.94596386107804     
   1.0000000000000000       -104.94596386107804       -104.94596386107804     
   1.0000000000000000       -104.94596386107804       -104.94596386107804     
   1.0000000000000000       -104.94596386107804       -104.94596386107804     
   1.0000000000000000       -104.94596386107804       -104.94596386107804     
   1.0000000000000000       -104.94596386107804       -104.94596386107804     
   1.0000000000000000       -104.94596386107804       -104.94596386107804     
   1.0000000000000000       -104.94596386107804       -104.94596386107804     
   1.0000000000000000       -104.94596386107804       -104.94596386107804     
 
 part: i_fks+j_fks
 comp:           0
   1.0000061012017434        276.32741994130595        276.32573402225580     
   1.0000005850125973        276.32589567629117        276.32573402225580     
   1.0000000582614013        276.32575012138028        276.32573402225580     
   1.0000000058237526        276.32573563150851        276.32573402225580     
   1.0000000005823515        276.32573418317452        276.32573402225580     
   1.0000000000582350        276.32573403834760        276.32573402225580     
   1.0000000000058236        276.32573402386498        276.32573402225580     
   1.0000000000005824        276.32573402241673        276.32573402225580     
   1.0000000000000582        276.32573402227189        276.32573402225580     
   1.0000000000000060        276.32573402225745        276.32573402225580     
 comp:           1
   1.6202773282969443E-002   0.0000000000000000     
   5.0245003225675589E-003   0.0000000000000000     
   1.5858434603557210E-003   0.0000000000000000     
   5.0139179873952126E-004   0.0000000000000000     
   1.5855097557805883E-004   0.0000000000000000     
   5.0138124904189815E-005   0.0000000000000000     
   1.5855064193819287E-005   0.0000000000000000     
   5.0138114465959245E-006   0.0000000000000000     
   1.5855063643832340E-006   0.0000000000000000     
   5.0138116323791868E-007   0.0000000000000000     
 comp:           2
   6.0768142111681201E-003   0.0000000000000000     
   1.8844277106740855E-003   0.0000000000000000     
   5.9476707525784407E-004   0.0000000000000000     
   1.8804588293202835E-004   0.0000000000000000     
   5.9464192009649722E-005   0.0000000000000000     
   1.8804192629131506E-005   0.0000000000000000     
   5.9464066878757403E-006   0.0000000000000000     
   1.8804188714296265E-006   0.0000000000000000     
   5.9464064816043551E-007   0.0000000000000000     
   1.8804189411072271E-007   0.0000000000000000     
 comp:           3
  0.99999173501846461        276.32345019516634        276.32573402225580     
  0.99999920845727097        276.32551529863019        276.32573402225580     
  0.99999992117918879        276.32571224203730        276.32573402225580     
  0.99999999212123836        276.32573184515121        276.32573402225580     
  0.99999999921215710        276.32573380455455        276.32573402225580     
  0.99999999992121591        276.32573400048574        276.32573402225580     
  0.99999999999212164        276.32573402007881        276.32573402225580     
  0.99999999999921207        276.32573402203809        276.32573402225580     
  0.99999999999992117        276.32573402223403        276.32573402225580     
  0.99999999999999223        276.32573402225364        276.32573402225580     
     
 Collinear #          65
 
 part:           1
 comp:           0
   1.0002170418518128        276.30995781156327        276.25000000000000     
   1.0000207929725458        276.25574405866575        276.25000000000000     
   1.0000020706011854        276.25057200357747        276.25000000000000     
   1.0000002069735547        276.25005717644450        276.25000000000000     
   1.0000000206964903        276.25000571740543        276.25000000000000     
   1.0000000020696405        276.25000057173816        276.25000000000000     
   1.0000000002069638        276.25000005717374        276.25000000000000     
   1.0000000000206963        276.25000000571737        276.25000000000000     
   1.0000000000020697        276.25000000057173        276.25000000000000     
   1.0000000000002069        276.25000000005718        276.25000000000000     
 comp:           1
   0.0000000000000000        0.0000000000000000     
   0.0000000000000000        0.0000000000000000     
   0.0000000000000000        0.0000000000000000     
   0.0000000000000000        0.0000000000000000     
   0.0000000000000000        0.0000000000000000     
   0.0000000000000000        0.0000000000000000     
   0.0000000000000000        0.0000000000000000     
   0.0000000000000000        0.0000000000000000     
   0.0000000000000000        0.0000000000000000     
   0.0000000000000000        0.0000000000000000     
 comp:           2
   0.0000000000000000        0.0000000000000000     
   0.0000000000000000        0.0000000000000000     
   0.0000000000000000        0.0000000000000000     
   0.0000000000000000        0.0000000000000000     
   0.0000000000000000        0.0000000000000000     
   0.0000000000000000        0.0000000000000000     
   0.0000000000000000        0.0000000000000000     
   0.0000000000000000        0.0000000000000000     
   0.0000000000000000        0.0000000000000000     
   0.0000000000000000        0.0000000000000000     
 comp:           3
   1.0002170418518128        276.30995781156327        276.25000000000000     
   1.0000207929725458        276.25574405866575        276.25000000000000     
   1.0000020706011854        276.25057200357747        276.25000000000000     
   1.0000002069735547        276.25005717644450        276.25000000000000     
   1.0000000206964903        276.25000571740543        276.25000000000000     
   1.0000000020696405        276.25000057173816        276.25000000000000     
   1.0000000002069638        276.25000005717374        276.25000000000000     
   1.0000000000206963        276.25000000571737        276.25000000000000     
   1.0000000000020697        276.25000000057173        276.25000000000000     
   1.0000000000002069        276.25000000005718        276.25000000000000     
 
 part:           2
 comp:           0
  0.99998406920298566        277.39142321048422        277.39584234734127     
  0.99999847970977929        277.39542062515488        277.39584234734127     
  0.99999984866270597        277.39580036700511        277.39584234734127     
  0.99999998487315345        277.39583815121694        277.39584234734127     
  0.99999999848738397        277.39584192774788        277.39584234734127     
  0.99999999984873911        277.39584230538213        277.39584234734127     
  0.99999999998487377        277.39584234314532        277.39584234734127     
  0.99999999999848732        277.39584234692165        277.39584234734127     
  0.99999999999984901        277.39584234729938        277.39584234734127     
  0.99999999999998501        277.39584234733712        277.39584234734127     
 comp:           1
   0.0000000000000000        0.0000000000000000     
   0.0000000000000000        0.0000000000000000     
   0.0000000000000000        0.0000000000000000     
   0.0000000000000000        0.0000000000000000     
   0.0000000000000000        0.0000000000000000     
   0.0000000000000000        0.0000000000000000     
   0.0000000000000000        0.0000000000000000     
   0.0000000000000000        0.0000000000000000     
   0.0000000000000000        0.0000000000000000     
   0.0000000000000000        0.0000000000000000     
 comp:           2
   0.0000000000000000        0.0000000000000000     
   0.0000000000000000        0.0000000000000000     
   0.0000000000000000        0.0000000000000000     
   0.0000000000000000        0.0000000000000000     
   0.0000000000000000        0.0000000000000000     
   0.0000000000000000        0.0000000000000000     
   0.0000000000000000        0.0000000000000000     
   0.0000000000000000        0.0000000000000000     
   0.0000000000000000        0.0000000000000000     
   0.0000000000000000        0.0000000000000000     
 comp:           3
  0.99998406920298566       -277.39142321048422       -277.39584234734127     
  0.99999847970977929       -277.39542062515488       -277.39584234734127     
  0.99999984866270597       -277.39580036700511       -277.39584234734127     
  0.99999998487315345       -277.39583815121694       -277.39584234734127     
  0.99999999848738397       -277.39584192774788       -277.39584234734127     
  0.99999999984873911       -277.39584230538213       -277.39584234734127     
  0.99999999998487377       -277.39584234314532       -277.39584234734127     
  0.99999999999848732       -277.39584234692165       -277.39584234734127     
  0.99999999999984901       -277.39584234729938       -277.39584234734127     
  0.99999999999998501       -277.39584234733712       -277.39584234734127     
 
 part:           3
 comp:           0
  0.99908906606637815        18.018295415128044        18.034723857072951     
  0.99971744735887691        18.029628098215209        18.034723857072951     
  0.99991081159171891        18.033115368758349        18.034723857072951     
  0.99997180064143154        18.034215289428221        18.034723857072951     
  0.99999108265853287        18.034563035282051        18.034723857072951     
  0.99999718008518423        18.034673000687949        18.034723857072951     
  0.99999910826388272        18.034707774858322        18.034723857072951     
  0.99999971800819165        18.034718771428558        18.034723857072951     
  0.99999991082635320        18.034722248850855        18.034723857072951     
  0.99999997180081424        18.034723348508422        18.034723857072951     
 comp:           1
  0.99555060280057817       -1.2225646771459302       -1.2280286644463274     
  0.99861992367983943       -1.2263338911660466       -1.2280286644463274     
  0.99956437890888972       -1.2274937092596065       -1.2280286644463274     
  0.99986226678312329       -1.2278595241079564       -1.2280286644463274     
  0.99995644534936179       -1.2279751780868737       -1.2280286644463274     
  0.99998622679459714       -1.2280117505552914       -1.2280286644463274     
  0.99999564452666345       -1.2280233158002229       -1.2280286644463274     
  0.99999862267799899       -1.2280269730554301       -1.2280286644463274     
  0.99999956445250748       -1.2280281295815219       -1.2280286644463274     
  0.99999986226777760       -1.2280284953072103       -1.2280286644463274     
 comp:           2
  0.99909895582076225       -17.911086763094453       -17.927239998344760     
  0.99972052175172266       -17.922229724713574       -17.927239998344760     
  0.99991178269079928       -17.925658505470711       -17.927239998344760     
  0.99997210774678191       -17.926739967227224       -17.927239998344760     
  0.99999117977948981       -17.927081876134835       -17.927239998344760     
  0.99999721079822690       -17.927189995655169       -17.927239998344760     
  0.99999911797627372       -17.927224186093735       -17.927239998344760     
  0.99999972107952695       -17.927234998070499       -17.927239998344760     
  0.99999991179759529       -17.927238417119082       -17.927239998344760     
  0.99999997210794811       -17.927239498317252       -17.927239998344760     
 comp:           3
   1.0000000000000000        1.5353423858935784        1.5353423858935784     
   1.0000000000000000        1.5353423858935784        1.5353423858935784     
   1.0000000000000000        1.5353423858935784        1.5353423858935784     
   1.0000000000000000        1.5353423858935784        1.5353423858935784     
   1.0000000000000000        1.5353423858935784        1.5353423858935784     
   1.0000000000000000        1.5353423858935784        1.5353423858935784     
   1.0000000000000000        1.5353423858935784        1.5353423858935784     
   1.0000000000000000        1.5353423858935784        1.5353423858935784     
   1.0000000000000000        1.5353423858935784        1.5353423858935784     
   1.0000000000000000        1.5353423858935784        1.5353423858935784     
 
 part:           4
 comp:           0
  0.99995110683746369        229.02988886535891        229.04108740847306     
  0.99998474378614943        229.03759310866300        229.04108740847306     
  0.99999517554984096        229.03998241116250        229.04108740847306     
  0.99999847374154649        229.04073783257721        229.04108740847306     
  0.99999951727134961        229.04097684377805        229.04108740847306     
  0.99999984733882852        229.04105244279233        229.04108740847306     
  0.99999995172338196        229.04107635114397        229.04108740847306     
  0.99999998473350038        229.04108391181740        229.04108740847306     
  0.99999999517229998        229.04108630273140        229.04108740847306     
  0.99999999847334620        229.04108705880662        229.04108740847306     
 comp:           1
   1.0011200436064913        62.051465257109612        61.982042666503716     
   1.0003473023089888        62.003569173037633        61.982042666503716     
   1.0001096159463976        61.988836886770265        61.982042666503716     
   1.0000346570028815        61.984190778335012        61.982042666503716     
   1.0000109593017690        61.982721946413555        61.982042666503716     
   1.0000034656294297        61.982257473294894        61.982042666503716     
   1.0000010959280987        61.982110594365892        61.982042666503716     
   1.0000003465628944        61.982064147179820        61.982042666503716     
   1.0000001095928084        61.982049459289847        61.982042666503716     
   1.0000000346562909        61.982044814571424        61.982042666503716     
 comp:           2
  0.99388775299300081       -33.372373483971437       -33.577608118697135     
  0.99810471888207075       -33.513969112044542       -33.577608118697135     
  0.99940180923634991       -33.557522303655070       -33.577608118697135     
  0.99981087150455028       -33.571257636192847       -33.577608118697135     
  0.99994019343617702       -33.575599957334163       -33.577608118697135     
  0.99998108753714054       -33.576973083430680       -33.577608118697135     
  0.99999401935495857       -33.577407302941637       -33.577608118697135     
  0.99999810875397954       -33.577544615179406       -33.577608118697135     
  0.99999940193550374       -33.577588037121849       -33.577608118697135     
  0.99999981087538969       -33.577601768345083       -33.577608118697135     
 comp:           3
   1.0000000000000000        217.92335886997222        217.92335886997222     
   1.0000000000000000        217.92335886997222        217.92335886997222     
   1.0000000000000000        217.92335886997222        217.92335886997222     
   1.0000000000000000        217.92335886997222        217.92335886997222     
   1.0000000000000000        217.92335886997222        217.92335886997222     
   1.0000000000000000        217.92335886997222        217.92335886997222     
   1.0000000000000000        217.92335886997222        217.92335886997222     
   1.0000000000000000        217.92335886997222        217.92335886997222     
   1.0000000000000000        217.92335886997222        217.92335886997222     
   1.0000000000000000        217.92335886997222        217.92335886997222     
 
 part:           5
 comp:           0
   1.0005392306891114        108.09334666052180        108.03509082404852     
   1.0001671056994277        108.05314410346341        108.03509082404852     
   1.0000527325212227        108.04078778676821        108.03509082404852     
   1.0000166713569045        108.03689191560586        108.03509082404852     
   1.0000052717520462        108.03566035825965        108.03509082404852     
   1.0000016670619079        108.03527092523315        108.03509082404852     
   1.0000005271702352        108.03514777693277        108.03509082404852     
   1.0000001667057701        108.03510883412154        108.03509082404852     
   1.0000000527169834        108.03509651933261        108.03509082404852     
   1.0000000166705738        108.03509262505547        108.03509082404852     
 comp:           1
   1.0022128883817361        14.834756737049682        14.802001559771623     
   1.0006860316495849        14.812156201318833        14.802001559771623     
   1.0002165125721778        14.805206379202708        14.802001559771623     
   1.0000684528977604        14.803014799671043        14.802001559771623     
   1.0000216461676947        14.802321966379603        14.802001559771623     
   1.0000068450937654        14.802102880860215        14.802001559771623     
   1.0000021646070596        14.802033600288695        14.802001559771623     
   1.0000006845087197        14.802011691870760        14.802001559771623     
   1.0000002164606472        14.802004763822461        14.802001559771623     
   1.0000000684508694        14.802002572981499        14.802001559771623     
 comp:           2
   1.0016152308015318        60.047664859826739        59.950830431935671     
   1.0005007480089738        59.980850690910785        59.950830431935671     
   1.0001580367895582        59.960304868708484        59.950830431935671     
   1.0000499651179107        59.953825882247045        59.950830431935671     
   1.0000157999640127        59.951777652899025        59.950830431935671     
   1.0000049963687190        59.951129968389516        59.950830431935671     
   1.0000015799893138        59.950925153607109        59.950830431935671     
   1.0000004996363925        59.950860385552311        59.950830431935671     
   1.0000001579988886        59.950839904100249        59.950830431935671     
   1.0000000499636374        59.950833427297226        59.950830431935671     
 comp:           3
   1.0000000000000000       -37.298305260905337       -37.298305260905337     
   1.0000000000000000       -37.298305260905337       -37.298305260905337     
   1.0000000000000000       -37.298305260905337       -37.298305260905337     
   1.0000000000000000       -37.298305260905337       -37.298305260905337     
   1.0000000000000000       -37.298305260905337       -37.298305260905337     
   1.0000000000000000       -37.298305260905337       -37.298305260905337     
   1.0000000000000000       -37.298305260905337       -37.298305260905337     
   1.0000000000000000       -37.298305260905337       -37.298305260905337     
   1.0000000000000000       -37.298305260905337       -37.298305260905337     
   1.0000000000000000       -37.298305260905337       -37.298305260905337     
 
 part:           6
 comp:           0
   1.0482539991195992        1.2011338229611008        1.1458423473412946     
   1.0046241695573404        1.1511409166413817        1.1458423473412946     
   1.0004604958609107        1.1463700029995014        1.1458423473412946     
   1.0000460304622176        1.1458950909941712        1.1458423473412946     
   1.0000046028550704        1.1458476214875530        1.1458423473412946     
   1.0000004602835952        1.1458428747537299        1.1458423473412946     
   1.0000000460283405        1.1458424000825163        1.1458423473412946     
   1.0000000046028339        1.1458423526154167        1.1458423473412946     
   1.0000000004602829        1.1458423478687063        1.1458423473412946     
   1.0000000000460281        1.1458423473940356        1.1458423473412946     
 comp:           1
 -0.16746745319847367       -0.0000000000000000     
  -5.1927302542761955E-002  -0.0000000000000000     
  -1.6389267981708422E-002  -0.0000000000000000     
  -5.1817458001912602E-003  -0.0000000000000000     
  -1.6385804181476911E-003  -0.0000000000000000     
  -5.1816362961710659E-004  -0.0000000000000000     
  -1.6385769550263443E-004  -0.0000000000000000     
  -5.1816352126509930E-005  -0.0000000000000000     
  -1.6385768980362608E-005  -0.0000000000000000     
  -5.1816354046052709E-006  -0.0000000000000000     
 comp:           2
 -0.49508555191704978       -0.0000000000000000     
 -0.15351315582782890       -0.0000000000000000     
  -4.8451741692304547E-002  -0.0000000000000000     
  -1.5318842141470664E-002  -0.0000000000000000     
  -4.8441501628240791E-003  -0.0000000000000000     
  -1.5318518413741848E-003  -0.0000000000000000     
  -4.8441399247670076E-004  -0.0000000000000000     
  -1.5318515210521624E-004  -0.0000000000000000     
  -4.8441397562867060E-005  -0.0000000000000000     
  -1.5318515777997794E-005  -0.0000000000000000     
 comp:           3
  0.94381692335802592       -1.0814653989209992       -1.1458423473412946     
  0.99461899722374081       -1.1396765664890958       -1.1458423473412946     
  0.99946416370881308       -1.1452283634276104       -1.1458423473412946     
  0.99994643890670221       -1.1457809747724241       -1.1458423473412946     
  0.99999464411592587       -1.1458362103425150       -1.1458423473412946     
  0.99999946441384469       -1.1458417336439972       -1.1458423473412946     
  0.99999994644140699       -1.1458422859715907       -1.1458423473412946     
  0.99999999464414080       -1.1458423412043244       -1.1458423473412946     
  0.99999999946441387       -1.1458423467275973       -1.1458423473412946     
  0.99999999994644118       -1.1458423472799246       -1.1458423473412946     
 
 part:           7
 comp:           0
  0.99984608241970052        197.35871625807764        197.38909791040550     
  0.99995217844517470        197.37965845683786        197.38909791040550     
  0.99998489729401008        197.38611680089414        197.38909791040550     
  0.99999522409616615        197.38815519905603        197.38909791040550     
  0.99999848966299298        197.38879978634614        197.38909791040550     
  0.99999952238115775        197.38900363365309        197.38909791040550     
  0.99999984896276339        197.38906809730162        197.38909791040550     
  0.99999995223774008        197.38908848265609        197.38909791040550     
  0.99999998489623843        197.38909492908763        197.38909791040550     
  0.99999999522377003        197.38909696762977        197.38909791040550     
 comp:           1
  0.99920819411175588       -75.496189863814891       -75.556015561829014     
  0.99975446850865013       -75.537464180647660       -75.556015561829014     
  0.99992250421023643       -75.550160288731661       -75.556015561829014     
  0.99997549826155685       -75.554164308097910       -75.556015561829014     
  0.99999225200619002       -75.555430154288132       -75.556015561829014     
  0.99999754987266809       -75.555830439970194       -75.556015561829014     
  0.99999922520172990       -75.555957021158861       -75.556015561829014     
  0.99999975498726534       -75.555997049643025       -75.556015561829014     
  0.99999992252017045       -75.556009707761802       -75.556015561829014     
  0.99999997549872499       -75.556013710610301       -75.556015561829014     
 comp:           2
  0.97905948089210537       -8.2691190608437957       -8.4459823148937687     
  0.99350654375960157       -8.3911386983248271       -8.4459823148937687     
  0.99795050518009587       -8.4286723178903920       -8.4459823148937687     
  0.99935201401042295       -8.4405094366855025       -8.4459823148937687     
  0.99979509244016285       -8.4442516692671958       -8.4459823148937687     
  0.99993520263113522       -8.4454350374622855       -8.4459823148937687     
  0.99997950927339618       -8.4458092505792539       -8.4459823148937687     
  0.99999352026307509       -8.4459275871502957       -8.4459823148937687     
  0.99999795092727217       -8.4459650084617479       -8.4459823148937687     
  0.99999935202626966       -8.4459768421191015       -8.4459823148937687     
 comp:           3
   1.0000000000000000       -182.16039599496045       -182.16039599496045     
   1.0000000000000000       -182.16039599496045       -182.16039599496045     
   1.0000000000000000       -182.16039599496045       -182.16039599496045     
   1.0000000000000000       -182.16039599496045       -182.16039599496045     
   1.0000000000000000       -182.16039599496045       -182.16039599496045     
   1.0000000000000000       -182.16039599496045       -182.16039599496045     
   1.0000000000000000       -182.16039599496045       -182.16039599496045     
   1.0000000000000000       -182.16039599496045       -182.16039599496045     
   1.0000000000000000       -182.16039599496045       -182.16039599496045     
   1.0000000000000000       -182.16039599496045       -182.16039599496045     
 
 part: i_fks+j_fks
 comp:           0
   1.0001826381527725        278.59255703344530        278.54168469468254     
   1.0000175085000980        278.54656154179628        278.54168469468254     
   1.0000017436360471        278.54217037000461        278.54168469468254     
   1.0000001742917890        278.54173324221108        278.54168469468254     
   1.0000000174284611        278.54168954923546        278.54168469468254     
   1.0000000017428390        278.54168518013586        278.54168469468254     
   1.0000000001742837        278.54168474322785        278.54168469468254     
   1.0000000000174285        278.54168469953709        278.54168469468254     
   1.0000000000017433        278.54168469516810        278.54168469468254     
   1.0000000000001745        278.54168469473115        278.54168469468254     
 comp:           1
 -0.16746745319847367        0.0000000000000000     
  -5.1927302542761955E-002   0.0000000000000000     
  -1.6389267981708422E-002   0.0000000000000000     
  -5.1817458001912602E-003   0.0000000000000000     
  -1.6385804181476911E-003   0.0000000000000000     
  -5.1816362961710659E-004   0.0000000000000000     
  -1.6385769550263443E-004   0.0000000000000000     
  -5.1816352126509930E-005   0.0000000000000000     
  -1.6385768980362608E-005   0.0000000000000000     
  -5.1816354046052709E-006   0.0000000000000000     
 comp:           2
 -0.49508555191704978        0.0000000000000000     
 -0.15351315582782890        0.0000000000000000     
  -4.8451741692304547E-002   0.0000000000000000     
  -1.5318842141470664E-002   0.0000000000000000     
  -4.8441501628240791E-003   0.0000000000000000     
  -1.5318518413741848E-003   0.0000000000000000     
  -4.8441399247670076E-004   0.0000000000000000     
  -1.5318515210521624E-004   0.0000000000000000     
  -4.8441397562867060E-005   0.0000000000000000     
  -1.5318515777997794E-005   0.0000000000000000     
 comp:           3
  0.99975301332239475       -278.47288860940523       -278.54168469468254     
  0.99997635002801888       -278.53509719164396       -278.54168469468254     
  0.99999764500508959       -278.54102873043274       -278.54168469468254     
  0.99999976460006967       -278.54161912598937       -278.54168469468254     
  0.99999997646100203       -278.54167813809039       -278.54168469468254     
  0.99999999764611014       -278.54168403902611       -278.54168469468254     
  0.99999999976461107       -278.54168462911690       -278.54168469468254     
  0.99999999997646116       -278.54168468812600       -278.54168469468254     
  0.99999999999764644       -278.54168469402697       -278.54168469468254     
  0.99999999999976485       -278.54168469461706       -278.54168469468254     
     
 Collinear #          96
 
 part:           1
 comp:           0
   1.0000315785119516        276.25872356392665        276.25000000000006     
   1.0000030257623787        276.25083586685713        276.25000000000006     
   1.0000003013154373        276.25008323838961        276.25000000000006     
   1.0000000301189926        276.25000832037176        276.25000000000006     
   1.0000000030117735        276.25000083200251        276.25000000000006     
   1.0000000003011760        276.25000008319989        276.25000000000006     
   1.0000000000301175        276.25000000832000        276.25000000000006     
   1.0000000000030116        276.25000000083202        276.25000000000006     
   1.0000000000003011        276.25000000008322        276.25000000000006     
   1.0000000000000298        276.25000000000830        276.25000000000006     
 comp:           1
   0.0000000000000000        0.0000000000000000     
   0.0000000000000000        0.0000000000000000     
   0.0000000000000000        0.0000000000000000     
   0.0000000000000000        0.0000000000000000     
   0.0000000000000000        0.0000000000000000     
   0.0000000000000000        0.0000000000000000     
   0.0000000000000000        0.0000000000000000     
   0.0000000000000000        0.0000000000000000     
   0.0000000000000000        0.0000000000000000     
   0.0000000000000000        0.0000000000000000     
 comp:           2
   0.0000000000000000        0.0000000000000000     
   0.0000000000000000        0.0000000000000000     
   0.0000000000000000        0.0000000000000000     
   0.0000000000000000        0.0000000000000000     
   0.0000000000000000        0.0000000000000000     
   0.0000000000000000        0.0000000000000000     
   0.0000000000000000        0.0000000000000000     
   0.0000000000000000        0.0000000000000000     
   0.0000000000000000        0.0000000000000000     
   0.0000000000000000        0.0000000000000000     
 comp:           3
   1.0000315785119516        276.25872356392665        276.25000000000006     
   1.0000030257623787        276.25083586685713        276.25000000000006     
   1.0000003013154373        276.25008323838961        276.25000000000006     
   1.0000000301189926        276.25000832037176        276.25000000000006     
   1.0000000030117735        276.25000083200251        276.25000000000006     
   1.0000000003011760        276.25000008319989        276.25000000000006     
   1.0000000000301175        276.25000000832000        276.25000000000006     
   1.0000000000030116        276.25000000083202        276.25000000000006     
   1.0000000000003011        276.25000000008322        276.25000000000006     
   1.0000000000000298        276.25000000000830        276.25000000000006     
 
 part:           2
 comp:           0
  0.99999763027268251        276.41579481971030        276.41644985132251     
  0.99999977381802907        276.41638733090508        276.41644985132251     
  0.99999997748436553        276.41644362763077        276.41644985132251     
  0.99999999774945680        276.41644922923535        276.41644985132251     
  0.99999999977495579        276.41644978911660        276.41644985132251     
  0.99999999997749556        276.41644984510191        276.41644985132251     
  0.99999999999774947        276.41644985070042        276.41644985132251     
  0.99999999999977507        276.41644985126032        276.41644985132251     
  0.99999999999997735        276.41644985131626        276.41644985132251     
  0.99999999999999756        276.41644985132183        276.41644985132251     
 comp:           1
   0.0000000000000000        0.0000000000000000     
   0.0000000000000000        0.0000000000000000     
   0.0000000000000000        0.0000000000000000     
   0.0000000000000000        0.0000000000000000     
   0.0000000000000000        0.0000000000000000     
   0.0000000000000000        0.0000000000000000     
   0.0000000000000000        0.0000000000000000     
   0.0000000000000000        0.0000000000000000     
   0.0000000000000000        0.0000000000000000     
   0.0000000000000000        0.0000000000000000     
 comp:           2
   0.0000000000000000        0.0000000000000000     
   0.0000000000000000        0.0000000000000000     
   0.0000000000000000        0.0000000000000000     
   0.0000000000000000        0.0000000000000000     
   0.0000000000000000        0.0000000000000000     
   0.0000000000000000        0.0000000000000000     
   0.0000000000000000        0.0000000000000000     
   0.0000000000000000        0.0000000000000000     
   0.0000000000000000        0.0000000000000000     
   0.0000000000000000        0.0000000000000000     
 comp:           3
  0.99999763027268251       -276.41579481971030       -276.41644985132251     
  0.99999977381802907       -276.41638733090508       -276.41644985132251     
  0.99999997748436553       -276.41644362763077       -276.41644985132251     
  0.99999999774945680       -276.41644922923535       -276.41644985132251     
  0.99999999977495579       -276.41644978911660       -276.41644985132251     
  0.99999999997749556       -276.41644984510191       -276.41644985132251     
  0.99999999999774947       -276.41644985070042       -276.41644985132251     
  0.99999999999977507       -276.41644985126032       -276.41644985132251     
  0.99999999999997735       -276.41644985131626       -276.41644985132251     
  0.99999999999999756       -276.41644985132183       -276.41644985132251     
 
 part:           3
 comp:           0
  0.99993399241011849        24.648271903271478        24.649898983694214     
  0.99997952914570432        24.649394379203716        24.649898983694214     
  0.99999353875502428        24.649739714658253        24.649898983694214     
  0.99999795714638862        24.649848627559056        24.649898983694214     
  0.99999935400336770        24.649883059942486        24.649898983694214     
  0.99999979571812303        24.649893948166582        24.649898983694214     
  0.99999993540039123        24.649897391320383        24.649898983694214     
  0.99999997957180831        24.649898480141353        24.649898983694214     
  0.99999999354003877        24.649898824456823        24.649898983694214     
  0.99999999795718064        24.649898933338925        24.649898983694214     
 comp:           1
  0.99993996485396808       -22.740414063480035       -22.741779369525510     
  0.99998138279182980       -22.741355981084826       -22.741779369525510     
  0.99999412396178555       -22.741645737960869       -22.741779369525510     
  0.99999814218511041       -22.741737119509182       -22.741779369525510     
  0.99999941251818070       -22.741766009143593       -22.741779369525510     
  0.99999981422225126       -22.741775144608937       -22.741779369525510     
  0.99999994125192471       -22.741778033489744       -22.741779369525510     
  0.99999998142222724       -22.741778947033900       -22.741779369525510     
  0.99999999412519258       -22.741779235921936       -22.741779369525510     
  0.99999999814222262       -22.741779327276348       -22.741779369525510     
 comp:           2
  0.99893545362546698        2.9145708665127654        2.9176768688455539     
  0.99966987868321378        2.9167136815156538        2.9176768688455539     
  0.99989580578059090        2.9173728637817167        2.9176768688455539     
  0.99996705712843326        2.9175807521911903        2.9176768688455539     
  0.99998958274140926        2.9176464746511268        2.9176768688455539     
  0.99999670577916500        2.9176672573736226        2.9176768688455539     
  0.99999895827603147        2.9176738294316271        2.9176768688455539     
  0.99999967057795480        2.9176759076984724        2.9176768688455539     
  0.99999989582760429        2.9176765649041645        2.9176768688455539     
  0.99999996705779393        2.9176767727308413        2.9176768688455539     
 comp:           3
   1.0000000000000000        9.0507542615604883        9.0507542615604883     
   1.0000000000000000        9.0507542615604883        9.0507542615604883     
   1.0000000000000000        9.0507542615604883        9.0507542615604883     
   1.0000000000000000        9.0507542615604883        9.0507542615604883     
   1.0000000000000000        9.0507542615604883        9.0507542615604883     
   1.0000000000000000        9.0507542615604883        9.0507542615604883     
   1.0000000000000000        9.0507542615604883        9.0507542615604883     
   1.0000000000000000        9.0507542615604883        9.0507542615604883     
   1.0000000000000000        9.0507542615604883        9.0507542615604883     
   1.0000000000000000        9.0507542615604883        9.0507542615604883     
 
 part:           4
 comp:           0
   1.0000733665123727        112.16357623241090        112.15534778569993     
   1.0000227487888069        112.15789918402027        112.15534778569993     
   1.0000071798172669        112.15615304060255        112.15534778569993     
   1.0000022700033904        112.15560237871965        112.15534778569993     
   1.0000007178224017        112.15542829332105        112.15534778569993     
   1.0000002269947441        112.15537324437440        112.15534778569993     
   1.0000000717820074        112.15535583643594        112.15534778569993     
   1.0000000226994614        112.15535033156593        112.15534778569993     
   1.0000000071781998        112.15534859077343        112.15534778569993     
   1.0000000022699460        112.15534804028653        112.15534778569993     
 comp:           1
  0.99971217748047347       -21.578205866775523       -21.584418348447088     
  0.99991074904445920       -21.582491918484696       -21.584418348447088     
  0.99997183067060391       -21.583810329856806       -21.584418348447088     
  0.99999109380273177       -21.584226113359357       -21.584418348447088     
  0.99999718366921930       -21.584357559585310       -21.584418348447088     
  0.99999910939993175       -21.584399125362633       -21.584418348447088     
  0.99999971836760593       -21.584412269575672       -21.584418348447088     
  0.99999991094002083       -21.584416426139239       -21.584418348447088     
  0.99999997183676237       -21.584417740559985       -21.584418348447088     
  0.99999999109400184       -21.584418156216298       -21.584418348447088     
 comp:           2
   1.0001889954999583       -74.794126255438087       -74.779993173241436     
   1.0000586056608494       -74.784375704159672       -74.779993173241436     
   1.0000184970811230       -74.781376384841536       -74.779993173241436     
   1.0000058481567329       -74.780430498361994       -74.779993173241436     
   1.0000018493127112       -74.780131464833360       -74.779993173241436     
   1.0000005848027647       -74.780036904788190       -74.779993173241436     
   1.0000001849308220       -74.780007002367043       -74.779993173241436     
   1.0000000584802584       -74.779997546394753       -74.779993173241436     
   1.0000000184930811       -74.779994556153909       -74.779993173241436     
   1.0000000058480258       -74.779993610556772       -74.779993173241436     
 comp:           3
   1.0000000000000000       -80.752012621980427       -80.752012621980427     
   1.0000000000000000       -80.752012621980427       -80.752012621980427     
   1.0000000000000000       -80.752012621980427       -80.752012621980427     
   1.0000000000000000       -80.752012621980427       -80.752012621980427     
   1.0000000000000000       -80.752012621980427       -80.752012621980427     
   1.0000000000000000       -80.752012621980427       -80.752012621980427     
   1.0000000000000000       -80.752012621980427       -80.752012621980427     
   1.0000000000000000       -80.752012621980427       -80.752012621980427     
   1.0000000000000000       -80.752012621980427       -80.752012621980427     
   1.0000000000000000       -80.752012621980427       -80.752012621980427     
 
 part:           5
 comp:           0
  0.99987148229078437        228.44404344085962        228.47340631965650     
  0.99996014487700435        228.46430048394640        228.47340631965650     
  0.99998742065693524        228.47053227429723        228.47340631965650     
  0.99999602280420097        228.47249763618470        228.47340631965650     
  0.99999874232236563        228.47311897376332        228.47340631965650     
  0.99999960228797635        228.47331545303572        228.47340631965650     
  0.99999987423241976        228.47337758510903        228.47340631965650     
  0.99999996022879767        228.47339723299444        228.47340631965650     
  0.99999998742324170        228.47340344620170        228.47340631965650     
  0.99999999602287948        228.47340541099024        228.47340631965650     
 comp:           1
  0.99982580510799124       -72.631644458110600       -72.644298723881860     
  0.99994598010140168       -72.640374486231053       -72.644298723881860     
  0.99998294990896874       -72.643060131975716       -72.644298723881860     
  0.99999460929658857       -72.643907120012912       -72.644298723881860     
  0.99999829534020901       -72.644174890066779       -72.644298723881860     
  0.99999946094004233       -72.644259564249268       -72.644298723881860     
  0.99999982953428335       -72.644286340519415       -72.644298723881860     
  0.99999994609400578       -72.644294807918712       -72.644298723881860     
  0.99999998295342807       -72.644297485545593       -72.644298723881860     
  0.99999999460940037       -72.644298332285530       -72.644298723881860     
 comp:           2
  0.99985685345421127        201.07851577651192        201.10730359235404     
  0.99995560856119825        201.09837614979403        201.10730359235404     
  0.99998598890238188        201.10448585829170        201.10730359235404     
  0.99999557013088158        201.10641271332037        201.10730359235404     
  0.99999859917728928        201.10702187667587        201.10730359235404     
  0.99999955702162091        201.10721450616668        201.10730359235404     
  0.99999985991794460        201.10727542082961        201.10730359235404     
  0.99999995570216338        201.10729468373557        201.10730359235404     
  0.99999998599179429        201.10730077520157        201.10730359235404     
  0.99999999557021602        201.10730270149213        201.10730359235404     
 comp:           3
   1.0000000000000000        3.3970201154054842        3.3970201154054842     
   1.0000000000000000        3.3970201154054842        3.3970201154054842     
   1.0000000000000000        3.3970201154054842        3.3970201154054842     
   1.0000000000000000        3.3970201154054842        3.3970201154054842     
   1.0000000000000000        3.3970201154054842        3.3970201154054842     
   1.0000000000000000        3.3970201154054842        3.3970201154054842     
   1.0000000000000000        3.3970201154054842        3.3970201154054842     
   1.0000000000000000        3.3970201154054842        3.3970201154054842     
   1.0000000000000000        3.3970201154054842        3.3970201154054842     
   1.0000000000000000        3.3970201154054842        3.3970201154054842     
 
 part:           6
 comp:           0
   1.0484428093503826       0.17451314973648621       0.16644985132247217     
   1.0046430990326232       0.16722269446612781       0.16644985132247217     
   1.0004623888839603       0.16652681588346052       0.16644985132247217     
   1.0000462197649054       0.16645754459546883       0.16644985132247217     
   1.0000046217853427       0.16645062061795529       0.16644985132247217     
   1.0000004621766225       0.16644992825170227       0.16644985132247217     
   1.0000000462176433       0.16644985901539203       0.16644985132247217     
   1.0000000046217645       0.16644985209176419       0.16644985132247217     
   1.0000000004621763       0.16644985139940133       0.16644985132247217     
   1.0000000000462175       0.16644985133016504       0.16644985132247217     
 comp:           1
  -3.0602822787411652E-002  -0.0000000000000000     
  -9.4898769384835109E-003  -0.0000000000000000     
  -2.9952121929303428E-003  -0.0000000000000000     
  -9.4698797265103864E-004  -0.0000000000000000     
  -2.9945815996069715E-004  -0.0000000000000000     
  -9.4696803715038955E-005  -0.0000000000000000     
  -2.9945752948980585E-005  -0.0000000000000000     
  -9.4696783990068841E-006  -0.0000000000000000     
  -2.9945751909890966E-006  -0.0000000000000000     
  -9.4696787498890772E-007  -0.0000000000000000     
 comp:           2
   6.9619877010426601E-002   0.0000000000000000     
   2.1588990985925503E-002   0.0000000000000000     
   6.8139565405619072E-003   0.0000000000000000     
   2.1543498338146192E-003   0.0000000000000000     
   6.8125219725835974E-004   0.0000000000000000     
   2.1543044815569871E-004   0.0000000000000000     
   6.8125076296890818E-005   0.0000000000000000     
   2.1543040328238741E-005   0.0000000000000000     
   6.8125073933014391E-006   0.0000000000000000     
   2.1543041126478019E-006   0.0000000000000000     
 comp:           3
  0.94365512817023445      -0.15707125578362394      -0.16644985132247217     
  0.99460265498946698      -0.16555146404793286      -0.16644985132247217     
  0.99946252831941651      -0.16636038924114901      -0.16644985132247217     
  0.99994627535652514      -0.16644090886355342      -0.16644985132247217     
  0.99999462776079595      -0.16644895711405538      -0.16644985132247217     
  0.99999946277833063      -0.16644976190200517      -0.16644985132247217     
  0.99999994627785582      -0.16644984238042926      -0.16644985132247217     
  0.99999999462778610      -0.16644985042826796      -0.16644985132247217     
  0.99999999946277818      -0.16644985123305167      -0.16644985132247217     
  0.99999999994627742      -0.16644985131353005      -0.16644985132247217     
 
 part:           7
 comp:           0
   1.0001216033683382        187.24411365735855        187.22134691094936     
   1.0000377069457782        187.22840645612584        187.22134691094936     
   1.0000119009379345        187.22357502057895        187.22134691094936     
   1.0000037626670819        187.22205136254843        187.22134691094936     
   1.0000011898350729        187.22156967347431        187.22134691094936     
   1.0000003762579708        187.22141735447346        187.22134691094936     
   1.0000001189831753        187.22136918713969        187.22134691094936     
   1.0000000376257812        187.22135395529878        187.22134691094936     
   1.0000000118983163        187.22134913856817        187.22134691094936     
   1.0000000037625780        187.22134761538430        187.22134691094936     
 comp:           1
   1.0000886614113351        116.98086721115357        116.97049644185446     
   1.0000274925813124        116.97371226273906        116.97049644185446     
   1.0000086771464833        116.97151141198633        116.97049644185446     
   1.0000027434182928        116.97081734085411        116.97049644185446     
   1.0000008675273191        116.97059791695565        116.97049644185446     
   1.0000002743355894        116.97052853102456        116.97049644185446     
   1.0000000867525027        116.97050658933779        116.97049644185446     
   1.0000000274335485        116.97049965077026        116.97049644185446     
   1.0000000086752496        116.97049745660271        116.97049644185446     
   1.0000000027433549        116.97049676274605        116.97049644185446     
 comp:           2
   1.0001825446164987       -129.26858026459703       -129.24498728795817     
   1.0000566043630106       -129.25230311813593       -129.24498728795817     
   1.0000178653413392       -129.24729629377245       -129.24498728795817     
   1.0000056484126816       -129.24571731698339       -129.24498728795817     
   1.0000017861484423       -129.24521813869089       -129.24498728795817     
   1.0000005648284211       -129.24506028920027       -129.24498728795817     
   1.0000001786143726       -129.24501037297048       -129.24498728795817     
   1.0000000564828206       -129.24499458807961       -129.24498728795817     
   1.0000000178614359       -129.24498959645922       -129.24498728795817     
   1.0000000056482821       -129.24498801797031       -129.24498728795817     
 comp:           3
   1.0000000000000000        68.304238245014460        68.304238245014460     
   1.0000000000000000        68.304238245014460        68.304238245014460     
   1.0000000000000000        68.304238245014460        68.304238245014460     
   1.0000000000000000        68.304238245014460        68.304238245014460     
   1.0000000000000000        68.304238245014460        68.304238245014460     
   1.0000000000000000        68.304238245014460        68.304238245014460     
   1.0000000000000000        68.304238245014460        68.304238245014460     
   1.0000000000000000        68.304238245014460        68.304238245014460     
   1.0000000000000000        68.304238245014460        68.304238245014460     
   1.0000000000000000        68.304238245014460        68.304238245014460     
 
 part: i_fks+j_fks
 comp:           0
   1.0000267849777038        276.59030796944677        276.58289970264497     
   1.0000025682091229        276.58361002537123        276.58289970264497     
   1.0000002557673282        276.58297044351423        276.58289970264497     
   1.0000000255662438        276.58290677383081        276.58289970264497     
   1.0000000025565197        276.58290040973458        276.58289970264497     
   1.0000000002556508        276.58289977335363        276.58289970264497     
   1.0000000000255651        276.58289970971583        276.58289970264497     
   1.0000000000025566        276.58289970335210        276.58289970264497     
   1.0000000000002556        276.58289970271568        276.58289970264497     
   1.0000000000000255        276.58289970265201        276.58289970264497     
 comp:           1
  -3.0602822787411652E-002   0.0000000000000000     
  -9.4898769384835109E-003   0.0000000000000000     
  -2.9952121929303428E-003   0.0000000000000000     
  -9.4698797265103864E-004   0.0000000000000000     
  -2.9945815996069715E-004   0.0000000000000000     
  -9.4696803715038955E-005   0.0000000000000000     
  -2.9945752948980585E-005   0.0000000000000000     
  -9.4696783990068841E-006   0.0000000000000000     
  -2.9945751909890966E-006   0.0000000000000000     
  -9.4696787498890772E-007   0.0000000000000000     
 comp:           2
   6.9619877010426601E-002   0.0000000000000000     
   2.1588990985925503E-002   0.0000000000000000     
   6.8139565405619072E-003   0.0000000000000000     
   2.1543498338146192E-003   0.0000000000000000     
   6.8125219725835974E-004   0.0000000000000000     
   2.1543044815569871E-004   0.0000000000000000     
   6.8125076296890818E-005   0.0000000000000000     
   2.1543040328238741E-005   0.0000000000000000     
   6.8125073933014391E-006   0.0000000000000000     
   2.1543041126478019E-006   0.0000000000000000     
 comp:           3
  0.99996372289406976       -276.57286607549395       -276.58289970264497     
  0.99999652578777298       -276.58193879495303       -276.58289970264497     
  0.99999965404306224       -276.58280401687193       -276.58289970264497     
  0.99999996541888136       -276.58289013809889       -276.58289970264497     
  0.99999999654203375       -276.58289874623063       -276.58289970264497     
  0.99999999965420483       -276.58289960700392       -276.58289970264497     
  0.99999999996542033       -276.58289969308083       -276.58289970264497     
  0.99999999999654210       -276.58289970168858       -276.58289970264497     
  0.99999999999965405       -276.58289970254930       -276.58289970264497     
  0.99999999999996525       -276.58289970263536       -276.58289970264497     
     
 Collinear #          46
 
 part:           1
 comp:           0
   1.0000000000000000        325.00000000000000        325.00000000000000     
   1.0000000000000000        325.00000000000000        325.00000000000000     
   1.0000000000000000        325.00000000000000        325.00000000000000     
   1.0000000000000000        325.00000000000000        325.00000000000000     
   1.0000000000000000        325.00000000000000        325.00000000000000     
   1.0000000000000000        325.00000000000000        325.00000000000000     
   1.0000000000000000        325.00000000000000        325.00000000000000     
   1.0000000000000000        325.00000000000000        325.00000000000000     
   1.0000000000000000        325.00000000000000        325.00000000000000     
   1.0000000000000000        325.00000000000000        325.00000000000000     
 comp:           1
   0.0000000000000000        0.0000000000000000     
   0.0000000000000000        0.0000000000000000     
   0.0000000000000000        0.0000000000000000     
   0.0000000000000000        0.0000000000000000     
   0.0000000000000000        0.0000000000000000     
   0.0000000000000000        0.0000000000000000     
   0.0000000000000000        0.0000000000000000     
   0.0000000000000000        0.0000000000000000     
   0.0000000000000000        0.0000000000000000     
   0.0000000000000000        0.0000000000000000     
 comp:           2
   0.0000000000000000        0.0000000000000000     
   0.0000000000000000        0.0000000000000000     
   0.0000000000000000        0.0000000000000000     
   0.0000000000000000        0.0000000000000000     
   0.0000000000000000        0.0000000000000000     
   0.0000000000000000        0.0000000000000000     
   0.0000000000000000        0.0000000000000000     
   0.0000000000000000        0.0000000000000000     
   0.0000000000000000        0.0000000000000000     
   0.0000000000000000        0.0000000000000000     
 comp:           3
   1.0000000000000000        325.00000000000000        325.00000000000000     
   1.0000000000000000        325.00000000000000        325.00000000000000     
   1.0000000000000000        325.00000000000000        325.00000000000000     
   1.0000000000000000        325.00000000000000        325.00000000000000     
   1.0000000000000000        325.00000000000000        325.00000000000000     
   1.0000000000000000        325.00000000000000        325.00000000000000     
   1.0000000000000000        325.00000000000000        325.00000000000000     
   1.0000000000000000        325.00000000000000        325.00000000000000     
   1.0000000000000000        325.00000000000000        325.00000000000000     
   1.0000000000000000        325.00000000000000        325.00000000000000     
 
 part:           2
 comp:           0
   1.0000000000000000        325.00000000000000        325.00000000000000     
   1.0000000000000000        325.00000000000000        325.00000000000000     
   1.0000000000000000        325.00000000000000        325.00000000000000     
   1.0000000000000000        325.00000000000000        325.00000000000000     
   1.0000000000000000        325.00000000000000        325.00000000000000     
   1.0000000000000000        325.00000000000000        325.00000000000000     
   1.0000000000000000        325.00000000000000        325.00000000000000     
   1.0000000000000000        325.00000000000000        325.00000000000000     
   1.0000000000000000        325.00000000000000        325.00000000000000     
   1.0000000000000000        325.00000000000000        325.00000000000000     
 comp:           1
  -0.0000000000000000       -0.0000000000000000     
  -0.0000000000000000       -0.0000000000000000     
  -0.0000000000000000       -0.0000000000000000     
  -0.0000000000000000       -0.0000000000000000     
  -0.0000000000000000       -0.0000000000000000     
  -0.0000000000000000       -0.0000000000000000     
  -0.0000000000000000       -0.0000000000000000     
  -0.0000000000000000       -0.0000000000000000     
  -0.0000000000000000       -0.0000000000000000     
  -0.0000000000000000       -0.0000000000000000     
 comp:           2
  -0.0000000000000000       -0.0000000000000000     
  -0.0000000000000000       -0.0000000000000000     
  -0.0000000000000000       -0.0000000000000000     
  -0.0000000000000000       -0.0000000000000000     
  -0.0000000000000000       -0.0000000000000000     
  -0.0000000000000000       -0.0000000000000000     
  -0.0000000000000000       -0.0000000000000000     
  -0.0000000000000000       -0.0000000000000000     
  -0.0000000000000000       -0.0000000000000000     
  -0.0000000000000000       -0.0000000000000000     
 comp:           3
   1.0000000000000000       -325.00000000000000       -325.00000000000000     
   1.0000000000000000       -325.00000000000000       -325.00000000000000     
   1.0000000000000000       -325.00000000000000       -325.00000000000000     
   1.0000000000000000       -325.00000000000000       -325.00000000000000     
   1.0000000000000000       -325.00000000000000       -325.00000000000000     
   1.0000000000000000       -325.00000000000000       -325.00000000000000     
   1.0000000000000000       -325.00000000000000       -325.00000000000000     
   1.0000000000000000       -325.00000000000000       -325.00000000000000     
   1.0000000000000000       -325.00000000000000       -325.00000000000000     
   1.0000000000000000       -325.00000000000000       -325.00000000000000     
 
 part:           3
 comp:           0
  0.99999867103643358        116.89437585290845        116.89453120148153     
  0.99999986710461686        116.89451566673802        116.89453120148153     
  0.99999998671047141        116.89452964800832        116.89453120148153     
  0.99999999867104727        116.89453104613422        116.89453120148153     
  0.99999999986710464        116.89453118594679        116.89453120148153     
  0.99999999998671063        116.89453119992807        116.89453120148153     
  0.99999999999867129        116.89453120132620        116.89453120148153     
  0.99999999999986722        116.89453120146601        116.89453120148153     
  0.99999999999998646        116.89453120147995        116.89453120148153     
  0.99999999999999867        116.89453120148137        116.89453120148153     
 comp:           1
  0.99999663126903771        17.739574342632569        17.739634102687230     
  0.99999966312938304        17.739628126725744        17.739634102687230     
  0.99999996631296295        17.739633505091518        17.739634102687230     
  0.99999999663129668        17.739634042927666        17.739634102687230     
  0.99999999966312947        17.739634096711271        17.739634102687230     
  0.99999999996631317        17.739634102089639        17.739634102687230     
  0.99999999999663103        17.739634102627466        17.739634102687230     
  0.99999999999966338        17.739634102681258        17.739634102687230     
  0.99999999999996592        17.739634102686626        17.739634102687230     
  0.99999999999999656        17.739634102687170        17.739634102687230     
 comp:           2
  0.99999864968484597        79.786618440440705        79.786726177666154     
  0.99999986496947835        79.786715404022900        79.786726177666154     
  0.99999998649695776        79.786725100302618        79.786726177666154     
  0.99999999864969591        79.786726069929813        79.786726177666154     
  0.99999999986496957        79.786726166892521        79.786726177666154     
  0.99999999998649713        79.786726176588800        79.786726177666154     
  0.99999999999864952        79.786726177558407        79.786726177666154     
  0.99999999999986500        79.786726177655382        79.786726177666154     
  0.99999999999998623        79.786726177665059        79.786726177666154     
  0.99999999999999856        79.786726177666040        79.786726177666154     
 comp:           3
  0.99999878241349349        83.568523536214045        83.568625288244561     
  0.99999987824224545        83.568615113116394        83.568625288244561     
  0.99999998782423338        83.568624270732485        83.568625288244561     
  0.99999999878242340        83.568625186493364        83.568625288244561     
  0.99999999987824228        83.568625278069433        83.568625288244561     
  0.99999999998782441        83.568625287227064        83.568625288244561     
  0.99999999999878231        83.568625288142798        83.568625288244561     
  0.99999999999987821        83.568625288234387        83.568625288244561     
  0.99999999999998757        83.568625288243524        83.568625288244561     
  0.99999999999999878        83.568625288244462        83.568625288244561     
 
 part:           4
 comp:           0
  0.99999900801925556        202.17272050354350        202.17292105518823     
  0.99999990080263068        202.17290100016632        202.17292105518823     
  0.99999999008027030        202.17291904968749        202.17292105518823     
  0.99999999900802705        202.17292085463816        202.17292105518823     
  0.99999999990080268        202.17292103513321        202.17292105518823     
  0.99999999999008027        202.17292105318273        202.17292105518823     
  0.99999999999900824        202.17292105498771        202.17292105518823     
  0.99999999999990086        202.17292105516819        202.17292105518823     
  0.99999999999999001        202.17292105518621        202.17292105518823     
  0.99999999999999900        202.17292105518803        202.17292105518823     
 comp:           1
   1.0000016266436416       -63.540135721689396       -63.540032364699769     
   1.0000001626631425       -63.540042700321102       -63.540032364699769     
   1.0000000162663021       -63.540033398261130       -63.540032364699769     
   1.0000000016266299       -63.540032468055891       -63.540032364699769     
   1.0000000001626630       -63.540032375035388       -63.540032364699769     
   1.0000000000162661       -63.540032365733325       -63.540032364699769     
   1.0000000000016267       -63.540032364803132       -63.540032364699769     
   1.0000000000001625       -63.540032364710100       -63.540032364699769     
   1.0000000000000164       -63.540032364700814       -63.540032364699769     
   1.0000000000000018       -63.540032364699876       -63.540032364699769     
 comp:           2
  0.99999805370794204        95.738318787862738        95.738505122954905     
  0.99999980537225597        95.738486489585640        95.738505122954905     
  0.99999998053724004        95.738503259619364        95.738505122954905     
  0.99999999805372419        95.738504936621368        95.738505122954905     
  0.99999999980537235        95.738505104321547        95.738505122954905     
  0.99999999998053735        95.738505121091578        95.738505122954905     
  0.99999999999805356        95.738505122768558        95.738505122954905     
  0.99999999999980560        95.738505122936289        95.738505122954905     
  0.99999999999998024        95.738505122953015        95.738505122954905     
  0.99999999999999811        95.738505122954720        95.738505122954905     
 comp:           3
  0.99999894205782014        166.34492593387631        166.34510191737604     
  0.99999989420657664        166.34508431915825        166.34510191737604     
  0.99999998942066559        166.34510015755558        166.34510191737604     
  0.99999999894206670        166.34510174139402        166.34510191737604     
  0.99999999989420663        166.34510189977783        166.34510191737604     
  0.99999999998942068        166.34510191561623        166.34510191737604     
  0.99999999999894207        166.34510191720005        166.34510191737604     
  0.99999999999989420        166.34510191735845        166.34510191737604     
  0.99999999999998923        166.34510191737425        166.34510191737604     
  0.99999999999999900        166.34510191737587        166.34510191737604     
 
 part:           5
 comp:           0
   1.0000010180381549        276.47939819470685        276.47911672841701     
   1.0000001018029212        276.47914487479875        276.47911672841701     
   1.0000000101802835        276.47911954305278        276.47911672841701     
   1.0000000010180281        276.47911700988055        276.47911672841701     
   1.0000000001018028        276.47911675656337        276.47911672841701     
   1.0000000000101801        276.47911673123161        276.47911672841701     
   1.0000000000010183        276.47911672869856        276.47911672841701     
   1.0000000000001017        276.47911672844515        276.47911672841701     
   1.0000000000000102        276.47911672841985        276.47911672841701     
   1.0000000000000011        276.47911672841730        276.47911672841701     
 comp:           1
  0.99999786378017974        66.165678062060707        66.165819406795549     
  0.99999978637981557        66.165805272441006        66.165819406795549     
  0.99999997863799939        66.165817993361273        66.165819406795549     
  0.99999999786380023        66.165819265452143        66.165819406795549     
  0.99999999978637999        66.165819392661206        66.165819406795549     
  0.99999999997863809        66.165819405382123        66.165819406795549     
  0.99999999999786360        66.165819406654194        66.165819406795549     
  0.99999999999978650        66.165819406781424        66.165819406795549     
  0.99999999999997835        66.165819406794114        66.165819406795549     
  0.99999999999999789        66.165819406795407        66.165819406795549     
 comp:           2
   1.0000018357527696       -138.81009184018080       -138.80983701963805     
   1.0000001835737320       -138.80986250147788       -138.80983701963805     
   1.0000000183573581       -138.80983956781992       -138.80983701963805     
   1.0000000018357356       -138.80983727445621       -138.80983701963805     
   1.0000000001835736       -138.80983704511988       -138.80983701963805     
   1.0000000000183571       -138.80983702218620       -138.80983701963805     
   1.0000000000018359       -138.80983701989288       -138.80983701963805     
   1.0000000000001834       -138.80983701966352       -138.80983701963805     
   1.0000000000000187       -138.80983701964064       -138.80983701963805     
   1.0000000000000018       -138.80983701963831       -138.80983701963805     
 comp:           3
   1.0000011181312167       -215.23824734847904       -215.23800668414472     
   1.0000001118121808       -215.23803075037563       -215.23800668414472     
   1.0000000111812088       -215.23800909076581       -215.23800668414472     
   1.0000000011181207       -215.23800692480680       -215.23800668414472     
   1.0000000001118121       -215.23800670821095       -215.23800668414472     
   1.0000000000111811       -215.23800668655133       -215.23800668414472     
   1.0000000000011182       -215.23800668438540       -215.23800668414472     
   1.0000000000001117       -215.23800668416877       -215.23800668414472     
   1.0000000000000113       -215.23800668414717       -215.23800668414472     
   1.0000000000000011       -215.23800668414498       -215.23800668414472     
 
 part:           6
 comp:           0
   1.0000013671512640        54.444618977774645        54.444544543846760     
   1.0000001367149580        54.444551987230383        54.444544543846760     
   1.0000000136714939        54.444545288185026        54.444544543846760     
   1.0000000013671495        54.444544618280588        54.444544543846760     
   1.0000000001367149        54.444544551290136        54.444544543846760     
   1.0000000000136715        54.444544544591096        54.444544543846760     
   1.0000000000013671        54.444544543921197        54.444544543846760     
   1.0000000000001368        54.444544543854207        54.444544543846760     
   1.0000000000000135        54.444544543847499        54.444544543846760     
   1.0000000000000013        54.444544543846838        54.444544543846760     
 comp:           1
  0.99984035578394526       -20.358846939936960       -20.362097631050499     
  0.99994802980948883       -20.361039408957406       -20.362097631050499     
  0.99998349888382165       -20.361761633711854       -20.362097631050499     
  0.99999477776374812       -20.361991295366085       -20.362097631050499     
  0.99999834825171618       -20.362063997990681       -20.362097631050499     
  0.99999947764055497       -20.362086994716481       -20.362097631050499     
  0.99999983481248278       -20.362094267486146       -20.362097631050499     
  0.99999994776282419       -20.362096567392026       -20.362097631050499     
  0.99999998348112540       -20.362097294691562       -20.362097631050499     
  0.99999999477627011       -20.362097524684401       -20.362097631050499     
 comp:           2
   1.0000571424001095       -36.711500213749709       -36.709402550381398     
   1.0000181875875773       -36.710070205855196       -36.709402550381398     
   1.0000057348009823       -36.709613071499206       -36.709402550381398     
   1.0000018109598641       -36.709469029636054       -36.709402550381398     
   1.0000005723936185       -36.709423562609160       -36.709402550381398     
   1.0000001809776919       -36.709409193964341       -36.709402550381398     
   1.0000000572272232       -36.709404651158572       -36.709402550381398     
   1.0000000180965425       -36.709403214694660       -36.709402550381398     
   1.0000000057225991       -36.709402760454594       -36.709402550381398     
   1.0000000018096422       -36.709402616812284       -36.709402550381398     
 comp:           3
  0.99999436939802766       -34.669866439995602       -34.670061653313127     
  0.99999787261413520       -34.669987896714034       -34.670061653313127     
  0.99999929614116601       -34.670037250483958       -34.670061653313127     
  0.99999977441885324       -34.670053832400860       -34.670061653313127     
  0.99999992836832441       -34.670059169838517       -34.670061653313127     
  0.99999997731851586       -34.670060866944674       -34.670061653313127     
  0.99999999282453433       -34.670061404539290       -34.670061653313127     
  0.99999999773062342       -34.670061574633699       -34.670061653313127     
  0.99999999928233041       -34.670061628431476       -34.670061653313127     
  0.99999999977305010       -34.670061645444761       -34.670061653313127     
 
 part:           7
 comp:           0
   1.0000000000000000        8.8864710664744075E-003   8.8864710664744075E-003
   1.0000000000000000        8.8864710664744075E-003   8.8864710664744075E-003
   1.0000000000000000        8.8864710664744075E-003   8.8864710664744075E-003
   1.0000000000000000        8.8864710664744075E-003   8.8864710664744075E-003
   1.0000000000000000        8.8864710664744075E-003   8.8864710664744075E-003
   1.0000000000000000        8.8864710664744075E-003   8.8864710664744075E-003
   1.0000000000000000        8.8864710664744075E-003   8.8864710664744075E-003
   1.0000000000000000        8.8864710664744075E-003   8.8864710664744075E-003
   1.0000000000000000        8.8864710664744075E-003   8.8864710664744075E-003
   1.0000000000000000        8.8864710664744075E-003   8.8864710664744075E-003
 comp:           1
   1.8864802650309629       -6.2697430669163019E-003  -3.3235137324976981E-003
   1.3092438420533565       -4.3512898882523774E-003  -3.3235137324976981E-003
   1.1001809452635136       -3.6564664798155858E-003  -3.3235137324976981E-003
   1.0319033510441669       -3.4295449578056816E-003  -3.3235137324976981E-003
   1.0101105686965726       -3.3571163464041183E-003  -3.3235137324976981E-003
   1.0031994119117340       -3.3341470219222626E-003  -3.3235137324976981E-003
   1.0010119590792212       -3.3268769923942157E-003  -3.3235137324976981E-003
   1.0003200311826395       -3.3245773605280276E-003  -3.3235137324976981E-003
   1.0001012049038609       -3.3238500883854762E-003  -3.3235137324976981E-003
   1.0000320040185924       -3.3236200982929851E-003  -3.3235137324976981E-003
 comp:           2
  0.55829852765029719       -3.3451743729298487E-003  -5.9917306015629928E-003
  0.87940974416829243       -5.2691862754458401E-003  -5.9917306015629928E-003
  0.96394864638160049       -5.7757206028598599E-003  -5.9917306015629928E-003
  0.98881322490012347       -5.9247024588642595E-003  -5.9917306015629928E-003
  0.99648396799321692       -5.9706634849918758E-003  -5.9917306015629928E-003
  0.99889029192687362       -5.9850815297424398E-003  -5.9917306015629928E-003
  0.99964929563839178       -5.9896292755074430E-003  -5.9917306015629928E-003
  0.99988911915614542       -5.9910662334177424E-003  -5.9917306015629928E-003
  0.99996493856129121       -5.9915205228677467E-003  -5.9917306015629928E-003
  0.99998891281510538       -5.9916641701379747E-003  -5.9917306015629928E-003
 comp:           3
  0.94288848269727743       -5.3356816157671110E-003  -5.6588681627583078E-003
   1.0038730399137128       -5.6807851850191092E-003  -5.6588681627583078E-003
   1.0033962402073280       -5.6780870383406363E-003  -5.6588681627583078E-003
   1.0012904553952426       -5.6661706797099054E-003  -5.6588681627583078E-003
   1.0004297034332192       -5.6612997978359803E-003  -5.6588681627583078E-003
   1.0001380460667084       -5.6596493472501975E-003  -5.6588681627583078E-003
   1.0000438701583561       -5.6591164182007245E-003  -5.6588681627583078E-003
   1.0000138945782389       -5.6589467903447391E-003  -5.6588681627583078E-003
   1.0000043960128495       -5.6588930392154650E-003  -5.6588681627583078E-003
   1.0000013903575573       -5.6588760306084231E-003  -5.6588681627583078E-003
 
 part: i_fks+j_fks
 comp:           0
   1.0000013669281531        54.453505448841121        54.453431014913235     
   1.0000001366926470        54.453438458296858        54.453431014913235     
   1.0000000136692628        54.453431759251501        54.453431014913235     
   1.0000000013669263        54.453431089347063        54.453431014913235     
   1.0000000001366924        54.453431022356611        54.453431014913235     
   1.0000000000136693        54.453431015657571        54.453431014913235     
   1.0000000000013669        54.453431014987672        54.453431014913235     
   1.0000000000001368        54.453431014920682        54.453431014913235     
   1.0000000000000135        54.453431014913974        54.453431014913235     
   1.0000000000000013        54.453431014913313        54.453431014913235     
 comp:           1
  0.99998505006221305       -20.365116683003876       -20.365421144782996     
  0.99999850501803422       -20.365390698845658       -20.365421144782996     
  0.99999985050192153       -20.365418100191668       -20.365421144782996     
  0.99999998505019361       -20.365420840323893       -20.365421144782996     
  0.99999999850501931       -20.365421114337085       -20.365421144782996     
  0.99999999985050181       -20.365421141738402       -20.365421144782996     
  0.99999999998505029       -20.365421144478539       -20.365421144782996     
  0.99999999999850520       -20.365421144752553       -20.365421144782996     
  0.99999999999985034       -20.365421144779948       -20.365421144782996     
  0.99999999999998512       -20.365421144782694       -20.365421144782996     
 comp:           2
  0.99998505006221305       -36.714845388122640       -36.715394280982963     
  0.99999850501803422       -36.715339392130645       -36.715394280982963     
  0.99999985050192153       -36.715388792102068       -36.715394280982963     
  0.99999998505019339       -36.715393732094917       -36.715394280982963     
  0.99999999850501919       -36.715394226094155       -36.715394280982963     
  0.99999999985050203       -36.715394275494084       -36.715394280982963     
  0.99999999998505018       -36.715394280434076       -36.715394280982963     
  0.99999999999850520       -36.715394280928081       -36.715394280982963     
  0.99999999999985023       -36.715394280977463       -36.715394280982963     
  0.99999999999998535       -36.715394280982423       -36.715394280982963     
 comp:           3
  0.99998505006221294       -34.675202121611370       -34.675720521475888     
  0.99999850501803411       -34.675668681899054       -34.675720521475888     
  0.99999985050192142       -34.675715337522298       -34.675720521475888     
  0.99999998505019339       -34.675720003080571       -34.675720521475888     
  0.99999999850501919       -34.675720469636353       -34.675720521475888     
  0.99999999985050159       -34.675720516291925       -34.675720521475888     
  0.99999999998505007       -34.675720520957491       -34.675720521475888     
  0.99999999999850497       -34.675720521424047       -34.675720521475888     
  0.99999999999985023       -34.675720521470694       -34.675720521475888     
  0.99999999999998501       -34.675720521475370       -34.675720521475888     
     
 Collinear #           1
 
 part:           1
 comp:           0
   1.0000000000000000        325.00000000000000        325.00000000000000     
   1.0000000000000000        325.00000000000000        325.00000000000000     
   1.0000000000000000        325.00000000000000        325.00000000000000     
   1.0000000000000000        325.00000000000000        325.00000000000000     
   1.0000000000000000        325.00000000000000        325.00000000000000     
   1.0000000000000000        325.00000000000000        325.00000000000000     
   1.0000000000000000        325.00000000000000        325.00000000000000     
   1.0000000000000000        325.00000000000000        325.00000000000000     
   1.0000000000000000        325.00000000000000        325.00000000000000     
   1.0000000000000000        325.00000000000000        325.00000000000000     
 comp:           1
   0.0000000000000000        0.0000000000000000     
   0.0000000000000000        0.0000000000000000     
   0.0000000000000000        0.0000000000000000     
   0.0000000000000000        0.0000000000000000     
   0.0000000000000000        0.0000000000000000     
   0.0000000000000000        0.0000000000000000     
   0.0000000000000000        0.0000000000000000     
   0.0000000000000000        0.0000000000000000     
   0.0000000000000000        0.0000000000000000     
   0.0000000000000000        0.0000000000000000     
 comp:           2
   0.0000000000000000        0.0000000000000000     
   0.0000000000000000        0.0000000000000000     
   0.0000000000000000        0.0000000000000000     
   0.0000000000000000        0.0000000000000000     
   0.0000000000000000        0.0000000000000000     
   0.0000000000000000        0.0000000000000000     
   0.0000000000000000        0.0000000000000000     
   0.0000000000000000        0.0000000000000000     
   0.0000000000000000        0.0000000000000000     
   0.0000000000000000        0.0000000000000000     
 comp:           3
   1.0000000000000000        325.00000000000000        325.00000000000000     
   1.0000000000000000        325.00000000000000        325.00000000000000     
   1.0000000000000000        325.00000000000000        325.00000000000000     
   1.0000000000000000        325.00000000000000        325.00000000000000     
   1.0000000000000000        325.00000000000000        325.00000000000000     
   1.0000000000000000        325.00000000000000        325.00000000000000     
   1.0000000000000000        325.00000000000000        325.00000000000000     
   1.0000000000000000        325.00000000000000        325.00000000000000     
   1.0000000000000000        325.00000000000000        325.00000000000000     
   1.0000000000000000        325.00000000000000        325.00000000000000     
 
 part:           2
 comp:           0
   1.0000000000000000        325.00000000000000        325.00000000000000     
   1.0000000000000000        325.00000000000000        325.00000000000000     
   1.0000000000000000        325.00000000000000        325.00000000000000     
   1.0000000000000000        325.00000000000000        325.00000000000000     
   1.0000000000000000        325.00000000000000        325.00000000000000     
   1.0000000000000000        325.00000000000000        325.00000000000000     
   1.0000000000000000        325.00000000000000        325.00000000000000     
   1.0000000000000000        325.00000000000000        325.00000000000000     
   1.0000000000000000        325.00000000000000        325.00000000000000     
   1.0000000000000000        325.00000000000000        325.00000000000000     
 comp:           1
  -0.0000000000000000       -0.0000000000000000     
  -0.0000000000000000       -0.0000000000000000     
  -0.0000000000000000       -0.0000000000000000     
  -0.0000000000000000       -0.0000000000000000     
  -0.0000000000000000       -0.0000000000000000     
  -0.0000000000000000       -0.0000000000000000     
  -0.0000000000000000       -0.0000000000000000     
  -0.0000000000000000       -0.0000000000000000     
  -0.0000000000000000       -0.0000000000000000     
  -0.0000000000000000       -0.0000000000000000     
 comp:           2
  -0.0000000000000000       -0.0000000000000000     
  -0.0000000000000000       -0.0000000000000000     
  -0.0000000000000000       -0.0000000000000000     
  -0.0000000000000000       -0.0000000000000000     
  -0.0000000000000000       -0.0000000000000000     
  -0.0000000000000000       -0.0000000000000000     
  -0.0000000000000000       -0.0000000000000000     
  -0.0000000000000000       -0.0000000000000000     
  -0.0000000000000000       -0.0000000000000000     
  -0.0000000000000000       -0.0000000000000000     
 comp:           3
   1.0000000000000000       -325.00000000000000       -325.00000000000000     
   1.0000000000000000       -325.00000000000000       -325.00000000000000     
   1.0000000000000000       -325.00000000000000       -325.00000000000000     
   1.0000000000000000       -325.00000000000000       -325.00000000000000     
   1.0000000000000000       -325.00000000000000       -325.00000000000000     
   1.0000000000000000       -325.00000000000000       -325.00000000000000     
   1.0000000000000000       -325.00000000000000       -325.00000000000000     
   1.0000000000000000       -325.00000000000000       -325.00000000000000     
   1.0000000000000000       -325.00000000000000       -325.00000000000000     
   1.0000000000000000       -325.00000000000000       -325.00000000000000     
 
 part:           3
 comp:           0
  0.99999996205368102        157.25263408124007        157.25264004839892     
  0.99999999620536839        157.25263945168308        157.25264004839892     
  0.99999999962053665        157.25263998872731        157.25264004839892     
  0.99999999996205369        157.25264004243175        157.25264004839892     
  0.99999999999620537        157.25264004780220        157.25264004839892     
  0.99999999999962064        157.25264004833926        157.25264004839892     
  0.99999999999996203        157.25264004839295        157.25264004839892     
  0.99999999999999623        157.25264004839832        157.25264004839892     
  0.99999999999999978        157.25264004839889        157.25264004839892     
   1.0000000000000000        157.25264004839892        157.25264004839892     
 comp:           1
  0.99999993620381344        72.400842255369383        72.400846874267316     
  0.99999999362038183        72.400846412377561        72.400846874267316     
  0.99999999936203787        72.400846828078315        72.400846874267316     
  0.99999999993620381        72.400846869648419        72.400846874267316     
  0.99999999999362055        72.400846873805435        72.400846874267316     
  0.99999999999936207        72.400846874221131        72.400846874267316     
  0.99999999999993616        72.400846874262697        72.400846874267316     
  0.99999999999999367        72.400846874266861        72.400846874267316     
  0.99999999999999944        72.400846874267273        72.400846874267316     
   1.0000000000000000        72.400846874267316        72.400846874267316     
 comp:           2
  0.99999996830829918        139.47035476892557        139.47035918897848     
  0.99999999683083018        139.47035874697323        139.47035918897848     
  0.99999999968308295        139.47035914477794        139.47035918897848     
  0.99999999996830824        139.47035918455842        139.47035918897848     
  0.99999999999683098        139.47035918853649        139.47035918897848     
  0.99999999999968314        139.47035918893428        139.47035918897848     
  0.99999999999996836        139.47035918897407        139.47035918897848     
  0.99999999999999689        139.47035918897805        139.47035918897848     
  0.99999999999999978        139.47035918897845        139.47035918897848     
   1.0000000000000000        139.47035918897848        139.47035918897848     
 comp:           3
   1.0000003627956753       -5.8761472778980712       -5.8761451460580254     
   1.0000000362795640       -5.8761453592420096       -5.8761451460580254     
   1.0000000036279582       -5.8761451673764338       -5.8761451460580254     
   1.0000000003627953       -5.8761451481898632       -5.8761451460580254     
   1.0000000000362788       -5.8761451462712051       -5.8761451460580254     
   1.0000000000036278       -5.8761451460793426       -5.8761451460580254     
   1.0000000000003628       -5.8761451460601570       -5.8761451460580254     
   1.0000000000000355       -5.8761451460582341       -5.8761451460580254     
   1.0000000000000029       -5.8761451460580423       -5.8761451460580254     
   1.0000000000000000       -5.8761451460580254       -5.8761451460580254     
 
 part:           4
 comp:           0
  0.99999996150040316        140.23778586132491        140.23779126042334     
  0.99999999615004065        140.23779072051354        140.23779126042334     
  0.99999999961500385        140.23779120643232        140.23779126042334     
  0.99999999996150035        140.23779125502423        140.23779126042334     
  0.99999999999615008        140.23779125988344        140.23779126042334     
  0.99999999999961497        140.23779126036933        140.23779126042334     
  0.99999999999996148        140.23779126041794        140.23779126042334     
  0.99999999999999611        140.23779126042280        140.23779126042334     
  0.99999999999999978        140.23779126042331        140.23779126042334     
   1.0000000000000000        140.23779126042334        140.23779126042334     
 comp:           1
  0.99999990189548638        41.987155340055835        41.987159459185690     
  0.99999999018954966        41.987159047272748        41.987159459185690     
  0.99999999901895453        41.987159417994377        41.987159459185690     
  0.99999999990189570        41.987159455066568        41.987159459185690     
  0.99999999999018963        41.987159458773782        41.987159459185690     
  0.99999999999901901        41.987159459144500        41.987159459185690     
  0.99999999999990186        41.987159459181569        41.987159459185690     
  0.99999999999999034        41.987159459185285        41.987159459185690     
  0.99999999999999911        41.987159459185655        41.987159459185690     
   1.0000000000000000        41.987159459185690        41.987159459185690     
 comp:           2
  0.99999996609763653        116.26917604072038        116.26917998252038     
  0.99999999660976402        116.26917958834042        116.26917998252038     
  0.99999999966097630        116.26917994310237        116.26917998252038     
  0.99999999996609767        116.26917997857859        116.26917998252038     
  0.99999999999660993        116.26917998212622        116.26917998252038     
  0.99999999999966094        116.26917998248096        116.26917998252038     
  0.99999999999996614        116.26917998251645        116.26917998252038     
  0.99999999999999667        116.26917998252000        116.26917998252038     
  0.99999999999999978        116.26917998252036        116.26917998252038     
   1.0000000000000000        116.26917998252038        116.26917998252038     
 comp:           3
  0.99999997129038876        66.220797885172146        66.220799786345566     
  0.99999999712903920        66.220799596228247        66.220799786345566     
  0.99999999971290388        66.220799767333830        66.220799786345566     
  0.99999999997129041        66.220799784444395        66.220799786345566     
  0.99999999999712907        66.220799786155453        66.220799786345566     
  0.99999999999971290        66.220799786326552        66.220799786345566     
  0.99999999999997125        66.220799786343662        66.220799786345566     
  0.99999999999999722        66.220799786345381        66.220799786345566     
  0.99999999999999978        66.220799786345552        66.220799786345566     
   1.0000000000000000        66.220799786345566        66.220799786345566     
 
 part:           5
 comp:           0
   1.0000000176144557        148.19903243568504        148.19902982523979     
   1.0000000017614452        148.19903008628427        148.19902982523979     
   1.0000000001761447        148.19902985134425        148.19902982523979     
   1.0000000000176146        148.19902982785024        148.19902982523979     
   1.0000000000017615        148.19902982550084        148.19902982523979     
   1.0000000000001761        148.19902982526588        148.19902982523979     
   1.0000000000000175        148.19902982524241        148.19902982523979     
   1.0000000000000018        148.19902982524005        148.19902982523979     
   1.0000000000000004        148.19902982523985        148.19902982523979     
   1.0000000000000000        148.19902982523979        148.19902982523979     
 comp:           1
  0.99999983024998451        25.643417107358779        25.643421460329968     
  0.99999998302500048        25.643421025032900        25.643421460329968     
  0.99999999830249919        25.643421416800241        25.643421460329968     
  0.99999999983025023        25.643421455977002        25.643421460329968     
  0.99999999998302536        25.643421459894679        25.643421460329968     
  0.99999999999830258        25.643421460286440        25.643421460329968     
  0.99999999999983025        25.643421460325616        25.643421460329968     
  0.99999999999998335        25.643421460329542        25.643421460329968     
  0.99999999999999867        25.643421460329932        25.643421460329968     
   1.0000000000000000        25.643421460329968        25.643421460329968     
 comp:           2
   1.0000000342179551       -121.73651277305507       -121.73650860748067     
   1.0000000034217951       -121.73650902403806       -121.73650860748067     
   1.0000000003421796       -121.73650864913643       -121.73650860748067     
   1.0000000000342180       -121.73650861164624       -121.73650860748067     
   1.0000000000034217       -121.73650860789722       -121.73650860748067     
   1.0000000000003422       -121.73650860752232       -121.73650860748067     
   1.0000000000000342       -121.73650860748484       -121.73650860748067     
   1.0000000000000033       -121.73650860748108       -121.73650860748067     
   1.0000000000000002       -121.73650860748070       -121.73650860748067     
   1.0000000000000000       -121.73650860748067       -121.73650860748067     
 comp:           3
  0.99999953129300778        4.2864761070708175        4.2864781161730825     
  0.99999995312930645        4.2864779152628802        4.2864781161730825     
  0.99999999531292827        4.2864780960820523        4.2864781161730825     
  0.99999999953129348        4.2864781141639821        4.2864781161730825     
  0.99999999995313005        4.2864781159721757        4.2864781161730825     
  0.99999999999531319        4.2864781161529928        4.2864781161730825     
  0.99999999999953126        4.2864781161710734        4.2864781161730825     
  0.99999999999995404        4.2864781161728853        4.2864781161730825     
  0.99999999999999623        4.2864781161730665        4.2864781161730825     
   1.0000000000000000        4.2864781161730825        4.2864781161730825     
 
 part:           6
 comp:           0
   1.0000000428554692        204.31026906121383        204.31026030540178     
   1.0000000042855468        204.31026118098296        204.31026030540178     
   1.0000000004285545        204.31026039295989        204.31026030540178     
   1.0000000000428555        204.31026031415760        204.31026030540178     
   1.0000000000042857        204.31026030627737        204.31026030540178     
   1.0000000000004285        204.31026030548935        204.31026030540178     
   1.0000000000000431        204.31026030541057        204.31026030540178     
   1.0000000000000044        204.31026030540269        204.31026030540178     
   1.0000000000000004        204.31026030540187        204.31026030540178     
   1.0000000000000000        204.31026030540178        204.31026030540178     
 comp:           1
  0.99999967017966040       -140.03119068735293       -140.03123687250303     
  0.99999988367626058       -140.03122058354592       -140.03123687250303     
  0.99999996220240484       -140.03123157965902       -140.03123687250303     
  0.99999998795197187       -140.03123518540275       -140.03123687250303     
  0.99999999618073099       -140.03123633768607       -140.03123687250303     
  0.99999999879131041       -140.03123670324874       -140.03123687250303     
  0.99999999961768604       -140.03123681896713       -140.03123687250303     
  0.99999999987909260       -140.03123685557222       -140.03123687250303     
  0.99999999996176470       -140.03123686714889       -140.03123687250303     
  0.99999999998790889       -140.03123687080989       -140.03123687250303     
 comp:           2
   1.0000000552574639       -134.00285526661719       -134.00284786195965     
   1.0000000082992517       -134.00284897408301       -134.00284786195965     
   1.0000000017006705       -134.00284808985435       -134.00284786195965     
   1.0000000004452245       -134.00284792162100       -134.00284786195965     
   1.0000000001315286       -134.00284787958486       -134.00284786195965     
   1.0000000000406666       -134.00284786740909       -134.00284786195965     
   1.0000000000127673       -134.00284786367052       -134.00284786195965     
   1.0000000000040281       -134.00284786249944       -134.00284786195965     
   1.0000000000012728       -134.00284786213021       -134.00284786195965     
   1.0000000000004023       -134.00284786201357       -134.00284786195965     
 comp:           3
   1.0000017389787832       -64.631157029267456       -64.631044637252103     
   1.0000005532031251       -64.631080391347979       -64.631044637252103     
   1.0000001744036180       -64.631055909140116       -64.631044637252103     
   1.0000000550709536       -64.631048196545365       -64.631044637252103     
   1.0000000174060690       -64.631045762224531       -64.631044637252103     
   1.0000000055033740       -64.631044992940915       -64.631044637252103     
   1.0000000017402288       -64.631044749724907       -64.631044637252103     
   1.0000000005502996       -64.631044672818533       -64.631044637252103     
   1.0000000001740188       -64.631044648499113       -64.631044637252103     
   1.0000000000550295       -64.631044640808724       -64.631044637252103     
 
 part:           7
 comp:           0
   1.0000000000000000        2.7856053607587772E-004   2.7856053607587772E-004
   1.0000000000000000        2.7856053607587772E-004   2.7856053607587772E-004
   1.0000000000000000        2.7856053607587772E-004   2.7856053607587772E-004
   1.0000000000000000        2.7856053607587772E-004   2.7856053607587772E-004
   1.0000000000000000        2.7856053607587772E-004   2.7856053607587772E-004
   1.0000000000000000        2.7856053607587772E-004   2.7856053607587772E-004
   1.0000000000000000        2.7856053607587772E-004   2.7856053607587772E-004
   1.0000000000000000        2.7856053607587772E-004   2.7856053607587772E-004
   1.0000000000000000        2.7856053607587772E-004   2.7856053607587772E-004
   1.0000000000000000        2.7856053607587772E-004   2.7856053607587772E-004
 comp:           1
   1.1733392482893326       -2.2401543113427587E-004  -1.9092127998008988E-004
   1.0784609098129221       -2.0590113730997535E-004  -1.9092127998008988E-004
   1.0270369757158739       -1.9608321399055515E-004  -1.9092127998008988E-004
   1.0087680603438098       -1.9259528928387273E-004  -1.9092127998008988E-004
   1.0027943866635001       -1.9145478785864462E-004  -1.9092127998008988E-004
   1.0008858278509198       -1.9109040336722950E-004  -1.9092127998008988E-004
   1.0002803398407187       -1.9097480282130933E-004  -1.9092127998008988E-004
   1.0000886728662921       -1.9093820951722188E-004  -1.9092127998008988E-004
   1.0000280429836739       -1.9092663398242736E-004  -1.9092127998008988E-004
   1.0000088681892605       -1.9092297310613460E-004  -1.9092127998008988E-004
 comp:           2
  0.89090388491727990       -1.6276997372468874E-004  -1.8270205852767370E-004
  0.98705616139599550       -1.8033719256947212E-004  -1.8270205852767370E-004
  0.99806696789439364       -1.8234888958277933E-004  -1.8270205852767370E-004
  0.99960488262117064       -1.8262986976920153E-004  -1.8270205852767370E-004
  0.99989667364031654       -1.8268318058905936E-004  -1.8270205852767370E-004
  0.99996948750051651       -1.8269648383120724E-004  -1.8270205852767370E-004
  0.99999056731883129       -1.8270033515740673E-004  -1.8270205852767370E-004
  0.99999703874695700       -1.8270151750064692E-004  -1.8270205852767370E-004
  0.99999906573187092       -1.8270188783496330E-004  -1.8270205852767370E-004
  0.99999970477460554       -1.8270200458938641E-004  -1.8270205852767370E-004
 comp:           3
 -0.34402172911715562        3.0314922501451525E-005  -8.8119208572223255E-005
  0.58739634643245142       -5.1760901165843099E-005  -8.8119208572223255E-005
  0.87139796911750722       -7.6786899390077380E-005  -8.8119208572223255E-005
  0.95953963462766645       -8.4553873197070235E-005  -8.8119208572223255E-005
  0.98722665954673094       -8.6993631920657618E-005  -8.8119208572223255E-005
  0.99596286398009015       -8.7763459341250386E-005  -8.8119208572223255E-005
  0.99872356057700584       -8.8006729740478627E-005  -8.8119208572223255E-005
  0.99959637602634233       -8.8083641547103761E-005  -8.8119208572223255E-005
  0.99987236505937649       -8.8107961482269346E-005  -8.8119208572223255E-005
  0.99995963849064506       -8.8115651947962120E-005  -8.8119208572223255E-005
 
 part: i_fks+j_fks
 comp:           0
   1.0000000428554108        204.31054762174992        204.31053886593787     
   1.0000000042855410        204.31053974151905        204.31053886593787     
   1.0000000004285541        204.31053895349598        204.31053886593787     
   1.0000000000428555        204.31053887469369        204.31053886593787     
   1.0000000000042857        204.31053886681346        204.31053886593787     
   1.0000000000004285        204.31053886602544        204.31053886593787     
   1.0000000000000431        204.31053886594665        204.31053886593787     
   1.0000000000000044        204.31053886593878        204.31053886593787     
   1.0000000000000004        204.31053886593796        204.31053886593787     
   1.0000000000000000        204.31053886593787        204.31053886593787     
 comp:           1
  0.99999990651385107       -140.03141470278408       -140.03142779378300     
  0.99999999065138601       -140.03142648468324       -140.03142779378300     
  0.99999999906513848       -140.03142766287300       -140.03142779378300     
  0.99999999990651423       -140.03142778069204       -140.03142779378300     
  0.99999999999065159       -140.03142779247392       -140.03142779378300     
  0.99999999999906530       -140.03142779365211       -140.03142779378300     
  0.99999999999990685       -140.03142779376995       -140.03142779378300     
  0.99999999999999112       -140.03142779378175       -140.03142779378300     
  0.99999999999999922       -140.03142779378288       -140.03142779378300     
   1.0000000000000000       -140.03142779378300       -140.03142779378300     
 comp:           2
  0.99999990651385096       -134.00301803659090       -134.00303056401819     
  0.99999999065138601       -134.00302931127558       -134.00303056401819     
  0.99999999906513859       -134.00303043874393       -134.00303056401819     
  0.99999999990651378       -134.00303055149075       -134.00303056401819     
  0.99999999999065137       -134.00303056276545       -134.00303056401819     
  0.99999999999906508       -134.00303056389291       -134.00303056401819     
  0.99999999999990663       -134.00303056400568       -134.00303056401819     
  0.99999999999999067       -134.00303056401694       -134.00303056401819     
  0.99999999999999889       -134.00303056401805       -134.00303056401819     
  0.99999999999999978       -134.00303056401816       -134.00303056401819     
 comp:           3
  0.99999990651385084       -64.631126714344958       -64.631132756460673     
  0.99999999065138589       -64.631132152249151       -64.631132756460673     
  0.99999999906513826       -64.631132696039501       -64.631132756460673     
  0.99999999990651389       -64.631132750418558       -64.631132756460673     
  0.99999999999065126       -64.631132755856456       -64.631132756460673     
  0.99999999999906530       -64.631132756400262       -64.631132756460673     
  0.99999999999990674       -64.631132756454647       -64.631132756460673     
  0.99999999999999079       -64.631132756460076       -64.631132756460673     
  0.99999999999999889       -64.631132756460602       -64.631132756460673     
   1.0000000000000000       -64.631132756460673       -64.631132756460673     
     
 Collinear #          81
 
 part:           1
 comp:           0
   1.0000000000000000        325.00000000000000        325.00000000000000     
   1.0000000000000000        325.00000000000000        325.00000000000000     
   1.0000000000000000        325.00000000000000        325.00000000000000     
   1.0000000000000000        325.00000000000000        325.00000000000000     
   1.0000000000000000        325.00000000000000        325.00000000000000     
   1.0000000000000000        325.00000000000000        325.00000000000000     
   1.0000000000000000        325.00000000000000        325.00000000000000     
   1.0000000000000000        325.00000000000000        325.00000000000000     
   1.0000000000000000        325.00000000000000        325.00000000000000     
   1.0000000000000000        325.00000000000000        325.00000000000000     
 comp:           1
   0.0000000000000000        0.0000000000000000     
   0.0000000000000000        0.0000000000000000     
   0.0000000000000000        0.0000000000000000     
   0.0000000000000000        0.0000000000000000     
   0.0000000000000000        0.0000000000000000     
   0.0000000000000000        0.0000000000000000     
   0.0000000000000000        0.0000000000000000     
   0.0000000000000000        0.0000000000000000     
   0.0000000000000000        0.0000000000000000     
   0.0000000000000000        0.0000000000000000     
 comp:           2
   0.0000000000000000        0.0000000000000000     
   0.0000000000000000        0.0000000000000000     
   0.0000000000000000        0.0000000000000000     
   0.0000000000000000        0.0000000000000000     
   0.0000000000000000        0.0000000000000000     
   0.0000000000000000        0.0000000000000000     
   0.0000000000000000        0.0000000000000000     
   0.0000000000000000        0.0000000000000000     
   0.0000000000000000        0.0000000000000000     
   0.0000000000000000        0.0000000000000000     
 comp:           3
   1.0000000000000000        325.00000000000000        325.00000000000000     
   1.0000000000000000        325.00000000000000        325.00000000000000     
   1.0000000000000000        325.00000000000000        325.00000000000000     
   1.0000000000000000        325.00000000000000        325.00000000000000     
   1.0000000000000000        325.00000000000000        325.00000000000000     
   1.0000000000000000        325.00000000000000        325.00000000000000     
   1.0000000000000000        325.00000000000000        325.00000000000000     
   1.0000000000000000        325.00000000000000        325.00000000000000     
   1.0000000000000000        325.00000000000000        325.00000000000000     
   1.0000000000000000        325.00000000000000        325.00000000000000     
 
 part:           2
 comp:           0
   1.0000000000000000        325.00000000000000        325.00000000000000     
   1.0000000000000000        325.00000000000000        325.00000000000000     
   1.0000000000000000        325.00000000000000        325.00000000000000     
   1.0000000000000000        325.00000000000000        325.00000000000000     
   1.0000000000000000        325.00000000000000        325.00000000000000     
   1.0000000000000000        325.00000000000000        325.00000000000000     
   1.0000000000000000        325.00000000000000        325.00000000000000     
   1.0000000000000000        325.00000000000000        325.00000000000000     
   1.0000000000000000        325.00000000000000        325.00000000000000     
   1.0000000000000000        325.00000000000000        325.00000000000000     
 comp:           1
  -0.0000000000000000       -0.0000000000000000     
  -0.0000000000000000       -0.0000000000000000     
  -0.0000000000000000       -0.0000000000000000     
  -0.0000000000000000       -0.0000000000000000     
  -0.0000000000000000       -0.0000000000000000     
  -0.0000000000000000       -0.0000000000000000     
  -0.0000000000000000       -0.0000000000000000     
  -0.0000000000000000       -0.0000000000000000     
  -0.0000000000000000       -0.0000000000000000     
  -0.0000000000000000       -0.0000000000000000     
 comp:           2
  -0.0000000000000000       -0.0000000000000000     
  -0.0000000000000000       -0.0000000000000000     
  -0.0000000000000000       -0.0000000000000000     
  -0.0000000000000000       -0.0000000000000000     
  -0.0000000000000000       -0.0000000000000000     
  -0.0000000000000000       -0.0000000000000000     
  -0.0000000000000000       -0.0000000000000000     
  -0.0000000000000000       -0.0000000000000000     
  -0.0000000000000000       -0.0000000000000000     
  -0.0000000000000000       -0.0000000000000000     
 comp:           3
   1.0000000000000000       -325.00000000000000       -325.00000000000000     
   1.0000000000000000       -325.00000000000000       -325.00000000000000     
   1.0000000000000000       -325.00000000000000       -325.00000000000000     
   1.0000000000000000       -325.00000000000000       -325.00000000000000     
   1.0000000000000000       -325.00000000000000       -325.00000000000000     
   1.0000000000000000       -325.00000000000000       -325.00000000000000     
   1.0000000000000000       -325.00000000000000       -325.00000000000000     
   1.0000000000000000       -325.00000000000000       -325.00000000000000     
   1.0000000000000000       -325.00000000000000       -325.00000000000000     
   1.0000000000000000       -325.00000000000000       -325.00000000000000     
 
 part:           3
 comp:           0
  0.99999807915705441        244.86431688222581        244.86478722902498     
  0.99999980791613718        244.86474019445077        244.86478722902498     
  0.99999998079161800        244.86478252556861        244.86478722902498     
  0.99999999807916196        244.86478675867937        244.86478722902498     
  0.99999999980791621        244.86478718199044        244.86478722902498     
  0.99999999998079170        244.86478722432156        244.86478722902498     
  0.99999999999807909        244.86478722855463        244.86478722902498     
  0.99999999999980804        244.86478722897797        244.86478722902498     
  0.99999999999998068        244.86478722902027        244.86478722902498     
  0.99999999999999800        244.86478722902450        244.86478722902498     
 comp:           1
  0.99999845171253854        192.90876490321457        192.90906358189892     
  0.99999984517161888        192.90903371410090        192.90906358189892     
  0.99999998451716554        192.90906059511983        192.90906358189892     
  0.99999999845171661        192.90906328322103        192.90906358189892     
  0.99999999984517174        192.90906355203114        192.90906358189892     
  0.99999999998451727        192.90906357891217        192.90906358189892     
  0.99999999999845168        192.90906358160024        192.90906358189892     
  0.99999999999984535        192.90906358186908        192.90906358189892     
  0.99999999999998457        192.90906358189594        192.90906358189892     
  0.99999999999999833        192.90906358189861        192.90906358189892     
 comp:           2
  0.99999787000690477       -134.67271587151845       -134.67300272408437     
  0.99999978700119263       -134.67297403889540       -134.67300272408437     
  0.99999997870012414       -134.67299985556613       -134.67300272408437     
  0.99999999787001248       -134.67300243723255       -134.67300272408437     
  0.99999999978700127       -134.67300269539919       -134.67300272408437     
  0.99999999997870037       -134.67300272121588       -134.67300272408437     
  0.99999999999786993       -134.67300272379751       -134.67300272408437     
  0.99999999999978706       -134.67300272405569       -134.67300272408437     
  0.99999999999997868       -134.67300272408150       -134.67300272408437     
  0.99999999999999789       -134.67300272408409       -134.67300272408437     
 comp:           3
  0.99999589364175634       -67.882263556135399       -67.882542306172596     
  0.99999958936514377       -67.882514431234597       -67.882542306172596     
  0.99999995893652383       -67.882539518679437       -67.882542306172596     
  0.99999999589365263       -67.882542027423298       -67.882542306172596     
  0.99999999958936547       -67.882542278297677       -67.882542306172596     
  0.99999999995893685       -67.882542303385122       -67.882542306172596     
  0.99999999999589373       -67.882542305893850       -67.882542306172596     
  0.99999999999958944       -67.882542306144728       -67.882542306172596     
  0.99999999999995892       -67.882542306169810       -67.882542306172596     
  0.99999999999999578       -67.882542306172311       -67.882542306172596     
 
 part:           4
 comp:           0
  0.99999826310698292        40.398980574793249        40.399050743622382     
  0.99999982631107065        40.399043726754513        40.399050743622382     
  0.99999998263111078        40.399050041935745        40.399050743622382     
  0.99999999826311115        40.399050673453722        40.399050743622382     
  0.99999999982631116        40.399050736605517        40.399050743622382     
  0.99999999998263123        40.399050742920700        40.399050743622382     
  0.99999999999826317        40.399050743552216        40.399050743622382     
  0.99999999999982636        40.399050743615369        40.399050743622382     
  0.99999999999998257        40.399050743621679        40.399050743622382     
  0.99999999999999822        40.399050743622311        40.399050743622382     
 comp:           1
  0.99999712036202892        17.112361734496840        17.112411012045367     
  0.99999971203690552        17.112406084302538        17.112411012045367     
  0.99999997120369755        17.112410519271204        17.112411012045367     
  0.99999999712036991        17.112410962767953        17.112411012045367     
  0.99999999971203712        17.112411007117629        17.112411012045367     
  0.99999999997120381        17.112411011552595        17.112411012045367     
  0.99999999999712041        17.112411011996091        17.112411012045367     
  0.99999999999971223        17.112411012040443        17.112411012045367     
  0.99999999999997136        17.112411012044877        17.112411012045367     
  0.99999999999999711        17.112411012045317        17.112411012045367     
 comp:           2
  0.99999344165995552       -7.2161711440346847       -7.2162184704492489     
  0.99999934416759595       -7.2162137378193414       -7.2162184704492489     
  0.99999993441677537       -7.2162179971863720       -7.2162184704492489     
  0.99999999344167789       -7.2162184231229638       -7.2162184704492489     
  0.99999999934416806       -7.2162184657166222       -7.2162184704492489     
  0.99999999993441724       -7.2162184699759893       -7.2162184704492489     
  0.99999999999344169       -7.2162184704019223       -7.2162184704492489     
  0.99999999999934452       -7.2162184704445185       -7.2162184704492489     
  0.99999999999993461       -7.2162184704487773       -7.2162184704492489     
  0.99999999999999334       -7.2162184704492010       -7.2162184704492489     
 comp:           3
  0.99999871813874597       -35.877173542104032       -35.877219531721650     
  0.99999987181418737       -35.877214932771111       -35.877219531721650     
  0.99999998718142191       -35.877219071826708       -35.877219531721650     
  0.99999999871814216       -35.877219485732155       -35.877219531721650     
  0.99999999987181432       -35.877219527122705       -35.877219531721650     
  0.99999999998718148       -35.877219531261758       -35.877219531721650     
  0.99999999999871825       -35.877219531675664       -35.877219531721650     
  0.99999999999987188       -35.877219531717053       -35.877219531721650     
  0.99999999999998712       -35.877219531721188       -35.877219531721650     
  0.99999999999999867       -35.877219531721600       -35.877219531721650     
 
 part:           5
 comp:           0
   1.0000001215819294        105.91913546877140        105.91912259092013     
   1.0000000121579666        105.91912387868128        105.91912259092013     
   1.0000000012157944        105.91912271969601        105.91912259092013     
   1.0000000001215794        105.91912260379770        105.91912259092013     
   1.0000000000121581        105.91912259220788        105.91912259092013     
   1.0000000000012159        105.91912259104890        105.91912259092013     
   1.0000000000001215        105.91912259093300        105.91912259092013     
   1.0000000000000122        105.91912259092142        105.91912259092013     
   1.0000000000000011        105.91912259092024        105.91912259092013     
   1.0000000000000002        105.91912259092014        105.91912259092013     
 comp:           1
   1.0000023419834245       -55.165798887276807       -55.165669690192786     
   1.0000002341975751       -55.165682609858855       -55.165669690192786     
   1.0000000234197499       -55.165670982158971       -55.165669690192786     
   1.0000000023419748       -55.165669819389393       -55.165669690192786     
   1.0000000002341973       -55.165669703112442       -55.165669690192786     
   1.0000000000234197       -55.165669691484744       -55.165669690192786     
   1.0000000000023419       -55.165669690321984       -55.165669690192786     
   1.0000000000002340       -55.165669690205696       -55.165669690192786     
   1.0000000000000233       -55.165669690194072       -55.165669690192786     
   1.0000000000000022       -55.165669690192914       -55.165669690192786     
 comp:           2
  0.99998184642084054       -6.8349772562954723       -6.8351013378486716     
  0.99999818464803225       -6.8350889297340078       -6.8351013378486716     
  0.99999981846486219       -6.8351000970376079       -6.8351013378486716     
  0.99999998184648742       -6.8351012137675733       -6.8351013378486716     
  0.99999999818464946       -6.8351013254405668       -6.8351013378486716     
  0.99999999981846632       -6.8351013366078703       -6.8351013378486716     
  0.99999999998184652       -6.8351013377245904       -6.8351013378486716     
  0.99999999999818556       -6.8351013378362699       -6.8351013378486716     
  0.99999999999981903       -6.8351013378474343       -6.8351013378486716     
  0.99999999999998157       -6.8351013378485455       -6.8351013378486716     
 comp:           3
  0.99999704205297135       -40.763525646291455       -40.763646222997679     
  0.99999970420626627       -40.763634165366561       -40.763646222997679     
  0.99999997042063615       -40.763645017234957       -40.763646222997679     
  0.99999999704206377       -40.763646102421411       -40.763646222997679     
  0.99999999970420661       -40.763646210940060       -40.763646222997679     
  0.99999999997042077       -40.763646221791923       -40.763646222997679     
  0.99999999999704203       -40.763646222877099       -40.763646222997679     
  0.99999999999970435       -40.763646222985628       -40.763646222997679     
  0.99999999999997058       -40.763646222996478       -40.763646222997679     
  0.99999999999999700       -40.763646222997558       -40.763646222997679     
 
 part:           6
 comp:           0
   1.0000020387560091        258.80431518716750        258.80378754939045     
   1.0000002038752269        258.80384031307136        258.80378754939045     
   1.0000000203875190        258.80379282575757        258.80378754939045     
   1.0000000020387518        258.80378807702715        258.80378754939045     
   1.0000000002038751        258.80378760215410        258.80378754939045     
   1.0000000000203875        258.80378755466683        258.80378754939045     
   1.0000000000020386        258.80378754991807        258.80378754939045     
   1.0000000000002041        258.80378754944326        258.80378754939045     
   1.0000000000000204        258.80378754939574        258.80378754939045     
   1.0000000000000022        258.80378754939102        258.80378754939045     
 comp:           1
  0.99999740095305345       -154.84747355763037       -154.84787601452970     
  0.99999870300115579       -154.84767517701349       -154.84787601452970     
  0.99999954470328511       -154.84780551280045       -154.84787601452970     
  0.99999985158090487       -154.84785303214807       -154.84787601452970     
  0.99999995262391339       -154.84786867844332       -154.84787601452970     
  0.99999998497427423       -154.84787368782798       -154.84787601452970     
  0.99999999524403294       -154.84787527807831       -154.84787601452970     
  0.99999999849559051       -154.84787578157508       -154.84787601452970     
  0.99999999952421970       -154.84787594085614       -154.84787601452970     
  0.99999999984954069       -154.84787599123140       -154.84787601452970     
 comp:           2
   1.0000313641471410        148.72137195852716        148.71670758582812     
   1.0000096944834196        148.71814931748403        148.71670758582812     
   1.0000030283645673        148.71715795423594        148.71670758582812     
   1.0000009534592373        148.71684938114672        148.71670758582812     
   1.0000003010762699        148.71675236089970        148.71670758582812     
   1.0000000951646855        148.71672173840682        148.71670758582812     
   1.0000000300893559        148.71671206061805        148.71670758582812     
   1.0000000095146495        148.71670900081546        148.71670758582812     
   1.0000000030087521        148.71670803327984        148.71670758582812     
   1.0000000009514469        148.71670772732418        148.71670758582812     
 comp:           3
  0.99997630761292144        144.51258427933226        144.51600820853778     
  0.99999187657978494        144.51483424427531        144.51600820853778     
  0.99999738112431946        144.51562973907843        144.51600820853778     
  0.99999916724319560        144.51588786184860        144.51600820853778     
  0.99999973621246352        144.51597008701600        144.51600820853778     
  0.99999991653890274        144.51599614707317        144.51600820853778     
  0.99999997360283399        144.51600439372473        144.51600820853778     
  0.99999999165204256        144.51600700212430        144.51600820853778     
  0.99999999736009992        144.51600782702997        144.51600820853778     
  0.99999999916518578        144.51600808789377        144.51600820853778     
 
 part:           7
 comp:           0
   1.0000000000000000        1.3251887042103266E-002   1.3251887042103266E-002
   1.0000000000000000        1.3251887042103266E-002   1.3251887042103266E-002
   1.0000000000000000        1.3251887042103266E-002   1.3251887042103266E-002
   1.0000000000000000        1.3251887042103266E-002   1.3251887042103266E-002
   1.0000000000000000        1.3251887042103266E-002   1.3251887042103266E-002
   1.0000000000000000        1.3251887042103266E-002   1.3251887042103266E-002
   1.0000000000000000        1.3251887042103266E-002   1.3251887042103266E-002
   1.0000000000000000        1.3251887042103266E-002   1.3251887042103266E-002
   1.0000000000000000        1.3251887042103266E-002   1.3251887042103266E-002
   1.0000000000000000        1.3251887042103266E-002   1.3251887042103266E-002
 comp:           1
  0.99057920782122166       -7.8541928042052331E-003  -7.9288892217721039E-003
   1.0193119496277374       -8.0820115310268770E-003  -7.9288892217721039E-003
   1.0082899644567691       -7.9946194316022536E-003  -7.9288892217721039E-003
   1.0028383836745549       -7.9513944514965369E-003  -7.9288892217721039E-003
   1.0009192171797323       -7.9361775929609520E-003  -7.9288892217721039E-003
   1.0002928443225594       -7.9312111519649012E-003  -7.9288892217721039E-003
   1.0000928218576186       -7.9296251959985204E-003  -7.9288892217721039E-003
   1.0000293744700501       -7.9291221286910789E-003  -7.9288892217721039E-003
   1.0000092911851237       -7.9289628905496890E-003  -7.9288892217721039E-003
   1.0000029383474105       -7.9289125196032161E-003  -7.9288892217721039E-003
 comp:           2
  0.32729229334533316        2.4923133214107768E-003   7.6149465541526917E-003
  0.80465291793078753        6.1273889646859588E-003   7.6149465541526917E-003
  0.94025552290615755        7.1599955541772819E-003   7.6149465541526917E-003
  0.98131916268051622        7.4726929763780014E-003   7.6149465541526917E-003
  0.99411408902066212        7.5701256566225329E-003   7.6149465541526917E-003
  0.99814087188095302        7.6007893928888267E-003   7.6149465541526917E-003
  0.99941230734377151        7.6104713059852438E-003   7.6149465541526917E-003
  0.99981417687962071        7.6135315210224775E-003   7.6149465541526917E-003
  0.99994123973166127        7.6144990978497850E-003   7.6149465541526917E-003
  0.99998141858472367        7.6148050576684617E-003   7.6149465541526917E-003
 comp:           3
   1.4025232804579471        1.0378465198619378E-002   7.3998523541303624E-003
   1.1526290915999573        8.5292850969150846E-003   7.3998523541303624E-003
   1.0505437528555193        7.7738686626848590E-003   7.3998523541303624E-003
   1.0162032116890789        7.5197537282922647E-003   7.3998523541303624E-003
   1.0051456418950120        7.4379293444206789E-003   7.3998523541303624E-003
   1.0016293583897755        7.4119093656466652E-003   7.3998523541303624E-003
   1.0005154653836770        7.4036667218632364E-003   7.3998523541303624E-003
   1.0001630260918271        7.4010587231397541E-003   7.3998523541303624E-003
   1.0000515555390201        7.4002338575071495E-003   7.3998523541303624E-003
   1.0000163035118512        7.3999729977109151E-003   7.3998523541303624E-003
 
 part: i_fks+j_fks
 comp:           0
   1.0000020386516213        258.81756707420959        258.81703943643254     
   1.0000002038647882        258.81709220011345        258.81703943643254     
   1.0000000203864750        258.81704471279966        258.81703943643254     
   1.0000000020386475        258.81703996406924        258.81703943643254     
   1.0000000002038647        258.81703948919619        258.81703943643254     
   1.0000000000203866        258.81703944170891        258.81703943643254     
   1.0000000000020386        258.81703943696016        258.81703943643254     
   1.0000000000002041        258.81703943648535        258.81703943643254     
   1.0000000000000204        258.81703943643782        258.81703943643254     
   1.0000000000000022        258.81703943643311        258.81703943643254     
 comp:           1
  0.99999691872502172       -154.85532775043458       -154.85580490375148     
  0.99999969187330762       -154.85575718854452       -154.85580490375148     
  0.99999996918733891       -154.85580013223205       -154.85580490375148     
  0.99999999691873420       -154.85580442659958       -154.85580490375148     
  0.99999999969187336       -154.85580485603629       -154.85580490375148     
  0.99999999996918731       -154.85580489897995       -154.85580490375148     
  0.99999999999691858       -154.85580490327430       -154.85580490375148     
  0.99999999999969202       -154.85580490370378       -154.85580490375148     
  0.99999999999996914       -154.85580490374670       -154.85580490375148     
  0.99999999999999711       -154.85580490375102       -154.85580490375148     
 comp:           2
  0.99999691872502150        148.72386427184856        148.72432253238227     
  0.99999969187330784        148.72427670644873        148.72432253238227     
  0.99999996918733891        148.72431794979013        148.72432253238227     
  0.99999999691873398        148.72432207412308        148.72432253238227     
  0.99999999969187325        148.72432248655633        148.72432253238227     
  0.99999999996918743        148.72432252779970        148.72432253238227     
  0.99999999999691880        148.72432253192403        148.72432253238227     
  0.99999999999969214        148.72432253233649        148.72432253238227     
  0.99999999999996925        148.72432253237770        148.72432253238227     
  0.99999999999999711        148.72432253238185        148.72432253238227     
 comp:           3
  0.99999691872502172        144.52296274453087        144.52340806089191     
  0.99999969187330773        144.52336352937223        144.52340806089191     
  0.99999996918733902        144.52340360774113        144.52340806089191     
  0.99999999691873442        144.52340761557690        144.52340806089191     
  0.99999999969187359        144.52340801636043        144.52340806089191     
  0.99999999996918776        144.52340805643883        144.52340806089191     
  0.99999999999691880        144.52340806044660        144.52340806089191     
  0.99999999999969225        144.52340806084743        144.52340806089191     
  0.99999999999996936        144.52340806088748        144.52340806089191     
  0.99999999999999700        144.52340806089148        144.52340806089191     
     
 Collinear #          47
 
 part:           1
 comp:           0
   1.0000000000000000        325.00000000000000        325.00000000000000     
   1.0000000000000000        325.00000000000000        325.00000000000000     
   1.0000000000000000        325.00000000000000        325.00000000000000     
   1.0000000000000000        325.00000000000000        325.00000000000000     
   1.0000000000000000        325.00000000000000        325.00000000000000     
   1.0000000000000000        325.00000000000000        325.00000000000000     
   1.0000000000000000        325.00000000000000        325.00000000000000     
   1.0000000000000000        325.00000000000000        325.00000000000000     
   1.0000000000000000        325.00000000000000        325.00000000000000     
   1.0000000000000000        325.00000000000000        325.00000000000000     
 comp:           1
   0.0000000000000000        0.0000000000000000     
   0.0000000000000000        0.0000000000000000     
   0.0000000000000000        0.0000000000000000     
   0.0000000000000000        0.0000000000000000     
   0.0000000000000000        0.0000000000000000     
   0.0000000000000000        0.0000000000000000     
   0.0000000000000000        0.0000000000000000     
   0.0000000000000000        0.0000000000000000     
   0.0000000000000000        0.0000000000000000     
   0.0000000000000000        0.0000000000000000     
 comp:           2
   0.0000000000000000        0.0000000000000000     
   0.0000000000000000        0.0000000000000000     
   0.0000000000000000        0.0000000000000000     
   0.0000000000000000        0.0000000000000000     
   0.0000000000000000        0.0000000000000000     
   0.0000000000000000        0.0000000000000000     
   0.0000000000000000        0.0000000000000000     
   0.0000000000000000        0.0000000000000000     
   0.0000000000000000        0.0000000000000000     
   0.0000000000000000        0.0000000000000000     
 comp:           3
   1.0000000000000000        325.00000000000000        325.00000000000000     
   1.0000000000000000        325.00000000000000        325.00000000000000     
   1.0000000000000000        325.00000000000000        325.00000000000000     
   1.0000000000000000        325.00000000000000        325.00000000000000     
   1.0000000000000000        325.00000000000000        325.00000000000000     
   1.0000000000000000        325.00000000000000        325.00000000000000     
   1.0000000000000000        325.00000000000000        325.00000000000000     
   1.0000000000000000        325.00000000000000        325.00000000000000     
   1.0000000000000000        325.00000000000000        325.00000000000000     
   1.0000000000000000        325.00000000000000        325.00000000000000     
 
 part:           2
 comp:           0
   1.0000000000000000        325.00000000000000        325.00000000000000     
   1.0000000000000000        325.00000000000000        325.00000000000000     
   1.0000000000000000        325.00000000000000        325.00000000000000     
   1.0000000000000000        325.00000000000000        325.00000000000000     
   1.0000000000000000        325.00000000000000        325.00000000000000     
   1.0000000000000000        325.00000000000000        325.00000000000000     
   1.0000000000000000        325.00000000000000        325.00000000000000     
   1.0000000000000000        325.00000000000000        325.00000000000000     
   1.0000000000000000        325.00000000000000        325.00000000000000     
   1.0000000000000000        325.00000000000000        325.00000000000000     
 comp:           1
  -0.0000000000000000       -0.0000000000000000     
  -0.0000000000000000       -0.0000000000000000     
  -0.0000000000000000       -0.0000000000000000     
  -0.0000000000000000       -0.0000000000000000     
  -0.0000000000000000       -0.0000000000000000     
  -0.0000000000000000       -0.0000000000000000     
  -0.0000000000000000       -0.0000000000000000     
  -0.0000000000000000       -0.0000000000000000     
  -0.0000000000000000       -0.0000000000000000     
  -0.0000000000000000       -0.0000000000000000     
 comp:           2
  -0.0000000000000000       -0.0000000000000000     
  -0.0000000000000000       -0.0000000000000000     
  -0.0000000000000000       -0.0000000000000000     
  -0.0000000000000000       -0.0000000000000000     
  -0.0000000000000000       -0.0000000000000000     
  -0.0000000000000000       -0.0000000000000000     
  -0.0000000000000000       -0.0000000000000000     
  -0.0000000000000000       -0.0000000000000000     
  -0.0000000000000000       -0.0000000000000000     
  -0.0000000000000000       -0.0000000000000000     
 comp:           3
   1.0000000000000000       -325.00000000000000       -325.00000000000000     
   1.0000000000000000       -325.00000000000000       -325.00000000000000     
   1.0000000000000000       -325.00000000000000       -325.00000000000000     
   1.0000000000000000       -325.00000000000000       -325.00000000000000     
   1.0000000000000000       -325.00000000000000       -325.00000000000000     
   1.0000000000000000       -325.00000000000000       -325.00000000000000     
   1.0000000000000000       -325.00000000000000       -325.00000000000000     
   1.0000000000000000       -325.00000000000000       -325.00000000000000     
   1.0000000000000000       -325.00000000000000       -325.00000000000000     
   1.0000000000000000       -325.00000000000000       -325.00000000000000     
 
 part:           3
 comp:           0
  0.99999656507647228        66.500934974103714        66.501163400514500     
  0.99999965650891476        66.501140557957712        66.501163400514500     
  0.99999996565090421        66.501161116259667        66.501163400514500     
  0.99999999656509075        66.501163172089036        66.501163400514500     
  0.99999999965650888        66.501163377671944        66.501163400514500     
  0.99999999996565092        66.501163398230247        66.501163400514500     
  0.99999999999656508        66.501163400286075        66.501163400514500     
  0.99999999999965616        66.501163400491635        66.501163400514500     
  0.99999999999996536        66.501163400512198        66.501163400514500     
  0.99999999999999634        66.501163400514258        66.501163400514500     
 comp:           1
  0.99999786180590355       -57.096876503804339       -57.096998588269642     
  0.99999978618151308       -57.096986379875794       -57.096998588269642     
  0.99999997861816048       -57.096997367430781       -57.096998588269642     
  0.99999999786181626       -57.096998466185767       -57.096998588269642     
  0.99999999978618159       -57.096998576061253       -57.096998588269642     
  0.99999999997861810       -57.096998587048802       -57.096998588269642     
  0.99999999999786182       -57.096998588147557       -57.096998588269642     
  0.99999999999978606       -57.096998588257428       -57.096998588269642     
  0.99999999999997846       -57.096998588268413       -57.096998588269642     
  0.99999999999999778       -57.096998588269514       -57.096998588269642     
 comp:           2
  0.99998426031840326        1.8276451669882690        1.8276739339940526     
  0.99999842603863209        1.8276710573058874        1.8276739339940526     
  0.99999984260393082        1.8276736463253598        1.8276739339940526     
  0.99999998426039427        1.8276739052271855        1.8276739339940526     
  0.99999999842603926        1.8276739311173655        1.8276739339940526     
  0.99999999984260413        1.8276739337063843        1.8276739339940526     
  0.99999999998426026        1.8276739339652854        1.8276739339940526     
  0.99999999999842570        1.8276739339911754        1.8276739339940526     
  0.99999999999984179        1.8276739339937635        1.8276739339940526     
  0.99999999999998368        1.8276739339940229        1.8276739339940526     
 comp:           3
  0.99999295304585667       -34.043806471704578       -34.044046378538262     
  0.99999929530762643       -34.044022387958414       -34.044046378538262     
  0.99999992953079297       -34.044043979481309       -34.044046378538262     
  0.99999999295307973       -34.044046138632581       -34.044046378538262     
  0.99999999929530781       -34.044046354547689       -34.044046378538262     
  0.99999999992953081       -34.044046376139207       -34.044046378538262     
  0.99999999999295297       -34.044046378298354       -34.044046378538262     
  0.99999999999929523       -34.044046378514267       -34.044046378538262     
  0.99999999999992928       -34.044046378535853       -34.044046378538262     
  0.99999999999999267       -34.044046378538013       -34.044046378538262     
 
 part:           4
 comp:           0
  0.99999670437604260        105.14117099179836        105.14151749870234     
  0.99999967043879001        105.14148284813662        105.14151749870234     
  0.99999996704389094        105.14151403364703        105.14151749870234     
  0.99999999670438922        105.14151715219683        105.14151749870234     
  0.99999999967043884        105.14151746405179        105.14151749870234     
  0.99999999996704392        105.14151749523730        105.14151749870234     
  0.99999999999670441        105.14151749835584        105.14151749870234     
  0.99999999999967026        105.14151749866767        105.14151749870234     
  0.99999999999996692        105.14151749869886        105.14151749870234     
  0.99999999999999667        105.14151749870199        105.14151749870234     
 comp:           1
  0.99998258673031815       -11.084536680110917       -11.084729701498560     
  0.99999825868065495       -11.084710399444296       -11.084729701498560     
  0.99999982586814140       -11.084727771293975       -11.084729701498560     
  0.99999998258681544       -11.084729508478116       -11.084729701498560     
  0.99999999825868136       -11.084729682196514       -11.084729701498560     
  0.99999999982586840       -11.084729699568358       -11.084729701498560     
  0.99999999998258660       -11.084729701305537       -11.084729701498560     
  0.99999999999825817       -11.084729701479253       -11.084729701498560     
  0.99999999999982503       -11.084729701496620       -11.084729701498560     
  0.99999999999998201       -11.084729701498361       -11.084729701498560     
 comp:           2
   1.0000010691650718       -42.539794786691914       -42.539749304677798     
   1.0000001069160391       -42.539753852859299       -42.539749304677798     
   1.0000000106915992       -42.539749759495749       -42.539749304677798     
   1.0000000010691599       -42.539749350159589       -42.539749304677798     
   1.0000000001069160       -42.539749309225975       -42.539749304677798     
   1.0000000000106917       -42.539749305132617       -42.539749304677798     
   1.0000000000010691       -42.539749304723280       -42.539749304677798     
   1.0000000000001068       -42.539749304682346       -42.539749304677798     
   1.0000000000000107       -42.539749304678253       -42.539749304677798     
   1.0000000000000011       -42.539749304677848       -42.539749304677798     
 comp:           3
  0.99999602866094650       -95.510024309597981       -95.510403613793869     
  0.99999960286783318       -95.510365683540329       -95.510403613793869     
  0.99999996028680072       -95.510399820770175       -95.510403613793869     
  0.99999999602868039       -95.510403234491534       -95.510403613793869     
  0.99999999960286801       -95.510403575863634       -95.510403613793869     
  0.99999999996028688       -95.510403610000850       -95.510403613793869     
  0.99999999999602873       -95.510403613414567       -95.510403613793869     
  0.99999999999960276       -95.510403613755926       -95.510403613793869     
  0.99999999999996014       -95.510403613790061       -95.510403613793869     
  0.99999999999999578       -95.510403613793471       -95.510403613793869     
 
 part:           5
 comp:           0
  0.99999656398468439        182.81708577984614        182.81771394431121     
  0.99999965639973643        182.81765112809651        182.81771394431121     
  0.99999996563998639        182.81770766269207        182.81771394431121     
  0.99999999656399885        182.81771331614934        182.81771394431121     
  0.99999999965639985        182.81771388149502        182.81771394431121     
  0.99999999996563993        182.81771393802958        182.81771394431121     
  0.99999999999656397        182.81771394368303        182.81771394431121     
  0.99999999999965616        182.81771394424834        182.81771394431121     
  0.99999999999996547        182.81771394430490        182.81771394431121     
  0.99999999999999645        182.81771394431055        182.81771394431121     
 comp:           1
  0.99999484430141306       -65.096805563274515       -65.097141184513333     
  0.99999948443236575       -65.097107622534253       -65.097141184513333     
  0.99999994844325879       -65.097137828316875       -65.097141184513333     
  0.99999999484432633       -65.097140848893716       -65.097141184513333     
  0.99999999948443263       -65.097141150951373       -65.097141184513333     
  0.99999999994844335       -65.097141181157141       -65.097141184513333     
  0.99999999999484435       -65.097141184177715       -65.097141184513333     
  0.99999999999948441       -65.097141184479767       -65.097141184513333     
  0.99999999999994826       -65.097141184509965       -65.097141184513333     
  0.99999999999999478       -65.097141184512992       -65.097141184513333     
 comp:           2
  0.99999890340314213        72.116761827349194        72.116840910450335     
  0.99999989034078740        72.116833002174346        72.116840910450335     
  0.99999998903408349        72.116840119623077        72.116840910450335     
  0.99999999890340840        72.116840831367611        72.116840910450335     
  0.99999999989034083        72.116840902542066        72.116840910450335     
  0.99999999998903422        72.116840909659516        72.116840910450335     
  0.99999999999890343        72.116840910371252        72.116840910450335     
  0.99999999999989020        72.116840910442420        72.116840910450335     
  0.99999999999998901        72.116840910449540        72.116840910450335     
  0.99999999999999878        72.116840910450250        72.116840910450335     
 comp:           3
  0.99999501682148861       -132.34972409362902       -132.35038361921664     
  0.99999950168429885       -132.35031766694243       -132.35038361921664     
  0.99999995016845122       -132.35037702399205       -132.35038361921664     
  0.99999999501684544       -132.35038295969423       -132.35038361921664     
  0.99999999950168461       -132.35038355326441       -132.35038361921664     
  0.99999999995016842       -132.35038361262141       -132.35038361921664     
  0.99999999999501687       -132.35038361855712       -132.35038361921664     
  0.99999999999950162       -132.35038361915068       -132.35038361921664     
  0.99999999999994993       -132.35038361921002       -132.35038361921664     
  0.99999999999999489       -132.35038361921596       -132.35038361921664     
 
 part:           6
 comp:           0
   1.0000040712158187        295.51434545916607        295.51314236138626     
   1.0000004071200901        295.51326267072341        295.51314236138626     
   1.0000000407119940        295.51315439231553        295.51314236138626     
   1.0000000040711994        295.51314356447915        295.51314236138626     
   1.0000000004071199        295.51314248169552        295.51314236138626     
   1.0000000000407119        295.51314237341717        295.51314236138626     
   1.0000000000040712        295.51314236258935        295.51314236138626     
   1.0000000000004072        295.51314236150660        295.51314236138626     
   1.0000000000000409        295.51314236139831        295.51314236138626     
   1.0000000000000040        295.51314236138745        295.51314236138626     
 comp:           1
   1.0000749337887092        133.27692180005218        133.26693560365774     
   1.0000233404074097        133.27004610822897        133.26693560365774     
   1.0000073092464392        133.26790968453227        133.26693560365774     
   1.0000023031025309        133.26724253107443        133.26693560365774     
   1.0000007274412417        133.26703254752286        133.26693560365774     
   1.0000002299495743        133.26696624833286        133.26693560365774     
   1.0000000727076650        133.26694529318544        133.26693560365774     
   1.0000000229913029        133.26693866763821        133.26693560365774     
   1.0000000072704001        133.26693657256169        133.26693560365774     
   1.0000000022990940        133.26693591005096        133.26693560365774     
 comp:           2
   1.0001311486092019       -31.406071860588927       -31.401953538056187     
   1.0000415331035675       -31.403257758644703       -31.401953538056187     
   1.0000130752721574       -31.402364127144970       -31.401953538056187     
   1.0000041268902415       -31.402083130471805       -31.401953538056187     
   1.0000013041865701       -31.401994492062268       -31.401953538056187     
   1.0000004123328332       -31.401966486112656       -31.401953538056187     
   1.0000001303823360       -31.401957632316243       -31.401953538056187     
   1.0000000412296361       -31.401954832747307       -31.401953538056187     
   1.0000000130378677       -31.401953947470702       -31.401953538056187     
   1.0000000041229282       -31.401953667524186       -31.401953538056187     
 comp:           3
  0.99998389240975794        261.87716421625936        261.88138249426061     
  0.99999387685793040        261.87977895735020        261.88138249426061     
  0.99999797101627452        261.88085114119752        261.88138249426061     
  0.99999934943041047        261.88121212219710        261.88138249426061     
  0.99999979338702738        261.88132838616968        261.88138249426061     
  0.99999993457509451        261.88136536069590        261.88138249426061     
  0.99999997930201956        261.88137707384487        261.88138249426061     
  0.99999999345384372        261.88138077994415        261.88138249426061     
  0.99999999792983563        261.88138195212309        261.88138249426061     
  0.99999999934534756        261.88138232281932        261.88138249426061     
 
 part:           7
 comp:           0
   1.0000000000000000        2.6462795085692742E-002   2.6462795085692742E-002
   1.0000000000000000        2.6462795085692742E-002   2.6462795085692742E-002
   1.0000000000000000        2.6462795085692742E-002   2.6462795085692742E-002
   1.0000000000000000        2.6462795085692742E-002   2.6462795085692742E-002
   1.0000000000000000        2.6462795085692742E-002   2.6462795085692742E-002
   1.0000000000000000        2.6462795085692742E-002   2.6462795085692742E-002
   1.0000000000000000        2.6462795085692742E-002   2.6462795085692742E-002
   1.0000000000000000        2.6462795085692742E-002   2.6462795085692742E-002
   1.0000000000000000        2.6462795085692742E-002   2.6462795085692742E-002
   1.0000000000000000        2.6462795085692742E-002   2.6462795085692742E-002
 comp:           1
  0.10867782788086620        1.2969471376074911E-003   1.1933870623814992E-002
  0.73390217654520962        8.7582936254267611E-003   1.1933870623814992E-002
  0.91783151122219764        1.0953282509386304E-002   1.1933870623814992E-002
  0.97422645591294743        1.1626292483162914E-002   1.1933870623814992E-002
  0.99187112542237788        1.1836861686288431E-002   1.1933870623814992E-002
  0.99743158080713568        1.1903219441459625E-002   1.1933870623814992E-002
  0.99918801043574268        1.1924180445407257E-002   1.1933870623814992E-002
  0.99974324796584324        1.1930806578256964E-002   1.1933870623814992E-002
  0.99991881004128658        1.1932901713351754E-002   1.1933870623814992E-002
  0.99997432569122036        1.1933564229935660E-002   1.1933870623814992E-002
 comp:           2
 -0.51907967835684321        1.4596529433770636E-003  -2.8120017104072024E-003
  0.53074220073053524       -1.4924479762395478E-003  -2.8120017104072024E-003
  0.85344162446571592       -2.3998793077302945E-003  -2.8120017104072024E-003
  0.95386000423968653       -2.6822559634110199E-003  -2.8120017104072024E-003
  0.98543054256861629       -2.7710323711904465E-003  -2.8120017104072024E-003
  0.99539488552567446       -2.7990521206287780E-003  -2.8120017104072024E-003
  0.99854395060704249       -2.8079072970237685E-003  -2.8120017104072024E-003
  0.99953957835937812       -2.8107070039662652E-003  -2.8120017104072024E-003
  0.99985440405788006       -2.8115922943689328E-003  -2.8120017104072024E-003
  0.99995395872644621       -2.8118722422672197E-003  -2.8120017104072024E-003
 comp:           3
   1.1253476048914710        2.6390658672236781E-002   2.3451117288139523E-002
   1.0629250958359153        2.4926781090954996E-002   2.3451117288139523E-002
   1.0221126248050303        2.3969683045990911E-002   2.3451117288139523E-002
   1.0072104595694655        2.3620210621204448E-002   2.3451117288139523E-002
   1.0023018185940062        2.3505097505963586E-002   2.3451117288139523E-002
   1.0007300623339461        2.3468238065560545E-002   2.3451117288139523E-002
   1.0002310822523597        2.3456536425142817E-002   2.3451117288139523E-002
   1.0000730962453637        2.3452831476762869E-002   2.3451117288139523E-002
   1.0000231172238170        2.3451659412866629E-002   2.3451117288139523E-002
   1.0000073105258567        2.3451288728138824E-002   2.3451117288139523E-002
 
 part: i_fks+j_fks
 comp:           0
   1.0000040708512796        295.54080825425177        295.53960515647196     
   1.0000004070836364        295.53972546580911        295.53960515647196     
   1.0000000407083487        295.53961718740123        295.53960515647196     
   1.0000000040708348        295.53960635956486        295.53960515647196     
   1.0000000004070835        295.53960527678123        295.53960515647196     
   1.0000000000407083        295.53960516850287        295.53960515647196     
   1.0000000000040707        295.53960515767506        295.53960515647196     
   1.0000000000004072        295.53960515659230        295.53960515647196     
   1.0000000000000409        295.53960515648401        295.53960515647196     
   1.0000000000000040        295.53960515647316        295.53960515647196     
 comp:           1
  0.99999511755243475        133.27821874718978        133.27886947428155     
  0.99999951175735946        133.27880440185439        133.27886947428155     
  0.99999995117575702        133.27886296704165        133.27886947428155     
  0.99999999511757587        133.27886882355759        133.27886947428155     
  0.99999999951175744        133.27886940920914        133.27886947428155     
  0.99999999995117583        133.27886946777431        133.27886947428155     
  0.99999999999511791        133.27886947363086        133.27886947428155     
  0.99999999999951161        133.27886947421646        133.27886947428155     
  0.99999999999995115        133.27886947427504        133.27886947428155     
  0.99999999999999512        133.27886947428090        133.27886947428155     
 comp:           2
  0.99999511755243486       -31.404612207645549       -31.404765539766593     
  0.99999951175735946       -31.404750206620943       -31.404765539766593     
  0.99999995117575735       -31.404764006452702       -31.404765539766593     
  0.99999999511757609       -31.404765386435216       -31.404765539766593     
  0.99999999951175766       -31.404765524433458       -31.404765539766593     
  0.99999999995117594       -31.404765538233285       -31.404765539766593     
  0.99999999999511768       -31.404765539613265       -31.404765539766593     
  0.99999999999951217       -31.404765539751274       -31.404765539766593     
  0.99999999999995148       -31.404765539765069       -31.404765539766593     
  0.99999999999999556       -31.404765539766455       -31.404765539766593     
 comp:           3
  0.99999511755243509        261.90355487493161        261.90483361154872     
  0.99999951175735946        261.90470573844118        261.90483361154872     
  0.99999995117575713        261.90482082424353        261.90483361154872     
  0.99999999511757620        261.90483233281833        261.90483361154872     
  0.99999999951175744        261.90483348367565        261.90483361154872     
  0.99999999995117594        261.90483359876146        261.90483361154872     
  0.99999999999511768        261.90483361027003        261.90483361154872     
  0.99999999999951206        261.90483361142094        261.90483361154872     
  0.99999999999995115        261.90483361153593        261.90483361154872     
  0.99999999999999523        261.90483361154747        261.90483361154872     
