     
 Collinear #          10
 
 part:           1
 comp:           0
  0.99999999861908173        276.25009622810984        276.25009660958864     
  0.99999999986819244        276.25009657317679        276.25009660958864     
  0.99999999998687905        276.25009660596396        276.25009660958864     
  0.99999999999868827        276.25009660922626        276.25009660958864     
  0.99999999999986877        276.25009660955237        276.25009660958864     
  0.99999999999998679        276.25009660958500        276.25009660958864     
  0.99999999999999856        276.25009660958824        276.25009660958864     
  0.99999999999999978        276.25009660958858        276.25009660958864     
   1.0000000000000000        276.25009660958864        276.25009660958864     
   1.0000000000000000        276.25009660958864        276.25009660958864     
 comp:           1
   0.0000000000000000        0.0000000000000000     
   0.0000000000000000        0.0000000000000000     
   0.0000000000000000        0.0000000000000000     
   0.0000000000000000        0.0000000000000000     
   0.0000000000000000        0.0000000000000000     
   0.0000000000000000        0.0000000000000000     
   0.0000000000000000        0.0000000000000000     
   0.0000000000000000        0.0000000000000000     
   0.0000000000000000        0.0000000000000000     
   0.0000000000000000        0.0000000000000000     
 comp:           2
   0.0000000000000000        0.0000000000000000     
   0.0000000000000000        0.0000000000000000     
   0.0000000000000000        0.0000000000000000     
   0.0000000000000000        0.0000000000000000     
   0.0000000000000000        0.0000000000000000     
   0.0000000000000000        0.0000000000000000     
   0.0000000000000000        0.0000000000000000     
   0.0000000000000000        0.0000000000000000     
   0.0000000000000000        0.0000000000000000     
   0.0000000000000000        0.0000000000000000     
 comp:           3
  0.99999999861908173        276.25009622810984        276.25009660958864     
  0.99999999986819244        276.25009657317679        276.25009660958864     
  0.99999999998687905        276.25009660596396        276.25009660958864     
  0.99999999999868827        276.25009660922626        276.25009660958864     
  0.99999999999986877        276.25009660955237        276.25009660958864     
  0.99999999999998679        276.25009660958500        276.25009660958864     
  0.99999999999999856        276.25009660958824        276.25009660958864     
  0.99999999999999978        276.25009660958858        276.25009660958864     
   1.0000000000000000        276.25009660958864        276.25009660958864     
   1.0000000000000000        276.25009660958864        276.25009660958864     
 
 part:           2
 comp:           0
   1.0000000183335256        276.25000506463647        276.25000000000000     
   1.0000000017567139        276.25000048529222        276.25000000000000     
   1.0000000001749398        276.25000004832714        276.25000000000000     
   1.0000000000174867        276.25000000483067        276.25000000000000     
   1.0000000000017486        276.25000000048306        276.25000000000000     
   1.0000000000001750        276.25000000004832        276.25000000000000     
   1.0000000000000175        276.25000000000483        276.25000000000000     
   1.0000000000000018        276.25000000000051        276.25000000000000     
   1.0000000000000000        276.25000000000000        276.25000000000000     
   1.0000000000000000        276.25000000000000        276.25000000000000     
 comp:           1
   0.0000000000000000        0.0000000000000000     
   0.0000000000000000        0.0000000000000000     
   0.0000000000000000        0.0000000000000000     
   0.0000000000000000        0.0000000000000000     
   0.0000000000000000        0.0000000000000000     
   0.0000000000000000        0.0000000000000000     
   0.0000000000000000        0.0000000000000000     
   0.0000000000000000        0.0000000000000000     
   0.0000000000000000        0.0000000000000000     
   0.0000000000000000        0.0000000000000000     
 comp:           2
   0.0000000000000000        0.0000000000000000     
   0.0000000000000000        0.0000000000000000     
   0.0000000000000000        0.0000000000000000     
   0.0000000000000000        0.0000000000000000     
   0.0000000000000000        0.0000000000000000     
   0.0000000000000000        0.0000000000000000     
   0.0000000000000000        0.0000000000000000     
   0.0000000000000000        0.0000000000000000     
   0.0000000000000000        0.0000000000000000     
   0.0000000000000000        0.0000000000000000     
 comp:           3
   1.0000000183335256       -276.25000506463647       -276.25000000000000     
   1.0000000017567139       -276.25000048529222       -276.25000000000000     
   1.0000000001749398       -276.25000004832714       -276.25000000000000     
   1.0000000000174867       -276.25000000483067       -276.25000000000000     
   1.0000000000017486       -276.25000000048306       -276.25000000000000     
   1.0000000000001750       -276.25000000004832       -276.25000000000000     
   1.0000000000000175       -276.25000000000483       -276.25000000000000     
   1.0000000000000018       -276.25000000000051       -276.25000000000000     
   1.0000000000000000       -276.25000000000000       -276.25000000000000     
   1.0000000000000000       -276.25000000000000       -276.25000000000000     
 
 part:           3
 comp:           0
  0.99999997247166461        24.341694445918325        24.341695116004672     
  0.99999999146340257        24.341694908209419        24.341695116004672     
  0.99999999730566047        24.341695050419879        24.341695116004672     
  0.99999999914813786        24.341695095268904        24.341695116004672     
  0.99999999973062259        24.341695109447571        24.341695116004672     
  0.99999999991481558        24.341695113931138        24.341695116004672     
  0.99999999997306255        24.341695115348969        24.341695116004672     
  0.99999999999148148        24.341695115797318        24.341695116004672     
  0.99999999999730615        24.341695115939100        24.341695116004672     
  0.99999999999914824        24.341695115983939        24.341695116004672     
 comp:           1
  0.99999985705697125       -11.702215073650084       -11.702216746400389     
  0.99999995567305433       -11.702216227676862       -11.702216746400389     
  0.99999998600943130       -11.702216582679721       -11.702216746400389     
  0.99999999557663999       -11.702216694637270       -11.702216746400389     
  0.99999999860123745       -11.702216730031767       -11.702216746400389     
  0.99999999955767338       -11.702216741224186       -11.702216746400389     
  0.99999999986012411       -11.702216744763531       -11.702216746400389     
  0.99999999995576738       -11.702216745882769       -11.702216746400389     
  0.99999999998601241       -11.702216746236703       -11.702216746400389     
  0.99999999999557676       -11.702216746348627       -11.702216746400389     
 comp:           2
   1.0000003020583341        3.2871508696988045        3.2871498767877885     
   1.0000000936689497        3.2871501846916651        3.2871498767877885     
   1.0000000295640012        3.2871499739690915        3.2871498767877885     
   1.0000000093471699        3.2871499075133368        3.2871498767877885     
   1.0000000029557781        3.2871498865038742        3.2871498767877885     
   1.0000000009346974        3.2871498798602787        3.2871498767877885     
   1.0000000002955769        3.2871498777593939        3.2871498767877885     
   1.0000000000934697        3.2871498770950374        3.2871498767877885     
   1.0000000000295577        3.2871498768849490        3.2871498767877885     
   1.0000000000093470        3.2871498768185132        3.2871498767877885     
 comp:           3
   1.0000000000000000        21.089591983448273        21.089591983448273     
   1.0000000000000000        21.089591983448273        21.089591983448273     
   1.0000000000000000        21.089591983448273        21.089591983448273     
   1.0000000000000000        21.089591983448273        21.089591983448273     
   1.0000000000000000        21.089591983448273        21.089591983448273     
   1.0000000000000000        21.089591983448273        21.089591983448273     
   1.0000000000000000        21.089591983448273        21.089591983448273     
   1.0000000000000000        21.089591983448273        21.089591983448273     
   1.0000000000000000        21.089591983448273        21.089591983448273     
   1.0000000000000000        21.089591983448273        21.089591983448273     
 
 part:           4
 comp:           0
   1.0000000415256269        92.586116788344029        92.586112943647649     
   1.0000000128771871        92.586114135896338        92.586112943647649     
   1.0000000040643262        92.586113319947813        92.586112943647649     
   1.0000000012850070        92.586113062621450        92.586112943647649     
   1.0000000004063472        92.586112981269750        92.586112943647649     
   1.0000000001284979        92.586112955544777        92.586112943647649     
   1.0000000000406346        92.586112947409859        92.586112943647649     
   1.0000000000128499        92.586112944837367        92.586112943647649     
   1.0000000000040634        92.586112944023867        92.586112943647649     
   1.0000000000012850        92.586112943766622        92.586112943647649     
 comp:           1
   1.0000000780315625        81.537219148761565        81.537212786285437     
   1.0000000241977576        81.537214759303154        81.537212786285437     
   1.0000000076373499        81.537213409013660        81.537212786285437     
   1.0000000024146802        81.537212983171727        81.537212786285437     
   1.0000000007635743        81.537212848545153        81.537212786285437     
   1.0000000002414628        81.537212805973653        81.537212786285437     
   1.0000000000763574        81.537212792511411        81.537212786285437     
   1.0000000000241462        81.537212788254251        81.537212786285437     
   1.0000000000076357        81.537212786908029        81.537212786285437     
   1.0000000000024145        81.537212786482314        81.537212786285437     
 comp:           2
  0.99999991239650887       -43.110585973789682       -43.110589750427849     
  0.99999997283396636       -43.110588579284119       -43.110589750427849     
  0.99999999142579632       -43.110589380788873       -43.110589750427849     
  0.99999999728911748       -43.110589633560103       -43.110589750427849     
  0.99999999914275994       -43.110589713471725       -43.110589750427849     
  0.99999999972891740       -43.110589738741318       -43.110589750427849     
  0.99999999991427602       -43.110589746732238       -43.110589750427849     
  0.99999999997289180       -43.110589749259198       -43.110589750427849     
  0.99999999999142763       -43.110589750058288       -43.110589750427849     
  0.99999999999728928       -43.110589750310986       -43.110589750427849     
 comp:           3
   1.0000000000000000        8.0838290697042261        8.0838290697042261     
   1.0000000000000000        8.0838290697042261        8.0838290697042261     
   1.0000000000000000        8.0838290697042261        8.0838290697042261     
   1.0000000000000000        8.0838290697042261        8.0838290697042261     
   1.0000000000000000        8.0838290697042261        8.0838290697042261     
   1.0000000000000000        8.0838290697042261        8.0838290697042261     
   1.0000000000000000        8.0838290697042261        8.0838290697042261     
   1.0000000000000000        8.0838290697042261        8.0838290697042261     
   1.0000000000000000        8.0838290697042261        8.0838290697042261     
   1.0000000000000000        8.0838290697042261        8.0838290697042261     
 
 part:           5
 comp:           0
   1.0000000625041079        192.43643167309824        192.43641964503149     
   1.0000000193826599        192.43642337496115        192.43641964503149     
   1.0000000061175982        192.43642082228018        192.43641964503149     
   1.0000000019341844        192.43642001723899        192.43641964503149     
   1.0000000006116312        192.43641976273159        192.43641964503149     
   1.0000000001934144        192.43641968225145        192.43641964503149     
   1.0000000000611633        192.43641965680155        192.43641964503149     
   1.0000000000193414        192.43641964875349        192.43641964503149     
   1.0000000000061162        192.43641964620849        192.43641964503149     
   1.0000000000019342        192.43641964540370        192.43641964503149     
 comp:           1
   1.0000000908234394        145.60278514370029        145.60277191955575     
   1.0000000281645465        145.60277602039179        145.60277191955575     
   1.0000000088893566        145.60277321387071        145.60277191955575     
   1.0000000028105236        145.60277232877579        145.60277191955575     
   1.0000000008887486        145.60277204896002        145.60277191955575     
   1.0000000002810465        145.60277196047690        145.60277191955575     
   1.0000000000888749        145.60277193249618        145.60277191955575     
   1.0000000000281046        145.60277192364785        145.60277191955575     
   1.0000000000088876        145.60277192084979        145.60277191955575     
   1.0000000000028104        145.60277191996497        145.60277191955575     
 comp:           2
   1.0000001583283780        49.577897485094333        49.577889635507482     
   1.0000000490979748        49.577892069681461        49.577889635507482     
   1.0000000154964117        49.577890403786867        49.577889635507482     
   1.0000000048994582        49.577889878412279        49.577889635507482     
   1.0000000015493151        49.577889712319255        49.577889635507482     
   1.0000000004899354        49.577889659797449        49.577889635507482     
   1.0000000001549316        49.577889643188662        49.577889635507482     
   1.0000000000489935        49.577889637936480        49.577889635507482     
   1.0000000000154932        49.577889636275600        49.577889635507482     
   1.0000000000048994        49.577889635750381        49.577889635507482     
 comp:           3
   1.0000000000000000        83.104905511404013        83.104905511404013     
   1.0000000000000000        83.104905511404013        83.104905511404013     
   1.0000000000000000        83.104905511404013        83.104905511404013     
   1.0000000000000000        83.104905511404013        83.104905511404013     
   1.0000000000000000        83.104905511404013        83.104905511404013     
   1.0000000000000000        83.104905511404013        83.104905511404013     
   1.0000000000000000        83.104905511404013        83.104905511404013     
   1.0000000000000000        83.104905511404013        83.104905511404013     
   1.0000000000000000        83.104905511404013        83.104905511404013     
   1.0000000000000000        83.104905511404013        83.104905511404013     
 
 part:           6
 comp:           0
  0.99999993747248794        243.13575709264126        243.13577229531620     
  0.99999998061008133        243.13576758093336        243.13577229531620     
  0.99999999388011107        243.13577080735229        243.13577229531620     
  0.99999999806509132        243.13577182487069        243.13577229531620     
  0.99999999938813988        243.13577214655112        243.13577229531620     
  0.99999999980651322        243.13577224827264        243.13577229531620     
  0.99999999993881428        243.13577228043977        243.13577229531620     
  0.99999999998065126        243.13577229061184        243.13577229531620     
  0.99999999999388145        243.13577229382855        243.13577229531620     
  0.99999999999806510        243.13577229484576        243.13577229531620     
 comp:           1
  0.99999992244544489       -215.43775125126055       -215.43776795944081     
  0.99999997595016266       -215.43776277819754       -215.43776795944081     
  0.99999999240933712       -215.43776632412533       -215.43776795944081     
  0.99999999760008074       -215.43776744240756       -215.43776795944081     
  0.99999999924109340       -215.43776779594367       -215.43776795944081     
  0.99999999976001308       -215.43776790773856       -215.43776795944081     
  0.99999999992410971       -215.43776794309116       -215.43776795944081     
  0.99999999997600131       -215.43776795427058       -215.43776795944081     
  0.99999999999241096       -215.43776795780585       -215.43776795944081     
  0.99999999999760014       -215.43776795892379       -215.43776795944081     
 comp:           2
  0.99999898327011971       -9.7544398442268907       -9.7544497618674288     
  0.99999968470983802       -9.7544466863853838       -9.7544497618674288     
  0.99999990048742193       -9.7544487911769853       -9.7544497618674288     
  0.99999996853737816       -9.7544494549668652       -9.7544497618674288     
  0.99999999005083573       -9.7544496648188055       -9.7544497618674288     
  0.99999999685380403       -9.7544497311780187       -9.7544497618674288     
  0.99999999900508796       -9.7544497521626088       -9.7544497618674288     
  0.99999999968538045       -9.7544497587984882       -9.7544497618674288     
  0.99999999990050858       -9.7544497608969447       -9.7544497618674288     
  0.99999999996853806       -9.7544497615605348       -9.7544497618674288     
 comp:           3
   1.0000000000000000       -112.27832656455652       -112.27832656455652     
   1.0000000000000000       -112.27832656455652       -112.27832656455652     
   1.0000000000000000       -112.27832656455652       -112.27832656455652     
   1.0000000000000000       -112.27832656455652       -112.27832656455652     
   1.0000000000000000       -112.27832656455652       -112.27832656455652     
   1.0000000000000000       -112.27832656455652       -112.27832656455652     
   1.0000000000000000       -112.27832656455652       -112.27832656455652     
   1.0000000000000000       -112.27832656455652       -112.27832656455652     
   1.0000000000000000       -112.27832656455652       -112.27832656455652     
   1.0000000000000000       -112.27832656455652       -112.27832656455652     
 
 part:           7
 comp:           0
   1.0484750645472323        1.0129274467324031E-004   9.6609588628587952E-005
   1.0046463329020303        9.7058468938884568E-005   9.6609588628587952E-005
   1.0004627122847420        9.6654291072070269E-005   9.6609588628587952E-005
   1.0000462521050586        9.6614057025430866E-005   9.6609588628587952E-005
   1.0000046250193591        9.6610035449805619E-005   9.6609588628587952E-005
   1.0000004625000243        9.6609633310525031E-005   9.6609588628587952E-005
   1.0000000462499834        9.6609593096779814E-005   9.6609588628587952E-005
   1.0000000046249986        9.6609589075407156E-005   9.6609588628587952E-005
   1.0000000004624994        9.6609588673269835E-005   9.6609588628587952E-005
   1.0000000000462497        9.6609588633056112E-005   9.6609588628587952E-005
 comp:           1
  -3.7967551228473597E-005  -0.0000000000000000     
  -1.1773820546326739E-005  -0.0000000000000000     
  -3.7160793030573512E-006  -0.0000000000000000     
  -1.1749026846868014E-006  -0.0000000000000000     
  -3.7152974552992003E-007  -0.0000000000000000     
  -1.1748779674415049E-007  -0.0000000000000000     
  -3.7152896383371561E-008  -0.0000000000000000     
  -1.1748777228810375E-008  -0.0000000000000000     
  -3.7152895094713017E-009  -0.0000000000000000     
  -1.1748777664156744E-009  -0.0000000000000000     
 comp:           2
  -2.2536776570225824E-005  -0.0000000000000000     
  -6.9887036283632218E-006  -0.0000000000000000     
  -2.2057901091982266E-006  -0.0000000000000000     
  -6.9739865858632149E-007  -0.0000000000000000     
  -2.2053260200571768E-007  -0.0000000000000000     
  -6.9738398692547809E-008  -0.0000000000000000     
  -2.2053213800653593E-008  -0.0000000000000000     
  -6.9738384175929189E-009  -0.0000000000000000     
  -2.2053213035731737E-009  -0.0000000000000000     
  -6.9738386760057869E-010  -0.0000000000000000     
 comp:           3
  0.94362759096254245        9.1163473381476685E-005   9.6609588628587952E-005
  0.99459987304999209        9.6087884585405539E-005   9.6609588628587952E-005
  0.99946224992197386        9.6557636814764851E-005   9.6609588628587952E-005
  0.99994624751481798        9.6604395623106756E-005   9.6609588628587952E-005
  0.99999462497660574        9.6609069349788969E-005   9.6609588628587952E-005
  0.99999946249991156        9.6609536700925519E-005   9.6609588628587952E-005
  0.99999994625001365        9.6609583435823887E-005   9.6609588628587952E-005
  0.99999999462500189        9.6609588109311599E-005   9.6609588628587952E-005
  0.99999999946249984        9.6609588576660279E-005   9.6609588628587952E-005
  0.99999999994624977        9.6609588623395166E-005   9.6609588628587952E-005
 
 part: i_fks+j_fks
 comp:           0
   1.0000000155716713        276.25019752085450        276.25019321917728     
   1.0000000014930974        276.25019363164574        276.25019321917728     
   1.0000000001486977        276.25019326025506        276.25019321917728     
   1.0000000000148634        276.25019322328330        276.25019321917728     
   1.0000000000014861        276.25019321958780        276.25019321917728     
   1.0000000000001485        276.25019321921832        276.25019321917728     
   1.0000000000000147        276.25019321918131        276.25019321917728     
   1.0000000000000013        276.25019321917767        276.25019321917728     
   1.0000000000000002        276.25019321917733        276.25019321917728     
   1.0000000000000000        276.25019321917728        276.25019321917728     
 comp:           1
  -3.7967551228473597E-005   0.0000000000000000     
  -1.1773820546326739E-005   0.0000000000000000     
  -3.7160793030573512E-006   0.0000000000000000     
  -1.1749026846868014E-006   0.0000000000000000     
  -3.7152974552992003E-007   0.0000000000000000     
  -1.1748779674415049E-007   0.0000000000000000     
  -3.7152896383371561E-008   0.0000000000000000     
  -1.1748777228810375E-008   0.0000000000000000     
  -3.7152895094713017E-009   0.0000000000000000     
  -1.1748777664156744E-009   0.0000000000000000     
 comp:           2
  -2.2536776570225824E-005   0.0000000000000000     
  -6.9887036283632218E-006   0.0000000000000000     
  -2.2057901091982266E-006   0.0000000000000000     
  -6.9739865858632149E-007   0.0000000000000000     
  -2.2053260200571768E-007   0.0000000000000000     
  -6.9738398692547809E-008   0.0000000000000000     
  -2.2053213800653593E-008   0.0000000000000000     
  -6.9738384175929189E-009   0.0000000000000000     
  -2.2053213035731737E-009   0.0000000000000000     
  -6.9738386760057869E-010   0.0000000000000000     
 comp:           3
  0.99999997890465164        276.25018739158321        276.25019321917728     
  0.99999999797967232        276.25019266106136        276.25019321917728     
  0.99999999979881826        276.25019316360078        276.25019321917728     
  0.99999999997989009        276.25019321362191        276.25019321917728     
  0.99999999999798905        276.25019321862175        276.25019321917728     
  0.99999999999979872        276.25019321912168        276.25019321917728     
  0.99999999999997968        276.25019321917165        276.25019321917728     
  0.99999999999999789        276.25019321917671        276.25019321917728     
  0.99999999999999978        276.25019321917722        276.25019321917728     
   1.0000000000000000        276.25019321917728        276.25019321917728     
     
 Collinear #          50
 
 part:           1
 comp:           0
  0.99999999675027396        276.25022645512649        276.25022735286404     
  0.99999999968981668        276.25022726717583        276.25022735286404     
  0.99999999996912181        276.25022734433395        276.25022735286404     
  0.99999999999691369        276.25022735201145        276.25022735286404     
  0.99999999999969136        276.25022735277878        276.25022735286404     
  0.99999999999996914        276.25022735285552        276.25022735286404     
  0.99999999999999667        276.25022735286313        276.25022735286404     
  0.99999999999999956        276.25022735286393        276.25022735286404     
  0.99999999999999978        276.25022735286399        276.25022735286404     
   1.0000000000000000        276.25022735286404        276.25022735286404     
 comp:           1
   0.0000000000000000        0.0000000000000000     
   0.0000000000000000        0.0000000000000000     
   0.0000000000000000        0.0000000000000000     
   0.0000000000000000        0.0000000000000000     
   0.0000000000000000        0.0000000000000000     
   0.0000000000000000        0.0000000000000000     
   0.0000000000000000        0.0000000000000000     
   0.0000000000000000        0.0000000000000000     
   0.0000000000000000        0.0000000000000000     
   0.0000000000000000        0.0000000000000000     
 comp:           2
   0.0000000000000000        0.0000000000000000     
   0.0000000000000000        0.0000000000000000     
   0.0000000000000000        0.0000000000000000     
   0.0000000000000000        0.0000000000000000     
   0.0000000000000000        0.0000000000000000     
   0.0000000000000000        0.0000000000000000     
   0.0000000000000000        0.0000000000000000     
   0.0000000000000000        0.0000000000000000     
   0.0000000000000000        0.0000000000000000     
   0.0000000000000000        0.0000000000000000     
 comp:           3
  0.99999999675027396        276.25022645512649        276.25022735286404     
  0.99999999968981668        276.25022726717583        276.25022735286404     
  0.99999999996912181        276.25022734433395        276.25022735286404     
  0.99999999999691369        276.25022735201145        276.25022735286404     
  0.99999999999969136        276.25022735277878        276.25022735286404     
  0.99999999999996914        276.25022735285552        276.25022735286404     
  0.99999999999999667        276.25022735286313        276.25022735286404     
  0.99999999999999956        276.25022735286393        276.25022735286404     
  0.99999999999999978        276.25022735286399        276.25022735286404     
   1.0000000000000000        276.25022735286404        276.25022735286404     
 
 part:           2
 comp:           0
   1.0000000431445655        276.25001191868625        276.25000000000006     
   1.0000000041341015        276.25000114204562        276.25000000000006     
   1.0000000004116882        276.25000011372896        276.25000000000006     
   1.0000000000411517        276.25000001136823        276.25000000000006     
   1.0000000000041149        276.25000000113681        276.25000000000006     
   1.0000000000004112        276.25000000011369        276.25000000000006     
   1.0000000000000409        276.25000000001137        276.25000000000006     
   1.0000000000000040        276.25000000000114        276.25000000000006     
   1.0000000000000002        276.25000000000011        276.25000000000006     
   1.0000000000000000        276.25000000000006        276.25000000000006     
 comp:           1
   0.0000000000000000        0.0000000000000000     
   0.0000000000000000        0.0000000000000000     
   0.0000000000000000        0.0000000000000000     
   0.0000000000000000        0.0000000000000000     
   0.0000000000000000        0.0000000000000000     
   0.0000000000000000        0.0000000000000000     
   0.0000000000000000        0.0000000000000000     
   0.0000000000000000        0.0000000000000000     
   0.0000000000000000        0.0000000000000000     
   0.0000000000000000        0.0000000000000000     
 comp:           2
   0.0000000000000000        0.0000000000000000     
   0.0000000000000000        0.0000000000000000     
   0.0000000000000000        0.0000000000000000     
   0.0000000000000000        0.0000000000000000     
   0.0000000000000000        0.0000000000000000     
   0.0000000000000000        0.0000000000000000     
   0.0000000000000000        0.0000000000000000     
   0.0000000000000000        0.0000000000000000     
   0.0000000000000000        0.0000000000000000     
   0.0000000000000000        0.0000000000000000     
 comp:           3
   1.0000000431445655       -276.25001191868625       -276.25000000000006     
   1.0000000041341015       -276.25000114204562       -276.25000000000006     
   1.0000000004116882       -276.25000011372896       -276.25000000000006     
   1.0000000000411517       -276.25000001136823       -276.25000000000006     
   1.0000000000041149       -276.25000000113681       -276.25000000000006     
   1.0000000000004112       -276.25000000011369       -276.25000000000006     
   1.0000000000000409       -276.25000000001137       -276.25000000000006     
   1.0000000000000040       -276.25000000000114       -276.25000000000006     
   1.0000000000000002       -276.25000000000011       -276.25000000000006     
   1.0000000000000000       -276.25000000000006       -276.25000000000006     
 
 part:           3
 comp:           0
   1.0000001287073930        91.645010874021892        91.644999078632992     
   1.0000000399124394        91.645002736408458        91.644999078632992     
   1.0000000125972521        91.645000233108149        91.644999078632992     
   1.0000000039828389        91.644999443640259        91.644999078632992     
   1.0000000012594601        91.644999194056211        91.644999078632992     
   1.0000000003982754        91.644999115132947        91.644999078632992     
   1.0000000001259457        91.644999090175290        91.644999078632992     
   1.0000000000398277        91.644999082282993        91.644999078632992     
   1.0000000000125946        91.644999079787226        91.644999078632992     
   1.0000000000039828        91.644999078997998        91.644999078632992     
 comp:           1
  0.99999920561685729       -4.8513941140898238       -4.8513979679585884     
  0.99999975366006610       -4.8513967728655336       -4.8513979679585884     
  0.99999992224964585       -4.8513975907606781       -4.8513979679585884     
  0.99999997541788210       -4.8513978487009517       -4.8513979679585884     
  0.99999999222660041       -4.8513979302467334       -4.8513979679585884     
  0.99999999754183988       -4.8513979560330753       -4.8513979679585884     
  0.99999999922266181       -4.8513979641874112       -4.8513979679585884     
  0.99999999975418408       -4.8513979667660374       -4.8513979679585884     
  0.99999999992226618       -4.8513979675814705       -4.8513979679585884     
  0.99999999997541844       -4.8513979678393335       -4.8513979679585884     
 comp:           2
   1.0000002566130102       -65.462851927731236       -65.462835129116058     
   1.0000000795762505       -65.462840338403026       -65.462835129116058     
   1.0000000251160319       -65.462836773282717       -65.462835129116058     
   1.0000000079408675       -65.462835648947760       -65.462835129116058     
   1.0000000025110747       -65.462835293498131       -65.462835129116058     
   1.0000000007940699       -65.462835181098129       -65.462835129116058     
   1.0000000002511071       -65.462835145554237       -65.462835129116058     
   1.0000000000794069       -65.462835134314261       -65.462835129116058     
   1.0000000000251106       -65.462835130759871       -65.462835129116058     
   1.0000000000079408       -65.462835129635877       -65.462835129116058     
 comp:           3
   1.0000000000000000        63.952224439321114        63.952224439321114     
   1.0000000000000000        63.952224439321114        63.952224439321114     
   1.0000000000000000        63.952224439321114        63.952224439321114     
   1.0000000000000000        63.952224439321114        63.952224439321114     
   1.0000000000000000        63.952224439321114        63.952224439321114     
   1.0000000000000000        63.952224439321114        63.952224439321114     
   1.0000000000000000        63.952224439321114        63.952224439321114     
   1.0000000000000000        63.952224439321114        63.952224439321114     
   1.0000000000000000        63.952224439321114        63.952224439321114     
   1.0000000000000000        63.952224439321114        63.952224439321114     
 
 part:           4
 comp:           0
  0.99999998759930564        70.745618742968190        70.745619620263000     
  0.99999999615451396        70.745619348211704        70.745619620263000     
  0.99999999878627888        70.745619534397548        70.745619620263000     
  0.99999999961626107        70.745619593115151        70.745619620263000     
  0.99999999987865351        70.745619611678265        70.745619620263000     
  0.99999999996162692        70.745619617548272        70.745619620263000     
  0.99999999998786526        70.745619619404522        70.745619620263000     
  0.99999999999616274        70.745619619991530        70.745619620263000     
  0.99999999999878653        70.745619620177152        70.745619620263000     
  0.99999999999961631        70.745619620235857        70.745619620263000     
 comp:           1
   1.0000001247941581        23.839298573481770        23.839295598476944     
   1.0000000386989407        23.839296521032431        23.839295598476944     
   1.0000000122142454        23.839295889655951        23.839295598476944     
   1.0000000038617447        23.839295690538219        23.839295598476944     
   1.0000000012211676        23.839295627588719        23.839295598476944     
   1.0000000003861664        23.839295607682878        23.839295598476944     
   1.0000000001221165        23.839295601388116        23.839295598476944     
   1.0000000000386167        23.839295599397538        23.839295598476944     
   1.0000000000122116        23.839295598768061        23.839295598476944     
   1.0000000000038616        23.839295598569002        23.839295598476944     
 comp:           2
  0.99999873549748630        10.255196539811909        10.255209507550109     
  0.99999960787501163        10.255205486226201        10.255209507550109     
  0.99999987623664310        10.255208238330955        10.255209507550109     
  0.99999996087007603        10.255209106264541        10.255209507550109     
  0.99999998762626829        10.255209380654899        10.255209507550109     
  0.99999999608708989        10.255209467422397        10.255209507550109     
  0.99999999876262946        10.255209494860615        10.255209507550109     
  0.99999999960870911        10.255209503537339        10.255209507550109     
  0.99999999987626298        10.255209506281160        10.255209507550109     
  0.99999999996087086        10.255209507148832        10.255209507550109     
 comp:           3
   1.0000000000000000        65.813838657076019        65.813838657076019     
   1.0000000000000000        65.813838657076019        65.813838657076019     
   1.0000000000000000        65.813838657076019        65.813838657076019     
   1.0000000000000000        65.813838657076019        65.813838657076019     
   1.0000000000000000        65.813838657076019        65.813838657076019     
   1.0000000000000000        65.813838657076019        65.813838657076019     
   1.0000000000000000        65.813838657076019        65.813838657076019     
   1.0000000000000000        65.813838657076019        65.813838657076019     
   1.0000000000000000        65.813838657076019        65.813838657076019     
   1.0000000000000000        65.813838657076019        65.813838657076019     
 
 part:           5
 comp:           0
  0.99999992396431048        150.58014473080004        150.58015618026604     
  0.99999997642116312        150.58015262976110        150.58015618026604     
  0.99999999255799488        150.58015505964775        150.58015618026604     
  0.99999999764708147        150.58015582596320        150.58015618026604     
  0.99999999925595595        150.58015606822778        150.58015618026604     
  0.99999999976471310        150.58015614483651        150.58015618026604     
  0.99999999992559574        150.58015616906223        150.58015618026604     
  0.99999999997647127        150.58015617672308        150.58015618026604     
  0.99999999999255951        150.58015617914566        150.58015618026604     
  0.99999999999764710        150.58015617991174        150.58015618026604     
 comp:           1
  0.99999983244390400       -37.791622993784465       -37.791629326002337     
  0.99999994804048797       -37.791627362367720       -37.791629326002337     
  0.99999998360042364       -37.791628706235628       -37.791629326002337     
  0.99999999481499047       -37.791629130052378       -37.791629326002337     
  0.99999999836038733       -37.791629264038704       -37.791629326002337     
  0.99999999948151008       -37.791629306407756       -37.791629326002337     
  0.99999999983603904       -37.791629319805985       -37.791629326002337     
  0.99999999994815103       -37.791629324042880       -37.791629326002337     
  0.99999999998360389       -37.791629325382701       -37.791629326002337     
  0.99999999999481504       -37.791629325806390       -37.791629326002337     
 comp:           2
  0.99999948689153706        53.792658503902523        53.792686105385009     
  0.99999984088394267        53.792677546104883        53.792686105385009     
  0.99999994977943740        53.792683403886052        53.792686105385009     
  0.99999998412190128        53.792685251259428        53.792686105385009     
  0.99999999497900027        53.792685835291948        53.792686105385009     
  0.99999999841222353        53.792686019974248        53.792686105385009     
  0.99999999949790108        53.792686078375759        53.792686105385009     
  0.99999999984122245        53.792686096843937        53.792686105385009     
  0.99999999994979016        53.792686102684087        53.792686105385009     
  0.99999999998412226        53.792686104530901        53.792686105385009     
 comp:           3
   1.0000000000000000        109.01975580304857        109.01975580304857     
   1.0000000000000000        109.01975580304857        109.01975580304857     
   1.0000000000000000        109.01975580304857        109.01975580304857     
   1.0000000000000000        109.01975580304857        109.01975580304857     
   1.0000000000000000        109.01975580304857        109.01975580304857     
   1.0000000000000000        109.01975580304857        109.01975580304857     
   1.0000000000000000        109.01975580304857        109.01975580304857     
   1.0000000000000000        109.01975580304857        109.01975580304857     
   1.0000000000000000        109.01975580304857        109.01975580304857     
   1.0000000000000000        109.01975580304857        109.01975580304857     
 
 part:           6
 comp:           0
   1.0000000022184421        239.52922565221968        239.52922512083796     
   1.0000000006879399        239.52922528561970        239.52922512083796     
   1.0000000002171288        239.52922517284665        239.52922512083796     
   1.0000000000686491        239.52922513728140        239.52922512083796     
   1.0000000000217084        239.52922512603774        239.52922512083796     
   1.0000000000068647        239.52922512248227        239.52922512083796     
   1.0000000000021709        239.52922512135794        239.52922512083796     
   1.0000000000006863        239.52922512100238        239.52922512083796     
   1.0000000000002172        239.52922512088998        239.52922512083796     
   1.0000000000000686        239.52922512085442        239.52922512083796     
 comp:           1
   1.0000005356764903        18.803741768200979        18.803731695483979     
   1.0000001661144475        18.803734819055482        18.803731695483979     
   1.0000000524294095        18.803732681352528        18.803731695483979     
   1.0000000165764638        18.803732007183356        18.803731695483979     
   1.0000000052418379        18.803731794050091        18.803731695483979     
   1.0000000016576116        18.803731726653261        18.803731695483979     
   1.0000000005241827        18.803731705340571        18.803731695483979     
   1.0000000001657612        18.803731698600906        18.803731695483979     
   1.0000000000524183        18.803731696469637        18.803731695483979     
   1.0000000000165761        18.803731695795673        18.803731695483979     
 comp:           2
  0.99996896974699989        1.4148956102497712        1.4149395161809382     
  0.99999037745089048        1.4149259008559567        1.4149395161809382     
  0.99999696290975348        1.4149352188819342        1.4149395161809382     
  0.99999903977143845        1.4149381575156019        1.4149395161809382     
  0.99999969635487451        1.4149390865414513        1.4149395161809382     
  0.99999990397916405        1.4149393803172630        1.4149395161809382     
  0.99999996963555138        1.4149394732170799        1.4149395161809382     
  0.99999999039791843        1.4149395025945735        1.4149395161809382     
  0.99999999696355524        1.4149395118845525        1.4149395161809382     
  0.99999999903979175        1.4149395148223016        1.4149395161809382     
 comp:           3
   1.0000000000000000       -238.78581889944570       -238.78581889944570     
   1.0000000000000000       -238.78581889944570       -238.78581889944570     
   1.0000000000000000       -238.78581889944570       -238.78581889944570     
   1.0000000000000000       -238.78581889944570       -238.78581889944570     
   1.0000000000000000       -238.78581889944570       -238.78581889944570     
   1.0000000000000000       -238.78581889944570       -238.78581889944570     
   1.0000000000000000       -238.78581889944570       -238.78581889944570     
   1.0000000000000000       -238.78581889944570       -238.78581889944570     
   1.0000000000000000       -238.78581889944570       -238.78581889944570     
   1.0000000000000000       -238.78581889944570       -238.78581889944570     
 
 part:           7
 comp:           0
   1.0484750391754667        2.3837380298828096E-004   2.2735286399926216E-004
   1.0046463303582771        2.2840922051330318E-004   2.2735286399926216E-004
   1.0004627120303551        2.2745806290457032E-004   2.2735286399926216E-004
   1.0000462520796201        2.2736337954202971E-004   2.2735286399926216E-004
   1.0000046250168149        2.2735391551008109E-004   2.2735286399926216E-004
   1.0000004624997700        2.2735296914990950E-004   2.2735286399926216E-004
   1.0000000462499579        2.2735287451432256E-004   2.2735286399926216E-004
   1.0000000046249959        2.2735286505076824E-004   2.2735286399926216E-004
   1.0000000004624992        2.2735286410441267E-004   2.2735286399926216E-004
   1.0000000000462497        2.2735286400977716E-004   2.2735286399926216E-004
 comp:           1
  -2.3233808460000313E-005  -0.0000000000000000     
  -7.2048546647765532E-006  -0.0000000000000000     
  -2.2740121755260701E-006  -0.0000000000000000     
  -7.1896824364717236E-007  -0.0000000000000000     
  -2.2735337324971975E-007  -0.0000000000000000     
  -7.1895311820416922E-008  -0.0000000000000000     
  -2.2735289489943263E-008  -0.0000000000000000     
  -7.1895296854811356E-009  -0.0000000000000000     
  -2.2735288701363180E-009  -0.0000000000000000     
  -7.1895299518863522E-010  -0.0000000000000000     
 comp:           2
   1.0127376703392728E-004   0.0000000000000000     
   3.1405215984718292E-005   0.0000000000000000     
   9.9121837770602957E-006   0.0000000000000000     
   3.1339081811434807E-006   0.0000000000000000     
   9.9100982934027886E-007   0.0000000000000000     
   3.1338422509024860E-007   0.0000000000000000     
   9.9100774426087281E-008   0.0000000000000000     
   3.1338415985672245E-008   0.0000000000000000     
   9.9100770988748297E-009   0.0000000000000000     
   3.1338417146905028E-009   0.0000000000000000     
 comp:           3
  0.94362761261145145        2.1453644027599977E-004   2.2735286399926216E-004
  0.99459987523712745        2.2612513016846976E-004   2.2735286399926216E-004
  0.99946225014084744        2.2723060502866864E-004   2.2735286399926216E-004
  0.99994624753670702        2.2734064322278550E-004   2.2735286399926216E-004
  0.99999462497879477        2.2735164197279709E-004   2.2735286399926216E-004
  0.99999946250013039        2.2735274179712741E-004   2.2735286399926216E-004
  0.99999994625003574        2.2735285177905384E-004   2.2735286399926216E-004
  0.99999999462500411        2.2735286277724144E-004   2.2735286399926216E-004
  0.99999999946250018        2.2735286387706003E-004   2.2735286399926216E-004
  0.99999999994624966        2.2735286398704188E-004   2.2735286399926216E-004
 
 part: i_fks+j_fks
 comp:           0
   1.0000000366450128        276.25046482892947        276.25045470572803     
   1.0000000035137258        276.25045567639637        276.25045470572803     
   1.0000000003499319        276.25045480239686        276.25045470572803     
   1.0000000000349791        276.25045471539102        276.25045470572803     
   1.0000000000034979        276.25045470669431        276.25045470572803     
   1.0000000000003497        276.25045470582467        276.25045470572803     
   1.0000000000000349        276.25045470573764        276.25045470572803     
   1.0000000000000036        276.25045470572900        276.25045470572803     
   1.0000000000000002        276.25045470572809        276.25045470572803     
   1.0000000000000000        276.25045470572803        276.25045470572803     
 comp:           1
  -2.3233808460000313E-005   0.0000000000000000     
  -7.2048546647765532E-006   0.0000000000000000     
  -2.2740121755260701E-006   0.0000000000000000     
  -7.1896824364717236E-007   0.0000000000000000     
  -2.2735337324971975E-007   0.0000000000000000     
  -7.1895311820416922E-008   0.0000000000000000     
  -2.2735289489943263E-008   0.0000000000000000     
  -7.1895296854811356E-009   0.0000000000000000     
  -2.2735288701363180E-009   0.0000000000000000     
  -7.1895299518863522E-010   0.0000000000000000     
 comp:           2
   1.0127376703392728E-004   0.0000000000000000     
   3.1405215984718292E-005   0.0000000000000000     
   9.9121837770602957E-006   0.0000000000000000     
   3.1339081811434807E-006   0.0000000000000000     
   9.9100982934027886E-007   0.0000000000000000     
   3.1338422509024860E-007   0.0000000000000000     
   9.9100774426087281E-008   0.0000000000000000     
   3.1338415985672245E-008   0.0000000000000000     
   9.9100770988748297E-009   0.0000000000000000     
   3.1338417146905028E-009   0.0000000000000000     
 comp:           3
  0.99999995035605915        276.25044099156679        276.25045470572803     
  0.99999999524553884        276.25045339230599        276.25045470572803     
  0.99999999952655627        276.25045457493900        276.25045470572803     
  0.99999999995267574        276.25045469265467        276.25045470572803     
  0.99999999999526779        276.25045470442075        276.25045470572803     
  0.99999999999952671        276.25045470559729        276.25045470572803     
  0.99999999999995248        276.25045470571490        276.25045470572803     
  0.99999999999999523        276.25045470572672        276.25045470572803     
  0.99999999999999933        276.25045470572786        276.25045470572803     
   1.0000000000000000        276.25045470572803        276.25045470572803     
     
 Collinear #          12
 
 part:           1
 comp:           0
   1.0000000415138297        276.25001146819545        276.25000000000000     
   1.0000000039778452        276.25000109887975        276.25000000000000     
   1.0000000003961282        276.25000010943040        276.25000000000000     
   1.0000000000395963        276.25000001093849        276.25000000000000     
   1.0000000000039595        276.25000000109378        276.25000000000000     
   1.0000000000003959        276.25000000010937        276.25000000000000     
   1.0000000000000395        276.25000000001091        276.25000000000000     
   1.0000000000000042        276.25000000000114        276.25000000000000     
   1.0000000000000007        276.25000000000017        276.25000000000000     
   1.0000000000000000        276.25000000000000        276.25000000000000     
 comp:           1
   0.0000000000000000        0.0000000000000000     
   0.0000000000000000        0.0000000000000000     
   0.0000000000000000        0.0000000000000000     
   0.0000000000000000        0.0000000000000000     
   0.0000000000000000        0.0000000000000000     
   0.0000000000000000        0.0000000000000000     
   0.0000000000000000        0.0000000000000000     
   0.0000000000000000        0.0000000000000000     
   0.0000000000000000        0.0000000000000000     
   0.0000000000000000        0.0000000000000000     
 comp:           2
   0.0000000000000000        0.0000000000000000     
   0.0000000000000000        0.0000000000000000     
   0.0000000000000000        0.0000000000000000     
   0.0000000000000000        0.0000000000000000     
   0.0000000000000000        0.0000000000000000     
   0.0000000000000000        0.0000000000000000     
   0.0000000000000000        0.0000000000000000     
   0.0000000000000000        0.0000000000000000     
   0.0000000000000000        0.0000000000000000     
   0.0000000000000000        0.0000000000000000     
 comp:           3
   1.0000000415138297        276.25001146819545        276.25000000000000     
   1.0000000039778452        276.25000109887975        276.25000000000000     
   1.0000000003961282        276.25000010943040        276.25000000000000     
   1.0000000000395963        276.25000001093849        276.25000000000000     
   1.0000000000039595        276.25000000109378        276.25000000000000     
   1.0000000000003959        276.25000000010937        276.25000000000000     
   1.0000000000000395        276.25000000001091        276.25000000000000     
   1.0000000000000042        276.25000000000114        276.25000000000000     
   1.0000000000000007        276.25000000000017        276.25000000000000     
   1.0000000000000000        276.25000000000000        276.25000000000000     
 
 part:           2
 comp:           0
  0.99999999687310370        276.25021789579534        276.25021875960113     
  0.99999999970154074        276.25021867715168        276.25021875960113     
  0.99999999997028943        276.25021875139356        276.25021875960113     
  0.99999999999703038        276.25021875878076        276.25021875960113     
  0.99999999999970313        276.25021875951910        276.25021875960113     
  0.99999999999997014        276.25021875959288        276.25021875960113     
  0.99999999999999711        276.25021875960033        276.25021875960113     
   1.0000000000000000        276.25021875960113        276.25021875960113     
   1.0000000000000002        276.25021875960118        276.25021875960113     
   1.0000000000000000        276.25021875960113        276.25021875960113     
 comp:           1
   0.0000000000000000        0.0000000000000000     
   0.0000000000000000        0.0000000000000000     
   0.0000000000000000        0.0000000000000000     
   0.0000000000000000        0.0000000000000000     
   0.0000000000000000        0.0000000000000000     
   0.0000000000000000        0.0000000000000000     
   0.0000000000000000        0.0000000000000000     
   0.0000000000000000        0.0000000000000000     
   0.0000000000000000        0.0000000000000000     
   0.0000000000000000        0.0000000000000000     
 comp:           2
   0.0000000000000000        0.0000000000000000     
   0.0000000000000000        0.0000000000000000     
   0.0000000000000000        0.0000000000000000     
   0.0000000000000000        0.0000000000000000     
   0.0000000000000000        0.0000000000000000     
   0.0000000000000000        0.0000000000000000     
   0.0000000000000000        0.0000000000000000     
   0.0000000000000000        0.0000000000000000     
   0.0000000000000000        0.0000000000000000     
   0.0000000000000000        0.0000000000000000     
 comp:           3
  0.99999999687310370       -276.25021789579534       -276.25021875960113     
  0.99999999970154074       -276.25021867715168       -276.25021875960113     
  0.99999999997028943       -276.25021875139356       -276.25021875960113     
  0.99999999999703038       -276.25021875878076       -276.25021875960113     
  0.99999999999970313       -276.25021875951910       -276.25021875960113     
  0.99999999999997014       -276.25021875959288       -276.25021875960113     
  0.99999999999999711       -276.25021875960033       -276.25021875960113     
   1.0000000000000000       -276.25021875960113       -276.25021875960113     
   1.0000000000000002       -276.25021875960118       -276.25021875960113     
   1.0000000000000000       -276.25021875960113       -276.25021875960113     
 
 part:           3
 comp:           0
  0.99999994356080490        57.695732890799640        57.695736147100547     
  0.99999998249807909        57.695735137314337        57.695736147100547     
  0.99999999447600474        57.695735828389573        57.695736147100547     
  0.99999999825349328        57.695736046334559        57.695736147100547     
  0.99999999944771656        57.695736115236144        57.695736147100547     
  0.99999999982535304        57.695736137024163        57.695736147100547     
  0.99999999994477173        57.695736143914111        57.695736147100547     
  0.99999999998253508        57.695736146092898        57.695736147100547     
  0.99999999999447720        57.695736146781904        57.695736147100547     
  0.99999999999825351        57.695736146999785        57.695736147100547     
 comp:           1
  0.99999968002824757       -31.218945529219649       -31.218955518403554     
  0.99999990077605994       -31.218952420735782       -31.218955518403554     
  0.99999996868272023       -31.218954540710790       -31.218955518403554     
  0.99999999009850082       -31.218955209289092       -31.218955518403554     
  0.99999999686893093       -31.218955420654847       -31.218955518403554     
  0.99999999900987091       -31.218955487492757       -31.218955518403554     
  0.99999999968689368       -31.218955508628703       -31.218955518403554     
  0.99999999990098709       -31.218955515312473       -31.218955518403554     
  0.99999999996868938       -31.218955517426068       -31.218955518403554     
  0.99999999999009870       -31.218955518094447       -31.218955518403554     
 comp:           2
   1.0000000743381239       -40.838057659037361       -40.838054623212997     
   1.0000000230524146       -40.838055564628768       -40.838054623212997     
   1.0000000072758544       -40.838054920344732       -40.838054623212997     
   1.0000000023003872       -40.838054717156332       -40.838054623212997     
   1.0000000007274323       -40.838054652919922       -40.838054623212997     
   1.0000000002300338       -40.838054632607133       -40.838054623212997     
   1.0000000000727431       -40.838054626183684       -40.838054623212997     
   1.0000000000230034       -40.838054624152413       -40.838054623212997     
   1.0000000000072744       -40.838054623510068       -40.838054623212997     
   1.0000000000023004       -40.838054623306938       -40.838054623212997     
 comp:           3
   1.0000000000000000       -26.199772527395275       -26.199772527395275     
   1.0000000000000000       -26.199772527395275       -26.199772527395275     
   1.0000000000000000       -26.199772527395275       -26.199772527395275     
   1.0000000000000000       -26.199772527395275       -26.199772527395275     
   1.0000000000000000       -26.199772527395275       -26.199772527395275     
   1.0000000000000000       -26.199772527395275       -26.199772527395275     
   1.0000000000000000       -26.199772527395275       -26.199772527395275     
   1.0000000000000000       -26.199772527395275       -26.199772527395275     
   1.0000000000000000       -26.199772527395275       -26.199772527395275     
   1.0000000000000000       -26.199772527395275       -26.199772527395275     
 
 part:           4
 comp:           0
   1.0000001043309985        140.59322663777701        140.59321196954681     
   1.0000000323532667        140.59321651819650        140.59321196954681     
   1.0000000102114093        140.59321340520165        140.59321196954681     
   1.0000000032285135        140.59321242345388        140.59321196954681     
   1.0000000010209260        140.59321211308207        140.59321196954681     
   1.0000000003228446        140.59321201493657        140.59321196954681     
   1.0000000001020923        140.59321198390032        140.59321196954681     
   1.0000000000322842        140.59321197408576        140.59321196954681     
   1.0000000000102092        140.59321197098217        140.59321196954681     
   1.0000000000032285        140.59321197000071        140.59321196954681     
 comp:           1
   1.0000004596597600        52.955904620904860        52.955880279217638     
   1.0000001425414888        52.955887827627656        52.955880279217638     
   1.0000000449892599        52.955882661663495        52.955880279217638     
   1.0000000142241319        52.955881032469058        52.955880279217638     
   1.0000000044979793        52.955880517412091        52.955880279217638     
   1.0000000014223833        52.955880354541193        52.955880279217638     
   1.0000000004497971        52.955880303037034        52.955880279217638     
   1.0000000001422380        52.955880286749981        52.955880279217638     
   1.0000000000449796        52.955880281599576        52.955880279217638     
   1.0000000000142237        52.955880279970870        52.955880279217638     
 comp:           2
   1.0000000707770926       -104.52125671453506       -104.52124931682492     
   1.0000000219481300       -104.52125161087088       -104.52124931682492     
   1.0000000069273174       -104.52125004087678       -104.52124931682492     
   1.0000000021901911       -104.52124954574643       -104.52124931682492     
   1.0000000006925860       -104.52124938921487       -104.52124931682492     
   1.0000000002190146       -104.52124933971659       -104.52124931682492     
   1.0000000000692584       -104.52124932406390       -104.52124931682492     
   1.0000000000219014       -104.52124931911409       -104.52124931682492     
   1.0000000000069258       -104.52124931754882       -104.52124931682492     
   1.0000000000021902       -104.52124931705384       -104.52124931682492     
 comp:           3
   1.0000000000000000       -77.700929447576186       -77.700929447576186     
   1.0000000000000000       -77.700929447576186       -77.700929447576186     
   1.0000000000000000       -77.700929447576186       -77.700929447576186     
   1.0000000000000000       -77.700929447576186       -77.700929447576186     
   1.0000000000000000       -77.700929447576186       -77.700929447576186     
   1.0000000000000000       -77.700929447576186       -77.700929447576186     
   1.0000000000000000       -77.700929447576186       -77.700929447576186     
   1.0000000000000000       -77.700929447576186       -77.700929447576186     
   1.0000000000000000       -77.700929447576186       -77.700929447576186     
   1.0000000000000000       -77.700929447576186       -77.700929447576186     
 
 part:           5
 comp:           0
  0.99999993208747817        115.85624197101232        115.85624983910242     
  0.99999997894017534        115.85624739919011        115.85624983910242     
  0.99999999335305123        115.85624906901187        115.85624983910242     
  0.99999999789845218        115.85624959562497        115.85624983910242     
  0.99999999933544481        115.85624976210954        115.85624983910242     
  0.99999999978984966        115.85624981475519        115.85624983910242     
  0.99999999993354460        115.85624983140315        115.85624983910242     
  0.99999999997898492        115.85624983666769        115.85624983910242     
  0.99999999999335443        115.85624983833249        115.85624983910242     
  0.99999999999789846        115.85624983885894        115.85624983910242     
 comp:           1
  0.99999967072327278       -60.917851017279780       -60.917871076116995     
  0.99999989789056631       -60.917864855827681       -60.917871076116995     
  0.99999996777199440       -60.917869112855506       -60.917871076116995     
  0.99999998981055904       -60.917870455397946       -60.917871076116995     
  0.99999999677787732       -60.917870879832144       -60.917871076116995     
  0.99999999898107739       -60.917871014046398       -60.917871076116995     
  0.99999999967778841       -60.917871056488551       -60.917871076116995     
  0.99999999989810773       -60.917871069909935       -60.917871076116995     
  0.99999999996777877       -60.917871074154149       -60.917871076116995     
  0.99999999998981071       -60.917871075496286       -60.917871076116995     
 comp:           2
   1.0000001197345147       -50.913514879412645       -50.913508783308373     
   1.0000000371299349       -50.913510673723643       -50.913508783308373     
   1.0000000117190322       -50.913509379965426       -50.913508783308373     
   1.0000000037051746       -50.913508971951813       -50.913508783308373     
   1.0000000011716568       -50.913508842961527       -50.913508783308373     
   1.0000000003705096       -50.913508802172323       -50.913508783308373     
   1.0000000001171654       -50.913508789273678       -50.913508783308373     
   1.0000000000370510       -50.913508785194772       -50.913508783308373     
   1.0000000000117166       -50.913508783904902       -50.913508783308373     
   1.0000000000037050       -50.913508783497015       -50.913508783308373     
 comp:           3
   1.0000000000000000       -25.539817527452051       -25.539817527452051     
   1.0000000000000000       -25.539817527452051       -25.539817527452051     
   1.0000000000000000       -25.539817527452051       -25.539817527452051     
   1.0000000000000000       -25.539817527452051       -25.539817527452051     
   1.0000000000000000       -25.539817527452051       -25.539817527452051     
   1.0000000000000000       -25.539817527452051       -25.539817527452051     
   1.0000000000000000       -25.539817527452051       -25.539817527452051     
   1.0000000000000000       -25.539817527452051       -25.539817527452051     
   1.0000000000000000       -25.539817527452051       -25.539817527452051     
   1.0000000000000000       -25.539817527452051       -25.539817527452051     
 
 part:           6
 comp:           0
  0.99999998513212207        238.35479850042012        238.35480204425022     
  0.99999999538943507        238.35480094529993        238.35480204425022     
  0.99999999854480315        238.35480169739705        238.35480204425022     
  0.99999999953991425        238.35480193458656        238.35480204425022     
  0.99999999985451071        238.35480200957215        238.35480204425022     
  0.99999999995399236        238.35480203328407        238.35480204425022     
  0.99999999998545119        238.35480204078243        238.35480204425022     
  0.99999999999539912        238.35480204315357        238.35480204425022     
  0.99999999999854516        238.35480204390345        238.35480204425022     
  0.99999999999953992        238.35480204414057        238.35480204425022     
 comp:           1
   1.0000010532592545        39.180987582997219        39.180946315302911     
   1.0000003266179933        39.180959112504972        39.180946315302911     
   1.0000001030878942        39.180950354384159        39.180946315302911     
   1.0000000325930192        39.180947592328245        39.180946315302911     
   1.0000000103066204        39.180946719126055        39.180946315302911     
   1.0000000032592333        39.180946443002760        39.180946315302911     
   1.0000000010306600        39.180946355685144        39.180946315302911     
   1.0000000003259233        39.180946328072892        39.180946315302911     
   1.0000000001030660        39.180946319341132        39.180946315302911     
   1.0000000000325924        39.180946316579913        39.180946315302911     
 comp:           2
  0.99999993610061300        196.27280018163390        196.27281272334631     
  0.99999998018466063        196.27280883413391        196.27281272334631     
  0.99999999374583870        196.27281149582447        196.27281272334631     
  0.99999999802263895        196.27281233524408        196.27281272334631     
  0.99999999937471540        196.27281260061994        196.27281272334631     
  0.99999999980226795        196.27281268453689        196.27281272334631     
  0.99999999993747168        196.27281271107370        196.27281272334631     
  0.99999999998022682        196.27281271946538        196.27281272334631     
  0.99999999999374722        196.27281272211906        196.27281272334631     
  0.99999999999802269        196.27281272295821        196.27281272334631     
 comp:           3
   1.0000000000000000        129.44051950242351        129.44051950242351     
   1.0000000000000000        129.44051950242351        129.44051950242351     
   1.0000000000000000        129.44051950242351        129.44051950242351     
   1.0000000000000000        129.44051950242351        129.44051950242351     
   1.0000000000000000        129.44051950242351        129.44051950242351     
   1.0000000000000000        129.44051950242351        129.44051950242351     
   1.0000000000000000        129.44051950242351        129.44051950242351     
   1.0000000000000000        129.44051950242351        129.44051950242351     
   1.0000000000000000        129.44051950242351        129.44051950242351     
   1.0000000000000000        129.44051950242351        129.44051950242351     
 
 part:           7
 comp:           0
   1.0484750408430563        2.2936398174831966E-004   2.1875960114786614E-004
   1.0046463305254687        2.1977603056041881E-004   2.1875960114786614E-004
   1.0004627120470753        2.1886082385073064E-004   2.1875960114786614E-004
   1.0000462520812923        2.1876971923472189E-004   2.1875960114786614E-004
   1.0000046250169825        2.1876061291473651E-004   2.1875960114786614E-004
   1.0000004624997865        2.1875970232413495E-004   2.1875960114786614E-004
   1.0000000462499599        2.1875961126548892E-004   2.1875960114786614E-004
   1.0000000046249962        2.1875960215962846E-004   2.1875960114786614E-004
   1.0000000004624994        2.1875960124904232E-004   2.1875960114786614E-004
   1.0000000000462494        2.1875960115798367E-004   2.1875960114786614E-004
 comp:           1
  -9.5657402653681010E-005  -0.0000000000000000     
  -2.9663569164139973E-005  -0.0000000000000000     
  -9.3624813534382804E-006  -0.0000000000000000     
  -2.9601102612158605E-006  -0.0000000000000000     
  -9.3605115250296823E-007  -0.0000000000000000     
  -2.9600479872866294E-007  -0.0000000000000000     
  -9.3604918305639296E-008  -0.0000000000000000     
  -2.9600473711281080E-008  -0.0000000000000000     
  -9.3604915058925670E-009  -0.0000000000000000     
  -2.9600474808115083E-009  -0.0000000000000000     
 comp:           2
   2.9071351169172822E-005   0.0000000000000000     
   9.0150893938010851E-006   0.0000000000000000     
   2.8453624674092370E-006   0.0000000000000000     
   8.9961051122023846E-007   0.0000000000000000     
   2.8447638145938696E-007   0.0000000000000000     
   8.9959158547884133E-008   0.0000000000000000     
   2.8447578292261494E-008   0.0000000000000000     
   8.9959139822139681E-009   0.0000000000000000     
   2.8447577305549030E-009   0.0000000000000000     
   8.9959143155540494E-010   0.0000000000000000     
 comp:           3
  0.94362761118855076       -2.0642759985572108E-004  -2.1875960114786614E-004
  0.99459987509337566       -2.1757827197714435E-004  -2.1875960114786614E-004
  0.99946225012646206       -2.1864196320001367E-004  -2.1875960114786614E-004
  0.99994624753526828       -2.1874784228012072E-004  -2.1875960114786614E-004
  0.99999462497865099       -2.1875842531033968E-004  -2.1875960114786614E-004
  0.99999946250011584       -2.1875948356460588E-004  -2.1875960114786614E-004
  0.99999994625003452       -2.1875958938954513E-004  -2.1875960114786614E-004
  0.99999999462500411       -2.1875959997203420E-004  -2.1875960114786614E-004
  0.99999999946250007       -2.1875960103028287E-004  -2.1875960114786614E-004
  0.99999999994624955       -2.1875960113610773E-004  -2.1875960114786614E-004
 
 part: i_fks+j_fks
 comp:           0
   1.0000000352599436        276.25044725977710        276.25043751920225     
   1.0000000033809178        276.25043845318226        276.25043751920225     
   1.0000000003367060        276.25043761221741        276.25043751920225     
   1.0000000000336571        276.25043752850002        276.25043751920225     
   1.0000000000033658        276.25043752013204        276.25043751920225     
   1.0000000000003364        276.25043751929519        276.25043751920225     
   1.0000000000000338        276.25043751921157        276.25043751920225     
   1.0000000000000038        276.25043751920327        276.25043751920225     
   1.0000000000000007        276.25043751920242        276.25043751920225     
   1.0000000000000002        276.25043751920231        276.25043751920225     
 comp:           1
  -9.5657402653681010E-005   0.0000000000000000     
  -2.9663569164139973E-005   0.0000000000000000     
  -9.3624813534382804E-006   0.0000000000000000     
  -2.9601102612158605E-006   0.0000000000000000     
  -9.3605115250296823E-007   0.0000000000000000     
  -2.9600479872866294E-007   0.0000000000000000     
  -9.3604918305639296E-008   0.0000000000000000     
  -2.9600473711281080E-008   0.0000000000000000     
  -9.3604915058925670E-009   0.0000000000000000     
  -2.9600474808115083E-009   0.0000000000000000     
 comp:           2
   2.9071351169172822E-005   0.0000000000000000     
   9.0150893938010851E-006   0.0000000000000000     
   2.8453624674092370E-006   0.0000000000000000     
   8.9961051122023846E-007   0.0000000000000000     
   2.8447638145938696E-007   0.0000000000000000     
   8.9959158547884133E-008   0.0000000000000000     
   2.8447578292261494E-008   0.0000000000000000     
   8.9959139822139681E-009   0.0000000000000000     
   2.8447577305549030E-009   0.0000000000000000     
   8.9959143155540494E-010   0.0000000000000000     
 comp:           3
  0.99999995223244820       -276.25042432339518       -276.25043751920225     
  0.99999999542524309       -276.25043625542366       -276.25043751920225     
  0.99999999954445151       -276.25043739335678       -276.25043751920225     
  0.99999999995446442       -276.25043750662303       -276.25043751920225     
  0.99999999999544675       -276.25043751794442       -276.25043751920225     
  0.99999999999954459       -276.25043751907646       -276.25043751920225     
  0.99999999999995470       -276.25043751918975       -276.25043751920225     
  0.99999999999999589       -276.25043751920111       -276.25043751920225     
  0.99999999999999978       -276.25043751920219       -276.25043751920225     
   1.0000000000000000       -276.25043751920225       -276.25043751920225     
     
 Collinear #          42
 
 part:           1
 comp:           0
   1.0000000343003392        276.25000947546869        276.24999999999994     
   1.0000000032866507        276.25000090793719        276.24999999999994     
   1.0000000003272966        276.25000009041565        276.24999999999994     
   1.0000000000327163        276.25000000903782        276.24999999999994     
   1.0000000000032716        276.25000000090375        276.24999999999994     
   1.0000000000003273        276.25000000009038        276.24999999999994     
   1.0000000000000329        276.25000000000904        276.24999999999994     
   1.0000000000000033        276.25000000000085        276.24999999999994     
   1.0000000000000004        276.25000000000006        276.24999999999994     
   1.0000000000000002        276.25000000000000        276.24999999999994     
 comp:           1
   0.0000000000000000        0.0000000000000000     
   0.0000000000000000        0.0000000000000000     
   0.0000000000000000        0.0000000000000000     
   0.0000000000000000        0.0000000000000000     
   0.0000000000000000        0.0000000000000000     
   0.0000000000000000        0.0000000000000000     
   0.0000000000000000        0.0000000000000000     
   0.0000000000000000        0.0000000000000000     
   0.0000000000000000        0.0000000000000000     
   0.0000000000000000        0.0000000000000000     
 comp:           2
   0.0000000000000000        0.0000000000000000     
   0.0000000000000000        0.0000000000000000     
   0.0000000000000000        0.0000000000000000     
   0.0000000000000000        0.0000000000000000     
   0.0000000000000000        0.0000000000000000     
   0.0000000000000000        0.0000000000000000     
   0.0000000000000000        0.0000000000000000     
   0.0000000000000000        0.0000000000000000     
   0.0000000000000000        0.0000000000000000     
   0.0000000000000000        0.0000000000000000     
 comp:           3
   1.0000000343003392        276.25000947546869        276.24999999999994     
   1.0000000032866507        276.25000090793719        276.24999999999994     
   1.0000000003272966        276.25000009041565        276.24999999999994     
   1.0000000000327163        276.25000000903782        276.24999999999994     
   1.0000000000032716        276.25000000090375        276.24999999999994     
   1.0000000000003273        276.25000000009038        276.24999999999994     
   1.0000000000000329        276.25000000000904        276.24999999999994     
   1.0000000000000033        276.25000000000085        276.24999999999994     
   1.0000000000000004        276.25000000000006        276.24999999999994     
   1.0000000000000002        276.25000000000000        276.24999999999994     
 
 part:           2
 comp:           0
  0.99999999741643464        276.25018003396008        276.25018074767047     
  0.99999999975340159        276.25018067954761        276.25018074767047     
  0.99999999997545230        276.25018074088916        276.25018074767047     
  0.99999999999754663        276.25018074699273        276.25018074767047     
  0.99999999999975497        276.25018074760277        276.25018074767047     
  0.99999999999997569        276.25018074766376        276.25018074767047     
  0.99999999999999778        276.25018074766984        276.25018074767047     
  0.99999999999999978        276.25018074767041        276.25018074767047     
   1.0000000000000000        276.25018074767047        276.25018074767047     
   1.0000000000000000        276.25018074767047        276.25018074767047     
 comp:           1
   0.0000000000000000        0.0000000000000000     
   0.0000000000000000        0.0000000000000000     
   0.0000000000000000        0.0000000000000000     
   0.0000000000000000        0.0000000000000000     
   0.0000000000000000        0.0000000000000000     
   0.0000000000000000        0.0000000000000000     
   0.0000000000000000        0.0000000000000000     
   0.0000000000000000        0.0000000000000000     
   0.0000000000000000        0.0000000000000000     
   0.0000000000000000        0.0000000000000000     
 comp:           2
   0.0000000000000000        0.0000000000000000     
   0.0000000000000000        0.0000000000000000     
   0.0000000000000000        0.0000000000000000     
   0.0000000000000000        0.0000000000000000     
   0.0000000000000000        0.0000000000000000     
   0.0000000000000000        0.0000000000000000     
   0.0000000000000000        0.0000000000000000     
   0.0000000000000000        0.0000000000000000     
   0.0000000000000000        0.0000000000000000     
   0.0000000000000000        0.0000000000000000     
 comp:           3
  0.99999999741643464       -276.25018003396008       -276.25018074767047     
  0.99999999975340159       -276.25018067954761       -276.25018074767047     
  0.99999999997545230       -276.25018074088916       -276.25018074767047     
  0.99999999999754663       -276.25018074699273       -276.25018074767047     
  0.99999999999975497       -276.25018074760277       -276.25018074767047     
  0.99999999999997569       -276.25018074766376       -276.25018074767047     
  0.99999999999999778       -276.25018074766984       -276.25018074767047     
  0.99999999999999978       -276.25018074767041       -276.25018074767047     
   1.0000000000000000       -276.25018074767047       -276.25018074767047     
   1.0000000000000000       -276.25018074767047       -276.25018074767047     
 
 part:           3
 comp:           0
  0.99999993034086210        14.811826346323498        14.811827378102624     
  0.99999997839854693        14.811827058145630        14.811827378102624     
  0.99999999318210142        14.811827277117088        14.811827378102624     
  0.99999999784440352        14.811827346174301        14.811827378102624     
  0.99999999931835359        14.811827368006195        14.811827378102624     
  0.99999999978444487        14.811827374909859        14.811827378102624     
  0.99999999993183553        14.811827377092984        14.811827378102624     
  0.99999999997844446        14.811827377783347        14.811827378102624     
  0.99999999999318356        14.811827378001659        14.811827378102624     
  0.99999999999784439        14.811827378070696        14.811827378102624     
 comp:           1
   1.0000000176621187        12.342602263759975        12.342602045763474     
   1.0000000054770617        12.342602113364666        12.342602045763474     
   1.0000000017286823        12.342602067099913        12.342602045763474     
   1.0000000005465528        12.342602052509358        12.342602045763474     
   1.0000000001728320        12.342602047896669        12.342602045763474     
   1.0000000000546541        12.342602046438047        12.342602045763474     
   1.0000000000172831        12.342602045976793        12.342602045763474     
   1.0000000000054654        12.342602045830931        12.342602045763474     
   1.0000000000017284        12.342602045784806        12.342602045763474     
   1.0000000000005467        12.342602045770221        12.342602045763474     
 comp:           2
  0.99999972978228036       -8.1555909576235699       -8.1555931614093566     
  0.99999991620489359       -8.1555924780105595       -8.1555931614093566     
  0.99999997355240300       -8.1555929457135150       -8.1555931614093566     
  0.99999999163813513       -8.1555930932133887       -8.1555931614093566     
  0.99999999735579670       -8.1555931398443100       -8.1555931614093566     
  0.99999999916383109       -8.1555931545899032       -8.1555931614093566     
  0.99999999973558018       -8.1555931592528559       -8.1555931614093566     
  0.99999999991638311       -8.1555931607274115       -8.1555931614093566     
  0.99999999997355804       -8.1555931611937069       -8.1555931614093566     
  0.99999999999163836       -8.1555931613411623       -8.1555931614093566     
 comp:           3
   1.0000000000000000       0.73260166816590466       0.73260166816590466     
   1.0000000000000000       0.73260166816590466       0.73260166816590466     
   1.0000000000000000       0.73260166816590466       0.73260166816590466     
   1.0000000000000000       0.73260166816590466       0.73260166816590466     
   1.0000000000000000       0.73260166816590466       0.73260166816590466     
   1.0000000000000000       0.73260166816590466       0.73260166816590466     
   1.0000000000000000       0.73260166816590466       0.73260166816590466     
   1.0000000000000000       0.73260166816590466       0.73260166816590466     
   1.0000000000000000       0.73260166816590466       0.73260166816590466     
   1.0000000000000000       0.73260166816590466       0.73260166816590466     
 
 part:           4
 comp:           0
  0.99999994541791648        133.91129722733118        133.91130453648918     
  0.99999998307397442        133.91130226990302        133.91130453648918     
  0.99999999465777012        133.91130382110421        133.91130453648918     
  0.99999999831096165        133.91130431030786        133.91130453648918     
  0.99999999946588936        133.91130446496572        133.91130453648918     
  0.99999999983109977        133.91130451387153        133.91130453648918     
  0.99999999994658906        133.91130452933686        133.91130453648918     
  0.99999999998310996        133.91130453422741        133.91130453648918     
  0.99999999999465894        133.91130453577395        133.91130453648918     
  0.99999999999831102        133.91130453626300        133.91130453648918     
 comp:           1
  0.99999998447050886       -126.91147605046768       -126.91147802133835     
  0.99999999518427085       -126.91147741016705       -126.91147802133835     
  0.99999999848004895       -126.91147782843912       -126.91147802133835     
  0.99999999951944119       -126.91147796034993       -126.91147802133835     
  0.99999999984803689       -126.91147800205249       -126.91147802133835     
  0.99999999995194511       -126.91147801523964       -126.91147802133835     
  0.99999999998480371       -126.91147801940977       -126.91147802133835     
  0.99999999999519451       -126.91147802072848       -126.91147802133835     
  0.99999999999848044       -126.91147802114550       -126.91147802133835     
  0.99999999999951938       -126.91147802127736       -126.91147802133835     
 comp:           2
  0.99999945520233846       -36.571477690570113       -36.571497614636492     
  0.99999983105705359       -36.571491436139929       -36.571497614636492     
  0.99999994667785308       -36.571495664565724       -36.571497614636492     
  0.99999998314128169       -36.571496998087916       -36.571497614636492     
  0.99999999466890721       -36.571497419670443       -36.571497614636492     
  0.99999999831416364       -36.571497552982933       -36.571497614636492     
  0.99999999946689189       -36.571497595139931       -36.571497614636492     
  0.99999999983141630       -36.571497608471134       -36.571497614636492     
  0.99999999994668909       -36.571497612686834       -36.571497614636492     
  0.99999999998314160       -36.571497614019954       -36.571497614636492     
 comp:           3
   1.0000000000000000       -22.096148789468764       -22.096148789468764     
   1.0000000000000000       -22.096148789468764       -22.096148789468764     
   1.0000000000000000       -22.096148789468764       -22.096148789468764     
   1.0000000000000000       -22.096148789468764       -22.096148789468764     
   1.0000000000000000       -22.096148789468764       -22.096148789468764     
   1.0000000000000000       -22.096148789468764       -22.096148789468764     
   1.0000000000000000       -22.096148789468764       -22.096148789468764     
   1.0000000000000000       -22.096148789468764       -22.096148789468764     
   1.0000000000000000       -22.096148789468764       -22.096148789468764     
   1.0000000000000000       -22.096148789468764       -22.096148789468764     
 
 part:           5
 comp:           0
  0.99999993848480617        151.65957238911469        151.65958171848325     
  0.99999998092400200        151.65957882542537        151.65958171848325     
  0.99999999397919115        151.65958080536990        151.65958171848325     
  0.99999999809641715        151.65958142978667        151.65958171848325     
  0.99999999939804585        151.65958162719113        151.65958171848325     
  0.99999999980964582        151.65958168961421        151.65958171848325     
  0.99999999993980471        151.65958170935406        151.65958171848325     
  0.99999999998096456        151.65958171559635        151.65958171848325     
  0.99999999999398059        151.65958171757035        151.65958171848325     
  0.99999999999809652        151.65958171819457        151.65958171848325     
 comp:           1
  0.99999998107904975       -117.96896917099471       -117.96897140307975     
  0.99999999413257190       -117.96897071090530       -117.96897140307975     
  0.99999999814810936       -117.96897118461412       -117.96897140307975     
  0.99999999941449269       -117.96897133400806       -117.96897140307975     
  0.99999999981484988       -117.96897138123778       -117.96897140307975     
  0.99999999994145050       -117.96897139617272       -117.96897140307975     
  0.99999999998148503       -117.96897140089555       -117.96897140307975     
  0.99999999999414502       -117.96897140238904       -117.96897140307975     
  0.99999999999814848       -117.96897140286133       -117.96897140307975     
  0.99999999999941458       -117.96897140301068       -117.96897140307975     
 comp:           2
  0.99999955784936934       -51.034063625329573       -51.034086190082967     
  0.99999986288812193       -51.034079192703565       -51.034086190082967     
  0.99999995672444553       -51.034083981554588       -51.034086190082967     
  0.99999998631768550       -51.034085491818551       -51.034086190082967     
  0.99999999567335507       -51.034085969276596       -51.034086190082967     
  0.99999999863179734       -51.034086120257996       -51.034086190082967     
  0.99999999956733643       -51.034086168002375       -51.034086190082967     
  0.99999999986317978       -51.034086183100470       -51.034086190082967     
  0.99999999995673361       -51.034086187874905       -51.034086190082967     
  0.99999999998631794       -51.034086189384716       -51.034086190082967     
 comp:           3
   1.0000000000000000        3.5009435152966351        3.5009435152966351     
   1.0000000000000000        3.5009435152966351        3.5009435152966351     
   1.0000000000000000        3.5009435152966351        3.5009435152966351     
   1.0000000000000000        3.5009435152966351        3.5009435152966351     
   1.0000000000000000        3.5009435152966351        3.5009435152966351     
   1.0000000000000000        3.5009435152966351        3.5009435152966351     
   1.0000000000000000        3.5009435152966351        3.5009435152966351     
   1.0000000000000000        3.5009435152966351        3.5009435152966351     
   1.0000000000000000        3.5009435152966351        3.5009435152966351     
   1.0000000000000000        3.5009435152966351        3.5009435152966351     
 
 part:           6
 comp:           0
   1.0000000700876646        252.11730403723672        252.11728636692490     
   1.0000000217343354        252.11729184652657        252.11728636692490     
   1.0000000068598389        252.11728809640888        252.11728636692490     
   1.0000000021688566        252.11728691373114        252.11728636692490     
   1.0000000006858396        252.11728653983690        252.11728636692490     
   1.0000000002168812        252.11728642160438        252.11728636692490     
   1.0000000000685838        252.11728638421607        252.11728636692490     
   1.0000000000216880        252.11728637239284        252.11728636692490     
   1.0000000000068583        252.11728636865402        252.11728636692490     
   1.0000000000021689        252.11728636747171        252.11728636692490     
 comp:           1
   1.0000000159569500        232.53785108924944        232.53784737865462     
   1.0000000049482849        232.53784852931815        232.53784737865462     
   1.0000000015617887        232.53784774182958        232.53784737865462     
   1.0000000004937866        232.53784749347867        232.53784737865462     
   1.0000000001561460        232.53784741496446        232.53784737865462     
   1.0000000000493776        232.53784739013679        232.53784737865462     
   1.0000000000156146        232.53784738228561        232.53784737865462     
   1.0000000000049378        232.53784737980283        232.53784737865462     
   1.0000000000015614        232.53784737901771        232.53784737865462     
   1.0000000000004938        232.53784737876944        232.53784737865462     
 comp:           2
   1.0000003917183484        95.761214477538900        95.761176966128815     
   1.0000001214727117        95.761188598498649        95.761176966128815     
   1.0000000383394860        95.761180637563115        95.761176966128815     
   1.0000000121216910        95.761178126916207        95.761176966128815     
   1.0000000038331418        95.761177333194993        95.761176966128815     
   1.0000000012121435        95.761177082205108        95.761176966128815     
   1.0000000003833134        95.761177002835353        95.761176966128815     
   1.0000000001212144        95.761176977736440        95.761176966128815     
   1.0000000000383313        95.761176969799465        95.761176966128815     
   1.0000000000121214        95.761176967289572        95.761176966128815     
 comp:           3
   1.0000000000000000        17.862603606006225        17.862603606006225     
   1.0000000000000000        17.862603606006225        17.862603606006225     
   1.0000000000000000        17.862603606006225        17.862603606006225     
   1.0000000000000000        17.862603606006225        17.862603606006225     
   1.0000000000000000        17.862603606006225        17.862603606006225     
   1.0000000000000000        17.862603606006225        17.862603606006225     
   1.0000000000000000        17.862603606006225        17.862603606006225     
   1.0000000000000000        17.862603606006225        17.862603606006225     
   1.0000000000000000        17.862603606006225        17.862603606006225     
   1.0000000000000000        17.862603606006225        17.862603606006225     
 
 part:           7
 comp:           0
   1.0484750482195693        1.8950942259515140E-004   1.8074767054968079E-004
   1.0046463312650320        1.8158748410243748E-004   1.8074767054968079E-004
   1.0004627121210350        1.8083130468769297E-004   1.8074767054968079E-004
   1.0000462520886881        1.8075603050696923E-004   1.8074767054968079E-004
   1.0000046250177221        1.8074850651086030E-004   1.8074767054968079E-004
   1.0000004624998606        1.8074775414545323E-004   1.8074767054968079E-004
   1.0000000462499674        1.8074767890925464E-004   1.8074767054968079E-004
   1.0000000046249968        1.8074767138563820E-004   1.8074767054968079E-004
   1.0000000004624994        1.8074767063327646E-004   1.8074767054968079E-004
   1.0000000000462497        1.8074767055804031E-004   1.8074767054968079E-004
 comp:           1
  -8.1315470401634159E-006  -0.0000000000000000     
  -2.5216104773195295E-006  -0.0000000000000000     
  -7.9587628011649203E-007  -0.0000000000000000     
  -2.5163003850827039E-007  -0.0000000000000000     
  -7.9570883097429069E-008  -0.0000000000000000     
  -2.5162474479030688E-008  -0.0000000000000000     
  -7.9570715680745302E-009  -0.0000000000000000     
  -2.5162469241253861E-009  -0.0000000000000000     
  -7.9570712920812312E-010  -0.0000000000000000     
  -2.5162470173639351E-010  -0.0000000000000000     
 comp:           2
  -8.2204015650253582E-005  -0.0000000000000000     
  -2.5491644593284216E-005  -0.0000000000000000     
  -8.0457292890538211E-006  -0.0000000000000000     
  -2.5437963429886367E-006  -0.0000000000000000     
  -8.0440365002353892E-007  -0.0000000000000000     
  -2.5437428273572105E-007  -0.0000000000000000     
  -8.0440195756285176E-008  -0.0000000000000000     
  -2.5437422978561378E-008  -0.0000000000000000     
  -8.0440192966194008E-009  -0.0000000000000000     
  -2.5437423921135174E-009  -0.0000000000000000     
 comp:           3
  0.94362760489440911       -1.7055849145103901E-004  -1.8074767054968079E-004
  0.99459987445749432       -1.7977161043719706E-004  -1.8074767054968079E-004
  0.99946225006282752       -1.8065047350119862E-004  -1.8074767054968079E-004
  0.99994624752890449       -1.8073795491574399E-004  -1.8074767054968079E-004
  0.99999462497801472       -1.8074669902697779E-004  -1.8074767054968079E-004
  0.99999946250005245       -1.8074757339781736E-004  -1.8074767054968079E-004
  0.99999994625002819       -1.8074766083449860E-004  -1.8074767054968079E-004
  0.99999999462500344       -1.8074766957816267E-004  -1.8074767054968079E-004
  0.99999999946249996       -1.8074767045252890E-004  -1.8074767054968079E-004
  0.99999999994624977       -1.8074767053996555E-004  -1.8074767054968079E-004
 
 part: i_fks+j_fks
 comp:           0
   1.0000000291331443        276.25036954338265        276.25036149534100     
   1.0000000027934470        276.25036226703173        276.25036149534100     
   1.0000000002782001        276.25036157219387        276.25036149534100     
   1.0000000000278089        276.25036150302321        276.25036149534100     
   1.0000000000027811        276.25036149610929        276.25036149534100     
   1.0000000000002784        276.25036149541791        276.25036149534100     
   1.0000000000000280        276.25036149534873        276.25036149534100     
   1.0000000000000029        276.25036149534179        276.25036149534100     
   1.0000000000000004        276.25036149534111        276.25036149534100     
   1.0000000000000002        276.25036149534105        276.25036149534100     
 comp:           1
  -8.1315470401634159E-006   0.0000000000000000     
  -2.5216104773195295E-006   0.0000000000000000     
  -7.9587628011649203E-007   0.0000000000000000     
  -2.5163003850827039E-007   0.0000000000000000     
  -7.9570883097429069E-008   0.0000000000000000     
  -2.5162474479030688E-008   0.0000000000000000     
  -7.9570715680745302E-009   0.0000000000000000     
  -2.5162469241253861E-009   0.0000000000000000     
  -7.9570712920812312E-010   0.0000000000000000     
  -2.5162470173639351E-010   0.0000000000000000     
 comp:           2
  -8.2204015650253582E-005   0.0000000000000000     
  -2.5491644593284216E-005   0.0000000000000000     
  -8.0457292890538211E-006   0.0000000000000000     
  -2.5437963429886367E-006   0.0000000000000000     
  -8.0440365002353892E-007   0.0000000000000000     
  -2.5437428273572105E-007   0.0000000000000000     
  -8.0440195756285176E-008   0.0000000000000000     
  -2.5437422978561378E-008   0.0000000000000000     
  -8.0440192966194008E-009   0.0000000000000000     
  -2.5437423921135174E-009   0.0000000000000000     
 comp:           3
  0.99999996053257845       -276.25035059245153       -276.25036149534100     
  0.99999999622015712       -276.25036045115803       -276.25036149534100     
  0.99999999962360842       -276.25036139136267       -276.25036149534100     
  0.99999999996237698       -276.25036148494763       -276.25036149534100     
  0.99999999999623812       -276.25036149430179       -276.25036149534100     
  0.99999999999962408       -276.25036149523714       -276.25036149534100     
  0.99999999999996259       -276.25036149533065       -276.25036149534100     
  0.99999999999999634       -276.25036149533997       -276.25036149534100     
  0.99999999999999978       -276.25036149534094       -276.25036149534100     
   1.0000000000000000       -276.25036149534100       -276.25036149534100     
     
 Collinear #          58
 
 part:           1
 comp:           0
   1.0000000425415583        276.25001175210548        276.25000000000000     
   1.0000000040763217        276.25000112608387        276.25000000000000     
   1.0000000004059346        276.25000011213945        276.25000000000000     
   1.0000000000405767        276.25000001120929        276.25000000000000     
   1.0000000000040576        276.25000000112090        276.25000000000000     
   1.0000000000004057        276.25000000011210        276.25000000000000     
   1.0000000000000406        276.25000000001120        276.25000000000000     
   1.0000000000000040        276.25000000000108        276.25000000000000     
   1.0000000000000004        276.25000000000011        276.25000000000000     
   1.0000000000000000        276.25000000000000        276.25000000000000     
 comp:           1
   0.0000000000000000        0.0000000000000000     
   0.0000000000000000        0.0000000000000000     
   0.0000000000000000        0.0000000000000000     
   0.0000000000000000        0.0000000000000000     
   0.0000000000000000        0.0000000000000000     
   0.0000000000000000        0.0000000000000000     
   0.0000000000000000        0.0000000000000000     
   0.0000000000000000        0.0000000000000000     
   0.0000000000000000        0.0000000000000000     
   0.0000000000000000        0.0000000000000000     
 comp:           2
   0.0000000000000000        0.0000000000000000     
   0.0000000000000000        0.0000000000000000     
   0.0000000000000000        0.0000000000000000     
   0.0000000000000000        0.0000000000000000     
   0.0000000000000000        0.0000000000000000     
   0.0000000000000000        0.0000000000000000     
   0.0000000000000000        0.0000000000000000     
   0.0000000000000000        0.0000000000000000     
   0.0000000000000000        0.0000000000000000     
   0.0000000000000000        0.0000000000000000     
 comp:           3
   1.0000000425415583        276.25001175210548        276.25000000000000     
   1.0000000040763217        276.25000112608387        276.25000000000000     
   1.0000000004059346        276.25000011213945        276.25000000000000     
   1.0000000000405767        276.25000001120929        276.25000000000000     
   1.0000000000040576        276.25000000112090        276.25000000000000     
   1.0000000000004057        276.25000000011210        276.25000000000000     
   1.0000000000000406        276.25000000001120        276.25000000000000     
   1.0000000000000040        276.25000000000108        276.25000000000000     
   1.0000000000000004        276.25000000000011        276.25000000000000     
   1.0000000000000000        276.25000000000000        276.25000000000000     
 
 part:           2
 comp:           0
  0.99999999679569351        276.25022329009045        276.25022417528083     
  0.99999999969415176        276.25022409079020        276.25022417528083     
  0.99999999996955358        276.25022416687000        276.25022417528083     
  0.99999999999695666        276.25022417444012        276.25022417528083     
  0.99999999999969569        276.25022417519676        276.25022417528083     
  0.99999999999996958        276.25022417527242        276.25022417528083     
  0.99999999999999689        276.25022417527998        276.25022417528083     
  0.99999999999999956        276.25022417528072        276.25022417528083     
   1.0000000000000000        276.25022417528083        276.25022417528083     
   1.0000000000000000        276.25022417528083        276.25022417528083     
 comp:           1
   0.0000000000000000        0.0000000000000000     
   0.0000000000000000        0.0000000000000000     
   0.0000000000000000        0.0000000000000000     
   0.0000000000000000        0.0000000000000000     
   0.0000000000000000        0.0000000000000000     
   0.0000000000000000        0.0000000000000000     
   0.0000000000000000        0.0000000000000000     
   0.0000000000000000        0.0000000000000000     
   0.0000000000000000        0.0000000000000000     
   0.0000000000000000        0.0000000000000000     
 comp:           2
   0.0000000000000000        0.0000000000000000     
   0.0000000000000000        0.0000000000000000     
   0.0000000000000000        0.0000000000000000     
   0.0000000000000000        0.0000000000000000     
   0.0000000000000000        0.0000000000000000     
   0.0000000000000000        0.0000000000000000     
   0.0000000000000000        0.0000000000000000     
   0.0000000000000000        0.0000000000000000     
   0.0000000000000000        0.0000000000000000     
   0.0000000000000000        0.0000000000000000     
 comp:           3
  0.99999999679569351       -276.25022329009045       -276.25022417528083     
  0.99999999969415176       -276.25022409079020       -276.25022417528083     
  0.99999999996955358       -276.25022416687000       -276.25022417528083     
  0.99999999999695666       -276.25022417444012       -276.25022417528083     
  0.99999999999969569       -276.25022417519676       -276.25022417528083     
  0.99999999999996958       -276.25022417527242       -276.25022417528083     
  0.99999999999999689       -276.25022417527998       -276.25022417528083     
  0.99999999999999956       -276.25022417528072       -276.25022417528083     
   1.0000000000000000       -276.25022417528083       -276.25022417528083     
   1.0000000000000000       -276.25022417528083       -276.25022417528083     
 
 part:           3
 comp:           0
  0.99999993735901660        118.07587883619709        118.07588623258673     
  0.99999998057489081        118.07588393894974        118.07588623258673     
  0.99999999386900373        118.07588550866390        118.07588623258673     
  0.99999999806157946        118.07588600370600        118.07588623258673     
  0.99999999938702944        118.07588616020968        118.07588623258673     
  0.99999999980616205        118.07588620969914        118.07588623258673     
  0.99999999993870303        118.07588622534904        118.07588623258673     
  0.99999999998061617        118.07588623029797        118.07588623258673     
  0.99999999999387024        118.07588623186295        118.07588623258673     
  0.99999999999806155        118.07588623235785        118.07588623258673     
 comp:           1
  0.99999984562632183       -104.25921656215576       -104.25923265703699     
  0.99999995212838466       -104.25922766597911       -104.25923265703699     
  0.99999998489065478       -104.25923108174825       -104.25923265703699     
  0.99999999522291938       -104.25923215898223       -104.25923265703699     
  0.99999999848938337       -104.25923249954126       -104.25923265703699     
  0.99999999952230201       -104.25923260723256       -104.25923265703699     
  0.99999999984893873       -104.25923264128745       -104.25923265703699     
  0.99999999995223032       -104.25923265205655       -104.25923265703699     
  0.99999999998489375       -104.25923265546203       -104.25923265703699     
  0.99999999999522293       -104.25923265653894       -104.25923265703699     
 comp:           2
   1.0000002738396987       -54.208841659167014       -54.208826814638208     
   1.0000000849182895       -54.208831417959061       -54.208826814638208     
   1.0000000268020988       -54.208828267548533       -54.208826814638208     
   1.0000000084739467       -54.208827274000917       -54.208826814638208     
   1.0000000026796461       -54.208826959898673       -54.208826814638208     
   1.0000000008473768       -54.208826860573510       -54.208826814638208     
   1.0000000002679641       -54.208826829164224       -54.208826814638208     
   1.0000000000847378       -54.208826819231739       -54.208826814638208     
   1.0000000000267963       -54.208826816090806       -54.208826814638208     
   1.0000000000084737       -54.208826815097559       -54.208826814638208     
 comp:           3
   1.0000000000000000       -11.546878831838603       -11.546878831838603     
   1.0000000000000000       -11.546878831838603       -11.546878831838603     
   1.0000000000000000       -11.546878831838603       -11.546878831838603     
   1.0000000000000000       -11.546878831838603       -11.546878831838603     
   1.0000000000000000       -11.546878831838603       -11.546878831838603     
   1.0000000000000000       -11.546878831838603       -11.546878831838603     
   1.0000000000000000       -11.546878831838603       -11.546878831838603     
   1.0000000000000000       -11.546878831838603       -11.546878831838603     
   1.0000000000000000       -11.546878831838603       -11.546878831838603     
   1.0000000000000000       -11.546878831838603       -11.546878831838603     
 
 part:           4
 comp:           0
   1.0000001305201631        66.874553036085217        66.874544307608787     
   1.0000000404745835        66.874547014328115        66.874544307608787     
   1.0000000127746773        66.874545161909509        66.874544307608787     
   1.0000000040389350        66.874544577710722        66.874544307608787     
   1.0000000012771990        66.874544393020884        66.874544307608787     
   1.0000000004038849        66.874544334618406        66.874544307608787     
   1.0000000001277196        66.874544316149979        66.874544307608787     
   1.0000000000403884        66.874544310309744        66.874544307608787     
   1.0000000000127720        66.874544308462902        66.874544307608787     
   1.0000000000040388        66.874544307878878        66.874544307608787     
 comp:           1
   1.0000018150877916        5.0221605574474451        5.0221514418016753     
   1.0000005628626574        5.0221542685831810        5.0221514418016753     
   1.0000001776519554        5.0221523339966989        5.0221514418016753     
   1.0000000561677349        5.0221517238845461        5.0221514418016753     
   1.0000000177614576        5.0221515310024056        5.0221514418016753     
   1.0000000056166554        5.0221514700093692        5.0221514418016753     
   1.0000000017761419        5.0221514507217293        5.0221514418016753     
   1.0000000005616654        5.0221514446224438        5.0221514418016753     
   1.0000000001776141        5.0221514426936809        5.0221514418016753     
   1.0000000000561664        5.0221514420837519        5.0221514418016753     
 comp:           2
   1.0000001314026803       -63.982604365108479       -63.982595957623872     
   1.0000000407482559       -63.982598564803070       -63.982595957623872     
   1.0000000128610544       -63.982596780507528       -63.982595957623872     
   1.0000000040662445       -63.982596217792754       -63.982595957623872     
   1.0000000012858348       -63.982596039894922       -63.982595957623872     
   1.0000000004066159       -63.982595983640216       -63.982595957623872     
   1.0000000001285831       -63.982595965850962       -63.982595957623872     
   1.0000000000406615       -63.982595960225503       -63.982595957623872     
   1.0000000000128584       -63.982595958446581       -63.982595957623872     
   1.0000000000040661       -63.982595957884037       -63.982595957623872     
 comp:           3
   1.0000000000000000       -18.793884265084532       -18.793884265084532     
   1.0000000000000000       -18.793884265084532       -18.793884265084532     
   1.0000000000000000       -18.793884265084532       -18.793884265084532     
   1.0000000000000000       -18.793884265084532       -18.793884265084532     
   1.0000000000000000       -18.793884265084532       -18.793884265084532     
   1.0000000000000000       -18.793884265084532       -18.793884265084532     
   1.0000000000000000       -18.793884265084532       -18.793884265084532     
   1.0000000000000000       -18.793884265084532       -18.793884265084532     
   1.0000000000000000       -18.793884265084532       -18.793884265084532     
   1.0000000000000000       -18.793884265084532       -18.793884265084532     
 
 part:           5
 comp:           0
  0.99999991934148380        130.96775192531751        130.96776248898291     
  0.99999997498761473        130.96775921316677        130.96776248898291     
  0.99999999210553514        130.96776145506252        130.96776248898291     
  0.99999999750402846        130.96776216209111        130.96776248898291     
  0.99999999921071958        130.96776238561262        130.96776248898291     
  0.99999999975040810        130.96776245629442        130.96776248898291     
  0.99999999992107214        130.96776247864591        130.96776248898291     
  0.99999999997504085        130.96776248571408        130.96776248898291     
  0.99999999999210720        130.96776248794922        130.96776248898291     
  0.99999999999750411        130.96776248865604        130.96776248898291     
 comp:           1
  0.99999977728740075       -80.157854219408833       -80.157872071576875     
  0.99999993093633532       -80.157866535580482       -80.157872071576875     
  0.99999997820197317       -80.157870324293427       -80.157872071576875     
  0.99999999310817711       -80.157871519143015       -80.157872071576875     
  0.99999999782065596       -80.157871896885297       -80.157872071576875     
  0.99999999931083217       -80.157872016334650       -80.157872071576875     
  0.99999999978206611       -80.157872054107756       -80.157872071576875     
  0.99999999993108313       -80.157872066052647       -80.157872071576875     
  0.99999999997820666       -80.157872069829963       -80.157872071576875     
  0.99999999999310840       -80.157872071024457       -80.157872071576875     
 comp:           2
   1.0000057084642979       -2.8843821339866103       -2.8843656686881687     
   1.0000017702072745       -2.8843707746132581       -2.8843656686881687     
   1.0000005587167426       -2.8843672802315594       -2.8843656686881687     
   1.0000001766479536       -2.8843661782054615       -2.8843656686881687     
   1.0000000558599194       -2.8843658298086026       -2.8843656686881687     
   1.0000000176644237       -2.8843657196388262       -2.8843656686881687     
   1.0000000055859801       -2.8843656848001782       -2.8843656686881687     
   1.0000000017664421       -2.8843656737832335       -2.8843656686881687     
   1.0000000005585981       -2.8843656702993696       -2.8843656686881687     
   1.0000000001766443       -2.8843656691976753       -2.8843656686881687     
 comp:           3
   1.0000000000000000       -65.205328284167905       -65.205328284167905     
   1.0000000000000000       -65.205328284167905       -65.205328284167905     
   1.0000000000000000       -65.205328284167905       -65.205328284167905     
   1.0000000000000000       -65.205328284167905       -65.205328284167905     
   1.0000000000000000       -65.205328284167905       -65.205328284167905     
   1.0000000000000000       -65.205328284167905       -65.205328284167905     
   1.0000000000000000       -65.205328284167905       -65.205328284167905     
   1.0000000000000000       -65.205328284167905       -65.205328284167905     
   1.0000000000000000       -65.205328284167905       -65.205328284167905     
   1.0000000000000000       -65.205328284167905       -65.205328284167905     
 
 part:           6
 comp:           0
   1.0000000390207020        236.58181620240973        236.58180697082156     
   1.0000000121004011        236.58180983355635        236.58180697082156     
   1.0000000038191550        236.58180787436416        236.58180697082156     
   1.0000000012074917        236.58180725649214        236.58180697082156     
   1.0000000003818352        236.58180706115681        236.58180697082156     
   1.0000000001207467        236.58180699938802        236.58180697082156     
   1.0000000000381835        236.58180697985506        236.58180697082156     
   1.0000000000120746        236.58180697367820        236.58180697082156     
   1.0000000000038183        236.58180697172492        236.58180697082156     
   1.0000000000012075        236.58180697110723        236.58180697082156     
 comp:           1
   1.0000001797619240        179.39498553519414        179.39495328681218     
   1.0000000557445639        179.39496328710561        179.39495328681218     
   1.0000000175942225        179.39495644312692        179.39495328681218     
   1.0000000055627176        179.39495428473563        179.39495328681218     
   1.0000000017590522        179.39495360237726        179.39495328681218     
   1.0000000005562599        179.39495338660242        179.39495328681218     
   1.0000000001759048        179.39495331836864        179.39495328681218     
   1.0000000000556259        179.39495329679121        179.39495328681218     
   1.0000000000175904        179.39495328996782        179.39495328681218     
   1.0000000000055627        179.39495328781010        179.39495328681218     
 comp:           2
  0.99999975434293209        121.07575869782708        121.07578844095026     
  0.99999992382120861        121.07577921754303        121.07578844095026     
  0.99999997595628132        121.07578552983807        121.07578844095026     
  0.99999999239816295        121.07578752055184        121.07578844095026     
  0.99999999759613400        121.07578814990029        121.07578844095026     
  0.99999999923983229        121.07578834891235        121.07578844095026     
  0.99999999975961384        121.07578841184532        121.07578844095026     
  0.99999999992398325        121.07578843174647        121.07578844095026     
  0.99999999997596134        121.07578843803977        121.07578844095026     
  0.99999999999239830        121.07578844002988        121.07578844095026     
 comp:           3
   1.0000000000000000        95.546091381091045        95.546091381091045     
   1.0000000000000000        95.546091381091045        95.546091381091045     
   1.0000000000000000        95.546091381091045        95.546091381091045     
   1.0000000000000000        95.546091381091045        95.546091381091045     
   1.0000000000000000        95.546091381091045        95.546091381091045     
   1.0000000000000000        95.546091381091045        95.546091381091045     
   1.0000000000000000        95.546091381091045        95.546091381091045     
   1.0000000000000000        95.546091381091045        95.546091381091045     
   1.0000000000000000        95.546091381091045        95.546091381091045     
   1.0000000000000000        95.546091381091045        95.546091381091045     
 
 part:           7
 comp:           0
   1.0484750397921012        2.3504218647982188E-004   2.2417528082158985E-004
   1.0046463304201005        2.2521687324830579E-004   2.2417528082158985E-004
   1.0004627120365379        2.2427900942232026E-004   2.2417528082158985E-004
   1.0000462520802385        2.2418564939466587E-004   2.2417528082158985E-004
   1.0000046250168770        2.2417631763604705E-004   2.2417528082158985E-004
   1.0000004624997760        2.2417538450260701E-004   2.2417528082158985E-004
   1.0000000462499588        2.2417529118968734E-004   2.2417528082158985E-004
   1.0000000046249962        2.2417528185839964E-004   2.2417528082158985E-004
   1.0000000004624992        2.2417528092527074E-004   2.2417528082158985E-004
   1.0000000000462497        2.2417528083195788E-004   2.2417528082158985E-004
 comp:           1
  -7.5311077013915032E-005  -0.0000000000000000     
  -2.3354129203741405E-005  -0.0000000000000000     
  -7.3710819482632534E-006  -0.0000000000000000     
  -2.3304949283786921E-006  -0.0000000000000000     
  -7.3695311022443996E-007  -0.0000000000000000     
  -2.3304459001106440E-007  -0.0000000000000000     
  -7.3695155967903813E-008  -0.0000000000000000     
  -2.3304454150090040E-008  -0.0000000000000000     
  -7.3695153411766035E-009  -0.0000000000000000     
  -2.3304455013627505E-009  -0.0000000000000000     
 comp:           2
   6.9460435039512378E-005   0.0000000000000000     
   2.1539832369694185E-005   0.0000000000000000     
   6.7984495659736924E-006   0.0000000000000000     
   2.1494473057748404E-006   0.0000000000000000     
   6.7970191995067654E-007   0.0000000000000000     
   2.1494020863335198E-007   0.0000000000000000     
   6.7970048986147291E-008   0.0000000000000000     
   2.1494016389176509E-008   0.0000000000000000     
   6.7970046628586502E-009   0.0000000000000000     
   2.1494017185628906E-009   0.0000000000000000     
 comp:           3
  0.94362761208529655       -2.1153798493022760E-004  -2.2417528082158985E-004
  0.99459987518397175       -2.2296470632448507E-004  -2.2417528082158985E-004
  0.99946225013552814       -2.2405473059471009E-004  -2.2417528082158985E-004
  0.99994624753617511       -2.2416323084791705E-004  -2.2417528082158985E-004
  0.99999462497874181       -2.2417407587468986E-004  -2.2417528082158985E-004
  0.99999946250012506       -2.2417516032740444E-004  -2.2417528082158985E-004
  0.99999994625003530       -2.2417526877217640E-004  -2.2417528082158985E-004
  0.99999999462500389       -2.2417527961664859E-004  -2.2417528082158985E-004
  0.99999999946250007       -2.2417528070109566E-004  -2.2417528082158985E-004
  0.99999999994624988       -2.2417528080954040E-004  -2.2417528082158985E-004
 
 part: i_fks+j_fks
 comp:           0
   1.0000000361328474        276.25045833227693        276.25044835056167     
   1.0000000034646164        276.25044930766347        276.25044835056167     
   1.0000000003450411        276.25044844587944        276.25044835056167     
   1.0000000000344900        276.25044836008954        276.25044835056167     
   1.0000000000034488        276.25044835151442        276.25044835056167     
   1.0000000000003448        276.25044835065694        276.25044835056167     
   1.0000000000000344        276.25044835057116        276.25044835056167     
   1.0000000000000033        276.25044835056258        276.25044835056167     
   1.0000000000000004        276.25044835056178        276.25044835056167     
   1.0000000000000000        276.25044835056167        276.25044835056167     
 comp:           1
  -7.5311077013915032E-005   0.0000000000000000     
  -2.3354129203741405E-005   0.0000000000000000     
  -7.3710819482632534E-006   0.0000000000000000     
  -2.3304949283786921E-006   0.0000000000000000     
  -7.3695311022443996E-007   0.0000000000000000     
  -2.3304459001106440E-007   0.0000000000000000     
  -7.3695155967903813E-008   0.0000000000000000     
  -2.3304454150090040E-008   0.0000000000000000     
  -7.3695153411766035E-009   0.0000000000000000     
  -2.3304455013627505E-009   0.0000000000000000     
 comp:           2
   6.9460435039512378E-005   0.0000000000000000     
   2.1539832369694185E-005   0.0000000000000000     
   6.7984495659736924E-006   0.0000000000000000     
   2.1494473057748404E-006   0.0000000000000000     
   6.7970191995067654E-007   0.0000000000000000     
   2.1494020863335198E-007   0.0000000000000000     
   6.7970048986147291E-008   0.0000000000000000     
   2.1494016389176509E-008   0.0000000000000000     
   6.7970046628586502E-009   0.0000000000000000     
   2.1494017185628906E-009   0.0000000000000000     
 comp:           3
  0.99999995104990280       -276.25043482807536       -276.25044835056167     
  0.99999999531198902       -276.25044705549652       -276.25044835056167     
  0.99999999953317342       -276.25044822160061       -276.25044835056167     
  0.99999999995333677       -276.25044833767095       -276.25044835056167     
  0.99999999999533384       -276.25044834927263       -276.25044835056167     
  0.99999999999953337       -276.25044835043275       -276.25044835056167     
  0.99999999999995326       -276.25044835054877       -276.25044835056167     
  0.99999999999999523       -276.25044835056036       -276.25044835056167     
  0.99999999999999956       -276.25044835056156       -276.25044835056167     
   1.0000000000000000       -276.25044835056167       -276.25044835056167     
