     
 Collinear #          81
 
 part:           1
 comp:           0
  0.99999999911954818        276.25006135349878        276.25006159672364     
  0.99999999991596167        276.25006157350805        276.25006159672364     
  0.99999999999163425        276.25006159441261        276.25006159672364     
  0.99999999999916400        276.25006159649269        276.25006159672364     
  0.99999999999991651        276.25006159670056        276.25006159672364     
  0.99999999999999156        276.25006159672131        276.25006159672364     
  0.99999999999999922        276.25006159672341        276.25006159672364     
   1.0000000000000000        276.25006159672364        276.25006159672364     
   1.0000000000000000        276.25006159672364        276.25006159672364     
  0.99999999999999978        276.25006159672358        276.25006159672364     
 comp:           1
   0.0000000000000000        0.0000000000000000     
   0.0000000000000000        0.0000000000000000     
   0.0000000000000000        0.0000000000000000     
   0.0000000000000000        0.0000000000000000     
   0.0000000000000000        0.0000000000000000     
   0.0000000000000000        0.0000000000000000     
   0.0000000000000000        0.0000000000000000     
   0.0000000000000000        0.0000000000000000     
   0.0000000000000000        0.0000000000000000     
   0.0000000000000000        0.0000000000000000     
 comp:           2
   0.0000000000000000        0.0000000000000000     
   0.0000000000000000        0.0000000000000000     
   0.0000000000000000        0.0000000000000000     
   0.0000000000000000        0.0000000000000000     
   0.0000000000000000        0.0000000000000000     
   0.0000000000000000        0.0000000000000000     
   0.0000000000000000        0.0000000000000000     
   0.0000000000000000        0.0000000000000000     
   0.0000000000000000        0.0000000000000000     
   0.0000000000000000        0.0000000000000000     
 comp:           3
  0.99999999911954818        276.25006135349878        276.25006159672364     
  0.99999999991596167        276.25006157350805        276.25006159672364     
  0.99999999999163425        276.25006159441261        276.25006159672364     
  0.99999999999916400        276.25006159649269        276.25006159672364     
  0.99999999999991651        276.25006159670056        276.25006159672364     
  0.99999999999999156        276.25006159672131        276.25006159672364     
  0.99999999999999922        276.25006159672341        276.25006159672364     
   1.0000000000000000        276.25006159672364        276.25006159672364     
   1.0000000000000000        276.25006159672364        276.25006159672364     
  0.99999999999999978        276.25006159672358        276.25006159672364     
 
 part:           2
 comp:           0
   1.0000000116891630        276.25000322913121        276.24999999999994     
   1.0000000011200529        276.25000030941459        276.24999999999994     
   1.0000000001115392        276.25000003081266        276.24999999999994     
   1.0000000000111495        276.25000000308000        276.24999999999994     
   1.0000000000011153        276.25000000030803        276.24999999999994     
   1.0000000000001115        276.25000000003075        276.24999999999994     
   1.0000000000000111        276.25000000000301        276.24999999999994     
   1.0000000000000013        276.25000000000028        276.24999999999994     
   1.0000000000000004        276.25000000000006        276.24999999999994     
   1.0000000000000000        276.24999999999994        276.24999999999994     
 comp:           1
   0.0000000000000000        0.0000000000000000     
   0.0000000000000000        0.0000000000000000     
   0.0000000000000000        0.0000000000000000     
   0.0000000000000000        0.0000000000000000     
   0.0000000000000000        0.0000000000000000     
   0.0000000000000000        0.0000000000000000     
   0.0000000000000000        0.0000000000000000     
   0.0000000000000000        0.0000000000000000     
   0.0000000000000000        0.0000000000000000     
   0.0000000000000000        0.0000000000000000     
 comp:           2
   0.0000000000000000        0.0000000000000000     
   0.0000000000000000        0.0000000000000000     
   0.0000000000000000        0.0000000000000000     
   0.0000000000000000        0.0000000000000000     
   0.0000000000000000        0.0000000000000000     
   0.0000000000000000        0.0000000000000000     
   0.0000000000000000        0.0000000000000000     
   0.0000000000000000        0.0000000000000000     
   0.0000000000000000        0.0000000000000000     
   0.0000000000000000        0.0000000000000000     
 comp:           3
   1.0000000116891630       -276.25000322913121       -276.24999999999994     
   1.0000000011200529       -276.25000030941459       -276.24999999999994     
   1.0000000001115392       -276.25000003081266       -276.24999999999994     
   1.0000000000111495       -276.25000000308000       -276.24999999999994     
   1.0000000000011153       -276.25000000030803       -276.24999999999994     
   1.0000000000001115       -276.25000000003075       -276.24999999999994     
   1.0000000000000111       -276.25000000000301       -276.24999999999994     
   1.0000000000000013       -276.25000000000028       -276.24999999999994     
   1.0000000000000004       -276.25000000000006       -276.24999999999994     
   1.0000000000000000       -276.24999999999994       -276.24999999999994     
 
 part:           3
 comp:           0
   1.0000000064426837        166.05342415058917        166.05342308075947     
   1.0000000019978901        166.05342341251597        166.05342308075947     
   1.0000000006305785        166.05342318546917        166.05342308075947     
   1.0000000001993683        166.05342311386528        166.05342308075947     
   1.0000000000630447        166.05342309122824        166.05342308075947     
   1.0000000000199363        166.05342308406998        166.05342308075947     
   1.0000000000063045        166.05342308180636        166.05342308075947     
   1.0000000000019937        166.05342308109053        166.05342308075947     
   1.0000000000006304        166.05342308086415        166.05342308075947     
   1.0000000000001994        166.05342308079258        166.05342308075947     
 comp:           1
   1.0000000417053461        136.15034284356750        136.15033716537059     
   1.0000000129329190        136.15033892619186        136.15033716537059     
   1.0000000040819164        136.15033772112488        136.15033716537059     
   1.0000000012905685        136.15033734108192        136.15033716537059     
   1.0000000004081058        136.15033722093432        136.15033716537059     
   1.0000000001290541        136.15033718294134        136.15033716537059     
   1.0000000000408105        136.15033717092695        136.15033716537059     
   1.0000000000129055        136.15033716712767        136.15033716537059     
   1.0000000000040812        136.15033716592623        136.15033716537059     
   1.0000000000012905        136.15033716554629        136.15033716537059     
 comp:           2
  0.99999993392764253        94.931188744719194        94.931195017047045     
  0.99999997951081765        94.931193071984481        94.931195017047045     
  0.99999999353315883        94.931194403142086        94.931195017047045     
  0.99999999795539651        94.931194822950388        94.931195017047045     
  0.99999999935345196        94.931194955669469        94.931195017047045     
  0.99999999979554399        94.931194997637789        94.931195017047045     
  0.99999999993534539        94.931195010909306        94.931195017047045     
  0.99999999997955447        94.931195015106127        94.931195017047045     
  0.99999999999353451        94.931195016433264        94.931195017047045     
  0.99999999999795541        94.931195016852953        94.931195017047045     
 comp:           3
   1.0000000000000000       -4.9893104963521147       -4.9893104963521147     
   1.0000000000000000       -4.9893104963521147       -4.9893104963521147     
   1.0000000000000000       -4.9893104963521147       -4.9893104963521147     
   1.0000000000000000       -4.9893104963521147       -4.9893104963521147     
   1.0000000000000000       -4.9893104963521147       -4.9893104963521147     
   1.0000000000000000       -4.9893104963521147       -4.9893104963521147     
   1.0000000000000000       -4.9893104963521147       -4.9893104963521147     
   1.0000000000000000       -4.9893104963521147       -4.9893104963521147     
   1.0000000000000000       -4.9893104963521147       -4.9893104963521147     
   1.0000000000000000       -4.9893104963521147       -4.9893104963521147     
 
 part:           4
 comp:           0
   1.0000000162525844        102.34178035456550        102.34177869124710     
   1.0000000050399618        102.34177920704576        102.34177869124710     
   1.0000000015907238        102.34177885404461        102.34177869124710     
   1.0000000005029350        102.34177874271838        102.34177869124710     
   1.0000000001590390        102.34177870752343        102.34177869124710     
   1.0000000000502924        102.34177869639412        102.34177869124710     
   1.0000000000159037        102.34177869287473        102.34177869124710     
   1.0000000000050293        102.34177869176180        102.34177869124710     
   1.0000000000015903        102.34177869140986        102.34177869124710     
   1.0000000000005029        102.34177869129857        102.34177869124710     
 comp:           1
   1.0000000424714073        82.398431839662450        82.398428340085232     
   1.0000000131704760        82.398429425311761        82.398428340085232     
   1.0000000041568948        82.398428682606834        82.398428340085232     
   1.0000000013142742        82.398428448379363        82.398428340085232     
   1.0000000004156020        82.398428374330180        82.398428340085232     
   1.0000000001314246        82.398428350914415        82.398428340085232     
   1.0000000000415601        82.398428343509721        82.398428340085232     
   1.0000000000131426        82.398428341168156        82.398428340085232     
   1.0000000000041560        82.398428340427685        82.398428340085232     
   1.0000000000013143        82.398428340193519        82.398428340085232     
 comp:           2
  0.99999987349794195        30.558795709294994        30.558799575046031     
  0.99999996077143560        30.558798376268193        30.558799575046031     
  0.99999998761859377        30.558799196685118        30.558799575046031     
  0.99999999608540435        30.558799455420687        30.558799575046031     
  0.99999999876211987        30.558799537217901        30.558799575046031     
  0.99999999960854868        30.558799563083749        30.558799575046031     
  0.99999999987621224        30.558799571263226        30.558799575046031     
  0.99999999996085487        30.558799573849804        30.558799575046031     
  0.99999999998762124        30.558799574667752        30.558799575046031     
  0.99999999999608546        30.558799574926407        30.558799575046031     
 comp:           3
   1.0000000000000000        52.445194644544955        52.445194644544955     
   1.0000000000000000        52.445194644544955        52.445194644544955     
   1.0000000000000000        52.445194644544955        52.445194644544955     
   1.0000000000000000        52.445194644544955        52.445194644544955     
   1.0000000000000000        52.445194644544955        52.445194644544955     
   1.0000000000000000        52.445194644544955        52.445194644544955     
   1.0000000000000000        52.445194644544955        52.445194644544955     
   1.0000000000000000        52.445194644544955        52.445194644544955     
   1.0000000000000000        52.445194644544955        52.445194644544955     
   1.0000000000000000        52.445194644544955        52.445194644544955     
 
 part:           5
 comp:           0
  0.99999998777779520        271.29019777781548        271.29020109357987     
  0.99999999620986746        271.29020006535404        271.29020109357987     
  0.99999999880374979        271.29020076904891        271.29020109357987     
  0.99999999962178510        271.29020099097386        271.29020109357987     
  0.99999999988040011        271.29020106113359        271.29020109357987     
  0.99999999996217925        271.29020108331946        271.29020109357987     
  0.99999999998804001        271.29020109033524        271.29020109357987     
  0.99999999999621803        271.29020109255384        271.29020109357987     
  0.99999999999880396        271.29020109325540        271.29020109357987     
  0.99999999999962175        271.29020109347726        271.29020109357987     
 comp:           1
  0.99999995913330841       -227.00071387731418       -227.00072315408272     
  0.99999998732714956       -227.00072027733651       -227.00072315408272     
  0.99999999600016687       -227.00072224611770       -227.00072315408272     
  0.99999999873538370       -227.00072286701391       -227.00072315408272     
  0.99999999960010078       -227.00072306330532       -227.00072315408272     
  0.99999999987354105       -227.00072312537645       -227.00072315408272     
  0.99999999996001021       -227.00072314500500       -227.00072315408272     
  0.99999999998735412       -227.00072315121210       -227.00072315408272     
  0.99999999999600109       -227.00072315317496       -227.00072315408272     
  0.99999999999873546       -227.00072315379566       -227.00072315408272     
 comp:           2
   1.0000000870512855       -117.71718552097474       -117.71717527354329     
   1.0000000269947940       -117.71717845129417       -117.71717527354329     
   1.0000000085201566       -117.71717627651206       -117.71717527354329     
   1.0000000026937947       -117.71717559064919       -117.71717527354329     
   1.0000000008518364       -117.71717537381906       -117.71717527354329     
   1.0000000002693739       -117.71717530525322       -117.71717527354329     
   1.0000000000851834       -117.71717528357085       -117.71717527354329     
   1.0000000000269373       -117.71717527671429       -117.71717527354329     
   1.0000000000085183       -117.71717527454605       -117.71717527354329     
   1.0000000000026938       -117.71717527386039       -117.71717527354329     
 comp:           3
   1.0000000000000000       -41.767159206317331       -41.767159206317331     
   1.0000000000000000       -41.767159206317331       -41.767159206317331     
   1.0000000000000000       -41.767159206317331       -41.767159206317331     
   1.0000000000000000       -41.767159206317331       -41.767159206317331     
   1.0000000000000000       -41.767159206317331       -41.767159206317331     
   1.0000000000000000       -41.767159206317331       -41.767159206317331     
   1.0000000000000000       -41.767159206317331       -41.767159206317331     
   1.0000000000000000       -41.767159206317331       -41.767159206317331     
   1.0000000000000000       -41.767159206317331       -41.767159206317331     
   1.0000000000000000       -41.767159206317331       -41.767159206317331     
 
 part:           6
 comp:           0
   1.0484750713417619        6.4582629223205359E-005   6.1596723649859624E-005
   1.0046463335832445        6.1882922575571793E-005   6.1596723649859624E-005
   1.0004627123528662        6.1625225214788503E-005   6.1596723649859624E-005
   1.0000462521118714        6.1599572628412790E-005   6.1596723649859624E-005
   1.0000046250200405        6.1597008535940929E-005   6.1596723649859624E-005
   1.0000004625000924        6.1596752138350013E-005   6.1596723649859624E-005
   1.0000000462499903        6.1596726498707491E-005   6.1596723649859624E-005
   1.0000000046249993        6.1596723934744424E-005   6.1596723649859624E-005
   1.0000000004624998        6.1596723678348093E-005   6.1596723649859624E-005
   1.0000000000462494        6.1596723652708433E-005   6.1596723649859624E-005
 comp:           1
  -1.8892737833280941E-005  -0.0000000000000000     
  -5.8586792747607299E-006  -0.0000000000000000     
  -1.8491293218116703E-006  -0.0000000000000000     
  -5.8463418765028033E-007  -0.0000000000000000     
  -1.8487402726828856E-007  -0.0000000000000000     
  -5.8462188829577184E-008  -0.0000000000000000     
  -1.8487363829457320E-008  -0.0000000000000000     
  -5.8462176660195650E-009  -0.0000000000000000     
  -1.8487363188218013E-009  -0.0000000000000000     
  -5.8462178826488858E-010  -0.0000000000000000     
 comp:           2
   2.0869555495963796E-005   0.0000000000000000     
   6.4716947504711502E-006   0.0000000000000000     
   2.0426106232619469E-006   0.0000000000000000     
   6.4580664441932725E-007   0.0000000000000000     
   2.0421808664709789E-007   0.0000000000000000     
   6.4579305813745830E-008   0.0000000000000000     
   2.0421765697361111E-008   0.0000000000000000     
   6.4579292371036484E-009   0.0000000000000000     
   2.0421764989026541E-009   0.0000000000000000     
   6.4579294763997049E-010   0.0000000000000000     
 comp:           3
  0.94362758516499401        5.8124367591792510E-005   6.1596723649859624E-005
  0.99459987246428028        6.1264093486367900E-005   6.1596723649859624E-005
  0.99946224986335974        6.1563600003300319E-005   6.1596723649859624E-005
  0.99994624750895633        6.1593412672523315E-005   6.1596723649859624E-005
  0.99999462497601987        6.1596392565992908E-005   6.1596723649859624E-005
  0.99999946249985294        6.1596690541611601E-005   6.1596723649859624E-005
  0.99999994625000799        6.1596720339036220E-005   6.1596723649859624E-005
  0.99999999462500122        6.1596723318777308E-005   6.1596723649859624E-005
  0.99999999946249996        6.1596723616751383E-005   6.1596723649859624E-005
  0.99999999994624944        6.1596723646548769E-005   6.1596723649859624E-005
 
 part:           7
 comp:           0
   1.0000000454651077        12.814597717030589        12.814597134413550     
   1.0000000140988292        12.814597315084365        12.814597134413550     
   1.0000000044499036        12.814597191437270        12.814597134413550     
   1.0000000014069141        12.814597152442587        12.814597134413550     
   1.0000000004448968        12.814597140114723        12.814597134413550     
   1.0000000001406883        12.814597136216415        12.814597134413550     
   1.0000000000444895        12.814597134983666        12.814597134413550     
   1.0000000000140687        12.814597134593836        12.814597134413550     
   1.0000000000044491        12.814597134470562        12.814597134413550     
   1.0000000000014069        12.814597134431578        12.814597134413550     
 comp:           1
   1.0000000518454051        8.4519580868220814        8.4519576486269141     
   1.0000000160773730        8.4519577845121905        8.4519576486269141     
   1.0000000050743760        8.4519576915153252        8.4519576486269141     
   1.0000000016043518        8.4519576621868282        8.4519576486269141     
   1.0000000005073308        8.4519576529148530        8.4519576486269141     
   1.0000000001604317        8.4519576499828766        8.4519576486269141     
   1.0000000000507330        8.4519576490557071        8.4519576486269141     
   1.0000000000160432        8.4519576487625105        8.4519576486269141     
   1.0000000000050733        8.4519576486697936        8.4519576486269141     
   1.0000000000016043        8.4519576486404731        8.4519576486269141     
 comp:           2
   1.0000000622740788       -7.7728198025949444       -7.7728193185497823     
   1.0000000193113276       -7.7728194686532426       -7.7728193185497823     
   1.0000000060950840       -7.7728193659257681       -7.7728193185497823     
   1.0000000019270663       -7.7728193335285205       -7.7728193185497823     
   1.0000000006093801       -7.7728193232863845       -7.7728193185497823     
   1.0000000001927025       -7.7728193200476241       -7.7728193185497823     
   1.0000000000609379       -7.7728193190234416       -7.7728193185497823     
   1.0000000000192701       -7.7728193186995664       -7.7728193185497823     
   1.0000000000060938       -7.7728193185971479       -7.7728193185497823     
   1.0000000000019269       -7.7728193185647605       -7.7728193185497823     
 comp:           3
   1.0000000000000000       -5.6887249418755017       -5.6887249418755017     
   1.0000000000000000       -5.6887249418755017       -5.6887249418755017     
   1.0000000000000000       -5.6887249418755017       -5.6887249418755017     
   1.0000000000000000       -5.6887249418755017       -5.6887249418755017     
   1.0000000000000000       -5.6887249418755017       -5.6887249418755017     
   1.0000000000000000       -5.6887249418755017       -5.6887249418755017     
   1.0000000000000000       -5.6887249418755017       -5.6887249418755017     
   1.0000000000000000       -5.6887249418755017       -5.6887249418755017     
   1.0000000000000000       -5.6887249418755017       -5.6887249418755017     
   1.0000000000000000       -5.6887249418755017       -5.6887249418755017     
 
 part: i_fks+j_fks
 comp:           0
   1.0000000099282518        276.25012593612803        276.25012319344728     
   1.0000000009519756        276.25012345643063        276.25012319344728     
   1.0000000000948073        276.25012321963783        276.25012319344728     
   1.0000000000094771        276.25012319606532        276.25012319344728     
   1.0000000000009477        276.25012319370910        276.25012319344728     
   1.0000000000000946        276.25012319347343        276.25012319344728     
   1.0000000000000095        276.25012319344989        276.25012319344728     
   1.0000000000000011        276.25012319344756        276.25012319344728     
   1.0000000000000002        276.25012319344734        276.25012319344728     
  0.99999999999999978        276.25012319344722        276.25012319344728     
 comp:           1
  -1.8892737833280941E-005   0.0000000000000000     
  -5.8586792747607299E-006   0.0000000000000000     
  -1.8491293218116703E-006   0.0000000000000000     
  -5.8463418765028033E-007   0.0000000000000000     
  -1.8487402726828856E-007   0.0000000000000000     
  -5.8462188829577184E-008   0.0000000000000000     
  -1.8487363829457320E-008   0.0000000000000000     
  -5.8462176660195650E-009   0.0000000000000000     
  -1.8487363188218013E-009   0.0000000000000000     
  -5.8462178826488858E-010   0.0000000000000000     
 comp:           2
   2.0869555495963796E-005   0.0000000000000000     
   6.4716947504711502E-006   0.0000000000000000     
   2.0426106232619469E-006   0.0000000000000000     
   6.4580664441932725E-007   0.0000000000000000     
   2.0421808664709789E-007   0.0000000000000000     
   6.4579305813745830E-008   0.0000000000000000     
   2.0421765697361111E-008   0.0000000000000000     
   6.4579292371036484E-009   0.0000000000000000     
   2.0421764989026541E-009   0.0000000000000000     
   6.4579294763997049E-010   0.0000000000000000     
 comp:           3
  0.99999998654993927        276.25011947786635        276.25012319344728     
  0.99999999871187106        276.25012283760151        276.25012319344728     
  0.99999999987172983        276.25012315801263        276.25012319344728     
  0.99999999998717859        276.25012318990537        276.25012319344728     
  0.99999999999871803        276.25012319309315        276.25012319344728     
  0.99999999999987177        276.25012319341187        276.25012319344728     
  0.99999999999998723        276.25012319344376        276.25012319344728     
  0.99999999999999878        276.25012319344694        276.25012319344728     
   1.0000000000000000        276.25012319344728        276.25012319344728     
  0.99999999999999978        276.25012319344722        276.25012319344728     
     
 Collinear #          81
 
 part:           1
 comp:           0
  0.99999999679406215        276.25022340376506        276.25022428940611     
  0.99999999969399622        276.25022420487250        276.25022428940611     
  0.99999999996953814        276.25022428099101        276.25022428940611     
  0.99999999999695510        276.25022428856494        276.25022428940611     
  0.99999999999969524        276.25022428932192        276.25022428940611     
  0.99999999999996936        276.25022428939764        276.25022428940611     
  0.99999999999999667        276.25022428940520        276.25022428940611     
  0.99999999999999956        276.25022428940599        276.25022428940611     
   1.0000000000000002        276.25022428940616        276.25022428940611     
  0.99999999999999978        276.25022428940605        276.25022428940611     
 comp:           1
   0.0000000000000000        0.0000000000000000     
   0.0000000000000000        0.0000000000000000     
   0.0000000000000000        0.0000000000000000     
   0.0000000000000000        0.0000000000000000     
   0.0000000000000000        0.0000000000000000     
   0.0000000000000000        0.0000000000000000     
   0.0000000000000000        0.0000000000000000     
   0.0000000000000000        0.0000000000000000     
   0.0000000000000000        0.0000000000000000     
   0.0000000000000000        0.0000000000000000     
 comp:           2
   0.0000000000000000        0.0000000000000000     
   0.0000000000000000        0.0000000000000000     
   0.0000000000000000        0.0000000000000000     
   0.0000000000000000        0.0000000000000000     
   0.0000000000000000        0.0000000000000000     
   0.0000000000000000        0.0000000000000000     
   0.0000000000000000        0.0000000000000000     
   0.0000000000000000        0.0000000000000000     
   0.0000000000000000        0.0000000000000000     
   0.0000000000000000        0.0000000000000000     
 comp:           3
  0.99999999679406215        276.25022340376506        276.25022428940611     
  0.99999999969399622        276.25022420487250        276.25022428940611     
  0.99999999996953814        276.25022428099101        276.25022428940611     
  0.99999999999695510        276.25022428856494        276.25022428940611     
  0.99999999999969524        276.25022428932192        276.25022428940611     
  0.99999999999996936        276.25022428939764        276.25022428940611     
  0.99999999999999667        276.25022428940520        276.25022428940611     
  0.99999999999999956        276.25022428940599        276.25022428940611     
   1.0000000000000002        276.25022428940616        276.25022428940611     
  0.99999999999999978        276.25022428940605        276.25022428940611     
 
 part:           2
 comp:           0
   1.0000000425632158        276.25001175808836        276.25000000000000     
   1.0000000040783972        276.25000112665720        276.25000000000000     
   1.0000000004061413        276.25000011219652        276.25000000000000     
   1.0000000000405973        276.25000001121498        276.25000000000000     
   1.0000000000040594        276.25000000112141        276.25000000000000     
   1.0000000000004057        276.25000000011210        276.25000000000000     
   1.0000000000000404        276.25000000001114        276.25000000000000     
   1.0000000000000040        276.25000000000108        276.25000000000000     
   1.0000000000000007        276.25000000000017        276.25000000000000     
   1.0000000000000000        276.25000000000000        276.25000000000000     
 comp:           1
   0.0000000000000000        0.0000000000000000     
   0.0000000000000000        0.0000000000000000     
   0.0000000000000000        0.0000000000000000     
   0.0000000000000000        0.0000000000000000     
   0.0000000000000000        0.0000000000000000     
   0.0000000000000000        0.0000000000000000     
   0.0000000000000000        0.0000000000000000     
   0.0000000000000000        0.0000000000000000     
   0.0000000000000000        0.0000000000000000     
   0.0000000000000000        0.0000000000000000     
 comp:           2
   0.0000000000000000        0.0000000000000000     
   0.0000000000000000        0.0000000000000000     
   0.0000000000000000        0.0000000000000000     
   0.0000000000000000        0.0000000000000000     
   0.0000000000000000        0.0000000000000000     
   0.0000000000000000        0.0000000000000000     
   0.0000000000000000        0.0000000000000000     
   0.0000000000000000        0.0000000000000000     
   0.0000000000000000        0.0000000000000000     
   0.0000000000000000        0.0000000000000000     
 comp:           3
   1.0000000425632158       -276.25001175808836       -276.25000000000000     
   1.0000000040783972       -276.25000112665720       -276.25000000000000     
   1.0000000004061413       -276.25000011219652       -276.25000000000000     
   1.0000000000405973       -276.25000001121498       -276.25000000000000     
   1.0000000000040594       -276.25000000112141       -276.25000000000000     
   1.0000000000004057       -276.25000000011210       -276.25000000000000     
   1.0000000000000404       -276.25000000001114       -276.25000000000000     
   1.0000000000000040       -276.25000000000108       -276.25000000000000     
   1.0000000000000007       -276.25000000000017       -276.25000000000000     
   1.0000000000000000       -276.25000000000000       -276.25000000000000     
 
 part:           3
 comp:           0
   1.0000001279851427        77.420168361485182        77.420158452855162     
   1.0000000396884683        77.420161525542667        77.420158452855162     
   1.0000000125265618        77.420159422663559        77.420158452855162     
   1.0000000039604888        77.420158759476834        77.420158452855162     
   1.0000000012523926        77.420158549815596        77.420158452855162     
   1.0000000003960405        77.420158483516687        77.420158452855162     
   1.0000000001252389        77.420158462551186        77.420158452855162     
   1.0000000000396041        77.420158455921310        77.420158452855162     
   1.0000000000125240        77.420158453824769        77.420158452855162     
   1.0000000000039604        77.420158453161775        77.420158452855162     
 comp:           1
  0.99999973529307107       -24.886045914004210       -24.886052501514740     
  0.99999991791380771       -24.886050458713449       -24.886052501514740     
  0.99999997409177466       -24.886051856761284       -24.886052501514740     
  0.99999999180866694       -24.886052297664797       -24.886052501514740     
  0.99999999740972256       -24.886052437052960       -24.886052501514740     
  0.99999999918088389       -24.886052481130175       -24.886052501514740     
  0.99999999974097276       -24.886052495068576       -24.886052501514740     
  0.99999999991808841       -24.886052499476286       -24.886052501514740     
  0.99999999997409739       -24.886052500870125       -24.886052501514740     
  0.99999999999180889       -24.886052501310896       -24.886052501514740     
 comp:           2
   1.0000001749820413        72.944623508339532        72.944610744342640     
   1.0000000542623102        72.944614702485737        72.944610744342640     
   1.0000000171263903        72.944611993620512        72.944610744342640     
   1.0000000054148042        72.944611139323428        72.944610744342640     
   1.0000000017122788        72.944610869244144        72.944610744342640     
   1.0000000005414691        72.944610783839892        72.944610744342640     
   1.0000000001712275        72.944610756832759        72.944610744342640     
   1.0000000000541469        72.944610748292362        72.944610744342640     
   1.0000000000171227        72.944610745591646        72.944610744342640     
   1.0000000000054148        72.944610744737616        72.944610744342640     
 comp:           3
   1.0000000000000000        7.3245538508080053        7.3245538508080053     
   1.0000000000000000        7.3245538508080053        7.3245538508080053     
   1.0000000000000000        7.3245538508080053        7.3245538508080053     
   1.0000000000000000        7.3245538508080053        7.3245538508080053     
   1.0000000000000000        7.3245538508080053        7.3245538508080053     
   1.0000000000000000        7.3245538508080053        7.3245538508080053     
   1.0000000000000000        7.3245538508080053        7.3245538508080053     
   1.0000000000000000        7.3245538508080053        7.3245538508080053     
   1.0000000000000000        7.3245538508080053        7.3245538508080053     
   1.0000000000000000        7.3245538508080053        7.3245538508080053     
 
 part:           4
 comp:           0
   1.0000000890110332        68.719653739520780        68.719647622713950     
   1.0000000276025121        68.719649519548852        68.719647622713950     
   1.0000000087119656        68.719648221397151        68.719647622713950     
   1.0000000027544385        68.719647811997987        68.719647622713950     
   1.0000000008710133        68.719647682569672        68.719647622713950     
   1.0000000002754381        68.719647641641956        68.719647622713950     
   1.0000000000871010        68.719647628699505        68.719647622713950     
   1.0000000000275437        68.719647624606750        68.719647622713950     
   1.0000000000087101        68.719647623312511        68.719647622713950     
   1.0000000000027542        68.719647622903224        68.719647622713950     
 comp:           1
   1.0000003278020624        17.837609105804525        17.837603258601387     
   1.0000001016521312        17.837605071831774        17.837603258601387     
   1.0000000320836704        17.837603830897169        17.837603258601387     
   1.0000000101438067        17.837603439542587        17.837603258601387     
   1.0000000032076921        17.837603315818924        17.837603258601387     
   1.0000000010143593        17.837603276695127        17.837603258601387     
   1.0000000003207685        17.837603264323128        17.837603258601387     
   1.0000000001014357        17.837603260410759        17.837603258601387     
   1.0000000000320770        17.837603259173562        17.837603258601387     
   1.0000000000101434        17.837603258782323        17.837603258601387     
 comp:           2
   1.0000004061426941        27.895559746935788        27.895548417362598     
   1.0000001259457314        27.895551930687844        27.895548417362598     
   1.0000000397512701        27.895549526246079        27.895548417362598     
   1.0000000125680508        27.895548767955269        27.895548417362598     
   1.0000000039742907        27.895548528227614        27.895548417362598     
   1.0000000012567787        27.895548452421128        27.895548417362598     
   1.0000000003974281        27.895548428449075        27.895548417362598     
   1.0000000001256779        27.895548420868451        27.895548417362598     
   1.0000000000397429        27.895548418471247        27.895548417362598     
   1.0000000000125677        27.895548417713183        27.895548417362598     
 comp:           3
   1.0000000000000000        60.216677572523778        60.216677572523778     
   1.0000000000000000        60.216677572523778        60.216677572523778     
   1.0000000000000000        60.216677572523778        60.216677572523778     
   1.0000000000000000        60.216677572523778        60.216677572523778     
   1.0000000000000000        60.216677572523778        60.216677572523778     
   1.0000000000000000        60.216677572523778        60.216677572523778     
   1.0000000000000000        60.216677572523778        60.216677572523778     
   1.0000000000000000        60.216677572523778        60.216677572523778     
   1.0000000000000000        60.216677572523778        60.216677572523778     
   1.0000000000000000        60.216677572523778        60.216677572523778     
 
 part:           5
 comp:           0
  0.99999989290496982        252.22598745146138        252.22601446361401     
  0.99999996678959402        252.22600608708566        252.22601446361401     
  0.99999998951805780        252.22601181979550        252.22601446361401     
  0.99999999668595274        252.22601362772508        252.22601446361401     
  0.99999999895202629        252.22601419928779        252.22601446361401     
  0.99999999966860220        252.22601438002687        252.22601446361401     
  0.99999999989520283        252.22601443718145        252.22601446361401     
  0.99999999996686029        252.22601445525530        252.22601446361401     
  0.99999999998952027        252.22601446097076        252.22601446361401     
  0.99999999999668598        252.22601446277812        252.22601446361401     
 comp:           1
  0.99999975365306182       -87.118385153485562       -87.118406614838293     
  0.99999992360727452       -87.118399959625776       -87.118406614838293     
  0.99999997588875866       -87.118404514305368       -87.118406614838293     
  0.99999999237681436       -87.118405950718511       -87.118406614838293     
  0.99999999758938307       -87.118406404829187       -87.118406614838293     
  0.99999999923769756       -87.118406548427714       -87.118406614838293     
  0.99999999975893872       -87.118406593837420       -87.118406614838293     
  0.99999999992376976       -87.118406608197233       -87.118406614838293     
  0.99999999997589395       -87.118406612738212       -87.118406614838293     
  0.99999999999237699       -87.118406614174191       -87.118406614838293     
 comp:           2
  0.99999965020684578       -118.88060385692125       -118.88064544055720     
  0.99999989152837621       -118.88063254538055       -118.88064544055720     
  0.99999996576394568       -118.88064137055296       -118.88064544055720     
  0.99999998917567978       -118.88064415375503       -118.88064544055720     
  0.99999999657711491       -118.88064503364241       -118.88064544055720     
  0.99999999891759073       -118.88064531187969       -118.88064544055720     
  0.99999999965771225       -118.88064539986581       -118.88064544055720     
  0.99999999989175914       -118.88064542768946       -118.88064544055720     
  0.99999999996577127       -118.88064543648807       -118.88064544055720     
  0.99999999998917588       -118.88064543927042       -118.88064544055720     
 comp:           3
   1.0000000000000000       -188.22465775332657       -188.22465775332657     
   1.0000000000000000       -188.22465775332657       -188.22465775332657     
   1.0000000000000000       -188.22465775332657       -188.22465775332657     
   1.0000000000000000       -188.22465775332657       -188.22465775332657     
   1.0000000000000000       -188.22465775332657       -188.22465775332657     
   1.0000000000000000       -188.22465775332657       -188.22465775332657     
   1.0000000000000000       -188.22465775332657       -188.22465775332657     
   1.0000000000000000       -188.22465775332657       -188.22465775332657     
   1.0000000000000000       -188.22465775332657       -188.22465775332657     
   1.0000000000000000       -188.22465775332657       -188.22465775332657     
 
 part:           6
 comp:           0
   1.0000000712802664        154.13419044754221        154.13417946081685     
   1.0000000221041625        154.13418286782380        154.13417946081685     
   1.0000000069765644        154.13418053614387        154.13417946081685     
   1.0000000022057614        154.13417980080007        154.13417946081685     
   1.0000000006975096        154.13417956832691        154.13417946081685     
   1.0000000002205713        154.13417949481445        154.13417946081685     
   1.0000000000697509        154.13417947156785        154.13417946081685     
   1.0000000000220570        154.13417946421660        154.13417946081685     
   1.0000000000069751        154.13417946189196        154.13417946081685     
   1.0000000000022058        154.13417946115683        154.13417946081685     
 comp:           1
   1.0000001392733875        94.166868972688647        94.166855857751642     
   1.0000000431889802        94.166859924722104        94.166855857751642     
   1.0000000136314013        94.166857141377847        94.166855857751642     
   1.0000000043098032        94.166856263592251        94.166855857751642     
   1.0000000013628534        94.166855986087256        94.166855857751642     
   1.0000000004309713        94.166855898334845        94.166855857751642     
   1.0000000001362850        94.166855870585181        94.166855857751642     
   1.0000000000430971        94.166855861809964        94.166855857751642     
   1.0000000000136284        94.166855859034996        94.166855857751642     
   1.0000000000043097        94.166855858157476        94.166855857751642     
 comp:           2
   1.0000014085858995        18.040511690426573        18.040486278851979     
   1.0000004368055486        18.040494159036484        18.040486278851979     
   1.0000001378655330        18.040488766013237        18.040486278851979     
   1.0000000435885703        18.040487065210986        18.040486278851979     
   1.0000000137836527        18.040486527515775        18.040486278851979     
   1.0000000043587653        18.040486357486227        18.040486278851979     
   1.0000000013783623        18.040486303718307        18.040486278851979     
   1.0000000004358764        18.040486286715403        18.040486278851979     
   1.0000000001378362        18.040486281338612        18.040486278851979     
   1.0000000000435878        18.040486279638323        18.040486278851979     
 comp:           3
   1.0000000000000000        120.68342632999479        120.68342632999479     
   1.0000000000000000        120.68342632999479        120.68342632999479     
   1.0000000000000000        120.68342632999479        120.68342632999479     
   1.0000000000000000        120.68342632999479        120.68342632999479     
   1.0000000000000000        120.68342632999479        120.68342632999479     
   1.0000000000000000        120.68342632999479        120.68342632999479     
   1.0000000000000000        120.68342632999479        120.68342632999479     
   1.0000000000000000        120.68342632999479        120.68342632999479     
   1.0000000000000000        120.68342632999479        120.68342632999479     
   1.0000000000000000        120.68342632999479        120.68342632999479     
 
 part:           7
 comp:           0
   1.0484750397699547        2.3516184396533269E-004   2.2428940608536509E-004
   1.0046463304178803        2.2533152877526782E-004   2.2428940608536509E-004
   1.0004627120363159        2.2439318749317895E-004   2.2428940608536509E-004
   1.0000462520802160        2.2429977993696697E-004   2.2428940608536509E-004
   1.0000046250168744        2.2429044342765298E-004   2.2428940608536509E-004
   1.0000004624997756        2.2428950981916509E-004   2.2428940608536509E-004
   1.0000000462499585        2.2428941645874080E-004   2.2428940608536509E-004
   1.0000000046249957        2.2428940712270265E-004   2.2428940608536509E-004
   1.0000000004624994        2.2428940618909882E-004   2.2428940608536509E-004
   1.0000000000462494        2.2428940609573833E-004   2.2428940608536509E-004
 comp:           1
  -4.7011003411392717E-005  -0.0000000000000000     
  -1.4578214668931069E-005  -0.0000000000000000     
  -4.6012083793197694E-006  -0.0000000000000000     
  -1.4547515368410571E-006  -0.0000000000000000     
  -4.6002403035677580E-007  -0.0000000000000000     
  -1.4547209322053399E-007  -0.0000000000000000     
  -4.6002306246867642E-008  -0.0000000000000000     
  -1.4547206293931145E-008  -0.0000000000000000     
  -4.6002304651264356E-009  -0.0000000000000000     
  -1.4547206832972195E-009  -0.0000000000000000     
 comp:           2
  -9.1088780627181798E-005  -0.0000000000000000     
  -2.8246829498483278E-005  -0.0000000000000000     
  -8.9153268441455867E-006  -0.0000000000000000     
  -2.8187346363736106E-006  -0.0000000000000000     
  -8.9134510952058358E-007  -0.0000000000000000     
  -2.8186753366619112E-007  -0.0000000000000000     
  -8.9134323413524055E-008  -0.0000000000000000     
  -2.8186747499312653E-008  -0.0000000000000000     
  -8.9134320321874295E-009  -0.0000000000000000     
  -2.8186748543761581E-009  -0.0000000000000000     
 comp:           3
  0.94362761210419410        2.1164567668460096E-004   2.2428940608536509E-004
  0.99459987518588089        2.2307821529801946E-004   2.2428940608536509E-004
  0.99946225013571921        2.2416879448768307E-004   2.2428940608536509E-004
  0.99994624753619421        2.2427734997718246E-004   2.2428940608536509E-004
  0.99999462497874325        2.2428820052503972E-004   2.2428940608536509E-004
  0.99999946250012495        2.2428928552983734E-004   2.2428940608536509E-004
  0.99999994625003530        2.2428939402981742E-004   2.2428940608536509E-004
  0.99999999462500400        2.2428940487981042E-004   2.2428940608536509E-004
  0.99999999946250029        2.2428940596480959E-004   2.2428940608536509E-004
  0.99999999994624944        2.2428940607330941E-004   2.2428940608536509E-004
 
 part: i_fks+j_fks
 comp:           0
   1.0000000361512420        276.25045856560905        276.25044857881221     
   1.0000000034663801        276.25044953640128        276.25044857881221     
   1.0000000003452167        276.25044867417847        276.25044857881221     
   1.0000000000345073        276.25044858834485        276.25044857881221     
   1.0000000000034504        276.25044857976536        276.25044857881221     
   1.0000000000003448        276.25044857890748        276.25044857881221     
   1.0000000000000342        276.25044857882165        276.25044857881221     
   1.0000000000000033        276.25044857881312        276.25044857881221     
   1.0000000000000004        276.25044857881232        276.25044857881221     
  0.99999999999999978        276.25044857881215        276.25044857881221     
 comp:           1
  -4.7011003411392717E-005   0.0000000000000000     
  -1.4578214668931069E-005   0.0000000000000000     
  -4.6012083793197694E-006   0.0000000000000000     
  -1.4547515368410571E-006   0.0000000000000000     
  -4.6002403035677580E-007   0.0000000000000000     
  -1.4547209322053399E-007   0.0000000000000000     
  -4.6002306246867642E-008   0.0000000000000000     
  -1.4547206293931145E-008   0.0000000000000000     
  -4.6002304651264356E-009   0.0000000000000000     
  -1.4547206832972195E-009   0.0000000000000000     
 comp:           2
  -9.1088780627181798E-005   0.0000000000000000     
  -2.8246829498483278E-005   0.0000000000000000     
  -8.9153268441455867E-006   0.0000000000000000     
  -2.8187346363736106E-006   0.0000000000000000     
  -8.9134510952058358E-007   0.0000000000000000     
  -2.8186753366619112E-007   0.0000000000000000     
  -8.9134323413524055E-008   0.0000000000000000     
  -2.8186747499312653E-008   0.0000000000000000     
  -8.9134320321874295E-009   0.0000000000000000     
  -2.8186748543761581E-009   0.0000000000000000     
 comp:           3
  0.99999995102498285        276.25043504944176        276.25044857881221     
  0.99999999530960249        276.25044728308779        276.25044857881221     
  0.99999999953293572        276.25044844978549        276.25044857881221     
  0.99999999995331290        276.25044856591489        276.25044857881221     
  0.99999999999533118        276.25044857752243        276.25044857881221     
  0.99999999999953293        276.25044857868318        276.25044857881221     
  0.99999999999995304        276.25044857879925        276.25044857881221     
  0.99999999999999512        276.25044857881085        276.25044857881221     
  0.99999999999999978        276.25044857881215        276.25044857881221     
  0.99999999999999956        276.25044857881210        276.25044857881221     
     
 Collinear #          80
 
 part:           1
 comp:           0
  0.99999999770653825        276.25015981819882        276.25016045176801     
  0.99999999978109133        276.25016039129446        276.25016045176801     
  0.99999999997820854        276.25016044574812        276.25016045176801     
  0.99999999999782152        276.25016045116621        276.25016045176801     
  0.99999999999978206        276.25016045170781        276.25016045176801     
  0.99999999999997824        276.25016045176199        276.25016045176801     
  0.99999999999999778        276.25016045176739        276.25016045176801     
  0.99999999999999978        276.25016045176795        276.25016045176801     
  0.99999999999999978        276.25016045176795        276.25016045176801     
  0.99999999999999978        276.25016045176795        276.25016045176801     
 comp:           1
   0.0000000000000000        0.0000000000000000     
   0.0000000000000000        0.0000000000000000     
   0.0000000000000000        0.0000000000000000     
   0.0000000000000000        0.0000000000000000     
   0.0000000000000000        0.0000000000000000     
   0.0000000000000000        0.0000000000000000     
   0.0000000000000000        0.0000000000000000     
   0.0000000000000000        0.0000000000000000     
   0.0000000000000000        0.0000000000000000     
   0.0000000000000000        0.0000000000000000     
 comp:           2
   0.0000000000000000        0.0000000000000000     
   0.0000000000000000        0.0000000000000000     
   0.0000000000000000        0.0000000000000000     
   0.0000000000000000        0.0000000000000000     
   0.0000000000000000        0.0000000000000000     
   0.0000000000000000        0.0000000000000000     
   0.0000000000000000        0.0000000000000000     
   0.0000000000000000        0.0000000000000000     
   0.0000000000000000        0.0000000000000000     
   0.0000000000000000        0.0000000000000000     
 comp:           3
  0.99999999770653825        276.25015981819882        276.25016045176801     
  0.99999999978109133        276.25016039129446        276.25016045176801     
  0.99999999997820854        276.25016044574812        276.25016045176801     
  0.99999999999782152        276.25016045116621        276.25016045176801     
  0.99999999999978206        276.25016045170781        276.25016045176801     
  0.99999999999997824        276.25016045176199        276.25016045176801     
  0.99999999999999778        276.25016045176739        276.25016045176801     
  0.99999999999999978        276.25016045176795        276.25016045176801     
  0.99999999999999978        276.25016045176795        276.25016045176801     
  0.99999999999999978        276.25016045176795        276.25016045176801     
 
 part:           2
 comp:           0
   1.0000000304488033        276.25000841148187        276.25000000000000     
   1.0000000029175971        276.25000080598619        276.25000000000000     
   1.0000000002905449        276.25000008026302        276.25000000000000     
   1.0000000000290423        276.25000000802294        276.25000000000000     
   1.0000000000029039        276.25000000080223        276.25000000000000     
   1.0000000000002904        276.25000000008021        276.25000000000000     
   1.0000000000000291        276.25000000000801        276.25000000000000     
   1.0000000000000029        276.25000000000080        276.25000000000000     
   1.0000000000000002        276.25000000000006        276.25000000000000     
   1.0000000000000000        276.25000000000000        276.25000000000000     
 comp:           1
   0.0000000000000000        0.0000000000000000     
   0.0000000000000000        0.0000000000000000     
   0.0000000000000000        0.0000000000000000     
   0.0000000000000000        0.0000000000000000     
   0.0000000000000000        0.0000000000000000     
   0.0000000000000000        0.0000000000000000     
   0.0000000000000000        0.0000000000000000     
   0.0000000000000000        0.0000000000000000     
   0.0000000000000000        0.0000000000000000     
   0.0000000000000000        0.0000000000000000     
 comp:           2
   0.0000000000000000        0.0000000000000000     
   0.0000000000000000        0.0000000000000000     
   0.0000000000000000        0.0000000000000000     
   0.0000000000000000        0.0000000000000000     
   0.0000000000000000        0.0000000000000000     
   0.0000000000000000        0.0000000000000000     
   0.0000000000000000        0.0000000000000000     
   0.0000000000000000        0.0000000000000000     
   0.0000000000000000        0.0000000000000000     
   0.0000000000000000        0.0000000000000000     
 comp:           3
   1.0000000304488033       -276.25000841148187       -276.25000000000000     
   1.0000000029175971       -276.25000080598619       -276.25000000000000     
   1.0000000002905449       -276.25000008026302       -276.25000000000000     
   1.0000000000290423       -276.25000000802294       -276.25000000000000     
   1.0000000000029039       -276.25000000080223       -276.25000000000000     
   1.0000000000002904       -276.25000000008021       -276.25000000000000     
   1.0000000000000291       -276.25000000000801       -276.25000000000000     
   1.0000000000000029       -276.25000000000080       -276.25000000000000     
   1.0000000000000002       -276.25000000000006       -276.25000000000000     
   1.0000000000000000       -276.25000000000000       -276.25000000000000     
 
 part:           3
 comp:           0
  0.99999995502046202        49.611819873141272        49.611822104658110     
  0.99999998605174512        49.611821412659772        49.611822104658110     
  0.99999999559762098        49.611821886248066        49.611822104658110     
  0.99999999860811162        49.611822035603993        49.611822104658110     
  0.99999999955985464        49.611822082821696        49.611822104658110     
  0.99999999986081411        49.611822097752842        49.611822104658110     
  0.99999999995598554        49.611822102474470        49.611822104658110     
  0.99999999998608136        49.611822103967583        49.611822104658110     
  0.99999999999559841        49.611822104439739        49.611822104658110     
  0.99999999999860822        49.611822104589059        49.611822104658110     
 comp:           1
   1.0000000579408754       -35.582262455077625       -35.582260393410309     
   1.0000000179675923       -35.582261032737854       -35.582260393410309     
   1.0000000056709712       -35.582260595196281       -35.582260393410309     
   1.0000000017929755       -35.582260457208434       -35.582260393410309     
   1.0000000005669778       -35.582260413584663       -35.582260393410309     
   1.0000000001792939       -35.582260399789988       -35.582260393410309     
   1.0000000000566975       -35.582260395427738       -35.582260393410309     
   1.0000000000179294       -35.582260394048276       -35.582260393410309     
   1.0000000000056699       -35.582260393612053       -35.582260393410309     
   1.0000000000017930       -35.582260393474108       -35.582260393410309     
 comp:           2
  0.99999978754072982        29.434164068091508        29.434170321653852     
  0.99999993411591570        29.434168382410494        29.434170321653852     
  0.99999997920551953        29.434169709585571        29.434170321653852     
  0.99999999342546553        29.434170128137886        29.434170321653852     
  0.99999999792098948        29.434170260459901        29.434170321653852     
  0.99999999934256034        29.434170302302661        29.434170321653852     
  0.99999999979209941        29.434170315534470        29.434170321653852     
  0.99999999993425615        29.434170319718735        29.434170321653852     
  0.99999999997920985        29.434170321041911        29.434170321653852     
  0.99999999999342559        29.434170321460339        29.434170321653852     
 comp:           3
   1.0000000000000000       -18.134642409368311       -18.134642409368311     
   1.0000000000000000       -18.134642409368311       -18.134642409368311     
   1.0000000000000000       -18.134642409368311       -18.134642409368311     
   1.0000000000000000       -18.134642409368311       -18.134642409368311     
   1.0000000000000000       -18.134642409368311       -18.134642409368311     
   1.0000000000000000       -18.134642409368311       -18.134642409368311     
   1.0000000000000000       -18.134642409368311       -18.134642409368311     
   1.0000000000000000       -18.134642409368311       -18.134642409368311     
   1.0000000000000000       -18.134642409368311       -18.134642409368311     
   1.0000000000000000       -18.134642409368311       -18.134642409368311     
 
 part:           4
 comp:           0
   1.0000000388437484        38.382262203781757        38.382260712870881     
   1.0000000120455292        38.382261175205528        38.382260712870881     
   1.0000000038018366        38.382260858793963        38.382260712870881     
   1.0000000012020163        38.382260759006982        38.382260712870881     
   1.0000000003801037        38.382260727460121        38.382260712870881     
   1.0000000001201990        38.382260717484392        38.382260712870881     
   1.0000000000380103        38.382260714329803        38.382260712870881     
   1.0000000000120199        38.382260713332229        38.382260712870881     
   1.0000000000038007        38.382260713016763        38.382260712870881     
   1.0000000000012019        38.382260712917017        38.382260712870881     
 comp:           1
  0.99999976635028875        6.8265083707969572        6.8265099658090396     
  0.99999992754471567        6.8265094711923187        6.8265099658090396     
  0.99999997713150279        6.8265098096970158        6.8265099658090396     
  0.99999999276972951        6.8265099164515259        6.8265099658090396     
  0.99999999771363146        6.8265099502011219        6.8265099658090396     
  0.99999999927698813        6.8265099608733921        6.8265099658090396     
  0.99999999977136356        6.8265099642482507        6.8265099658090396     
  0.99999999992769883        6.8265099653154753        6.8265099658090396     
  0.99999999997713640        6.8265099656529609        6.8265099658090396     
  0.99999999999276989        6.8265099657596835        6.8265099658090396     
 comp:           2
   1.0000003436501057       -14.078505107252449       -14.078500269174341     
   1.0000001065666464       -14.078501769472901       -14.078500269174341     
   1.0000000336348007       -14.078500742701893       -14.078500269174341     
   1.0000000106342235       -14.078500418888259       -14.078500269174341     
   1.0000000033627725       -14.078500316517134       -14.078500269174341     
   1.0000000010634000       -14.078500284145418       -14.078500269174341     
   1.0000000003362766       -14.078500273908611       -14.078500269174341     
   1.0000000001063400       -14.078500270671450       -14.078500269174341     
   1.0000000000336275       -14.078500269647767       -14.078500269174341     
   1.0000000000106339       -14.078500269324053       -14.078500269174341     
 comp:           3
   1.0000000000000000        35.048431195823312        35.048431195823312     
   1.0000000000000000        35.048431195823312        35.048431195823312     
   1.0000000000000000        35.048431195823312        35.048431195823312     
   1.0000000000000000        35.048431195823312        35.048431195823312     
   1.0000000000000000        35.048431195823312        35.048431195823312     
   1.0000000000000000        35.048431195823312        35.048431195823312     
   1.0000000000000000        35.048431195823312        35.048431195823312     
   1.0000000000000000        35.048431195823312        35.048431195823312     
   1.0000000000000000        35.048431195823312        35.048431195823312     
   1.0000000000000000        35.048431195823312        35.048431195823312     
 
 part:           5
 comp:           0
   1.0000000836328593        251.79223375737647        251.79221269927376     
   1.0000000259347304        251.79221922943691        251.79221269927376     
   1.0000000081855769        251.79221476033828        251.79221269927376     
   1.0000000025880116        251.79221335091492        251.79221269927376     
   1.0000000008183854        251.79221290533684        251.79221269927376     
   1.0000000002587957        251.79221276443650        251.79221269927376     
   1.0000000000818383        251.79221271988001        251.79221269927376     
   1.0000000000258795        251.79221270579004        251.79221269927376     
   1.0000000000081837        251.79221270133436        251.79221269927376     
   1.0000000000025879        251.79221269992539        251.79221269927376     
 comp:           1
  0.99999991243710984        119.49661541408679        119.49662587755671     
  0.99999997284655751        119.49662263281195        119.49662587755671     
  0.99999999142977047        119.49662485344319        119.49662587755671     
  0.99999999729037381        119.49662555376553        119.49662587755671     
  0.99999999914315740        119.49662577516690        119.49662587755671     
  0.99999999972904308        119.49662584517827        119.49662587755671     
  0.99999999991431587        119.49662586731775        119.49662587755671     
  0.99999999997290434        119.49662587431887        119.49662587755671     
  0.99999999999143163        119.49662587653282        119.49662587755671     
  0.99999999999729050        119.49662587723293        119.49662587755671     
 comp:           2
   1.0000001537285697       -206.45723609302632       -206.45720435465560     
   1.0000000476715636       -206.45721419679333       -206.45720435465560     
   1.0000000150462043       -206.45720746105289       -206.45720435465560     
   1.0000000047571174       -206.45720533679676       -206.45720435465560     
   1.0000000015043038       -206.45720466522997       -206.45720435465560     
   1.0000000004757017       -206.45720445286764       -206.45720435465560     
   1.0000000001504301       -206.45720438571297       -206.45720435465560     
   1.0000000000475702       -206.45720436447681       -206.45720435465560     
   1.0000000000150429       -206.45720435776133       -206.45720435465560     
   1.0000000000047571       -206.45720435563771       -206.45720435465560     
 comp:           3
   1.0000000000000000        5.2992070694589897        5.2992070694589897     
   1.0000000000000000        5.2992070694589897        5.2992070694589897     
   1.0000000000000000        5.2992070694589897        5.2992070694589897     
   1.0000000000000000        5.2992070694589897        5.2992070694589897     
   1.0000000000000000        5.2992070694589897        5.2992070694589897     
   1.0000000000000000        5.2992070694589897        5.2992070694589897     
   1.0000000000000000        5.2992070694589897        5.2992070694589897     
   1.0000000000000000        5.2992070694589897        5.2992070694589897     
   1.0000000000000000        5.2992070694589897        5.2992070694589897     
   1.0000000000000000        5.2992070694589897        5.2992070694589897     
 
 part:           6
 comp:           0
   1.0484750521581490        1.6822967580048853E-004   1.6045176797884673E-004
   1.0046463316599104        1.6119728010829544E-004   1.6045176797884673E-004
   1.0004627121605243        1.6052601096306818E-004   1.6045176797884673E-004
   1.0000462520926365        1.6045918920888299E-004   1.6045176797884673E-004
   1.0000046250181165        1.6045251007118047E-004   1.6045176797884673E-004
   1.0000004624998997        1.6045184218777334E-004   1.6045176797884673E-004
   1.0000000462499707        1.6045177539973632E-004   1.6045176797884673E-004
   1.0000000046249968        1.6045176872093566E-004   1.6045176797884673E-004
   1.0000000004624992        1.6045176805305555E-004   1.6045176797884673E-004
   1.0000000000462494        1.6045176798626753E-004   1.6045176797884673E-004
 comp:           1
   2.2959673090355260E-005   0.0000000000000000     
   7.1198447266832852E-006   0.0000000000000000     
   2.2471811518542194E-006   0.0000000000000000     
   7.1048515191584965E-007   0.0000000000000000     
   2.2467083540895910E-007   0.0000000000000000     
   7.1047020494158115E-008   0.0000000000000000     
   2.2467036270284190E-008   0.0000000000000000     
   7.1047005705135376E-009   0.0000000000000000     
   2.2467035491008663E-009   0.0000000000000000     
   7.1047008337754499E-010   0.0000000000000000     
 comp:           2
   6.9642539334389495E-005   0.0000000000000000     
   2.1596303417798967E-005   0.0000000000000000     
   6.8162730864511893E-006   0.0000000000000000     
   2.1550825198632495E-006   0.0000000000000000     
   6.8148389703472389E-007   0.0000000000000000     
   2.1550371818813312E-007   0.0000000000000000     
   6.8148246319660985E-008   0.0000000000000000     
   2.1550367332925846E-008   0.0000000000000000     
   6.8148243955919731E-009   0.0000000000000000     
   2.1550368131466311E-009   0.0000000000000000     
 comp:           3
  0.94362760153374536        1.5140671697972814E-004   1.6045176797884673E-004
  0.99459987411797424        1.5958530823376738E-004   1.6045176797884673E-004
  0.99946225002885014        1.6036548504524517E-004   1.6045176797884673E-004
  0.99994624752550598        1.6044314329928094E-004   1.6045176797884673E-004
  0.99999462497767444        1.6045090554701167E-004   1.6045176797884673E-004
  0.99999946250001803        1.6045168173602433E-004   1.6045176797884673E-004
  0.99999994625002442        1.6045175935456812E-004   1.6045176797884673E-004
  0.99999999462500266        1.6045176711641890E-004   1.6045176797884673E-004
  0.99999999946249962        1.6045176789260385E-004   1.6045176797884673E-004
  0.99999999994624944        1.6045176797022237E-004   1.6045176797884673E-004
 
 part:           7
 comp:           0
  0.99999990448433074        212.71368416570542        212.71370448319726     
  0.99999997038038069        212.71369818269832        212.71370448319726     
  0.99999999065139022        212.71370249461984        212.71370448319726     
  0.99999999704427533        212.71370385447412        212.71370448319726     
  0.99999999906533565        212.71370428438135        212.71370448319726     
  0.99999999970443376        212.71370442032628        212.71370448319726     
  0.99999999990653377        212.71370446331571        212.71370448319726     
  0.99999999997044331        212.71370447691015        212.71370448319726     
  0.99999999999065325        212.71370448120908        212.71370448319726     
  0.99999999999704425        212.71370448256855        212.71370448319726     
 comp:           1
   1.0000000974150154       -90.740884289479212       -90.740875449955439     
   1.0000000302086098       -90.740878191111136       -90.740875449955439     
   1.0000000095345083       -90.740876315125064       -90.740875449955439     
   1.0000000030144995       -90.740875723493772       -90.740875449955439     
   1.0000000009532501       -90.740875536454197       -90.740875449955439     
   1.0000000003014435       -90.740875477308691       -90.740875449955439     
   1.0000000000953249       -90.740875458605302       -90.740875449955439     
   1.0000000000301443       -90.740875452690759       -90.740875449955439     
   1.0000000000095326       -90.740875450820425       -90.740875449955439     
   1.0000000000030145       -90.740875450228970       -90.740875449955439     
 comp:           2
  0.99999985969485661        191.10150748964793        191.10153430217611     
  0.99999995649106754        191.10152598755235        191.10153430217611     
  0.99999998626761433        191.10153167789613        191.10153430217611     
  0.99999999565826891        191.10153347246464        191.10153430217611     
  0.99999999862705036        191.10153403980331        191.10153430217611     
  0.99999999956583607        191.10153421920671        191.10153430217611     
  0.99999999986270538        191.10153427593889        191.10153430217611     
  0.99999999995658351        191.10153429387915        191.10153430217611     
  0.99999999998627043        191.10153429955236        191.10153430217611     
  0.99999999999565836        191.10153430134642        191.10153430217611     
 comp:           3
   1.0000000000000000       -22.212995855913992       -22.212995855913992     
   1.0000000000000000       -22.212995855913992       -22.212995855913992     
   1.0000000000000000       -22.212995855913992       -22.212995855913992     
   1.0000000000000000       -22.212995855913992       -22.212995855913992     
   1.0000000000000000       -22.212995855913992       -22.212995855913992     
   1.0000000000000000       -22.212995855913992       -22.212995855913992     
   1.0000000000000000       -22.212995855913992       -22.212995855913992     
   1.0000000000000000       -22.212995855913992       -22.212995855913992     
   1.0000000000000000       -22.212995855913992       -22.212995855913992     
   1.0000000000000000       -22.212995855913992       -22.212995855913992     
 
 part: i_fks+j_fks
 comp:           0
   1.0000000258618293        276.25032804787463        276.25032090353596     
   1.0000000024797751        276.25032158857459        276.25032090353596     
   1.0000000002469613        276.25032097175909        276.25032090353596     
   1.0000000000246858        276.25032091035541        276.25032090353596     
   1.0000000000024685        276.25032090421786        276.25032090353596     
   1.0000000000002469        276.25032090360418        276.25032090353596     
   1.0000000000000246        276.25032090354279        276.25032090353596     
   1.0000000000000024        276.25032090353665        276.25032090353596     
   1.0000000000000002        276.25032090353602        276.25032090353596     
   1.0000000000000000        276.25032090353596        276.25032090353596     
 comp:           1
   2.2959673090355260E-005   0.0000000000000000     
   7.1198447266832852E-006   0.0000000000000000     
   2.2471811518542194E-006   0.0000000000000000     
   7.1048515191584965E-007   0.0000000000000000     
   2.2467083540895910E-007   0.0000000000000000     
   7.1047020494158115E-008   0.0000000000000000     
   2.2467036270284190E-008   0.0000000000000000     
   7.1047005705135376E-009   0.0000000000000000     
   2.2467035491008663E-009   0.0000000000000000     
   7.1047008337754499E-010   0.0000000000000000     
 comp:           2
   6.9642539334389495E-005   0.0000000000000000     
   2.1596303417798967E-005   0.0000000000000000     
   6.8162730864511893E-006   0.0000000000000000     
   2.1550825198632495E-006   0.0000000000000000     
   6.8148389703472389E-007   0.0000000000000000     
   2.1550371818813312E-007   0.0000000000000000     
   6.8148246319660985E-008   0.0000000000000000     
   2.1550367332925846E-008   0.0000000000000000     
   6.8148243955919731E-009   0.0000000000000000     
   2.1550368131466311E-009   0.0000000000000000     
 comp:           3
  0.99999996496431154        276.25031122491578        276.25032090353596     
  0.99999999664458927        276.25031997660267        276.25032090353596     
  0.99999999966587261        276.25032081123317        276.25032090353596     
  0.99999999996660105        276.25032089430948        276.25032090353596     
  0.99999999999666023        276.25032090261334        276.25032090353596     
  0.99999999999966604        276.25032090344371        276.25032090353596     
  0.99999999999996669        276.25032090352676        276.25032090353596     
  0.99999999999999667        276.25032090353506        276.25032090353596     
  0.99999999999999956        276.25032090353585        276.25032090353596     
  0.99999999999999978        276.25032090353591        276.25032090353596     
     
 Collinear #          81
 
 part:           1
 comp:           0
  0.99999999647048010        276.25024595250613        276.25024692753686     
  0.99999999966311048        276.25024683447106        276.25024692753686     
  0.99999999996646349        276.25024691827241        276.25024692753686     
  0.99999999999664801        276.25024692661088        276.25024692753686     
  0.99999999999966482        276.25024692744427        276.25024692753686     
  0.99999999999996647        276.25024692752760        276.25024692753686     
  0.99999999999999667        276.25024692753595        276.25024692753686     
  0.99999999999999956        276.25024692753675        276.25024692753686     
   1.0000000000000000        276.25024692753686        276.25024692753686     
   1.0000000000000000        276.25024692753686        276.25024692753686     
 comp:           1
   0.0000000000000000        0.0000000000000000     
   0.0000000000000000        0.0000000000000000     
   0.0000000000000000        0.0000000000000000     
   0.0000000000000000        0.0000000000000000     
   0.0000000000000000        0.0000000000000000     
   0.0000000000000000        0.0000000000000000     
   0.0000000000000000        0.0000000000000000     
   0.0000000000000000        0.0000000000000000     
   0.0000000000000000        0.0000000000000000     
   0.0000000000000000        0.0000000000000000     
 comp:           2
   0.0000000000000000        0.0000000000000000     
   0.0000000000000000        0.0000000000000000     
   0.0000000000000000        0.0000000000000000     
   0.0000000000000000        0.0000000000000000     
   0.0000000000000000        0.0000000000000000     
   0.0000000000000000        0.0000000000000000     
   0.0000000000000000        0.0000000000000000     
   0.0000000000000000        0.0000000000000000     
   0.0000000000000000        0.0000000000000000     
   0.0000000000000000        0.0000000000000000     
 comp:           3
  0.99999999647048010        276.25024595250613        276.25024692753686     
  0.99999999966311048        276.25024683447106        276.25024692753686     
  0.99999999996646349        276.25024691827241        276.25024692753686     
  0.99999999999664801        276.25024692661088        276.25024692753686     
  0.99999999999966482        276.25024692744427        276.25024692753686     
  0.99999999999996647        276.25024692752760        276.25024692753686     
  0.99999999999999667        276.25024692753595        276.25024692753686     
  0.99999999999999956        276.25024692753675        276.25024692753686     
   1.0000000000000000        276.25024692753686        276.25024692753686     
   1.0000000000000000        276.25024692753686        276.25024692753686     
 
 part:           2
 comp:           0
   1.0000000468592338        276.25001294486327        276.24999999999994     
   1.0000000044900403        276.25000124037359        276.24999999999994     
   1.0000000004471343        276.25000012352081        276.24999999999994     
   1.0000000000446951        276.25000001234696        276.24999999999994     
   1.0000000000044695        276.25000000123464        276.24999999999994     
   1.0000000000004472        276.25000000012346        276.24999999999994     
   1.0000000000000451        276.25000000001239        276.24999999999994     
   1.0000000000000044        276.25000000000119        276.24999999999994     
   1.0000000000000007        276.25000000000011        276.24999999999994     
   1.0000000000000002        276.25000000000000        276.24999999999994     
 comp:           1
   0.0000000000000000        0.0000000000000000     
   0.0000000000000000        0.0000000000000000     
   0.0000000000000000        0.0000000000000000     
   0.0000000000000000        0.0000000000000000     
   0.0000000000000000        0.0000000000000000     
   0.0000000000000000        0.0000000000000000     
   0.0000000000000000        0.0000000000000000     
   0.0000000000000000        0.0000000000000000     
   0.0000000000000000        0.0000000000000000     
   0.0000000000000000        0.0000000000000000     
 comp:           2
   0.0000000000000000        0.0000000000000000     
   0.0000000000000000        0.0000000000000000     
   0.0000000000000000        0.0000000000000000     
   0.0000000000000000        0.0000000000000000     
   0.0000000000000000        0.0000000000000000     
   0.0000000000000000        0.0000000000000000     
   0.0000000000000000        0.0000000000000000     
   0.0000000000000000        0.0000000000000000     
   0.0000000000000000        0.0000000000000000     
   0.0000000000000000        0.0000000000000000     
 comp:           3
   1.0000000468592338       -276.25001294486327       -276.24999999999994     
   1.0000000044900403       -276.25000124037359       -276.24999999999994     
   1.0000000004471343       -276.25000012352081       -276.24999999999994     
   1.0000000000446951       -276.25000001234696       -276.24999999999994     
   1.0000000000044695       -276.25000000123464       -276.24999999999994     
   1.0000000000004472       -276.25000000012346       -276.24999999999994     
   1.0000000000000451       -276.25000000001239       -276.24999999999994     
   1.0000000000000044       -276.25000000000119       -276.24999999999994     
   1.0000000000000007       -276.25000000000011       -276.24999999999994     
   1.0000000000000002       -276.25000000000000       -276.24999999999994     
 
 part:           3
 comp:           0
   1.0000001159727794        34.392564115210710        34.392560126609922     
   1.0000000359634074        34.392561363483573        34.392560126609922     
   1.0000000113508498        34.392560516994706        34.392560126609922     
   1.0000000035887673        34.392560250036816        34.392560126609922     
   1.0000000011348460        34.392560165640184        34.392560126609922     
   1.0000000003588692        34.392560138952355        34.392560126609922     
   1.0000000001134841        34.392560130512933        34.392560126609922     
   1.0000000000358868        34.392560127844163        34.392560126609922     
   1.0000000000113485        34.392560127000223        34.392560126609922     
   1.0000000000035887        34.392560126733343        34.392560126609922     
 comp:           1
   1.0000001248251742        25.406183488672507        25.406180317341626     
   1.0000000387085570        25.406181300778208        25.406180317341626     
   1.0000000122172803        25.406180627736052        25.406180317341626     
   1.0000000038627042        25.406180415478186        25.406180317341626     
   1.0000000012214709        25.406180348374537        25.406180317341626     
   1.0000000003862624        25.406180327155077        25.406180317341626     
   1.0000000001221467        25.406180320444911        25.406180317341626     
   1.0000000000386262        25.406180318322971        25.406180317341626     
   1.0000000000122147        25.406180317651955        25.406180317341626     
   1.0000000000038625        25.406180317439759        25.406180317341626     
 comp:           2
   1.0000006941051620        9.0307091890010494        9.0307029207435363     
   1.0000002152435152        9.0307048645437789        9.0307029207435363     
   1.0000000679356338        9.0307035342500637        9.0307029207435363     
   1.0000000214790243        9.0307031147142247        9.0307029207435363     
   1.0000000067921340        9.0307029820812801        9.0307029207435363     
   1.0000000021478572        9.0307029401401966        9.0307029207435363     
   1.0000000006792118        9.0307029268772965        9.0307029207435363     
   1.0000000002147857        9.0307029226832025        9.0307029207435363     
   1.0000000000679212        9.0307029213569123        9.0307029207435363     
   1.0000000000214784        9.0307029209375020        9.0307029207435363     
 comp:           3
   1.0000000000000000        21.349955468395642        21.349955468395642     
   1.0000000000000000        21.349955468395642        21.349955468395642     
   1.0000000000000000        21.349955468395642        21.349955468395642     
   1.0000000000000000        21.349955468395642        21.349955468395642     
   1.0000000000000000        21.349955468395642        21.349955468395642     
   1.0000000000000000        21.349955468395642        21.349955468395642     
   1.0000000000000000        21.349955468395642        21.349955468395642     
   1.0000000000000000        21.349955468395642        21.349955468395642     
   1.0000000000000000        21.349955468395642        21.349955468395642     
   1.0000000000000000        21.349955468395642        21.349955468395642     
 
 part:           4
 comp:           0
   1.0000000749892832        222.14238047992347        222.14236382162682     
   1.0000000232543358        222.14236898739995        222.14236382162682     
   1.0000000073395845        222.14236545205947        222.14236382162682     
   1.0000000023205364        222.14236433711625        222.14236382162682     
   1.0000000007338041        222.14236398463578        222.14236382162682     
   1.0000000002320488        222.14236387317467        222.14236382162682     
   1.0000000000733802        222.14236383792766        222.14236382162682     
   1.0000000000232050        222.14236382678160        222.14236382162682     
   1.0000000000073381        222.14236382325691        222.14236382162682     
   1.0000000000023206        222.14236382214230        222.14236382162682     
 comp:           1
   1.0000000947345433        216.22211292483436        216.22209244113319     
   1.0000000293773876        216.22209879317342        216.22209244113319     
   1.0000000092721562        216.22209444597817        216.22209244113319     
   1.0000000029315523        216.22209307499958        216.22209244113319     
   1.0000000009270205        216.22209264157550        216.22209244113319     
   1.0000000002931491        216.22209250451849        216.22209244113319     
   1.0000000000927018        216.22209246117737        216.22209244113319     
   1.0000000000293148        216.22209244747171        216.22209244113319     
   1.0000000000092701        216.22209244313760        216.22209244113319     
   1.0000000000029314        216.22209244176705        216.22209244113319     
 comp:           2
  0.99999774997065338       -17.993868610498389       -17.993909097321918     
  0.99999930226101252       -17.993896542270004       -17.993909097321918     
  0.99999977977807819       -17.993905134668676       -17.993909097321918     
  0.99999993037303425       -17.993907844460626       -17.993909097321918     
  0.99999997798244133       -17.993908701139969       -17.993909097321918     
  0.99999999303745002       -17.993908972038426       -17.993909097321918     
  0.99999999779824922       -17.993909057703814       -17.993909097321918     
  0.99999999930374517       -17.993909084793572       -17.993909097321918     
  0.99999999977982479       -17.993909093360106       -17.993909097321918     
  0.99999999993037447       -17.993909096069082       -17.993909097321918     
 comp:           3
   1.0000000000000000       -47.659792068738348       -47.659792068738348     
   1.0000000000000000       -47.659792068738348       -47.659792068738348     
   1.0000000000000000       -47.659792068738348       -47.659792068738348     
   1.0000000000000000       -47.659792068738348       -47.659792068738348     
   1.0000000000000000       -47.659792068738348       -47.659792068738348     
   1.0000000000000000       -47.659792068738348       -47.659792068738348     
   1.0000000000000000       -47.659792068738348       -47.659792068738348     
   1.0000000000000000       -47.659792068738348       -47.659792068738348     
   1.0000000000000000       -47.659792068738348       -47.659792068738348     
   1.0000000000000000       -47.659792068738348       -47.659792068738348     
 
 part:           5
 comp:           0
  0.99999991493236018        273.63952962690354        273.63955290477446     
  0.99999997362033499        273.63954568625473        273.63955290477446     
  0.99999999167399145        273.63955062644919        273.63955290477446     
  0.99999999736758849        273.63955218444255        273.63955290477446     
  0.99999999916757432        273.63955267698987        273.63955290477446     
  0.99999999973676434        273.63955283274277        273.63955290477446     
  0.99999999991675736        273.63955288199600        273.63955290477446     
  0.99999999997367650        273.63955289757132        273.63955290477446     
  0.99999999999167577        273.63955290249663        273.63955290477446     
  0.99999999999736766        273.63955290405414        273.63955290477446     
 comp:           1
  0.99999990333006805       -261.01437418276026       -261.01439941500450     
  0.99999997002244234       -261.01439159043031       -261.01439941500450     
  0.99999999053841682       -261.01439694539505       -261.01439941500450     
  0.99999999700855691       -261.01439863419478       -261.01439941500450     
  0.99999999905404069       -261.01439916809551       -261.01439941500450     
  0.99999999970086195       -261.01439933692518       -261.01439941500450     
  0.99999999990540422       -261.01439939031366       -261.01439941500450     
  0.99999999997008615       -261.01439940719655       -261.01439941500450     
  0.99999999999054034       -261.01439941253540       -261.01439941500450     
  0.99999999999700862       -261.01439941422370       -261.01439941500450     
 comp:           2
   1.0000115027889285        4.3357376731243136        4.3356878006226829     
   1.0000035670400278        4.3357032661946162        4.3356878006226829     
   1.0000011258370778        4.3356926819007668        4.3356878006226829     
   1.0000003559528481        4.3356893439231037        4.3356878006226829     
   1.0000001125600211        4.3356882886477930        4.3356878006226829     
   1.0000000355945358        4.3356879549494778        4.3356878006226829     
   1.0000000112559810        4.3356878494251028        4.3356878006226829     
   1.0000000035594530        4.3356878160553594        4.3356878006226829     
   1.0000000011255978        4.3356878055029240        4.3356878006226829     
   1.0000000003559453        4.3356878021659506        4.3356878006226829     
 comp:           3
   1.0000000000000000        16.250355961466980        16.250355961466980     
   1.0000000000000000        16.250355961466980        16.250355961466980     
   1.0000000000000000        16.250355961466980        16.250355961466980     
   1.0000000000000000        16.250355961466980        16.250355961466980     
   1.0000000000000000        16.250355961466980        16.250355961466980     
   1.0000000000000000        16.250355961466980        16.250355961466980     
   1.0000000000000000        16.250355961466980        16.250355961466980     
   1.0000000000000000        16.250355961466980        16.250355961466980     
   1.0000000000000000        16.250355961466980        16.250355961466980     
   1.0000000000000000        16.250355961466980        16.250355961466980     
 
 part:           6
 comp:           0
   1.0484750353768495        2.5889735793771014E-004   2.4692753685323144E-004
   1.0046463299774306        2.4807484366996574E-004   2.4692753685323144E-004
   1.0004627119922689        2.4704179318575485E-004   2.4692753685323144E-004
   1.0000462520758113        2.4693895776438591E-004   2.4692753685323144E-004
   1.0000046250164341        2.4692867889714742E-004   2.4692753685323144E-004
   1.0000004624997316        2.4692765105715098E-004   2.4692753685323144E-004
   1.0000000462499541        2.4692754827361870E-004   2.4692753685323144E-004
   1.0000000046249957        2.4692753799527022E-004   2.4692753685323144E-004
   1.0000000004624989        2.4692753696743517E-004   2.4692753685323144E-004
   1.0000000000462494        2.4692753686465172E-004   2.4692753685323144E-004
 comp:           1
  -5.0945908178689865E-005  -0.0000000000000000     
  -1.5798437189256731E-005  -0.0000000000000000     
  -4.9863377110109726E-006  -0.0000000000000000     
  -1.5765168299659460E-006  -0.0000000000000000     
  -4.9852886055017315E-007  -0.0000000000000000     
  -1.5764836636647848E-007  -0.0000000000000000     
  -4.9852781164802340E-008  -0.0000000000000000     
  -1.5764833355066072E-008  -0.0000000000000000     
  -4.9852779435644121E-009  -0.0000000000000000     
  -1.5764833939225820E-009  -0.0000000000000000     
 comp:           2
  -1.0069654781668546E-004  -0.0000000000000000     
  -3.1226218998336103E-005  -0.0000000000000000     
  -9.8556883505903301E-006  -0.0000000000000000     
  -3.1160461757923597E-006  -0.0000000000000000     
  -9.8536147531837325E-007  -0.0000000000000000     
  -3.1159806213219381E-007  -0.0000000000000000     
  -9.8535940212291454E-008  -0.0000000000000000     
  -3.1159799727046735E-008  -0.0000000000000000     
  -9.8535936794543684E-009  -0.0000000000000000     
  -3.1159800881660951E-009  -0.0000000000000000     
 comp:           3
  0.94362761585269039        2.3300764288919213E-004   2.4692753685323144E-004
  0.99459987556458174        2.4559409742769267E-004   2.4692753685323144E-004
  0.99946225017361690        2.4679475161315940E-004   2.4692753685323144E-004
  0.99994624753998429        2.4691426389067997E-004   2.4692753685323144E-004
  0.99999462497912239        2.4692620961256560E-004   2.4692753685323144E-004
  0.99999946250016314        2.4692740412972066E-004   2.4692753685323144E-004
  0.99999994625003907        2.4692752358088598E-004   2.4692753685323144E-004
  0.99999999462500411        2.4692753552599695E-004   2.4692753685323144E-004
  0.99999999946249984        2.4692753672050786E-004   2.4692753685323144E-004
  0.99999999994624977        2.4692753683995902E-004   2.4692753685323144E-004
 
 part:           7
 comp:           0
   1.0000001178465106        22.325525777973802        22.325523146988804     
   1.0000000365444555        22.325523962862889        22.325523146988804     
   1.0000000115342413        22.325523404496778        22.325523146988804     
   1.0000000036467498        22.325523228404400        22.325523146988804     
   1.0000000011531816        22.325523172734183        22.325523146988804     
   1.0000000003646672        22.325523155130192        22.325523146988804     
   1.0000000001153178        22.325523149563331        22.325523146988804     
   1.0000000000364668        22.325523147802944        22.325523146988804     
   1.0000000000115319        22.325523147246258        22.325523146988804     
   1.0000000000036466        22.325523147070218        22.325523146988804     
 comp:           1
   1.0000001061909851        19.386128715161554        19.386126656529665     
   1.0000000329300547        19.386127294915877        19.386126656529665     
   1.0000000103934565        19.386126858018532        19.386126656529665     
   1.0000000032860707        19.386126720233850        19.386126656529665     
   1.0000000010391270        19.386126676674312        19.386126656529665     
   1.0000000003286003        19.386126662899951        19.386126656529665     
   1.0000000001039124        19.386126658544125        19.386126656529665     
   1.0000000000328602        19.386126657166695        19.386126656529665     
   1.0000000000103912        19.386126656731111        19.386126656529665     
   1.0000000000032860        19.386126656593369        19.386126656529665     
 comp:           2
   1.0000008792974577        4.6275224449208414        4.6275183759556979     
   1.0000002726720474        4.6275196377506083        4.6275183759556979     
   1.0000000860613540        4.6275187742061954        4.6275183759556979     
   1.0000000272097840        4.6275185018694733        4.6275183759556979     
   1.0000000086043248        4.6275184157723688        4.6275183759556979     
   1.0000000027209213        4.6275183885468110        4.6275183759556979     
   1.0000000008604304        4.6275183799373556        4.6275183759556979     
   1.0000000002720921        4.6275183772148090        4.6275183759556979     
   1.0000000000860432        4.6275183763538639        4.6275183759556979     
   1.0000000000272091        4.6275183760816088        4.6275183759556979     
 comp:           3
   1.0000000000000000        10.059480638875726        10.059480638875726     
   1.0000000000000000        10.059480638875726        10.059480638875726     
   1.0000000000000000        10.059480638875726        10.059480638875726     
   1.0000000000000000        10.059480638875726        10.059480638875726     
   1.0000000000000000        10.059480638875726        10.059480638875726     
   1.0000000000000000        10.059480638875726        10.059480638875726     
   1.0000000000000000        10.059480638875726        10.059480638875726     
   1.0000000000000000        10.059480638875726        10.059480638875726     
   1.0000000000000000        10.059480638875726        10.059480638875726     
   1.0000000000000000        10.059480638875726        10.059480638875726     
 
 part: i_fks+j_fks
 comp:           0
   1.0000000398000748        276.25050484986406        276.25049385507373     
   1.0000000038162502        276.25049490931474        276.25049385507373     
   1.0000000003800602        276.25049396006557        276.25049385507373     
   1.0000000000379907        276.25049386556867        276.25049385507373     
   1.0000000000037990        276.25049385612317        276.25049385507373     
   1.0000000000003799        276.25049385517866        276.25049385507373     
   1.0000000000000380        276.25049385508424        276.25049385507373     
   1.0000000000000038        276.25049385507475        276.25049385507373     
   1.0000000000000004        276.25049385507384        276.25049385507373     
   1.0000000000000000        276.25049385507373        276.25049385507373     
 comp:           1
  -5.0945908178689865E-005   0.0000000000000000     
  -1.5798437189256731E-005   0.0000000000000000     
  -4.9863377110109726E-006   0.0000000000000000     
  -1.5765168299659460E-006   0.0000000000000000     
  -4.9852886055017315E-007   0.0000000000000000     
  -1.5764836636647848E-007   0.0000000000000000     
  -4.9852781164802340E-008   0.0000000000000000     
  -1.5764833355066072E-008   0.0000000000000000     
  -4.9852779435644121E-009   0.0000000000000000     
  -1.5764833939225820E-009   0.0000000000000000     
 comp:           2
  -1.0069654781668546E-004   0.0000000000000000     
  -3.1226218998336103E-005   0.0000000000000000     
  -9.8556883505903301E-006   0.0000000000000000     
  -3.1160461757923597E-006   0.0000000000000000     
  -9.8536147531837325E-007   0.0000000000000000     
  -3.1159806213219381E-007   0.0000000000000000     
  -9.8535940212291454E-008   0.0000000000000000     
  -3.1159799727046735E-008   0.0000000000000000     
  -9.8535936794543684E-009   0.0000000000000000     
  -3.1159800881660951E-009   0.0000000000000000     
 comp:           3
  0.99999994608181686        276.25047896014900        276.25049385507373     
  0.99999999483618929        276.25049242856846        276.25049385507373     
  0.99999999948579377        276.25049371302401        276.25049385507373     
  0.99999999994860111        276.25049384087475        276.25049385507373     
  0.99999999999486033        276.25049385365389        276.25049385507373     
  0.99999999999948597        276.25049385493173        276.25049385507373     
  0.99999999999994860        276.25049385505952        276.25049385507373     
  0.99999999999999467        276.25049385507225        276.25049385507373     
  0.99999999999999933        276.25049385507356        276.25049385507373     
   1.0000000000000000        276.25049385507373        276.25049385507373     
     
 Collinear #           5
 
 part:           1
 comp:           0
   1.0000000503230264        276.25001390173605        276.25000000000000     
   1.0000000048219402        276.25000133206100        276.25000000000000     
   1.0000000004801861        276.25000013265139        276.25000000000000     
   1.0000000000479987        276.25000001325964        276.25000000000000     
   1.0000000000047995        276.25000000132587        276.25000000000000     
   1.0000000000004798        276.25000000013256        276.25000000000000     
   1.0000000000000480        276.25000000001324        276.25000000000000     
   1.0000000000000047        276.25000000000131        276.25000000000000     
   1.0000000000000004        276.25000000000011        276.25000000000000     
   1.0000000000000000        276.25000000000000        276.25000000000000     
 comp:           1
   0.0000000000000000        0.0000000000000000     
   0.0000000000000000        0.0000000000000000     
   0.0000000000000000        0.0000000000000000     
   0.0000000000000000        0.0000000000000000     
   0.0000000000000000        0.0000000000000000     
   0.0000000000000000        0.0000000000000000     
   0.0000000000000000        0.0000000000000000     
   0.0000000000000000        0.0000000000000000     
   0.0000000000000000        0.0000000000000000     
   0.0000000000000000        0.0000000000000000     
 comp:           2
   0.0000000000000000        0.0000000000000000     
   0.0000000000000000        0.0000000000000000     
   0.0000000000000000        0.0000000000000000     
   0.0000000000000000        0.0000000000000000     
   0.0000000000000000        0.0000000000000000     
   0.0000000000000000        0.0000000000000000     
   0.0000000000000000        0.0000000000000000     
   0.0000000000000000        0.0000000000000000     
   0.0000000000000000        0.0000000000000000     
   0.0000000000000000        0.0000000000000000     
 comp:           3
   1.0000000503230264        276.25001390173605        276.25000000000000     
   1.0000000048219402        276.25000133206100        276.25000000000000     
   1.0000000004801861        276.25000013265139        276.25000000000000     
   1.0000000000479987        276.25000001325964        276.25000000000000     
   1.0000000000047995        276.25000000132587        276.25000000000000     
   1.0000000000004798        276.25000000013256        276.25000000000000     
   1.0000000000000480        276.25000000001324        276.25000000000000     
   1.0000000000000047        276.25000000000131        276.25000000000000     
   1.0000000000000004        276.25000000000011        276.25000000000000     
   1.0000000000000000        276.25000000000000        276.25000000000000     
 
 part:           2
 comp:           0
  0.99999999620958280        276.25026413310462        276.25026518020837     
  0.99999999963820807        276.25026508026326        276.25026518020837     
  0.99999999996398470        276.25026517025913        276.25026518020837     
  0.99999999999640010        276.25026517921390        276.25026518020837     
  0.99999999999963995        276.25026518010890        276.25026518020837     
  0.99999999999996403        276.25026518019843        276.25026518020837     
  0.99999999999999634        276.25026518020735        276.25026518020837     
  0.99999999999999956        276.25026518020826        276.25026518020837     
   1.0000000000000000        276.25026518020837        276.25026518020837     
   1.0000000000000000        276.25026518020837        276.25026518020837     
 comp:           1
   0.0000000000000000        0.0000000000000000     
   0.0000000000000000        0.0000000000000000     
   0.0000000000000000        0.0000000000000000     
   0.0000000000000000        0.0000000000000000     
   0.0000000000000000        0.0000000000000000     
   0.0000000000000000        0.0000000000000000     
   0.0000000000000000        0.0000000000000000     
   0.0000000000000000        0.0000000000000000     
   0.0000000000000000        0.0000000000000000     
   0.0000000000000000        0.0000000000000000     
 comp:           2
   0.0000000000000000        0.0000000000000000     
   0.0000000000000000        0.0000000000000000     
   0.0000000000000000        0.0000000000000000     
   0.0000000000000000        0.0000000000000000     
   0.0000000000000000        0.0000000000000000     
   0.0000000000000000        0.0000000000000000     
   0.0000000000000000        0.0000000000000000     
   0.0000000000000000        0.0000000000000000     
   0.0000000000000000        0.0000000000000000     
   0.0000000000000000        0.0000000000000000     
 comp:           3
  0.99999999620958280       -276.25026413310462       -276.25026518020837     
  0.99999999963820807       -276.25026508026326       -276.25026518020837     
  0.99999999996398470       -276.25026517025913       -276.25026518020837     
  0.99999999999640010       -276.25026517921390       -276.25026518020837     
  0.99999999999963995       -276.25026518010890       -276.25026518020837     
  0.99999999999996403       -276.25026518019843       -276.25026518020837     
  0.99999999999999634       -276.25026518020735       -276.25026518020837     
  0.99999999999999956       -276.25026518020826       -276.25026518020837     
   1.0000000000000000       -276.25026518020837       -276.25026518020837     
   1.0000000000000000       -276.25026518020837       -276.25026518020837     
 
 part:           3
 comp:           0
   1.0000001821658793        224.55420436064168        224.55416345453503     
   1.0000000564900313        224.55417613960674        224.55416345453503     
   1.0000000178295081        224.55416745822532        224.55416345453503     
   1.0000000056371070        224.55416472037089        224.55416345453503     
   1.0000000017825756        224.55416385481982        224.55416345453503     
   1.0000000005636989        224.55416358111594        224.55416345453503     
   1.0000000001782572        224.55416349456343        224.55416345453503     
   1.0000000000563698        224.55416346719312        224.55416345453503     
   1.0000000000178257        224.55416345853786        224.55416345453503     
   1.0000000000056370        224.55416345580085        224.55416345453503     
 comp:           1
   1.0000002485700916        196.56033570151081        196.56028684250231     
   1.0000000770821225        196.56030199378642        196.56028684250231     
   1.0000000243288296        196.56029162458404        196.56028684250231     
   1.0000000076919799        196.56028835444008        196.56028684250231     
   1.0000000024323710        196.56028732060986        196.56028684250231     
   1.0000000007691818        196.56028699369290        196.56028684250231     
   1.0000000002432365        196.56028689031297        196.56028684250231     
   1.0000000000769182        196.56028685762138        196.56028684250231     
   1.0000000000243237        196.56028684728338        196.56028684250231     
   1.0000000000076918        196.56028684401420        196.56028684250231     
 comp:           2
  0.99999990669114780       -66.939270817401010       -66.939277063428122     
  0.99999997106472338       -66.939275126521622       -66.939277063428122     
  0.99999999086738411       -66.939276452097417       -66.939277063428122     
  0.99999999711256582       -66.939276870145363       -66.939277063428122     
  0.99999999908693060       -66.939277002307918       -66.939277063428122     
  0.99999999971126263       -66.939277044100251       -66.939277063428122     
  0.99999999990869337       -66.939277057316119       -66.939277063428122     
  0.99999999997112621       -66.939277061495332       -66.939277063428122     
  0.99999999999086941       -66.939277062816927       -66.939277063428122     
  0.99999999999711253       -66.939277063234840       -66.939277063428122     
 comp:           3
   1.0000000000000000        85.485432369409267        85.485432369409267     
   1.0000000000000000        85.485432369409267        85.485432369409267     
   1.0000000000000000        85.485432369409267        85.485432369409267     
   1.0000000000000000        85.485432369409267        85.485432369409267     
   1.0000000000000000        85.485432369409267        85.485432369409267     
   1.0000000000000000        85.485432369409267        85.485432369409267     
   1.0000000000000000        85.485432369409267        85.485432369409267     
   1.0000000000000000        85.485432369409267        85.485432369409267     
   1.0000000000000000        85.485432369409267        85.485432369409267     
   1.0000000000000000        85.485432369409267        85.485432369409267     
 
 part:           4
 comp:           0
   1.0000001659696816        29.932237832928742        29.932232865085584     
   1.0000000514675551        29.932234405624428        29.932232865085584     
   1.0000000162443030        29.932233351313847        29.932232865085584     
   1.0000000051359170        29.932233018815051        29.932232865085584     
   1.0000000016240884        29.932232913698179        29.932232865085584     
   1.0000000005135810        29.932232880458209        29.932232865085584     
   1.0000000001624085        29.932232869946834        29.932232865085584     
   1.0000000000513580        29.932232866622847        29.932232865085584     
   1.0000000000162408        29.932232865571709        29.932232865085584     
   1.0000000000051359        29.932232865239310        29.932232865085584     
 comp:           1
   1.0000002799747267        23.261833441101953        23.261826928378316     
   1.0000000868207681        23.261828947987997        23.261826928378316     
   1.0000000274025624        23.261827565811981        23.261826928378316     
   1.0000000086637935        23.261827129913982        23.261826928378316     
   1.0000000027396798        23.261826992108272        23.261826928378316     
   1.0000000008663610        23.261826948531457        23.261826928378316     
   1.0000000002739673        23.261826934751298        23.261826928378316     
   1.0000000000866360        23.261826930393628        23.261826928378316     
   1.0000000000273968        23.261826929015612        23.261826928378316     
   1.0000000000086635        23.261826928579847        23.261826928378316     
 comp:           2
  0.99999975236813421       -3.3621356189446816       -3.3621364515168040     
  0.99999992320882292       -3.3621361933343885       -3.3621364515168040     
  0.99999997576299926       -3.3621363700287001       -3.3621364515168040     
  0.99999999233705350       -3.3621364257529320       -3.3621364515168040     
  0.99999999757680991       -3.3621364433697081       -3.3621364515168040     
  0.99999999923372151       -3.3621364489404710       -3.3621364515168040     
  0.99999999975768150       -3.3621364507020961       -3.3621364515168040     
  0.99999999992337218       -3.3621364512591709       -3.3621364515168040     
  0.99999999997576816       -3.3621364514353331       -3.3621364515168040     
  0.99999999999233724       -3.3621364514910406       -3.3621364515168040     
 comp:           3
   1.0000000000000000       -18.534346784423384       -18.534346784423384     
   1.0000000000000000       -18.534346784423384       -18.534346784423384     
   1.0000000000000000       -18.534346784423384       -18.534346784423384     
   1.0000000000000000       -18.534346784423384       -18.534346784423384     
   1.0000000000000000       -18.534346784423384       -18.534346784423384     
   1.0000000000000000       -18.534346784423384       -18.534346784423384     
   1.0000000000000000       -18.534346784423384       -18.534346784423384     
   1.0000000000000000       -18.534346784423384       -18.534346784423384     
   1.0000000000000000       -18.534346784423384       -18.534346784423384     
   1.0000000000000000       -18.534346784423384       -18.534346784423384     
 
 part:           5
 comp:           0
  0.99999983114129398        266.30326205560891        266.30330702324073     
  0.99999994763654210        266.30329307867873        266.30330702324073     
  0.99999998347292918        266.30330262202710        266.30330702324073     
  0.99999999477468082        266.30330563172095        266.30330702324073     
  0.99999999834764064        266.30330658321196        266.30330702324073     
  0.99999999947747908        266.30330688409168        266.30330702324073     
  0.99999999983476440        266.30330697923796        266.30330702324073     
  0.99999999994774780        266.30330700932581        266.30330702324073     
  0.99999999998347633        266.30330701884043        266.30330702324073     
  0.99999999999477485        266.30330702184926        266.30330702324073     
 comp:           1
  0.99999973560603295       -219.15347715251366       -219.15353509538619     
  0.99999991801084998       -219.15351712717413       -219.15353509538619     
  0.99999997412240249       -219.15352942421922       -219.15353509538619     
  0.99999999181835031       -219.15353330234873       -219.15353509538619     
  0.99999999741278467       -219.15353452838880       -219.15353509538619     
  0.99999999918185223       -219.15353491608622       -219.15353509538619     
  0.99999999974127907       -219.15353503868658       -219.15353509538619     
  0.99999999991818522       -219.15353507745618       -219.15353509538619     
  0.99999999997412792       -219.15353508971623       -219.15353509538619     
  0.99999999999181843       -219.15353509359318       -219.15353509538619     
 comp:           2
   1.0000000758519283        97.654586173896604        97.654578766608495     
   1.0000000235218496        97.654581063624818        97.654578766608495     
   1.0000000074240185        97.654579491597886        97.654578766608495     
   1.0000000023472317        97.654578995826412        97.654578766608495     
   1.0000000007422456        97.654578839092181        97.654578766608495     
   1.0000000002347182        97.654578789529808        97.654578766608495     
   1.0000000000742244        97.654578773856855        97.654578766608495     
   1.0000000000234717        97.654578768900620        97.654578766608495     
   1.0000000000074225        97.654578767333334        97.654578766608495     
   1.0000000000023470        97.654578766837702        97.654578766608495     
 comp:           3
   1.0000000000000000       -82.979194249254348       -82.979194249254348     
   1.0000000000000000       -82.979194249254348       -82.979194249254348     
   1.0000000000000000       -82.979194249254348       -82.979194249254348     
   1.0000000000000000       -82.979194249254348       -82.979194249254348     
   1.0000000000000000       -82.979194249254348       -82.979194249254348     
   1.0000000000000000       -82.979194249254348       -82.979194249254348     
   1.0000000000000000       -82.979194249254348       -82.979194249254348     
   1.0000000000000000       -82.979194249254348       -82.979194249254348     
   1.0000000000000000       -82.979194249254348       -82.979194249254348     
   1.0000000000000000       -82.979194249254348       -82.979194249254348     
 
 part:           6
 comp:           0
   1.0484750318347777        2.7803482738795728E-004   2.6518020834641196E-004
   1.0046463296223056        2.6641232300370109E-004   2.6518020834641196E-004
   1.0004627119567553        2.6530291039950868E-004   2.6518020834641196E-004
   1.0000462520722599        2.6519247348057032E-004   2.6518020834641196E-004
   1.0000046250160790        2.6518143480913940E-004   2.6518020834641196E-004
   1.0000004624996961        2.6518033099217774E-004   2.6518020834641196E-004
   1.0000000462499508        2.6518022061098353E-004   2.6518020834641196E-004
   1.0000000046249953        2.6518020957286916E-004   2.6518020834641196E-004
   1.0000000004624992        2.6518020846905756E-004   2.6518020834641196E-004
   1.0000000000462494        2.6518020835867640E-004   2.6518020834641196E-004
 comp:           1
  -1.2021420282159185E-004  -0.0000000000000000     
  -3.7278686310237615E-005  -0.0000000000000000     
  -1.1765981477357772E-005  -0.0000000000000000     
  -3.7200183571413304E-006  -0.0000000000000000     
  -1.1763505961740373E-006  -0.0000000000000000     
  -3.7199400964747243E-007  -0.0000000000000000     
  -1.1763481211382761E-007  -0.0000000000000000     
  -3.7199393221382183E-008  -0.0000000000000000     
  -1.1763480803362974E-008  -0.0000000000000000     
  -3.7199394599791169E-009  -0.0000000000000000     
 comp:           2
  -1.5367916639830131E-005  -0.0000000000000000     
  -4.7656244454603643E-006  -0.0000000000000000     
  -1.5041369346196964E-006  -0.0000000000000000     
  -4.7555888297183470E-007  -0.0000000000000000     
  -1.5038204702023823E-007  -0.0000000000000000     
  -4.7554887830206722E-008  -0.0000000000000000     
  -1.5038173061716469E-008  -0.0000000000000000     
  -4.7554877931260847E-009  -0.0000000000000000     
  -1.5038172540113039E-009  -0.0000000000000000     
  -4.7554879693388281E-010  -0.0000000000000000     
 comp:           3
  0.94362761887502777       -2.5023136857470847E-004  -2.6518020834641196E-004
  0.99459987586992116       -2.6374820230450118E-004  -2.6518020834641196E-004
  0.99946225020417356       -2.6503760774351646E-004  -2.6518020834641196E-004
  0.99994624754304007       -2.6516595425867619E-004  -2.6518020834641196E-004
  0.99999462497942804       -2.6517878299733681E-004  -2.6518020834641196E-004
  0.99999946250019367       -2.6518006581210133E-004  -2.6518020834641196E-004
  0.99999994625004229       -2.6518019409298697E-004  -2.6518020834641196E-004
  0.99999999462500488       -2.6518020692106964E-004  -2.6518020834641196E-004
  0.99999999946250018       -2.6518020820387765E-004  -2.6518020834641196E-004
  0.99999999994624966       -2.6518020833215844E-004  -2.6518020834641196E-004
 
 part:           7
 comp:           0
  0.99999997141922714        31.710295750833861        31.710296657138649     
  0.99999999113703497        31.710296376091399        31.710296657138649     
  0.99999999720265076        31.710296568433876        31.710296657138649     
  0.99999999911556969        31.710296629093101        31.710296657138649     
  0.99999999972032394        31.710296648270038        31.710296657138649     
  0.99999999991155886        31.710296654334154        31.710296657138649     
  0.99999999997203237        31.710296656251789        31.710296657138649     
  0.99999999999115585        31.710296656858198        31.710296657138649     
  0.99999999999720324        31.710296657049962        31.710296657138649     
  0.99999999999911560        31.710296657110604        31.710296657138649     
 comp:           1
  0.99998968020009327      -0.66857177589629146      -0.66857867549444450     
  0.99999679980752554      -0.66857653591399857      -0.66857867549444450     
  0.99999898994816527      -0.66857800019532665      -0.66857867549444450     
  0.99999968065465861      -0.66857846198695914      -0.66857867549444450     
  0.99999989901606756      -0.66857860797874069      -0.66857867549444450     
  0.99999996806613767      -0.66857865414414508      -0.66857867549444450     
  0.99999998990162797      -0.66857866874288829      -0.66857867549444450     
  0.99999999680661444      -0.66857867335941501      -0.66857867549444450     
  0.99999999899016279      -0.66857867481928890      -0.66857867549444450     
  0.99999999968066133      -0.66857867528094150      -0.66857867549444450     
 comp:           2
  0.99999996775403166       -27.353164369634253       -27.353165251663555     
  0.99999999000045481       -27.353164978144342       -27.353165251663555     
  0.99999999684392138       -27.353165165334815       -27.353165251663555     
  0.99999999900215120       -27.353165224369231       -27.353165251663555     
  0.99999999968445852       -27.353165243032496       -27.353165251663555     
  0.99999999990021715       -27.353165248934179       -27.353165251663555     
  0.99999999996844591       -27.353165250800451       -27.353165251663555     
  0.99999999999002176       -27.353165251390617       -27.353165251663555     
  0.99999999999684464       -27.353165251577245       -27.353165251663555     
  0.99999999999900213       -27.353165251636259       -27.353165251663555     
 comp:           3
   1.0000000000000000        16.028108664268469        16.028108664268469     
   1.0000000000000000        16.028108664268469        16.028108664268469     
   1.0000000000000000        16.028108664268469        16.028108664268469     
   1.0000000000000000        16.028108664268469        16.028108664268469     
   1.0000000000000000        16.028108664268469        16.028108664268469     
   1.0000000000000000        16.028108664268469        16.028108664268469     
   1.0000000000000000        16.028108664268469        16.028108664268469     
   1.0000000000000000        16.028108664268469        16.028108664268469     
   1.0000000000000000        16.028108664268469        16.028108664268469     
   1.0000000000000000        16.028108664268469        16.028108664268469     
 
 part: i_fks+j_fks
 comp:           0
   1.0000000427420546        276.25054216793200        276.25053036041675     
   1.0000000040983434        276.25053149258628        276.25053036041675     
   1.0000000004081542        276.25053047316953        276.25053036041675     
   1.0000000000407985        276.25053037168738        276.25053036041675     
   1.0000000000040796        276.25053036154372        276.25053036041675     
   1.0000000000004079        276.25053036052941        276.25053036041675     
   1.0000000000000406        276.25053036042794        276.25053036041675     
   1.0000000000000040        276.25053036041783        276.25053036041675     
   1.0000000000000004        276.25053036041686        276.25053036041675     
   1.0000000000000000        276.25053036041675        276.25053036041675     
 comp:           1
  -1.2021420282159185E-004   0.0000000000000000     
  -3.7278686310237615E-005   0.0000000000000000     
  -1.1765981477357772E-005   0.0000000000000000     
  -3.7200183571413304E-006   0.0000000000000000     
  -1.1763505961740373E-006   0.0000000000000000     
  -3.7199400964747243E-007   0.0000000000000000     
  -1.1763481211382761E-007   0.0000000000000000     
  -3.7199393221382183E-008   0.0000000000000000     
  -1.1763480803362974E-008   0.0000000000000000     
  -3.7199394599791169E-009   0.0000000000000000     
 comp:           2
  -1.5367916639830131E-005   0.0000000000000000     
  -4.7656244454603643E-006   0.0000000000000000     
  -1.5041369346196964E-006   0.0000000000000000     
  -4.7555888297183470E-007   0.0000000000000000     
  -1.5038204702023823E-007   0.0000000000000000     
  -4.7554887830206722E-008   0.0000000000000000     
  -1.5038173061716469E-008   0.0000000000000000     
  -4.7554877931260847E-009   0.0000000000000000     
  -1.5038172540113039E-009   0.0000000000000000     
  -4.7554879693388281E-010   0.0000000000000000     
 comp:           3
  0.99999994209624310       -276.25051436447319       -276.25053036041675     
  0.99999999445448606       -276.25052882846558       -276.25053036041675     
  0.99999999944778428       -276.25053020786686       -276.25053036041675     
  0.99999999994480160       -276.25053034516816       -276.25053036041675     
  0.99999999999448030       -276.25053035889192       -276.25053036041675     
  0.99999999999944789       -276.25053036026424       -276.25053036041675     
  0.99999999999994460       -276.25053036040146       -276.25053036041675     
  0.99999999999999423       -276.25053036041515       -276.25053036041675     
  0.99999999999999933       -276.25053036041658       -276.25053036041675     
  0.99999999999999978       -276.25053036041669       -276.25053036041675     
