     
 Soft #          98
 
 part:           1
 comp:           0
   1.1016414618244248        304.32845382899734        276.25000000000000     
   1.0092777981882617        278.81299174950732        276.25000000000000     
   1.0009197606389793        276.50408387651800        276.25000000000000     
   1.0000918966352392        276.27538644548486        276.25000000000000     
   1.0000091888699929        276.25253842533556        276.25000000000000     
   1.0000009188790646        276.25025384034160        276.25000000000000     
   1.0000000918878271        276.25002538401225        276.25000000000000     
   1.0000000091887820        276.25000253840102        276.25000000000000     
   1.0000000009188781        276.25000025384008        276.25000000000000     
   1.0000000000918878        276.25000002538400        276.25000000000000     
 comp:           1
   0.0000000000000000        0.0000000000000000     
   0.0000000000000000        0.0000000000000000     
   0.0000000000000000        0.0000000000000000     
   0.0000000000000000        0.0000000000000000     
   0.0000000000000000        0.0000000000000000     
   0.0000000000000000        0.0000000000000000     
   0.0000000000000000        0.0000000000000000     
   0.0000000000000000        0.0000000000000000     
   0.0000000000000000        0.0000000000000000     
   0.0000000000000000        0.0000000000000000     
 comp:           2
   0.0000000000000000        0.0000000000000000     
   0.0000000000000000        0.0000000000000000     
   0.0000000000000000        0.0000000000000000     
   0.0000000000000000        0.0000000000000000     
   0.0000000000000000        0.0000000000000000     
   0.0000000000000000        0.0000000000000000     
   0.0000000000000000        0.0000000000000000     
   0.0000000000000000        0.0000000000000000     
   0.0000000000000000        0.0000000000000000     
   0.0000000000000000        0.0000000000000000     
 comp:           3
   1.1016414618244248        304.32845382899734        276.25000000000000     
   1.0092777981882617        278.81299174950732        276.25000000000000     
   1.0009197606389793        276.50408387651800        276.25000000000000     
   1.0000918966352392        276.27538644548486        276.25000000000000     
   1.0000091888699929        276.25253842533556        276.25000000000000     
   1.0000009188790646        276.25025384034160        276.25000000000000     
   1.0000000918878271        276.25002538401225        276.25000000000000     
   1.0000000091887820        276.25000253840102        276.25000000000000     
   1.0000000009188781        276.25000025384008        276.25000000000000     
   1.0000000000918878        276.25000002538400        276.25000000000000     
 
 part:           2
 comp:           0
   1.0085959448830144        278.62462977393272        276.25000000000000     
   1.0008156445274297        276.47532180070243        276.25000000000000     
   1.0000811657089979        276.27242202711068        276.25000000000000     
   1.0000081126202383        276.25224111134082        276.25000000000000     
   1.0000008112225536        276.25022410023041        276.25000000000000     
   1.0000000811218603        276.25002240991392        276.25000000000000     
   1.0000000081121820        276.25000224099028        276.25000000000000     
   1.0000000008112182        276.25000022409904        276.25000000000000     
   1.0000000000811218        276.25000002240989        276.25000000000000     
   1.0000000000081122        276.25000000224099        276.25000000000000     
 comp:           1
   0.0000000000000000        0.0000000000000000     
   0.0000000000000000        0.0000000000000000     
   0.0000000000000000        0.0000000000000000     
   0.0000000000000000        0.0000000000000000     
   0.0000000000000000        0.0000000000000000     
   0.0000000000000000        0.0000000000000000     
   0.0000000000000000        0.0000000000000000     
   0.0000000000000000        0.0000000000000000     
   0.0000000000000000        0.0000000000000000     
   0.0000000000000000        0.0000000000000000     
 comp:           2
   0.0000000000000000        0.0000000000000000     
   0.0000000000000000        0.0000000000000000     
   0.0000000000000000        0.0000000000000000     
   0.0000000000000000        0.0000000000000000     
   0.0000000000000000        0.0000000000000000     
   0.0000000000000000        0.0000000000000000     
   0.0000000000000000        0.0000000000000000     
   0.0000000000000000        0.0000000000000000     
   0.0000000000000000        0.0000000000000000     
   0.0000000000000000        0.0000000000000000     
 comp:           3
   1.0085959448830144       -278.62462977393272       -276.25000000000000     
   1.0008156445274297       -276.47532180070243       -276.25000000000000     
   1.0000811657089979       -276.27242202711068       -276.25000000000000     
   1.0000081126202383       -276.25224111134082       -276.25000000000000     
   1.0000008112225536       -276.25022410023041       -276.25000000000000     
   1.0000000811218603       -276.25002240991392       -276.25000000000000     
   1.0000000081121820       -276.25000224099028       -276.25000000000000     
   1.0000000008112182       -276.25000022409904       -276.25000000000000     
   1.0000000000811218       -276.25000002240989       -276.25000000000000     
   1.0000000000081122       -276.25000000224099       -276.25000000000000     
 
 part:           3
 comp:           0
  0.99473738957577429        55.341113285905095        55.633892790042225     
  0.99946251813862019        55.603990581789631        55.633892790042225     
  0.99994615700872436        55.630897294838100        55.633892790042225     
  0.99999461476823281        55.633593188635437        55.633892790042225     
  0.99999946146751229        55.633862829383538        55.633892790042225     
  0.99999994614665821        55.633889793971179        55.633892790042225     
  0.99999999461466482        55.633892490435066        55.633892790042225     
  0.99999999946146645        55.633892760081508        55.633892790042225     
  0.99999999994614663        55.633892787046150        55.633892790042225     
  0.99999999999461464        55.633892789742617        55.633892790042225     
 comp:           1
  0.98176271149664296       -7.1290693436688972       -7.2614994032529765     
  0.99825666622611708       -7.2488401860942551       -7.2614994032529765     
  0.99982641138310013       -7.2602388896149463       -7.2614994032529765     
  0.99998264853160945       -7.2613734055756129       -7.2614994032529765     
  0.99999826492704014       -7.2614868040217138       -7.2614994032529765     
  0.99999982649344277       -7.2614981433352144       -7.2614994032529765     
  0.99999998264935164       -7.2614992772612537       -7.2614994032529765     
  0.99999999826493524       -7.2614993906538050       -7.2614994032529765     
  0.99999999982649346       -7.2614994019930590       -7.2614994032529765     
  0.99999999998264932       -7.2614994031269848       -7.2614994032529765     
 comp:           2
  0.84712174754434133       -8.8162266744756010       -10.407272272294165     
  0.98538610491635914       -10.255181487199973       -10.407272272294165     
  0.99854485361719403       -10.392128167692260       -10.407272272294165     
  0.99985454733774759       -10.405758506835374       -10.407272272294165     
  0.99998545535308370       -10.407120902193602       -10.407272272294165     
  0.99999854554150103       -10.407257135348557       -10.407272272294165     
  0.99999985455421214       -10.407270758600250       -10.407272272294165     
  0.99999998545542190       -10.407272120924780       -10.407272272294165     
  0.99999999854554211       -10.407272257157226       -10.407272272294165     
  0.99999999985455423       -10.407272270780471       -10.407272272294165     
 comp:           3
   1.0000000000000000        54.138079096332966        54.138079096332966     
   1.0000000000000000        54.138079096332966        54.138079096332966     
   1.0000000000000000        54.138079096332966        54.138079096332966     
   1.0000000000000000        54.138079096332966        54.138079096332966     
   1.0000000000000000        54.138079096332966        54.138079096332966     
   1.0000000000000000        54.138079096332966        54.138079096332966     
   1.0000000000000000        54.138079096332966        54.138079096332966     
   1.0000000000000000        54.138079096332966        54.138079096332966     
   1.0000000000000000        54.138079096332966        54.138079096332966     
   1.0000000000000000        54.138079096332966        54.138079096332966     
 
 part:           4
 comp:           0
  0.99340693408191227        140.29240964095439        141.22350552204466     
  0.99933566418461484        141.12968568935213        141.22350552204466     
  0.99993352888402454        141.21411823803064        141.22350552204466     
  0.99999335252421295        141.22256674221114        141.22350552204466     
  0.99999933524879048        141.22341164354856        141.22350552204466     
  0.99999993352484273        141.22349613418993        141.22350552204466     
  0.99999999335248391        141.22350458325914        141.22350552204466     
  0.99999999933524841        141.22350542816611        141.22350552204466     
  0.99999999993352484        141.22350551265680        141.22350552204466     
  0.99999999999335243        141.22350552110586        141.22350552204466     
 comp:           1
  0.99728537496724423       -123.41670569288617       -123.75264772827916     
  0.99974034760407782       -123.72051505679480       -123.75264772827916     
  0.99997414420800212       -123.74944800556031       -123.75264772827916     
  0.99999741550733434       -123.75232789046875       -123.75264772827916     
  0.99999974156159088       -123.75261574584175       -123.75264772827916     
  0.99999997415626762       -123.75264453004885       -123.75264772827916     
  0.99999999741562784       -123.75264740845626       -123.75264772827916     
  0.99999999974156284       -123.75264769629688       -123.75264772827916     
  0.99999999997415634       -123.75264772508093       -123.75264772827916     
  0.99999999999741562       -123.75264772795933       -123.75264772827916     
 comp:           2
  0.83324278027579424       -20.167279379358806       -24.203365281705359     
  0.98404976336832739       -23.817315878179350       -24.203365281705359     
  0.99841169961401477       -24.164923067286285       -24.203365281705359     
  0.99984123670631198       -24.199522675714903       -24.203365281705359     
  0.99998412433759676       -24.202981037249124       -24.203365281705359     
  0.99999841244042886       -24.203326857421153       -24.203365281705359     
  0.99999984124410968       -24.203361439278556       -24.203365281705359     
  0.99999998412441160       -24.203364897462695       -24.203365281705359     
  0.99999999841244125       -24.203365243281095       -24.203365281705359     
  0.99999999984124410       -24.203365277862932       -24.203365281705359     
 comp:           3
   1.0000000000000000        63.588975469146902        63.588975469146902     
   1.0000000000000000        63.588975469146902        63.588975469146902     
   1.0000000000000000        63.588975469146902        63.588975469146902     
   1.0000000000000000        63.588975469146902        63.588975469146902     
   1.0000000000000000        63.588975469146902        63.588975469146902     
   1.0000000000000000        63.588975469146902        63.588975469146902     
   1.0000000000000000        63.588975469146902        63.588975469146902     
   1.0000000000000000        63.588975469146902        63.588975469146902     
   1.0000000000000000        63.588975469146902        63.588975469146902     
   1.0000000000000000        63.588975469146902        63.588975469146902     
 
 part:           5
 comp:           0
  0.99469392266365086        116.80589094205142        117.42897818181257     
  0.99945837373116220        117.36537556250651        117.42897818181257     
  0.99994574443905249        117.42260700672982        117.42897818181257     
  0.99999457352983712        117.42834095696621        117.42897818181257     
  0.99999945734385831        117.42891445825634        117.42897818181257     
  0.99999994573429452        117.42897180944622        117.42897818181257     
  0.99999999457342870        117.42897754457584        117.42897818181257     
  0.99999999945734286        117.42897811808889        117.42897818181257     
  0.99999999994573419        117.42897817544019        117.42897818181257     
  0.99999999999457334        117.42897818117532        117.42897818181257     
 comp:           1
  0.99654905169638774       -80.718516225346690       -80.998036261178129     
  0.99967011141169204       -80.971315933340207       -80.998036261178129     
  0.99996715200983488       -80.995375638479629       -80.998036261178129     
  0.99999671659940015       -80.997770312177281       -80.998036261178129     
  0.99999967167391390       -80.998009667409903       -80.998036261178129     
  0.99999996716753115       -80.998033601812622       -80.998036261178129     
  0.99999999671675455       -80.998035995241693       -80.998036261178129     
  0.99999999967167552       -80.998036234584490       -80.998036261178129     
  0.99999999996716760       -80.998036258518766       -80.998036261178129     
  0.99999999999671674       -80.998036260912187       -80.998036261178129     
 comp:           2
  0.79865570353417814       -13.320767888679740       -16.678986739508940     
  0.98075277289565965       -16.357962493863329       -16.678986739508940     
  0.99808349621952475       -16.647021398368175       -16.678986739508940     
  0.99980843121204954       -16.675791566235009       -16.678986739508940     
  0.99998084393651188       -16.678667235780040       -16.678986739508940     
  0.99999808440180382       -16.678954789272026       -16.678986739508940     
  0.99999980844026193       -16.678983544486609       -16.678986739508940     
  0.99999998084402697       -16.678986420006719       -16.678986739508940     
  0.99999999808440265       -16.678986707558717       -16.678986739508940     
  0.99999999980844023       -16.678986736313917       -16.678986739508940     
 comp:           3
   1.0000000000000000       -21.988144206144963       -21.988144206144963     
   1.0000000000000000       -21.988144206144963       -21.988144206144963     
   1.0000000000000000       -21.988144206144963       -21.988144206144963     
   1.0000000000000000       -21.988144206144963       -21.988144206144963     
   1.0000000000000000       -21.988144206144963       -21.988144206144963     
   1.0000000000000000       -21.988144206144963       -21.988144206144963     
   1.0000000000000000       -21.988144206144963       -21.988144206144963     
   1.0000000000000000       -21.988144206144963       -21.988144206144963     
   1.0000000000000000       -21.988144206144963       -21.988144206144963     
   1.0000000000000000       -21.988144206144963       -21.988144206144963     
 
 part:           6
 comp:           0
   1.0087136701301707        240.28933844184536        238.21362350610053     
   1.0007951042031620        238.40302815940069        238.21362350610053     
   1.0000788139931152        238.23239807298347        238.21362350610053     
   1.0000078744951666        238.21549931812743        238.21362350610053     
   1.0000007873805350        238.21381107087083        238.21362350610053     
   1.0000000787373637        238.21364226241326        238.21362350610053     
   1.0000000078737297        238.21362538173020        238.21362350610053     
   1.0000000007873728        238.21362369366346        238.21362350610053     
   1.0000000000787372        238.21362352485681        238.21362350610053     
   1.0000000000078737        238.21362350797617        238.21362350610053     
 comp:           1
   1.0026933029624558        212.58319643431855        212.01218339271026     
   1.0002558365123986        212.06642385029545        212.01218339271026     
   1.0000254590786182        212.01758102755528        212.01218339271026     
   1.0000025446716192        212.01272289409627        212.01218339271026     
   1.0000002544548088        212.01223734022986        212.01218339271026     
   1.0000000254453574        212.01218878743603        212.01218339271026     
   1.0000000025445346        212.01218393218258        212.01218339271026     
   1.0000000002544533        212.01218344665747        212.01218339271026     
   1.0000000000254454        212.01218339810498        212.01218339271026     
   1.0000000000025446        212.01218339324973        212.01218339271026     
 comp:           2
   1.1337557809655232        58.149908046314962        51.289624293508467     
   1.0127054449471078        51.941281791327476        51.289624293508467     
   1.0012643579243448        51.354472736420632        51.289624293508467     
   1.0001263743977109        51.296105988887383        51.289624293508467     
   1.0000126368262912        51.290272431581201        51.289624293508467     
   1.0000012636764948        51.289689107001116        51.289624293508467     
   1.0000001263675884        51.289630774854594        51.289624293508467     
   1.0000000126367583        51.289624941643048        51.289624293508467     
   1.0000000012636758        51.289624358321923        51.289624293508467     
   1.0000000001263676        51.289624299989811        51.289624293508467     
 comp:           3
   1.0000000000000000       -95.738910359334909       -95.738910359334909     
   1.0000000000000000       -95.738910359334909       -95.738910359334909     
   1.0000000000000000       -95.738910359334909       -95.738910359334909     
   1.0000000000000000       -95.738910359334909       -95.738910359334909     
   1.0000000000000000       -95.738910359334909       -95.738910359334909     
   1.0000000000000000       -95.738910359334909       -95.738910359334909     
   1.0000000000000000       -95.738910359334909       -95.738910359334909     
   1.0000000000000000       -95.738910359334909       -95.738910359334909     
   1.0000000000000000       -95.738910359334909       -95.738910359334909     
   1.0000000000000000       -95.738910359334909       -95.738910359334909     
 
 part:           7
 comp:           0
   30.224331292173833        0.0000000000000000     
   2.7862335571607191        0.0000000000000000     
  0.27648529104640002        0.0000000000000000     
   2.7627350885392754E-002   0.0000000000000000     
   2.7625235068307829E-003   0.0000000000000000     
   2.7625023506628492E-004   0.0000000000000000     
   2.7625002350660828E-005   0.0000000000000000     
   2.7625000235066074E-006   0.0000000000000000     
   2.7625000023506610E-007   0.0000000000000000     
   2.7625000002350666E-008   0.0000000000000000     
 comp:           1
  -1.3189051724167877       -0.0000000000000000     
 -0.12575267406619151       -0.0000000000000000     
  -1.2518493900387227E-002  -0.0000000000000000     
  -1.2512858746421575E-003  -0.0000000000000000     
  -1.2512295649477051E-004  -0.0000000000000000     
  -1.2512239343963636E-005  -0.0000000000000000     
  -1.2512233713454102E-006  -0.0000000000000000     
  -1.2512233150403567E-007  -0.0000000000000000     
  -1.2512233094098518E-008  -0.0000000000000000     
  -1.2512233088468015E-009  -0.0000000000000000     
 comp:           2
  -15.845634103800812       -0.0000000000000000     
  -1.5108219320848184       -0.0000000000000000     
 -0.15040010307391027       -0.0000000000000000     
  -1.5033240102093046E-002  -0.0000000000000000     
  -1.5032563584301281E-003  -0.0000000000000000     
  -1.5032495937545301E-004  -0.0000000000000000     
  -1.5032489172919933E-005  -0.0000000000000000     
  -1.5032488496457897E-006  -0.0000000000000000     
  -1.5032488428811698E-007  -0.0000000000000000     
  -1.5032488422047082E-008  -0.0000000000000000     
 comp:           3
   25.703824055064558        0.0000000000000000     
   2.3376699488048294        0.0000000000000000     
  0.23166184940735424        0.0000000000000000     
   2.3145334143998750E-002   0.0000000000000000     
   2.3143251051634998E-003   0.0000000000000000     
   2.3143042762252642E-004   0.0000000000000000     
   2.3143021933512930E-005   0.0000000000000000     
   2.3143019850640949E-006   0.0000000000000000     
   2.3143019642353762E-007   0.0000000000000000     
   2.3143019621525050E-008   0.0000000000000000     
 
 part: i_fks reduced
 comp:           0
   1.0540925533894596        291.19306787383823        276.25000000000000     
   1.0050378152592121        277.64169646535731        276.25000000000000     
   1.0005003753127737        276.38822868015376        276.25000000000000     
   1.0000500037503124        276.26381353602380        276.25000000000000     
   1.0000050000375003        276.25138126035944        276.25000000000000     
   1.0000005000003749        276.25013812510355        276.25000000000000     
   1.0000000500000037        276.25001381250104        276.25000000000000     
   1.0000000050000000        276.25000138125000        276.25000000000000     
   1.0000000004999998        276.25000013812496        276.25000000000000     
   1.0000000000500000        276.25000001381250        276.25000000000000     
 comp:           1
   1.0540925533894598       -13.189051724167879       -12.512233087842398     
   1.0050378152592121       -12.575267406619149       -12.512233087842398     
   1.0005003753127739       -12.518493900387227       -12.512233087842398     
   1.0000500037503126       -12.512858746421575       -12.512233087842398     
   1.0000050000375003       -12.512295649477050       -12.512233087842398     
   1.0000005000003749       -12.512239343963634       -12.512233087842398     
   1.0000000500000039       -12.512233713454101       -12.512233087842398     
   1.0000000050000002       -12.512233150403565       -12.512233087842398     
   1.0000000004999998       -12.512233094098514       -12.512233087842398     
   1.0000000000500000       -12.512233088468010       -12.512233087842398     
 comp:           2
   1.0540925533894596       -158.45634103800811       -150.32488421295452     
   1.0050378152592121       -151.08219320848184       -150.32488421295452     
   1.0005003753127739       -150.40010307391026       -150.32488421295452     
   1.0000500037503126       -150.33240102093046       -150.32488421295452     
   1.0000050000375003       -150.32563584301280       -150.32488421295452     
   1.0000005000003749       -150.32495937545298       -150.32488421295452     
   1.0000000500000037       -150.32489172919929       -150.32488421295452     
   1.0000000050000002       -150.32488496457896       -150.32488421295452     
   1.0000000005000000       -150.32488428811695       -150.32488421295452     
   1.0000000000500002       -150.32488422047078       -150.32488421295452     
 comp:           3
   1.1106512666881259        257.03824055064558        231.43019619210742     
   1.0100972073948198        233.76699488048294        231.43019619210742     
   1.0010009636558166        231.66184940735420        231.43019619210742     
   1.0001000096282202        231.45334143998750        231.43019619210742     
   1.0000100000962737        231.43251051634996        231.43019619210742     
   1.0000010000009625        231.43042762252637        231.43019619210742     
   1.0000001000000096        231.43021933512927        231.43019619210742     
   1.0000000100000004        231.43019850640945        231.43019619210742     
   1.0000000009999996        231.43019642353755        231.43019619210742     
   1.0000000001000000        231.43019621525042        231.43019619210742     
 
 part: i_fks full/reduced
 comp:           0
  0.10379481734526995        30.224331292173833        291.19306787383823     
   1.0035357054189340E-002   2.7862335571607191        277.64169646535731     
   1.0003511812594543E-003  0.27648529104640002        276.38822868015376     
   1.0000350944185547E-004   2.7627350885392754E-002   276.26381353602380     
   1.0000035092049655E-005   2.7625235068307829E-003   276.25138126035944     
   1.0000003509181282E-006   2.7625023506628492E-004   276.25013812510355     
   1.0000000350917892E-007   2.7625002350660828E-005   276.25001381250104     
   1.0000000035091791E-008   2.7625000235066074E-006   276.25000138125000     
   1.0000000003509182E-009   2.7625000023506610E-007   276.25000013812496     
   1.0000000000350920E-010   2.7625000002350666E-008   276.25000001381250     
 comp:           1
   9.9999999999999992E-002  -1.3189051724167877       -13.189051724167879     
   1.0000000000000000E-002 -0.12575267406619151       -12.575267406619149     
   1.0000000000000000E-003  -1.2518493900387227E-002  -12.518493900387227     
   1.0000000000000000E-004  -1.2512858746421575E-003  -12.512858746421575     
   1.0000000000000001E-005  -1.2512295649477051E-004  -12.512295649477050     
   1.0000000000000002E-006  -1.2512239343963636E-005  -12.512239343963634     
   1.0000000000000001E-007  -1.2512233713454102E-006  -12.512233713454101     
   1.0000000000000002E-008  -1.2512233150403567E-007  -12.512233150403565     
   1.0000000000000003E-009  -1.2512233094098518E-008  -12.512233094098514     
   1.0000000000000004E-010  -1.2512233088468015E-009  -12.512233088468010     
 comp:           2
  0.10000000000000001       -15.845634103800812       -158.45634103800811     
   1.0000000000000000E-002  -1.5108219320848184       -151.08219320848184     
   1.0000000000000000E-003 -0.15040010307391027       -150.40010307391026     
   9.9999999999999991E-005  -1.5033240102093046E-002  -150.33240102093046     
   1.0000000000000001E-005  -1.5032563584301281E-003  -150.32563584301280     
   1.0000000000000002E-006  -1.5032495937545301E-004  -150.32495937545298     
   1.0000000000000002E-007  -1.5032489172919933E-005  -150.32489172919929     
   1.0000000000000000E-008  -1.5032488496457897E-006  -150.32488496457896     
   1.0000000000000003E-009  -1.5032488428811698E-007  -150.32488428811695     
   1.0000000000000003E-010  -1.5032488422047082E-008  -150.32488422047078     
 comp:           3
  0.10000000000000001        25.703824055064558        257.03824055064558     
   1.0000000000000000E-002   2.3376699488048294        233.76699488048294     
   1.0000000000000002E-003  0.23166184940735424        231.66184940735420     
   1.0000000000000000E-004   2.3145334143998750E-002   231.45334143998750     
   1.0000000000000001E-005   2.3143251051634998E-003   231.43251051634996     
   1.0000000000000002E-006   2.3143042762252642E-004   231.43042762252637     
   1.0000000000000001E-007   2.3143021933512930E-005   231.43021933512927     
   1.0000000000000002E-008   2.3143019850640949E-006   231.43019850640945     
   1.0000000000000003E-009   2.3143019642353762E-007   231.43019642353755     
   1.0000000000000003E-010   2.3143019621525050E-008   231.43019621525042     
     
 Collinear #          47
 
 part:           1
 comp:           0
  0.99999586419796671        276.54022919635264        276.54137291672504     
  0.99999960526072573        276.54126375498419        276.54137291672504     
  0.99999996070514563        276.54136205007205        276.54137291672504     
  0.99999999607229628        276.54137183055246        276.54137291672504     
  0.99999999960724728        276.54137280811267        276.54137291672504     
  0.99999999996072486        276.54137290586385        276.54137291672504     
  0.99999999999607236        276.54137291563887        276.54137291672504     
  0.99999999999960676        276.54137291661630        276.54137291672504     
  0.99999999999996059        276.54137291671412        276.54137291672504     
  0.99999999999999567        276.54137291672384        276.54137291672504     
 comp:           1
   0.0000000000000000        0.0000000000000000     
   0.0000000000000000        0.0000000000000000     
   0.0000000000000000        0.0000000000000000     
   0.0000000000000000        0.0000000000000000     
   0.0000000000000000        0.0000000000000000     
   0.0000000000000000        0.0000000000000000     
   0.0000000000000000        0.0000000000000000     
   0.0000000000000000        0.0000000000000000     
   0.0000000000000000        0.0000000000000000     
   0.0000000000000000        0.0000000000000000     
 comp:           2
   0.0000000000000000        0.0000000000000000     
   0.0000000000000000        0.0000000000000000     
   0.0000000000000000        0.0000000000000000     
   0.0000000000000000        0.0000000000000000     
   0.0000000000000000        0.0000000000000000     
   0.0000000000000000        0.0000000000000000     
   0.0000000000000000        0.0000000000000000     
   0.0000000000000000        0.0000000000000000     
   0.0000000000000000        0.0000000000000000     
   0.0000000000000000        0.0000000000000000     
 comp:           3
  0.99999586419796671        276.54022919635264        276.54137291672504     
  0.99999960526072573        276.54126375498419        276.54137291672504     
  0.99999996070514563        276.54136205007205        276.54137291672504     
  0.99999999607229628        276.54137183055246        276.54137291672504     
  0.99999999960724728        276.54137280811267        276.54137291672504     
  0.99999999996072486        276.54137290586385        276.54137291672504     
  0.99999999999607236        276.54137291563887        276.54137291672504     
  0.99999999999960676        276.54137291661630        276.54137291672504     
  0.99999999999996059        276.54137291671412        276.54137291672504     
  0.99999999999999567        276.54137291672384        276.54137291672504     
 
 part:           2
 comp:           0
   1.0000552674282721        276.26526762706015        276.25000000000000     
   1.0000052954572090        276.25146287005396        276.25000000000000     
   1.0000005273381274        276.25014567715766        276.25000000000000     
   1.0000000527118373        276.25001456164506        276.25000000000000     
   1.0000000052709639        276.25000145610380        276.25000000000000     
   1.0000000005270941        276.25000014560976        276.25000000000000     
   1.0000000000527094        276.25000001456095        276.25000000000000     
   1.0000000000052707        276.25000000145604        276.25000000000000     
   1.0000000000005269        276.25000000014558        276.25000000000000     
   1.0000000000000526        276.25000000001455        276.25000000000000     
 comp:           1
   0.0000000000000000        0.0000000000000000     
   0.0000000000000000        0.0000000000000000     
   0.0000000000000000        0.0000000000000000     
   0.0000000000000000        0.0000000000000000     
   0.0000000000000000        0.0000000000000000     
   0.0000000000000000        0.0000000000000000     
   0.0000000000000000        0.0000000000000000     
   0.0000000000000000        0.0000000000000000     
   0.0000000000000000        0.0000000000000000     
   0.0000000000000000        0.0000000000000000     
 comp:           2
   0.0000000000000000        0.0000000000000000     
   0.0000000000000000        0.0000000000000000     
   0.0000000000000000        0.0000000000000000     
   0.0000000000000000        0.0000000000000000     
   0.0000000000000000        0.0000000000000000     
   0.0000000000000000        0.0000000000000000     
   0.0000000000000000        0.0000000000000000     
   0.0000000000000000        0.0000000000000000     
   0.0000000000000000        0.0000000000000000     
   0.0000000000000000        0.0000000000000000     
 comp:           3
   1.0000552674282721       -276.26526762706015       -276.25000000000000     
   1.0000052954572090       -276.25146287005396       -276.25000000000000     
   1.0000005273381274       -276.25014567715766       -276.25000000000000     
   1.0000000527118373       -276.25001456164506       -276.25000000000000     
   1.0000000052709639       -276.25000145610380       -276.25000000000000     
   1.0000000005270941       -276.25000014560976       -276.25000000000000     
   1.0000000000527094       -276.25000001456095       -276.25000000000000     
   1.0000000000052707       -276.25000000145604       -276.25000000000000     
   1.0000000000005269       -276.25000000014558       -276.25000000000000     
   1.0000000000000526       -276.25000000001455       -276.25000000000000     
 
 part:           3
 comp:           0
  0.99998081152275808        175.66354748112374        175.66691826178698     
  0.99999404354122268        175.66587190902982        175.66691826178698     
  0.99999811941075700        175.66658790447013        175.66691826178698     
  0.99999940535925147        175.66681380307921        175.66691826178698     
  0.99999981195567733        175.66688522862032        175.66691826178698     
  0.99999994053467711        175.66690781569696        175.66691826178698     
  0.99999998119535738        175.66691495843335        175.66691826178698     
  0.99999999405344409        175.66691721717382        175.66691826178698     
  0.99999999811953355        175.66691793145122        175.66691826178698     
  0.99999999940534423        175.66691815732563        175.66691826178698     
 comp:           1
   1.0007546944865129       -43.449235909689044       -43.416469739352898     
   1.0002340285519840       -43.426630432898250       -43.416469739352898     
   1.0000738645973253       -43.419676679407480       -43.416469739352898     
   1.0000233535786995       -43.417483669295812       -43.416469739352898     
   1.0000073849101190       -43.416790366079610       -43.416469739352898     
   1.0000023353093079       -43.416571130238800       -43.416469739352898     
   1.0000007384895189       -43.416501801960749       -43.416469739352898     
   1.0000002335308884       -43.416479878439645       -43.416469739352898     
   1.0000000738489498       -43.416472945613599       -43.416469739352898     
   1.0000000233530897       -43.416470753261613       -43.416469739352898     
 comp:           2
  0.99964420436031609        75.240040121587541        75.266819727859584     
  0.99988966881321450        75.258515450313439        75.266819727859584     
  0.99996517703239529        75.264198713834489        75.266819727859584     
  0.99998899011239539        75.265991048634021        75.266819727859584     
  0.99999651843379433        75.266557681443615        75.266819727859584     
  0.99999889903413375        75.266736861660206        75.266819727859584     
  0.99999965184408324        75.266793523270962        75.266819727859584     
  0.99999988990343325        75.266811441241146        75.266819727859584     
  0.99999996518440937        75.266817107400797        75.266819727859584     
  0.99999998899034304        75.266818899197716        75.266819727859584     
 comp:           3
   1.0000000000000000        152.66179759854489        152.66179759854489     
   1.0000000000000000        152.66179759854489        152.66179759854489     
   1.0000000000000000        152.66179759854489        152.66179759854489     
   1.0000000000000000        152.66179759854489        152.66179759854489     
   1.0000000000000000        152.66179759854489        152.66179759854489     
   1.0000000000000000        152.66179759854489        152.66179759854489     
   1.0000000000000000        152.66179759854489        152.66179759854489     
   1.0000000000000000        152.66179759854489        152.66179759854489     
   1.0000000000000000        152.66179759854489        152.66179759854489     
   1.0000000000000000        152.66179759854489        152.66179759854489     
 
 part:           4
 comp:           0
   1.0002199439283841        27.706494044892505        27.700401509766632     
   1.0000681973089116        27.702290602605370        27.700401509766632     
   1.0000215239354389        27.700997731420358        27.700401509766632     
   1.0000068051025299        27.700590013839026        27.700401509766632     
   1.0000021519151590        27.700461118680550        27.700401509766632     
   1.0000006804934196        27.700420359707582        27.700401509766632     
   1.0000002151908125        27.700407470638538        27.700401509766632     
   1.0000000680493031        27.700403394759647        27.700401509766632     
   1.0000000215190781        27.700402105853737        27.700401509766632     
   1.0000000068049304        27.700401698265939        27.700401509766632     
 comp:           1
   1.0002271181580182       -22.757285513125364       -22.752118093972847     
   1.0000704228672472       -22.753720363364970       -22.752118093972847     
   1.0000222264535648       -22.752623792869162       -22.752118093972847     
   1.0000070272241044       -22.752277978205541       -22.752118093972847     
   1.0000022221556608       -22.752168652720865       -22.752118093972847     
   1.0000007027054578       -22.752134082010411       -22.752118093972847     
   1.0000002222148827       -22.752123149832101       -22.752118093972847     
   1.0000000702705096       -22.752119692775782       -22.752118093972847     
   1.0000000222214855       -22.752118599558710       -22.752118093972847     
   1.0000000070270512       -22.752118253853144       -22.752118093972847     
 comp:           2
   1.0003484178126834       -12.125597079761487       -12.121373777223310     
   1.0001080344327520       -12.122683302963507       -12.121373777223310     
   1.0000340971959367       -12.121787082080015       -12.121373777223310     
   1.0000107803359848       -12.121504449705226       -12.121373777223310     
   1.0000034089683607       -12.121415098603004       -12.121373777223310     
   1.0000010780075919       -12.121386844156266       -12.121373777223310     
   1.0000003408957878       -12.121377909348574       -12.121373777223310     
   1.0000001078007039       -12.121375083915934       -12.121373777223310     
   1.0000000340895745       -12.121374190435784       -12.121373777223310     
   1.0000000107800706       -12.121373907892576       -12.121373777223310     
 comp:           3
   1.0000000000000000        10.135366978705637        10.135366978705637     
   1.0000000000000000        10.135366978705637        10.135366978705637     
   1.0000000000000000        10.135366978705637        10.135366978705637     
   1.0000000000000000        10.135366978705637        10.135366978705637     
   1.0000000000000000        10.135366978705637        10.135366978705637     
   1.0000000000000000        10.135366978705637        10.135366978705637     
   1.0000000000000000        10.135366978705637        10.135366978705637     
   1.0000000000000000        10.135366978705637        10.135366978705637     
   1.0000000000000000        10.135366978705637        10.135366978705637     
   1.0000000000000000        10.135366978705637        10.135366978705637     
 
 part:           5
 comp:           0
   1.0001934136558823        136.42098930004562        136.39460872013041     
   1.0000599704035757        136.40278835986092        136.39460872013041     
   1.0000189273470930        136.39719030823127        136.39460872013041     
   1.0000059841464362        136.39542492544209        136.39460872013041     
   1.0000018923110181        136.39486682115131        136.39460872013041     
   1.0000005983995393        136.39469033860144        136.39460872013041     
   1.0000001892304531        136.39463453014400        136.39460872013041     
   1.0000000598399166        136.39461688197241        136.39460872013041     
   1.0000000189230422        136.39461130113136        136.39460872013041     
   1.0000000059839917        136.39460953631462        136.39460872013041     
 comp:           1
   1.0003227225375866       -78.866017098441347       -78.840573468506804     
   1.0001000679759997       -78.848462885120455       -78.840573468506804     
   1.0000315829583475       -78.843063487054749       -78.840573468506804     
   1.0000099854312152       -78.841360725630139       -78.840573468506804     
   1.0000031576036852       -78.840822415792132       -78.840573468506804     
   1.0000009985194016       -78.840652192349040       -78.840573468506804     
   1.0000003157594346       -78.840598363161703       -78.840573468506804     
   1.0000000998518928       -78.840581340887283       -78.840573468506804     
   1.0000000315759399       -78.840575957972007       -78.840573468506804     
   1.0000000099851896       -78.840574255744869       -78.840573468506804     
 comp:           2
   1.0002716287583397       -76.577251678609414       -76.556456743321334     
   1.0000842251064139       -76.562904719037206       -76.556456743321334     
   1.0000265827104136       -76.558491821441237       -76.556456743321334     
   1.0000084045270055       -76.557100164129480       -76.556456743321334     
   1.0000026576884737       -76.556660206534005       -76.556456743321334     
   1.0000008404327358       -76.556521083873719       -76.556456743321334     
   1.0000002657680611       -76.556477089582415       -76.556456743321334     
   1.0000000840432335       -76.556463177373502       -76.556456743321334     
   1.0000000265768032       -76.556458777947213       -76.556456743321334     
   1.0000000084043235       -76.556457386726564       -76.556456743321334     
 comp:           3
   1.0000000000000000       -7.7166209970355171       -7.7166209970355171     
   1.0000000000000000       -7.7166209970355171       -7.7166209970355171     
   1.0000000000000000       -7.7166209970355171       -7.7166209970355171     
   1.0000000000000000       -7.7166209970355171       -7.7166209970355171     
   1.0000000000000000       -7.7166209970355171       -7.7166209970355171     
   1.0000000000000000       -7.7166209970355171       -7.7166209970355171     
   1.0000000000000000       -7.7166209970355171       -7.7166209970355171     
   1.0000000000000000       -7.7166209970355171       -7.7166209970355171     
   1.0000000000000000       -7.7166209970355171       -7.7166209970355171     
   1.0000000000000000       -7.7166209970355171       -7.7166209970355171     
 
 part:           6
 comp:           0
   1.0484186227378276       0.30548079205592743       0.29137291672499926     
   1.0046406741244285       0.29272508348020421       0.29137291672499926     
   1.0004621463829440       0.29150757366455154       0.29137291672499926     
   1.0000461955147495       0.29138637684687146       0.29137291672499926     
   1.0000046193603265       0.29137426268149103       0.29137291672499926     
   1.0000004619341210       0.29137305132009139       0.29137291672499926     
   1.0000000461933931       0.29137293018450294       0.29137291672499926     
   1.0000000046193391       0.29137291807094956       0.29137291672499926     
   1.0000000004619332       0.29137291685959410       0.29137291672499926     
   1.0000000000461928       0.29137291673845861       0.29137291672499926     
 comp:           1
  0.10305573321166070        0.0000000000000000     
   3.1957069471987468E-002   0.0000000000000000     
   1.0086338759652739E-002   0.0000000000000000     
   3.1889695883987115E-003   0.0000000000000000     
   1.0084214200217650E-003   0.0000000000000000     
   3.1889024228459528E-004   0.0000000000000000     
   1.0084192958753202E-004   0.0000000000000000     
   3.1889017582800361E-005   0.0000000000000000     
   1.0084192608736737E-005   0.0000000000000000     
   3.1889018764358523E-006   0.0000000000000000     
 comp:           2
   8.4226869700433679E-002   0.0000000000000000     
   2.6118332697673118E-002   0.0000000000000000     
   8.2435077990166573E-003   0.0000000000000000     
   2.6063268644069214E-003   0.0000000000000000     
   8.2417714085691461E-004   0.0000000000000000     
   2.6062719703793478E-004   0.0000000000000000     
   8.2417540480400175E-005   0.0000000000000000     
   2.6062714272333705E-005   0.0000000000000000     
   8.2417537619735338E-006   0.0000000000000000     
   2.6062715238014533E-006   0.0000000000000000     
 comp:           3
  0.94367579658065370       0.27496156929249216       0.29137291672499926     
  0.99460474291011236       0.28980088493023748       0.29137291672499926     
  0.99946273726325174       0.29121637291434527       0.29137291672499926     
  0.99994629625237230       0.29135726890741392       0.29137291672499926     
  0.99999462985039544       0.29137135200884573       0.29137291672499926     
  0.99999946298729059       0.29137276025403980       0.29137291672499926     
  0.99999994629875166       0.29137290107790992       0.29137291672499926     
  0.99999999462987521       0.29137291516029035       0.29137291672499926     
  0.99999999946298690       0.29137291656852821       0.29137291672499926     
  0.99999999994629818       0.29137291670935200       0.29137291672499926     
 
 part:           7
 comp:           0
  0.99986327645628015        212.70898520529525        212.73807150831598     
  0.99995759650263716        212.72905067006181        212.73807150831598     
  0.99998661594113258        212.73522420944357        212.73807150831598     
  0.99999576833935078        212.73717127299020        212.73807150831598     
  0.99999866185102093        212.73778683308279        212.73807150831598     
  0.99999957684034724        212.73798148614750        212.73807150831598     
  0.99999986618513392        212.73804304079943        212.73807150831598     
  0.99999995768401873        212.73806250609573        212.73807150831598     
  0.99999998661851142        212.73806866156391        212.73807150831598     
  0.99999999576840171        212.73807060809392        212.73807150831598     
 comp:           1
  0.99972637236549577        144.96948278804408        145.00916130183253     
  0.99991514543074111        144.99685661191168        145.00916130183253     
  0.99997321768344871        145.00527762057172        145.00916130183253     
  0.99999153227093773        145.00793340354309        145.00916130183253     
  0.99999732231635241        145.00877301317257        145.00916130183253     
  0.99999915324331590        145.00903851435595        145.00916130183253     
  0.99999973223203797        145.00912247302495        145.00916130183253     
  0.99999991532433319        145.00914902308512        145.00916130183253     
  0.99999997322320333        145.00915741895170        145.00916130183253     
  0.99999999153243291        145.00916007395773        145.00916130183253     
 comp:           2
  0.99758191040903355        13.378581767082931        13.411010792685062     
  0.99925012708952965        13.400954238989602        13.411010792685062     
  0.99976332053963901        13.407836681887753        13.411010792685062     
  0.99992516937281650        13.410007238336281        13.411010792685062     
  0.99997633689679111        13.410693446552539        13.411010792685062     
  0.99999251708063908        13.410910439172751        13.411010792685062     
  0.99999763369323846        13.410979058119544        13.411010792685062     
  0.99999925170807791        13.411000757334019        13.411010792685062     
  0.99999976336931884        13.411007619228442        13.411010792685062     
  0.99999992517080460        13.411009789149915        13.411010792685062     
 comp:           3
   1.0000000000000000       -155.08054358021499       -155.08054358021499     
   1.0000000000000000       -155.08054358021499       -155.08054358021499     
   1.0000000000000000       -155.08054358021499       -155.08054358021499     
   1.0000000000000000       -155.08054358021499       -155.08054358021499     
   1.0000000000000000       -155.08054358021499       -155.08054358021499     
   1.0000000000000000       -155.08054358021499       -155.08054358021499     
   1.0000000000000000       -155.08054358021499       -155.08054358021499     
   1.0000000000000000       -155.08054358021499       -155.08054358021499     
   1.0000000000000000       -155.08054358021499       -155.08054358021499     
   1.0000000000000000       -155.08054358021499       -155.08054358021499     
 
 part: i_fks+j_fks
 comp:           0
   1.0000468302798482        276.84570998840854        276.83274583345002     
   1.0000044900938674        276.83398883846439        276.83274583345002     
   1.0000004471663431        276.83286962373660        276.83274583345002     
   1.0000000446982862        276.83275820739931        276.83274583345002     
   1.0000000044696451        276.83274707079414        276.83274583345002     
   1.0000000004469627        276.83274595718393        276.83274583345002     
   1.0000000000446960        276.83274584582335        276.83274583345002     
   1.0000000000044693        276.83274583468727        276.83274583345002     
   1.0000000000004468        276.83274583357371        276.83274583345002     
   1.0000000000000444        276.83274583346230        276.83274583345002     
 comp:           1
  0.10305573321166070        0.0000000000000000     
   3.1957069471987468E-002   0.0000000000000000     
   1.0086338759652739E-002   0.0000000000000000     
   3.1889695883987115E-003   0.0000000000000000     
   1.0084214200217650E-003   0.0000000000000000     
   3.1889024228459528E-004   0.0000000000000000     
   1.0084192958753202E-004   0.0000000000000000     
   3.1889017582800361E-005   0.0000000000000000     
   1.0084192608736737E-005   0.0000000000000000     
   3.1889018764358523E-006   0.0000000000000000     
 comp:           2
   8.4226869700433679E-002   0.0000000000000000     
   2.6118332697673118E-002   0.0000000000000000     
   8.2435077990166573E-003   0.0000000000000000     
   2.6063268644069214E-003   0.0000000000000000     
   8.2417714085691461E-004   0.0000000000000000     
   2.6062719703793478E-004   0.0000000000000000     
   8.2417540480400175E-005   0.0000000000000000     
   2.6062714272333705E-005   0.0000000000000000     
   8.2417537619735338E-006   0.0000000000000000     
   2.6062715238014533E-006   0.0000000000000000     
 comp:           3
  0.99993658601423019        276.81519076564513        276.83274583345002     
  0.99999392704237156        276.83106463991442        276.83274583345002     
  0.99999939526495274        276.83257842298639        276.83274583345002     
  0.99999993955198441        276.83272909945987        276.83274583345002     
  0.99999999395545325        276.83274416012154        276.83274583345002     
  0.99999999939554796        276.83274566611789        276.83274583345002     
  0.99999999993955480        276.83274581671679        276.83274583345002     
  0.99999999999395517        276.83274583177661        276.83274583345002     
  0.99999999999939548        276.83274583328267        276.83274583345002     
  0.99999999999993927        276.83274583343319        276.83274583345002     
     
 Collinear #          82
 
 part:           1
 comp:           0
  0.99999538689644596        276.57398888834524        276.57526475868207     
  0.99999955970743215        276.57514298464855        276.57526475868207     
  0.99999995617050519        276.57525263652792        276.57526475868207     
  0.99999999561903841        276.57526354701645        276.57526475868207     
  0.99999999956192354        276.57526463752095        276.57526475868207     
  0.99999999995619249        276.57526474656601        276.57526475868207     
  0.99999999999561906        276.57526475747039        276.57526475868207     
  0.99999999999956157        276.57526475856082        276.57526475868207     
  0.99999999999995581        276.57526475866985        276.57526475868207     
  0.99999999999999523        276.57526475868076        276.57526475868207     
 comp:           1
   0.0000000000000000        0.0000000000000000     
   0.0000000000000000        0.0000000000000000     
   0.0000000000000000        0.0000000000000000     
   0.0000000000000000        0.0000000000000000     
   0.0000000000000000        0.0000000000000000     
   0.0000000000000000        0.0000000000000000     
   0.0000000000000000        0.0000000000000000     
   0.0000000000000000        0.0000000000000000     
   0.0000000000000000        0.0000000000000000     
   0.0000000000000000        0.0000000000000000     
 comp:           2
   0.0000000000000000        0.0000000000000000     
   0.0000000000000000        0.0000000000000000     
   0.0000000000000000        0.0000000000000000     
   0.0000000000000000        0.0000000000000000     
   0.0000000000000000        0.0000000000000000     
   0.0000000000000000        0.0000000000000000     
   0.0000000000000000        0.0000000000000000     
   0.0000000000000000        0.0000000000000000     
   0.0000000000000000        0.0000000000000000     
   0.0000000000000000        0.0000000000000000     
 comp:           3
  0.99999538689644596        276.57398888834524        276.57526475868207     
  0.99999955970743215        276.57514298464855        276.57526475868207     
  0.99999995617050519        276.57525263652792        276.57526475868207     
  0.99999999561903841        276.57526354701645        276.57526475868207     
  0.99999999956192354        276.57526463752095        276.57526475868207     
  0.99999999995619249        276.57526474656601        276.57526475868207     
  0.99999999999561906        276.57526475747039        276.57526475868207     
  0.99999999999956157        276.57526475856082        276.57526475868207     
  0.99999999999995581        276.57526475866985        276.57526475868207     
  0.99999999999999523        276.57526475868076        276.57526475868207     
 
 part:           2
 comp:           0
   1.0000616926143990        276.26704258472773        276.25000000000000     
   1.0000059110543718        276.25163292877022        276.25000000000000     
   1.0000005886408969        276.25016261204780        276.25000000000000     
   1.0000000588395566        276.25001625442752        276.25000000000000     
   1.0000000058837104        276.25000162537498        276.25000000000000     
   1.0000000005883687        276.25000016253682        276.25000000000000     
   1.0000000000588367        276.25000001625364        276.25000000000000     
   1.0000000000058837        276.25000000162538        276.25000000000000     
   1.0000000000005882        276.25000000016252        276.25000000000000     
   1.0000000000000586        276.25000000001620        276.25000000000000     
 comp:           1
   0.0000000000000000        0.0000000000000000     
   0.0000000000000000        0.0000000000000000     
   0.0000000000000000        0.0000000000000000     
   0.0000000000000000        0.0000000000000000     
   0.0000000000000000        0.0000000000000000     
   0.0000000000000000        0.0000000000000000     
   0.0000000000000000        0.0000000000000000     
   0.0000000000000000        0.0000000000000000     
   0.0000000000000000        0.0000000000000000     
   0.0000000000000000        0.0000000000000000     
 comp:           2
   0.0000000000000000        0.0000000000000000     
   0.0000000000000000        0.0000000000000000     
   0.0000000000000000        0.0000000000000000     
   0.0000000000000000        0.0000000000000000     
   0.0000000000000000        0.0000000000000000     
   0.0000000000000000        0.0000000000000000     
   0.0000000000000000        0.0000000000000000     
   0.0000000000000000        0.0000000000000000     
   0.0000000000000000        0.0000000000000000     
   0.0000000000000000        0.0000000000000000     
 comp:           3
   1.0000616926143990       -276.26704258472773       -276.25000000000000     
   1.0000059110543718       -276.25163292877022       -276.25000000000000     
   1.0000005886408969       -276.25016261204780       -276.25000000000000     
   1.0000000588395566       -276.25001625442752       -276.25000000000000     
   1.0000000058837104       -276.25000162537498       -276.25000000000000     
   1.0000000005883687       -276.25000016253682       -276.25000000000000     
   1.0000000000588367       -276.25000001625364       -276.25000000000000     
   1.0000000000058837       -276.25000000162538       -276.25000000000000     
   1.0000000000005882       -276.25000000016252       -276.25000000000000     
   1.0000000000000586       -276.25000000001620       -276.25000000000000     
 
 part:           3
 comp:           0
   1.0002629695155503        144.32469328850021        144.28675027168094     
   1.0000815375827192        144.29851506451652        144.28675027168094     
   1.0000257342580279        144.29046338414244        144.28675027168094     
   1.0000081362534863        144.28792422525586        144.28675027168094     
   1.0000025728525077        144.28712150020820        144.28675027168094     
   1.0000008136050942        144.28686766411599        144.28675027168094     
   1.0000002572843971        144.28678739441051        144.28675027168094     
   1.0000000813604615        144.28676201091753        144.28675027168094     
   1.0000000257284358        144.28675398395333        144.28675027168094     
   1.0000000081360463        144.28675144560461        144.28675027168094     
 comp:           1
   1.0003503686508926       -41.775990768464290       -41.761358897487938     
   1.0001086374280999       -41.765895744112512       -41.761358897487938     
   1.0000342873445001       -41.762790783587242       -41.761358897487938     
   1.0000108404384014       -41.761811608926621       -41.761358897487938     
   1.0000034279724366       -41.761502054275155       -41.761358897487938     
   1.0000010840170361       -41.761404167512438       -41.761358897487938     
   1.0000003427961246       -41.761373213119924       -41.761358897487938     
   1.0000001084016414       -41.761363424487790       -41.761358897487938     
   1.0000000342796074       -41.761360329050923       -41.761358897487938     
   1.0000000108401643       -41.761359350187931       -41.761358897487938     
 comp:           2
   1.0002655820499045       -135.36134330120387       -135.32540330319046     
   1.0000823479805558       -135.33654707687037       -135.32540330319046     
   1.0000259900627950       -135.32892041892006       -135.32540330319046     
   1.0000082171331401       -135.32651529004664       -135.32540330319046     
   1.0000025984286676       -135.32575493659786       -135.32540330319046     
   1.0000008216929965       -135.32551449912660       -135.32540330319046     
   1.0000002598420186       -135.32543846641641       -135.32540330319046     
   1.0000000821692525       -135.32541442277770       -135.32540330319046     
   1.0000000259841979       -135.32540681951252       -135.32540330319046     
   1.0000000082169254       -135.32540441514919       -135.32540330319046     
 comp:           3
   1.0000000000000000        27.541472343113327        27.541472343113327     
   1.0000000000000000        27.541472343113327        27.541472343113327     
   1.0000000000000000        27.541472343113327        27.541472343113327     
   1.0000000000000000        27.541472343113327        27.541472343113327     
   1.0000000000000000        27.541472343113327        27.541472343113327     
   1.0000000000000000        27.541472343113327        27.541472343113327     
   1.0000000000000000        27.541472343113327        27.541472343113327     
   1.0000000000000000        27.541472343113327        27.541472343113327     
   1.0000000000000000        27.541472343113327        27.541472343113327     
   1.0000000000000000        27.541472343113327        27.541472343113327     
 
 part:           4
 comp:           0
   1.0001642795710237        83.390071715467954        83.376374680401952     
   1.0000509344048532        83.380621406425121        83.376374680401952     
   1.0000160752390701        83.377714975557737        83.376374680401952     
   1.0000050823884856        83.376798431528599        83.376374680401952     
   1.0000016071540940        83.376508679083869        83.376374680401952     
   1.0000005082250270        83.376417054362221        83.376374680401952     
   1.0000001607147593        83.376388080215932        83.376374680401952     
   1.0000000508224611        83.376378917794511        83.376374680401952     
   1.0000000160714724        83.376376020383063        83.376374680401952     
   1.0000000050822460        83.376375104141204        83.376374680401952     
 comp:           1
   1.0002513092527281       -33.650819113290915       -33.642364475814489     
   1.0000779251229490       -33.644986061202566       -33.642364475814489     
   1.0000245944106114       -33.643191889940347       -33.642364475814489     
   1.0000077759032564       -33.642626075585973       -33.642364475814489     
   1.0000024589051546       -33.642447199197910       -33.642364475814489     
   1.0000007775721678       -33.642390635180760       -33.642364475814489     
   1.0000002458898196       -33.642372748129425       -33.642364475814489     
   1.0000000777571829       -33.642367091749975       -33.642364475814489     
   1.0000000245889793       -33.642365303045892       -33.642364475814489     
   1.0000000077757185       -33.642364737408045       -33.642364475814489     
 comp:           2
   1.0005029837767574       -41.308325154205434       -41.287558182257833     
   1.0001559635079877       -41.293997534668186       -41.287558182257833     
   1.0000492245685435       -41.289590544495567       -41.287558182257833     
   1.0000155631085812       -41.288200745008879       -41.287558182257833     
   1.0000049213842623       -41.287761374196904       -41.287558182257833     
   1.0000015562745157       -41.287622437032446       -41.287558182257833     
   1.0000004921370336       -41.287578501394236       -41.287558182257833     
   1.0000001556273836       -41.287564607732492       -41.287558182257833     
   1.0000000492136982       -41.287560214171258       -41.287558182257833     
   1.0000000155627389       -41.287558824805316       -41.287558182257833     
 comp:           3
   1.0000000000000000        64.149424835066952        64.149424835066952     
   1.0000000000000000        64.149424835066952        64.149424835066952     
   1.0000000000000000        64.149424835066952        64.149424835066952     
   1.0000000000000000        64.149424835066952        64.149424835066952     
   1.0000000000000000        64.149424835066952        64.149424835066952     
   1.0000000000000000        64.149424835066952        64.149424835066952     
   1.0000000000000000        64.149424835066952        64.149424835066952     
   1.0000000000000000        64.149424835066952        64.149424835066952     
   1.0000000000000000        64.149424835066952        64.149424835066952     
   1.0000000000000000        64.149424835066952        64.149424835066952     
 
 part:           5
 comp:           0
   1.0000894351733560        86.130305184251441        86.122602794340651     
   1.0000277255923944        86.124990594521663        86.122602794340651     
   1.0000087500403438        86.123356370589619        86.122602794340651     
   1.0000027664008981        86.122841043986369        86.122602794340651     
   1.0000008747885381        86.122678133406438        86.122602794340651     
   1.0000002766311467        86.122626618535023        86.122602794340651     
   1.0000000874783581        86.122610328204530        86.122602794340651     
   1.0000000276630778        86.122605176756920        86.122602794340651     
   1.0000000087478325        86.122603547726754        86.122602794340651     
   1.0000000027663078        86.122603032582276        86.122602794340651     
 comp:           1
   1.0004112144149560       -21.245311318608273       -21.236578531391821     
   1.0001275112664640       -21.239286434415721       -21.236578531391821     
   1.0000402449073136       -21.237433195526474       -21.236578531391821     
   1.0000127240816854       -21.236848747351772       -21.236578531391821     
   1.0000040236270675       -21.236663979464023       -21.236578531391821     
   1.0000012723797818       -21.236605552384979       -21.236578531391821     
   1.0000004023617008       -21.236587076177678       -21.236578531391821     
   1.0000001272379360       -21.236581233490238       -21.236578531391821     
   1.0000000402361671       -21.236579385870343       -21.236578531391821     
   1.0000000127237940       -21.236578801601670       -21.236578531391821     
 comp:           2
   1.0009632658033834       -22.289640346489161       -22.268190160404405     
   1.0002986939126248       -22.274841533250488       -22.268190160404405     
   1.0000942733074658       -22.270289456342102       -22.268190160404405     
   1.0000298060387021       -22.268853886942150       -22.268190160404405     
   1.0000094253076224       -22.268400044946862       -22.268190160404405     
   1.0000029805373745       -22.268256531577439       -22.268190160404405     
   1.0000009425284055       -22.268211148806174       -22.268190160404405     
   1.0000002980536382       -22.268196797519501       -22.268190160404405     
   1.0000000942528338       -22.268192259244429       -22.268190160404405     
   1.0000000298053648       -22.268190824115937       -22.268190160404405     
 comp:           3
   1.0000000000000000       -1.7384467093714373       -1.7384467093714373     
   1.0000000000000000       -1.7384467093714373       -1.7384467093714373     
   1.0000000000000000       -1.7384467093714373       -1.7384467093714373     
   1.0000000000000000       -1.7384467093714373       -1.7384467093714373     
   1.0000000000000000       -1.7384467093714373       -1.7384467093714373     
   1.0000000000000000       -1.7384467093714373       -1.7384467093714373     
   1.0000000000000000       -1.7384467093714373       -1.7384467093714373     
   1.0000000000000000       -1.7384467093714373       -1.7384467093714373     
   1.0000000000000000       -1.7384467093714373       -1.7384467093714373     
   1.0000000000000000       -1.7384467093714373       -1.7384467093714373     
 
 part:           6
 comp:           0
   1.0484120661057887       0.34101149768123884       0.32526475868204047     
   1.0046400167698424       0.32677399261696388       0.32526475868204047     
   1.0004620806447482       0.32541505723144609       0.32526475868204047     
   1.0000461889409153       0.32527978231676108       0.32526475868204047     
   1.0000046187029428       0.32526626098333861       0.32526475868204047     
   1.0000004618683822       0.32526490891154836       0.32526475868204047     
   1.0000000461868190       0.32526477370498502       0.32526475868204047     
   1.0000000046186817       0.32526476018433487       0.32526475868204047     
   1.0000000004618672       0.32526475883226963       0.32526475868204047     
   1.0000000000461859       0.32526475869706312       0.32526475868204047     
 comp:           1
   5.6020709094918776E-002   0.0000000000000000     
   1.7371696101764627E-002   0.0000000000000000     
   5.4828796770230613E-003   0.0000000000000000     
   1.7335067279456032E-003   0.0000000000000000     
   5.4817246238655763E-004   0.0000000000000000     
   1.7334702122430559E-004   0.0000000000000000     
   5.4817130755800285E-005   0.0000000000000000     
   1.7334698509399079E-005   0.0000000000000000     
   5.4817128852975648E-006   0.0000000000000000     
   1.7334699151682877E-006   0.0000000000000000     
 comp:           2
  0.13760264677259451        0.0000000000000000     
   4.2669780535655337E-002   0.0000000000000000     
   1.3467497425206152E-002   0.0000000000000000     
   4.2579809826978916E-003   0.0000000000000000     
   1.3464660289186259E-003   0.0000000000000000     
   4.2578912898432234E-004   0.0000000000000000     
   1.3464631923342939E-004   0.0000000000000000     
   4.2578904023808854E-005   0.0000000000000000     
   1.3464631455955589E-005   0.0000000000000000     
   4.2578905601438838E-006   0.0000000000000000     
 comp:           3
  0.94368140237906362       0.30694630361755565       0.32526475868204047     
  0.99460530919244938       0.32351005587835829       0.32526475868204047     
  0.99946279393250703       0.32509002448013485       0.32526475868204047     
  0.99994630191969336       0.32524729258890783       0.32526475868204047     
  0.99999463041713121       0.32526301214596443       0.32526475868204047     
  0.99999946304396414       0.32526458402916503       0.32526475868204047     
  0.99999994630441891       0.32526474121676024       0.32526475868204047     
  0.99999999463044187       0.32526475693551243       0.32526475868204047     
  0.99999999946304341       0.32526475850738740       0.32526475868204047     
  0.99999999994630362       0.32526475866457494       0.32526475868204047     
 
 part:           7
 comp:           0
  0.99975149174850619        238.65494978717211        238.71427225357647     
  0.99992293130165910        238.69587485533850        238.71427225357647     
  0.99997567471577142        238.70846546105449        238.71427225357647     
  0.99999230906806347        238.71243631835628        238.71427225357647     
  0.99999756795286365        238.71369168921422        238.71427225357647     
  0.99999923091989129        238.71408866317802        238.71427225357647     
  0.99999975679548714        238.71421419718817        238.71427225357647     
  0.99999992309197416        238.71425389453304        238.71427225357647     
  0.99999997567954657        238.71426644793712        238.71427225357647     
  0.99999999230919701        238.71427041767203        238.71427225357647     
 comp:           1
  0.99974957224937533        96.616100491268554        96.640301904694240     
  0.99992233715212708        96.632796543629027        96.640301904694240     
  0.99997548729390828        96.637932989377035        96.640301904694240     
  0.99999224982183355        96.639552925136414        96.640301904694240     
  0.99999754921896067        96.640065060474697        96.640301904694240     
  0.99999922499582650        96.640227008056939        96.640301904694240     
  0.99999975492214421        96.640278220296267        96.640301904694240     
  0.99999992249957204        96.640294415029487        96.640301904694240     
  0.99999997549221264        96.640299536254275        96.640301904694240     
  0.99999999224995684        96.640301155727727        96.640301904694240     
 comp:           2
  0.99970110042990556        198.82170615512584        198.88115164585267     
  0.99990730503395253        198.86271636425337        198.88115164585267     
  0.99997074271004549        198.87533292233249        198.88115164585267     
  0.99999074972755086        198.87931194101495        198.88115164585267     
  0.99999707485533362        198.88056988971269        198.88115164585267     
  0.99999907498903906        198.88096767860748        198.88115164585267     
  0.99999970748582956        198.88109347029757        198.88115164585267     
  0.99999990749889134        198.88113324912564        198.88115164585267     
  0.99999997074858094        198.88114582829675        198.88115164585267     
  0.99999999074988866        198.88114980617988        198.88115164585267     
 comp:           3
   1.0000000000000000       -89.952450468808848       -89.952450468808848     
   1.0000000000000000       -89.952450468808848       -89.952450468808848     
   1.0000000000000000       -89.952450468808848       -89.952450468808848     
   1.0000000000000000       -89.952450468808848       -89.952450468808848     
   1.0000000000000000       -89.952450468808848       -89.952450468808848     
   1.0000000000000000       -89.952450468808848       -89.952450468808848     
   1.0000000000000000       -89.952450468808848       -89.952450468808848     
   1.0000000000000000       -89.952450468808848       -89.952450468808848     
   1.0000000000000000       -89.952450468808848       -89.952450468808848     
   1.0000000000000000       -89.952450468808848       -89.952450468808848     
 
 part: i_fks+j_fks
 comp:           0
   1.0000522601696991        276.91500038602646        276.90052951736413     
   1.0000050106798415        276.90191697726550        276.90052951736413     
   1.0000004990109461        276.90066769375937        276.90052951736413     
   1.0000000498806163        276.90054332933323        276.90052951736413     
   1.0000000049878566        276.90053089850426        276.90052951736413     
   1.0000000004987835        276.90052965547756        276.90052951736413     
   1.0000000000498781        276.90052953117538        276.90052951736413     
   1.0000000000049873        276.90052951874515        276.90052951736413     
   1.0000000000004983        276.90052951750209        276.90052951736413     
   1.0000000000000495        276.90052951737783        276.90052951736413     
 comp:           1
   5.6020709094918776E-002   0.0000000000000000     
   1.7371696101764627E-002   0.0000000000000000     
   5.4828796770230613E-003   0.0000000000000000     
   1.7335067279456032E-003   0.0000000000000000     
   5.4817246238655763E-004   0.0000000000000000     
   1.7334702122430559E-004   0.0000000000000000     
   5.4817130755800285E-005   0.0000000000000000     
   1.7334698509399079E-005   0.0000000000000000     
   5.4817128852975648E-006   0.0000000000000000     
   1.7334699151682877E-006   0.0000000000000000     
 comp:           2
  0.13760264677259451        0.0000000000000000     
   4.2669780535655337E-002   0.0000000000000000     
   1.3467497425206152E-002   0.0000000000000000     
   4.2579809826978916E-003   0.0000000000000000     
   1.3464660289186259E-003   0.0000000000000000     
   4.2578912898432234E-004   0.0000000000000000     
   1.3464631923342939E-004   0.0000000000000000     
   4.2578904023808854E-005   0.0000000000000000     
   1.3464631455955589E-005   0.0000000000000000     
   4.2578905601438838E-006   0.0000000000000000     
 comp:           3
  0.99992923695221714        276.88093519196281        276.90052951736413     
  0.99999322328187479        276.89865304052688        276.90052951736413     
  0.99999932518599222        276.90034266100804        276.90052951736413     
  0.99999993254704567        276.90051083960537        276.90052951736413     
  0.99999999325498867        276.90052764966691        276.90052951736413     
  0.99999999932550165        276.90052933059519        276.90052951736413     
  0.99999999993254984        276.90052949868715        276.90052951736413     
  0.99999999999325451        276.90052951549632        276.90052951736413     
  0.99999999999932498        276.90052951717723        276.90052951736413     
  0.99999999999993205        276.90052951734532        276.90052951736413     
     
 Collinear #          84
 
 part:           1
 comp:           0
  0.99999994382162194        276.25391510387840        276.25393062337616     
  0.99999999463783051        276.25392914205577        276.25393062337616     
  0.99999999946621321        276.25393047591547        276.25393062337616     
  0.99999999994664535        276.25393060863672        276.25393062337616     
  0.99999999999466471        276.25393062190227        276.25393062337616     
  0.99999999999946665        276.25393062322883        276.25393062337616     
  0.99999999999994693        276.25393062336150        276.25393062337616     
  0.99999999999999467        276.25393062337469        276.25393062337616     
  0.99999999999999956        276.25393062337605        276.25393062337616     
   1.0000000000000002        276.25393062337622        276.25393062337616     
 comp:           1
   0.0000000000000000        0.0000000000000000     
   0.0000000000000000        0.0000000000000000     
   0.0000000000000000        0.0000000000000000     
   0.0000000000000000        0.0000000000000000     
   0.0000000000000000        0.0000000000000000     
   0.0000000000000000        0.0000000000000000     
   0.0000000000000000        0.0000000000000000     
   0.0000000000000000        0.0000000000000000     
   0.0000000000000000        0.0000000000000000     
   0.0000000000000000        0.0000000000000000     
 comp:           2
   0.0000000000000000        0.0000000000000000     
   0.0000000000000000        0.0000000000000000     
   0.0000000000000000        0.0000000000000000     
   0.0000000000000000        0.0000000000000000     
   0.0000000000000000        0.0000000000000000     
   0.0000000000000000        0.0000000000000000     
   0.0000000000000000        0.0000000000000000     
   0.0000000000000000        0.0000000000000000     
   0.0000000000000000        0.0000000000000000     
   0.0000000000000000        0.0000000000000000     
 comp:           3
  0.99999994382162194        276.25391510387840        276.25393062337616     
  0.99999999463783051        276.25392914205577        276.25393062337616     
  0.99999999946621321        276.25393047591547        276.25393062337616     
  0.99999999994664535        276.25393060863672        276.25393062337616     
  0.99999999999466471        276.25393062190227        276.25393062337616     
  0.99999999999946665        276.25393062322883        276.25393062337616     
  0.99999999999994693        276.25393062336150        276.25393062337616     
  0.99999999999999467        276.25393062337469        276.25393062337616     
  0.99999999999999956        276.25393062337605        276.25393062337616     
   1.0000000000000002        276.25393062337622        276.25393062337616     
 
 part:           2
 comp:           0
   1.0000007459066631        276.25020605671563        276.24999999999994     
   1.0000000714725528        276.25001974429267        276.24999999999994     
   1.0000000071174917        276.25000196620704        276.24999999999994     
   1.0000000007114529        276.25000019653879        276.24999999999994     
   1.0000000000711424        276.25000001965304        276.24999999999994     
   1.0000000000071145        276.25000000196530        276.24999999999994     
   1.0000000000007117        276.25000000019656        276.24999999999994     
   1.0000000000000715        276.25000000001967        276.24999999999994     
   1.0000000000000071        276.25000000000193        276.24999999999994     
   1.0000000000000011        276.25000000000023        276.24999999999994     
 comp:           1
   0.0000000000000000        0.0000000000000000     
   0.0000000000000000        0.0000000000000000     
   0.0000000000000000        0.0000000000000000     
   0.0000000000000000        0.0000000000000000     
   0.0000000000000000        0.0000000000000000     
   0.0000000000000000        0.0000000000000000     
   0.0000000000000000        0.0000000000000000     
   0.0000000000000000        0.0000000000000000     
   0.0000000000000000        0.0000000000000000     
   0.0000000000000000        0.0000000000000000     
 comp:           2
   0.0000000000000000        0.0000000000000000     
   0.0000000000000000        0.0000000000000000     
   0.0000000000000000        0.0000000000000000     
   0.0000000000000000        0.0000000000000000     
   0.0000000000000000        0.0000000000000000     
   0.0000000000000000        0.0000000000000000     
   0.0000000000000000        0.0000000000000000     
   0.0000000000000000        0.0000000000000000     
   0.0000000000000000        0.0000000000000000     
   0.0000000000000000        0.0000000000000000     
 comp:           3
   1.0000007459066631       -276.25020605671563       -276.24999999999994     
   1.0000000714725528       -276.25001974429267       -276.24999999999994     
   1.0000000071174917       -276.25000196620704       -276.24999999999994     
   1.0000000007114529       -276.25000019653879       -276.24999999999994     
   1.0000000000711424       -276.25000001965304       -276.24999999999994     
   1.0000000000071145       -276.25000000196530       -276.24999999999994     
   1.0000000000007117       -276.25000000019656       -276.24999999999994     
   1.0000000000000715       -276.25000000001967       -276.24999999999994     
   1.0000000000000071       -276.25000000000193       -276.24999999999994     
   1.0000000000000011       -276.25000000000023       -276.24999999999994     
 
 part:           3
 comp:           0
   1.0000031748785940        27.872794625520168        27.872706133062106     
   1.0000009845353548        27.872733574726730        27.872706133062106     
   1.0000003107411091        27.872714794257725        27.872706133062106     
   1.0000000982461601        27.872708871448452        27.872706133062106     
   1.0000000310675683        27.872706998999305        27.872706133062106     
   1.0000000098244088        27.872706406894967        27.872706133062106     
   1.0000000031067502        27.872706219655644        27.872706133062106     
   1.0000000009824406        27.872706160445386        27.872706133062106     
   1.0000000003106750        27.872706141721459        27.872706133062106     
   1.0000000000982441        27.872706135800435        27.872706133062106     
 comp:           1
   1.0000033737765297       -24.524710938444894       -24.524628197829880     
   1.0000010462140052       -24.524653855839375       -24.524628197829880     
   1.0000003302082594       -24.524636296064671       -24.524628197829880     
   1.0000001044010358       -24.524630758226465       -24.524628197829880     
   1.0000000330138736       -24.524629007482858       -24.524628197829880     
   1.0000000104398834       -24.524628453864139       -24.524628197829880     
   1.0000000033013803       -24.524628278795007       -24.524628197829880     
   1.0000000010439880       -24.524628223433300       -24.524628197829880     
   1.0000000003301381       -24.524628205926394       -24.524628197829880     
   1.0000000001043987       -24.524628200390222       -24.524628197829880     
 comp:           2
   1.0000031248226176        11.830385649448377        11.830348681707243     
   1.0000009690129614        11.830360145468454        11.830348681707243     
   1.0000003058419038        11.830352299923607        11.830348681707243     
   1.0000000966971923        11.830349825668744        11.830348681707243     
   1.0000000305777512        11.830349043452701        11.830348681707243     
   1.0000000096695152        11.830348796100980        11.830348681707243     
   1.0000000030577687        11.830348717881712        11.830348681707243     
   1.0000000009669514        11.830348693146615        11.830348681707243     
   1.0000000003057770        11.830348685324690        11.830348681707243     
   1.0000000000966951        11.830348682851179        11.830348681707243     
 comp:           3
   1.0000000000000000       -5.6846706155653024       -5.6846706155653024     
   1.0000000000000000       -5.6846706155653024       -5.6846706155653024     
   1.0000000000000000       -5.6846706155653024       -5.6846706155653024     
   1.0000000000000000       -5.6846706155653024       -5.6846706155653024     
   1.0000000000000000       -5.6846706155653024       -5.6846706155653024     
   1.0000000000000000       -5.6846706155653024       -5.6846706155653024     
   1.0000000000000000       -5.6846706155653024       -5.6846706155653024     
   1.0000000000000000       -5.6846706155653024       -5.6846706155653024     
   1.0000000000000000       -5.6846706155653024       -5.6846706155653024     
   1.0000000000000000       -5.6846706155653024       -5.6846706155653024     
 
 part:           4
 comp:           0
   1.0000019043466528        221.75018562065867        221.74976333223913     
   1.0000005905407452        221.74989428450962        221.74976333223913     
   1.0000001863876620        221.74980466365906        221.74976333223913     
   1.0000000589296691        221.74977639987929        221.74976333223913     
   1.0000000186348399        221.74976746451048        221.74976333223913     
   1.0000000058928424        221.74976463897553        221.74976333223913     
   1.0000000018634800        221.74976374546537        221.74976333223913     
   1.0000000005892842        221.74976346291274        221.74976333223913     
   1.0000000001863480        221.74976337356176        221.74976333223913     
   1.0000000000589284        221.74976334530649        221.74976333223913     
 comp:           1
   1.0000101426869632       -64.901372448476522       -64.900714180848894     
   1.0000031452663531       -64.900918310881508       -64.900714180848894     
   1.0000009927156994       -64.900778608806760       -64.900714180848894     
   1.0000003138642015       -64.900734550859724       -64.900714180848894     
   1.0000000992506748       -64.900720622288574       -64.900714180848894     
   1.0000000313857589       -64.900716217807059       -64.900714180848894     
   1.0000000099250463       -64.900714824991496       -64.900714180848894     
   1.0000000031385752       -64.900714384544671       -64.900714180848894     
   1.0000000009925045       -64.900714245263146       -64.900714180848894     
   1.0000000003138576       -64.900714201218477       -64.900714180848894     
 comp:           2
   1.0000016987273719        173.13454127364514        173.13424716576048     
   1.0000005267785612        173.13433836917011        173.13424716576048     
   1.0000001662629772        173.13427595157586        173.13424716576048     
   1.0000000525669097        173.13425626689283        173.13424716576048     
   1.0000000166227982        173.13425004373613        173.13424716576048     
   1.0000000052565803        173.13424807585454        173.13424716576048     
   1.0000000016622763        173.13424745355744        173.13424716576048     
   1.0000000005256580        173.13424725676987        173.13424716576048     
   1.0000000001662275        173.13424719454017        173.13424716576048     
   1.0000000000525657        173.13424717486143        173.13424716576048     
 comp:           3
   1.0000000000000000        122.41481648503665        122.41481648503665     
   1.0000000000000000        122.41481648503665        122.41481648503665     
   1.0000000000000000        122.41481648503665        122.41481648503665     
   1.0000000000000000        122.41481648503665        122.41481648503665     
   1.0000000000000000        122.41481648503665        122.41481648503665     
   1.0000000000000000        122.41481648503665        122.41481648503665     
   1.0000000000000000        122.41481648503665        122.41481648503665     
   1.0000000000000000        122.41481648503665        122.41481648503665     
   1.0000000000000000        122.41481648503665        122.41481648503665     
   1.0000000000000000        122.41481648503665        122.41481648503665     
 
 part:           5
 comp:           0
  0.99999947942708078        83.716290141203672        83.716333721659907     
  0.99999983856811925        83.716320207174704        83.716333721659907     
  0.99999994904840406        83.716329456179096        83.716333721659907     
  0.99999998389076161        83.716332373053532        83.716333721659907     
  0.99999999490590796        83.716333295201196        83.716333721659907     
  0.99999999838910958        83.716333586802065        83.716333721659907     
  0.99999999949059193        83.716333679014127        83.716333721659907     
  0.99999999983891086        83.716333708174119        83.716333721659907     
  0.99999999994905919        83.716333717395329        83.716333721659907     
  0.99999999998389111        83.716333720311326        83.716333721659907     
 comp:           1
  0.99998042877217330        12.697623177215794        12.697871690155557     
  0.99999393092026900        12.697794625759855        12.697871690155557     
  0.99999808446357075        12.697847366919760        12.697871690155557     
  0.99999939437004914        12.697863999944149        12.697871690155557     
  0.99999980848665537        12.697869258343680        12.697871690155557     
  0.99999993943827858        12.697870921150589        12.697871690155557     
  0.99999998084870578        12.697871446974879        12.697871690155557     
  0.99999999394382910        12.697871613255076        12.697871690155557     
  0.99999999808487061        12.697871665837489        12.697871690155557     
  0.99999999939438289        12.697871682465509        12.697871690155557     
 comp:           2
  0.99997498534542806       -4.4386183328398285       -4.4387293661216605     
  0.99999224290195854       -4.4386949344627880       -4.4387293661216605     
  0.99999755168748117       -4.4387184987249855       -4.4387293661216605     
  0.99999922592367974       -4.4387259302063660       -4.4387293661216605     
  0.99999975522025464       -4.4387282796106167       -4.4387293661216605     
  0.99999992259399573       -4.4387290225373564       -4.4387293661216605     
  0.99999997552207698       -4.4387292574707846       -4.4387293661216605     
  0.99999999225940106       -4.4387293317632368       -4.4387293661216605     
  0.99999999755220770       -4.4387293552565730       -4.4387293661216605     
  0.99999999922594007       -4.4387293626858177       -4.4387293661216605     
 comp:           3
   1.0000000000000000       -18.980788012631280       -18.980788012631280     
   1.0000000000000000       -18.980788012631280       -18.980788012631280     
   1.0000000000000000       -18.980788012631280       -18.980788012631280     
   1.0000000000000000       -18.980788012631280       -18.980788012631280     
   1.0000000000000000       -18.980788012631280       -18.980788012631280     
   1.0000000000000000       -18.980788012631280       -18.980788012631280     
   1.0000000000000000       -18.980788012631280       -18.980788012631280     
   1.0000000000000000       -18.980788012631280       -18.980788012631280     
   1.0000000000000000       -18.980788012631280       -18.980788012631280     
   1.0000000000000000       -18.980788012631280       -18.980788012631280     
 
 part:           6
 comp:           0
   1.0484743205404106        4.1211576736619807E-003   3.9306233762004114E-003
   1.0046462583085072        3.9488860677196948E-003   3.9306233762004114E-003
   1.0004627048250669        3.9324420946021000E-003   3.9306233762004114E-003
   1.0000462513590895        3.9308051728736294E-003   3.9306233762004114E-003
   1.0000046249447621        3.9306415551164063E-003   3.9306233762004114E-003
   1.0000004624925647        3.9306251940844977E-003   3.9306233762004114E-003
   1.0000000462492378        3.9306235579887466E-003   3.9306233762004114E-003
   1.0000000046249240        3.9306233943792457E-003   3.9306233762004114E-003
   1.0000000004624920        3.9306233780182932E-003   3.9306233762004114E-003
   1.0000000000462488        3.9306233763821983E-003   3.9306233762004114E-003
 comp:           1
   1.6401032970879102E-003   0.0000000000000000     
   5.0859945925999450E-004   0.0000000000000000     
   1.6052528249395695E-004   0.0000000000000000     
   5.0752841755027387E-005   0.0000000000000000     
   1.6049150812643916E-005   0.0000000000000000     
   5.0751774016054149E-006   0.0000000000000000     
   1.6049117044823486E-006   0.0000000000000000     
   5.0751763451495625E-007   0.0000000000000000     
   1.6049116488150289E-007   0.0000000000000000     
   5.0751765332080853E-008   0.0000000000000000     
 comp:           2
  -7.3278297618562741E-004  -0.0000000000000000     
  -2.2723753199245173E-004  -0.0000000000000000     
  -7.1721210772406215E-005  -0.0000000000000000     
  -2.2675900046760109E-005  -0.0000000000000000     
  -7.1706120697535663E-006  -0.0000000000000000     
  -2.2675422990867354E-006  -0.0000000000000000     
  -7.1705969826038746E-007  -0.0000000000000000     
  -2.2675418270720366E-007  -0.0000000000000000     
  -7.1705967338874423E-008  -0.0000000000000000     
  -2.2675419110948446E-008  -0.0000000000000000     
 comp:           3
  0.94362822580719874        3.7090471628002959E-003   3.9306233762004114E-003
  0.99459993718673312        3.9093977630736340E-003   3.9306233762004114E-003
  0.99946225634035568        3.9285097084014097E-003   3.9306233762004114E-003
  0.99994624815670152        3.9304120979486287E-003   3.9306233762004114E-003
  0.99999462504079484        3.9306022492601135E-003   3.9306233762004114E-003
  0.99999946250633065        3.9306212635152301E-003   3.9306233762004114E-003
  0.99999994625065614        3.9306231649319841E-003   3.9306233762004114E-003
  0.99999999462506639        3.9306233550735715E-003   3.9306233762004114E-003
  0.99999999946250639        3.9306233740877264E-003   3.9306233762004114E-003
  0.99999999994625044        3.9306233759891420E-003   3.9306233762004114E-003
 
 part:           7
 comp:           0
  0.99999786824717196        219.16072961553775        219.16119681303886     
  0.99999933893786308        219.16105193386977        219.16119681303886     
  0.99999979135400130        219.16115108593206        219.16119681303886     
  0.99999993403295151        219.16118235562155        219.16119681303886     
  0.99999997913978544        219.16119224128926        219.16119681303886     
  0.99999999340343337        219.16119536732742        219.16119681303886     
  0.99999999791398297        219.16119635586486        219.16119681303886     
  0.99999999934034345        219.16119666846774        219.16119681303886     
  0.99999999979139831        219.16119676732146        219.16119681303886     
  0.99999999993403443        219.16119679858176        219.16119681303886     
 comp:           1
  0.99999152087109289        76.726820106408525        76.727470688523212     
  0.99999737060247607        76.727268941501762        76.727470688523212     
  0.99999917010356942        76.727407012669161        76.727470688523212     
  0.99999973761388528        76.727450556300283        76.727470688523212     
  0.99999991702780988        76.727464322276930        76.727470688523212     
  0.99999997376193961        76.727468675343204        76.727470688523212     
  0.99999999170279830        76.727470051899914        76.727470688523212     
  0.99999999737619449        76.727470487205252        76.727470688523212     
  0.99999999917027982        76.727470624860885        76.727470688523212     
  0.99999999973761944        76.727470668391419        76.727470688523212     
 comp:           2
  0.99999838984809086       -180.52557580727748       -180.52586648134604     
  0.99999950068816146       -180.52577634264375       -180.52586648134604     
  0.99999984240606121       -180.52583803156369       -180.52586648134604     
  0.99999995017394960       -180.52585748645512       -180.52586648134604     
  0.99999998424392034       -180.52586363696611       -180.52586648134604     
  0.99999999501749959       -180.52586558187585       -180.52586648134604     
  0.99999999842439535       -180.52586619690865       -180.52586648134604     
  0.99999999950175000       -180.52586639139903       -180.52586648134604     
  0.99999999984243959       -180.52586645290231       -180.52586648134604     
  0.99999999995017497       -180.52586647235134       -180.52586648134604     
 comp:           3
   1.0000000000000000       -97.749357856840078       -97.749357856840078     
   1.0000000000000000       -97.749357856840078       -97.749357856840078     
   1.0000000000000000       -97.749357856840078       -97.749357856840078     
   1.0000000000000000       -97.749357856840078       -97.749357856840078     
   1.0000000000000000       -97.749357856840078       -97.749357856840078     
   1.0000000000000000       -97.749357856840078       -97.749357856840078     
   1.0000000000000000       -97.749357856840078       -97.749357856840078     
   1.0000000000000000       -97.749357856840078       -97.749357856840078     
   1.0000000000000000       -97.749357856840078       -97.749357856840078     
   1.0000000000000000       -97.749357856840078       -97.749357856840078     
 
 part: i_fks+j_fks
 comp:           0
   1.0000006335197082        276.25803626155204        276.25786124675238     
   1.0000000607453161        276.25787802812351        276.25786124675238     
   1.0000000060496295        276.25786291801006        276.25786124675238     
   1.0000000006047149        276.25786141380962        276.25786124675238     
   1.0000000000604690        276.25786126345741        276.25786124675238     
   1.0000000000060469        276.25786124842290        276.25786124675238     
   1.0000000000006048        276.25786124691950        276.25786124675238     
   1.0000000000000604        276.25786124676904        276.25786124675238     
   1.0000000000000062        276.25786124675409        276.25786124675238     
   1.0000000000000009        276.25786124675261        276.25786124675238     
 comp:           1
   1.6401032970879102E-003   0.0000000000000000     
   5.0859945925999450E-004   0.0000000000000000     
   1.6052528249395695E-004   0.0000000000000000     
   5.0752841755027387E-005   0.0000000000000000     
   1.6049150812643916E-005   0.0000000000000000     
   5.0751774016054149E-006   0.0000000000000000     
   1.6049117044823486E-006   0.0000000000000000     
   5.0751763451495625E-007   0.0000000000000000     
   1.6049116488150289E-007   0.0000000000000000     
   5.0751765332080853E-008   0.0000000000000000     
 comp:           2
  -7.3278297618562741E-004   0.0000000000000000     
  -2.2723753199245173E-004   0.0000000000000000     
  -7.1721210772406215E-005   0.0000000000000000     
  -2.2675900046760109E-005   0.0000000000000000     
  -7.1706120697535663E-006   0.0000000000000000     
  -2.2675422990867354E-006   0.0000000000000000     
  -7.1705969826038746E-007   0.0000000000000000     
  -2.2675418270720366E-007   0.0000000000000000     
  -7.1705967338874423E-008   0.0000000000000000     
  -2.2675419110948446E-008   0.0000000000000000     
 comp:           3
  0.99999914175940496        276.25762415104117        276.25786124675238     
  0.99999991780529462        276.25783853981886        276.25786124675238     
  0.99999999181515220        276.25785898562384        276.25786124675238     
  0.99999999918185956        276.25786102073465        276.25786124675238     
  0.99999999991818933        276.25786122415155        276.25786124675238     
  0.99999999999181910        276.25786124449235        276.25786124675238     
  0.99999999999918210        276.25786124652643        276.25786124675238     
  0.99999999999991807        276.25786124672976        276.25786124675238     
  0.99999999999999178        276.25786124675011        276.25786124675238     
  0.99999999999999933        276.25786124675221        276.25786124675238     
     
 Collinear #           5
 
 part:           1
 comp:           0
   1.0001187184258278        276.28279596513488        276.24999999999994     
   1.0000113743965129        276.25314217703664        276.24999999999994     
   1.0000011326918770        276.25031290613094        276.24999999999994     
   1.0000001132219263        276.25003127755707        276.24999999999994     
   1.0000000113217202        276.25000312762518        276.24999999999994     
   1.0000000011321675        276.25000031276119        276.24999999999994     
   1.0000000001132168        276.25000003127610        276.24999999999994     
   1.0000000000113223        276.25000000312770        276.24999999999994     
   1.0000000000011324        276.25000000031275        276.24999999999994     
   1.0000000000001132        276.25000000003121        276.24999999999994     
 comp:           1
   0.0000000000000000        0.0000000000000000     
   0.0000000000000000        0.0000000000000000     
   0.0000000000000000        0.0000000000000000     
   0.0000000000000000        0.0000000000000000     
   0.0000000000000000        0.0000000000000000     
   0.0000000000000000        0.0000000000000000     
   0.0000000000000000        0.0000000000000000     
   0.0000000000000000        0.0000000000000000     
   0.0000000000000000        0.0000000000000000     
   0.0000000000000000        0.0000000000000000     
 comp:           2
   0.0000000000000000        0.0000000000000000     
   0.0000000000000000        0.0000000000000000     
   0.0000000000000000        0.0000000000000000     
   0.0000000000000000        0.0000000000000000     
   0.0000000000000000        0.0000000000000000     
   0.0000000000000000        0.0000000000000000     
   0.0000000000000000        0.0000000000000000     
   0.0000000000000000        0.0000000000000000     
   0.0000000000000000        0.0000000000000000     
   0.0000000000000000        0.0000000000000000     
 comp:           3
   1.0001187184258278        276.28279596513488        276.24999999999994     
   1.0000113743965129        276.25314217703664        276.24999999999994     
   1.0000011326918770        276.25031290613094        276.24999999999994     
   1.0000001132219263        276.25003127755707        276.24999999999994     
   1.0000000113217202        276.25000312762518        276.24999999999994     
   1.0000000011321675        276.25000031276119        276.24999999999994     
   1.0000000001132168        276.25000003127610        276.24999999999994     
   1.0000000000113223        276.25000000312770        276.24999999999994     
   1.0000000000011324        276.25000000031275        276.24999999999994     
   1.0000000000001132        276.25000000003121        276.24999999999994     
 
 part:           2
 comp:           0
  0.99999118272574949        276.87378904363516        276.87623033729147     
  0.99999915848706711        276.87599734236284        276.87623033729147     
  0.99999991623090367        276.87620714361987        276.87623033729147     
  0.99999999162689357        276.87622801897732        276.87623033729147     
  0.99999999916272742        276.87623010547060        276.87623033729147     
  0.99999999991627331        276.87623031410953        276.87623033729147     
  0.99999999999162759        276.87623033497334        276.87623033729147     
  0.99999999999916322        276.87623033705978        276.87623033729147     
  0.99999999999991640        276.87623033726834        276.87623033729147     
  0.99999999999999156        276.87623033728914        276.87623033729147     
 comp:           1
   0.0000000000000000        0.0000000000000000     
   0.0000000000000000        0.0000000000000000     
   0.0000000000000000        0.0000000000000000     
   0.0000000000000000        0.0000000000000000     
   0.0000000000000000        0.0000000000000000     
   0.0000000000000000        0.0000000000000000     
   0.0000000000000000        0.0000000000000000     
   0.0000000000000000        0.0000000000000000     
   0.0000000000000000        0.0000000000000000     
   0.0000000000000000        0.0000000000000000     
 comp:           2
   0.0000000000000000        0.0000000000000000     
   0.0000000000000000        0.0000000000000000     
   0.0000000000000000        0.0000000000000000     
   0.0000000000000000        0.0000000000000000     
   0.0000000000000000        0.0000000000000000     
   0.0000000000000000        0.0000000000000000     
   0.0000000000000000        0.0000000000000000     
   0.0000000000000000        0.0000000000000000     
   0.0000000000000000        0.0000000000000000     
   0.0000000000000000        0.0000000000000000     
 comp:           3
  0.99999118272574949       -276.87378904363516       -276.87623033729147     
  0.99999915848706711       -276.87599734236284       -276.87623033729147     
  0.99999991623090367       -276.87620714361987       -276.87623033729147     
  0.99999999162689357       -276.87622801897732       -276.87623033729147     
  0.99999999916272742       -276.87623010547060       -276.87623033729147     
  0.99999999991627331       -276.87623031410953       -276.87623033729147     
  0.99999999999162759       -276.87623033497334       -276.87623033729147     
  0.99999999999916322       -276.87623033705978       -276.87623033729147     
  0.99999999999991640       -276.87623033726834       -276.87623033729147     
  0.99999999999999156       -276.87623033728914       -276.87623033729147     
 
 part:           3
 comp:           0
  0.99952739002532509        23.598454103261908        23.609612241505449     
  0.99985342125374244        23.606151574143460        23.609612241505449     
  0.99995373393039977        23.608519917542250        23.609612241505449     
  0.99998537191228198        23.609266878026592        23.609612241505449     
  0.99999537425347074        23.609503029423564        23.609612241505449     
  0.99999853721054199        23.609577705613553        23.609612241505449     
  0.99999953742516923        23.609601320293063        23.609612241505449     
  0.99999985372096944        23.609608787914258        23.609612241505449     
  0.99999995374250705        23.609611149383976        23.609612241505449     
  0.99999998537209511        23.609611896146287        23.609612241505449     
 comp:           1
  0.99963169721645717        9.1348787111475147        9.1382443519790435     
  0.99988577554699276        9.1372005410164920        9.1382443519790435     
  0.99996394658766841        9.1379148870874349        9.1382443519790435     
  0.99998860091574637        9.1381401843617454        9.1382443519790435     
  0.99999639534413509        9.1382114117529447        9.1382443519790435     
  0.99999886010811123        9.1382339353684294        9.1382443519790435     
  0.99999963953442361        9.1382410579565256        9.1382443519790435     
  0.99999988601075995        9.1382433103175149        9.1382443519790435     
  0.99999996395343616        9.1382440225767354        9.1382443519790435     
  0.99999998860107486        9.1382442478128798        9.1382443519790435     
 comp:           2
  0.99940758521454176       -19.807232016779867       -19.818973069458814     
  0.99981627004235107       -19.815331730376116       -19.818973069458814     
  0.99994200810994160       -19.817823729751499       -19.818973069458814     
  0.99998166458046411       -19.818609680272814       -19.818973069458814     
  0.99999420191340849       -19.818858157336802       -19.818973069458814     
  0.99999816648464557       -19.818936731067382       -19.818973069458814     
  0.99999942019135690       -19.818961578246931       -19.818973069458814     
  0.99999981664838211       -19.818969435618037       -19.818973069458814     
  0.99999994201912557       -19.818971920337425       -19.818973069458814     
  0.99999998166483617       -19.818972706074696       -19.818973069458814     
 comp:           3
   1.0000000000000000        8.8293180840784071        8.8293180840784071     
   1.0000000000000000        8.8293180840784071        8.8293180840784071     
   1.0000000000000000        8.8293180840784071        8.8293180840784071     
   1.0000000000000000        8.8293180840784071        8.8293180840784071     
   1.0000000000000000        8.8293180840784071        8.8293180840784071     
   1.0000000000000000        8.8293180840784071        8.8293180840784071     
   1.0000000000000000        8.8293180840784071        8.8293180840784071     
   1.0000000000000000        8.8293180840784071        8.8293180840784071     
   1.0000000000000000        8.8293180840784071        8.8293180840784071     
   1.0000000000000000        8.8293180840784071        8.8293180840784071     
 
 part:           4
 comp:           0
  0.99990057873243032        158.42693436382604        158.44268693659842     
  0.99996914213841259        158.43779773409540        158.44268693659842     
  0.99999025783900797        158.44114336243427        158.44268693659842     
  0.99999691957166337        158.44219886525585        158.44268693659842     
  0.99999902587398781        158.44253259345564        158.44268693659842     
  0.99999969195212646        158.44263812866564        158.44268693659842     
  0.99999990258645066        158.44267150213392        158.44268693659842     
  0.99999996919510370        158.44268205578788        158.44268693659842     
  0.99999999025863384        158.44268539315019        158.44268693659842     
  0.99999999691950903        158.44268644851715        158.44268693659842     
 comp:           1
   1.0001707775932402       -132.30474904141903       -132.28215821281083     
   1.0000529576927653       -132.28916357070378       -132.28215821281083     
   1.0000167147215382       -132.28436927224982       -132.28215821281083     
   1.0000052846631524       -132.28285727945806       -132.28215821281083     
   1.0000016711269428       -132.28237927308948       -132.28215821281083     
   1.0000005284559026       -132.28222811809815       -132.28215821281083     
   1.0000001671124150       -132.28218031880175       -132.28215821281083     
   1.0000000528455866       -132.28216520333908       -132.28215821281083     
   1.0000000167112417       -132.28216042340995       -132.28215821281083     
   1.0000000052845590       -132.28215891186369       -132.28215821281083     
 comp:           2
  0.99886819942697591       -69.552013455236434       -69.630821659090330     
  0.99964903155103391       -69.606383437612408       -69.630821659090330     
  0.99988922591625828       -69.623108368620862       -69.630821659090330     
  0.99996497675912510       -69.628382962051049       -69.630821659090330     
  0.99998892487945568       -69.630050489346857       -69.630821659090330     
  0.99999649774492005       -69.630577794191453       -69.630821659090330     
  0.99999889248979612       -69.630744542244841       -69.630821659090330     
  0.99999964977451661       -69.630797272602152       -69.630821659090330     
  0.99999988924897865       -69.630813947405713       -69.630821659090330     
  0.99999996497744981       -69.630819220441381       -69.630821659090330     
 comp:           3
   1.0000000000000000        52.507755020851789        52.507755020851789     
   1.0000000000000000        52.507755020851789        52.507755020851789     
   1.0000000000000000        52.507755020851789        52.507755020851789     
   1.0000000000000000        52.507755020851789        52.507755020851789     
   1.0000000000000000        52.507755020851789        52.507755020851789     
   1.0000000000000000        52.507755020851789        52.507755020851789     
   1.0000000000000000        52.507755020851789        52.507755020851789     
   1.0000000000000000        52.507755020851789        52.507755020851789     
   1.0000000000000000        52.507755020851789        52.507755020851789     
   1.0000000000000000        52.507755020851789        52.507755020851789     
 
 part:           5
 comp:           0
   1.0003679709553106        238.61161267912851        238.52384283281694     
   1.0001140742879924        238.55105227035727        238.52384283281694     
   1.0000360014279956        238.53243003176991        238.52384283281694     
   1.0000113821909351        238.52655775673864        238.52384283281694     
   1.0000035992680862        238.52470134407224        238.52384283281694     
   1.0000011381835525        238.52411431673175        238.52384283281694     
   1.0000003599248961        238.52392868348628        238.52384283281694     
   1.0000001138182162        238.52386998117524        238.52384283281694     
   1.0000000359924768        238.52385141788082        238.52384283281694     
   1.0000000113818208        238.52384554765257        238.52384283281694     
 comp:           1
  0.99964116852539242        94.764756135468602        94.798772918946099     
  0.99988874521940208        94.788226102264048        94.798772918946099     
  0.99996488705681774        94.795444255018850        94.798772918946099     
  0.99998889857815576        94.797720517777606        94.798772918946099     
  0.99999648950313769        94.798440128151213        94.798772918946099     
  0.99999888988691388        94.798667681587730        94.798772918946099     
  0.99999964895162274        94.798739639990700        94.798772918946099     
  0.99999988898877146        94.798762395217850        94.798772918946099     
  0.99999996489516918        94.798769591051212        94.798772918946099     
  0.99999998889887731        94.798771866573290        94.798772918946099     
 comp:           2
   1.0005829572743155        203.68023616644933        203.56156846933908     
   1.0001807444113504        203.59836108520562        203.56156846933908     
   1.0000570444542891        203.57318052792664        203.56156846933908     
   1.0000180353594301        203.56523977539260        203.56156846933908     
   1.0000057031498830        203.56272941147446        203.56156846933908     
   1.0000018034886700        203.56193559032144        203.56156846933908     
   1.0000005703128618        203.56168456311974        203.56156846933908     
   1.0000001803487371        203.56160518141087        203.56156846933908     
   1.0000000570312748        203.56158007871485        203.56156846933908     
   1.0000000180348734        203.56157214054619        203.56156846933908     
 comp:           3
   1.0000000000000000       -1.5126601496982131       -1.5126601496982131     
   1.0000000000000000       -1.5126601496982131       -1.5126601496982131     
   1.0000000000000000       -1.5126601496982131       -1.5126601496982131     
   1.0000000000000000       -1.5126601496982131       -1.5126601496982131     
   1.0000000000000000       -1.5126601496982131       -1.5126601496982131     
   1.0000000000000000       -1.5126601496982131       -1.5126601496982131     
   1.0000000000000000       -1.5126601496982131       -1.5126601496982131     
   1.0000000000000000       -1.5126601496982131       -1.5126601496982131     
   1.0000000000000000       -1.5126601496982131       -1.5126601496982131     
   1.0000000000000000       -1.5126601496982131       -1.5126601496982131     
 
 part:           6
 comp:           0
   1.0483539399546740       0.65651104141873062       0.62623033729154032     
   1.0046341891984623       0.62913240715636620       0.62623033729154032     
   1.0004614978638386       0.62651934125447128       0.62623033729154032     
   1.0000461306627018       0.62625922571200354       0.62623033729154032     
   1.0000046128751212       0.62623322601388332       0.62623033729154032     
   1.0000004612856006       0.62623062616257752       0.62623033729154032     
   1.0000000461285417       0.62623036617863248       0.62623033729154032     
   1.0000000046128545       0.62623034018024981       0.62623033729154032     
   1.0000000004612850       0.62623033758041102       0.62623033729154032     
   1.0000000000461282       0.62623033732042721       0.62623033729154032     
 comp:           1
   7.8779616615234138E-002   0.0000000000000000     
   2.4428517677832075E-002   0.0000000000000000     
   7.7101462682538976E-003   0.0000000000000000     
   2.4376948218199079E-003   0.0000000000000000     
   7.7085200834875966E-004   0.0000000000000000     
   2.4376434118431154E-004   0.0000000000000000     
   7.7085038248112927E-005   0.0000000000000000     
   2.4376429031627948E-005   0.0000000000000000     
   7.7085035570396971E-006   0.0000000000000000     
   2.4376429934760543E-006   0.0000000000000000     
 comp:           2
 -0.27482303519791773       -0.0000000000000000     
  -8.5218990165910016E-002  -0.0000000000000000     
  -2.6896878790492670E-002  -0.0000000000000000     
  -8.5039089881689608E-003  -0.0000000000000000     
  -2.6891205837862673E-003  -0.0000000000000000     
  -8.5037296442413231E-004  -0.0000000000000000     
  -2.6891149119399671E-004  -0.0000000000000000     
  -8.5037278697078103E-005  -0.0000000000000000     
  -2.6891148185277292E-005  -0.0000000000000000     
  -8.5037281847660102E-006  -0.0000000000000000     
 comp:           3
  0.94373115339055935      -0.59099307850030436      -0.62623033729154032     
  0.99461033462553672      -0.62285516532620167      -0.62623033729154032     
  0.99946329683721080      -0.62589423748888140      -0.62623033729154032     
  0.99994635221364825      -0.62619674142019832      -0.62623033729154032     
  0.99999463544656186      -0.62622697784543135      -0.62623033729154032     
  0.99999946354690794      -0.62623000134833950      -0.62623033729154032     
  0.99999994635471401      -0.62623030369723476      -0.62623033729154032     
  0.99999999463547251      -0.62623033393211047      -0.62623033729154032     
  0.99999999946354712      -0.62623033695559727      -0.62623033729154032     
  0.99999999994635447      -0.62623033725794586      -0.62623033729154032     
 
 part:           7
 comp:           0
  0.99953924052198873        131.86307282113489        131.92385798907918     
  0.99985709593609884        131.90500553364703        131.92385798907918     
  0.99995489373628044        131.91790739674983        131.92385798907918     
  0.99998573860477924        131.92197657080135        131.92385798907918     
  0.99999549020959688        131.92326304013048        131.92385798907918     
  0.99999857387901836        131.92366984969732        131.92385798907918     
  0.99999954902075749        131.92379849415764        131.92385798907918     
  0.99999985738781627        131.92383917512970        131.92385798907918     
  0.99999995490206572        131.92385203958571        131.92385798907918     
  0.99999998573877991        131.92385610768400        131.92385798907918     
 comp:           1
  0.99933652248416949        28.326334578187673        28.345140941885660     
  0.99979423167617221        28.339308409745385        28.345140941885660     
  0.99993505207773781        28.343299983875255        28.345140941885660     
  0.99997946528507320        28.344558882496859        28.345140941885660     
  0.99999350644581009        28.344956881176934        28.345140941885660     
  0.99999794655863583        28.345082736800777        28.345140941885660     
  0.99999935064463308        28.345122535816262        28.345140941885660     
  0.99999979465577471        28.345135121374653        28.345140941885660     
  0.99999993506445251        28.345139101278413        28.345140941885660     
  0.99999997946557517        28.345140359834495        28.345140941885660     
 comp:           2
  0.99942507175724160       -114.04616765923511       -114.11177374078994     
  0.99982169400166399       -114.09142692705120       -114.11177374078994     
  0.99994372018052458       -114.10535155076379       -114.11177374078994     
  0.99998220589652742       -114.10974322408056       -114.11177374078994     
  0.99999437309085748       -114.11113164420701       -114.11177374078994     
  0.99999822061576027       -114.11157069209818       -114.11177374078994     
  0.99999943730913088       -114.11170953113680       -114.11177374078994     
  0.99999982206149907       -114.11175343591198       -114.11177374078994     
  0.99999994373090373       -114.11176731982356       -114.11177374078994     
  0.99999998220614794       -114.11177171030192       -114.11177374078994     
 comp:           3
   1.0000000000000000       -59.824412955231992       -59.824412955231992     
   1.0000000000000000       -59.824412955231992       -59.824412955231992     
   1.0000000000000000       -59.824412955231992       -59.824412955231992     
   1.0000000000000000       -59.824412955231992       -59.824412955231992     
   1.0000000000000000       -59.824412955231992       -59.824412955231992     
   1.0000000000000000       -59.824412955231992       -59.824412955231992     
   1.0000000000000000       -59.824412955231992       -59.824412955231992     
   1.0000000000000000       -59.824412955231992       -59.824412955231992     
   1.0000000000000000       -59.824412955231992       -59.824412955231992     
   1.0000000000000000       -59.824412955231992       -59.824412955231992     
 
 part: i_fks+j_fks
 comp:           0
   1.0001003213103163        277.53030008505391        277.50246067458301     
   1.0000096182027709        277.50512974951920        277.50246067458301     
   1.0000009578664302        277.50272648487436        277.50246067458301     
   1.0000000957472817        277.50248724468929        277.50246067458301     
   1.0000000095743349        277.50246333148448        277.50246067458301     
   1.0000000009574297        277.50246094027210        277.50246067458301     
   1.0000000000957432        277.50246070115196        277.50246067458301     
   1.0000000000095748        277.50246067724004        277.50246067458301     
   1.0000000000009577        277.50246067484875        277.50246067458301     
   1.0000000000000957        277.50246067460955        277.50246067458301     
 comp:           1
   7.8779616615234138E-002   0.0000000000000000     
   2.4428517677832075E-002   0.0000000000000000     
   7.7101462682538976E-003   0.0000000000000000     
   2.4376948218199079E-003   0.0000000000000000     
   7.7085200834875966E-004   0.0000000000000000     
   2.4376434118431154E-004   0.0000000000000000     
   7.7085038248112927E-005   0.0000000000000000     
   2.4376429031627948E-005   0.0000000000000000     
   7.7085035570396971E-006   0.0000000000000000     
   2.4376429934760543E-006   0.0000000000000000     
 comp:           2
 -0.27482303519791773        0.0000000000000000     
  -8.5218990165910016E-002   0.0000000000000000     
  -2.6896878790492670E-002   0.0000000000000000     
  -8.5039089881689608E-003   0.0000000000000000     
  -2.6891205837862673E-003   0.0000000000000000     
  -8.5037296442413231E-004   0.0000000000000000     
  -2.6891149119399671E-004   0.0000000000000000     
  -8.5037278697078103E-005   0.0000000000000000     
  -2.6891148185277292E-005   0.0000000000000000     
  -8.5037281847660102E-006   0.0000000000000000     
 comp:           3
  0.99986422263659958       -277.46478212213549       -277.50246067458301     
  0.99998699771207367       -277.49885250768904       -277.50246067458301     
  0.99999870526022216       -277.50210138110873       -277.50246067458301     
  0.99999987058065931       -277.50242476039750       -277.50246067458301     
  0.99999998705861204       -277.50245708331602       -277.50246067458301     
  0.99999999870586687       -277.50246031545788       -277.50246067458301     
  0.99999999987058696       -277.50246063867058       -277.50246067458301     
  0.99999999998705902       -277.50246067099187       -277.50246067458301     
  0.99999999999870604       -277.50246067422393       -277.50246067458301     
  0.99999999999987055       -277.50246067454708       -277.50246067458301     
     
 Collinear #          28
 
 part:           1
 comp:           0
   1.0000000000000000        325.00000000000000        325.00000000000000     
   1.0000000000000000        325.00000000000000        325.00000000000000     
   1.0000000000000000        325.00000000000000        325.00000000000000     
   1.0000000000000000        325.00000000000000        325.00000000000000     
   1.0000000000000000        325.00000000000000        325.00000000000000     
   1.0000000000000000        325.00000000000000        325.00000000000000     
   1.0000000000000000        325.00000000000000        325.00000000000000     
   1.0000000000000000        325.00000000000000        325.00000000000000     
   1.0000000000000000        325.00000000000000        325.00000000000000     
   1.0000000000000000        325.00000000000000        325.00000000000000     
 comp:           1
   0.0000000000000000        0.0000000000000000     
   0.0000000000000000        0.0000000000000000     
   0.0000000000000000        0.0000000000000000     
   0.0000000000000000        0.0000000000000000     
   0.0000000000000000        0.0000000000000000     
   0.0000000000000000        0.0000000000000000     
   0.0000000000000000        0.0000000000000000     
   0.0000000000000000        0.0000000000000000     
   0.0000000000000000        0.0000000000000000     
   0.0000000000000000        0.0000000000000000     
 comp:           2
   0.0000000000000000        0.0000000000000000     
   0.0000000000000000        0.0000000000000000     
   0.0000000000000000        0.0000000000000000     
   0.0000000000000000        0.0000000000000000     
   0.0000000000000000        0.0000000000000000     
   0.0000000000000000        0.0000000000000000     
   0.0000000000000000        0.0000000000000000     
   0.0000000000000000        0.0000000000000000     
   0.0000000000000000        0.0000000000000000     
   0.0000000000000000        0.0000000000000000     
 comp:           3
   1.0000000000000000        325.00000000000000        325.00000000000000     
   1.0000000000000000        325.00000000000000        325.00000000000000     
   1.0000000000000000        325.00000000000000        325.00000000000000     
   1.0000000000000000        325.00000000000000        325.00000000000000     
   1.0000000000000000        325.00000000000000        325.00000000000000     
   1.0000000000000000        325.00000000000000        325.00000000000000     
   1.0000000000000000        325.00000000000000        325.00000000000000     
   1.0000000000000000        325.00000000000000        325.00000000000000     
   1.0000000000000000        325.00000000000000        325.00000000000000     
   1.0000000000000000        325.00000000000000        325.00000000000000     
 
 part:           2
 comp:           0
   1.0000000000000000        325.00000000000000        325.00000000000000     
   1.0000000000000000        325.00000000000000        325.00000000000000     
   1.0000000000000000        325.00000000000000        325.00000000000000     
   1.0000000000000000        325.00000000000000        325.00000000000000     
   1.0000000000000000        325.00000000000000        325.00000000000000     
   1.0000000000000000        325.00000000000000        325.00000000000000     
   1.0000000000000000        325.00000000000000        325.00000000000000     
   1.0000000000000000        325.00000000000000        325.00000000000000     
   1.0000000000000000        325.00000000000000        325.00000000000000     
   1.0000000000000000        325.00000000000000        325.00000000000000     
 comp:           1
  -0.0000000000000000       -0.0000000000000000     
  -0.0000000000000000       -0.0000000000000000     
  -0.0000000000000000       -0.0000000000000000     
  -0.0000000000000000       -0.0000000000000000     
  -0.0000000000000000       -0.0000000000000000     
  -0.0000000000000000       -0.0000000000000000     
  -0.0000000000000000       -0.0000000000000000     
  -0.0000000000000000       -0.0000000000000000     
  -0.0000000000000000       -0.0000000000000000     
  -0.0000000000000000       -0.0000000000000000     
 comp:           2
  -0.0000000000000000       -0.0000000000000000     
  -0.0000000000000000       -0.0000000000000000     
  -0.0000000000000000       -0.0000000000000000     
  -0.0000000000000000       -0.0000000000000000     
  -0.0000000000000000       -0.0000000000000000     
  -0.0000000000000000       -0.0000000000000000     
  -0.0000000000000000       -0.0000000000000000     
  -0.0000000000000000       -0.0000000000000000     
  -0.0000000000000000       -0.0000000000000000     
  -0.0000000000000000       -0.0000000000000000     
 comp:           3
   1.0000000000000000       -325.00000000000000       -325.00000000000000     
   1.0000000000000000       -325.00000000000000       -325.00000000000000     
   1.0000000000000000       -325.00000000000000       -325.00000000000000     
   1.0000000000000000       -325.00000000000000       -325.00000000000000     
   1.0000000000000000       -325.00000000000000       -325.00000000000000     
   1.0000000000000000       -325.00000000000000       -325.00000000000000     
   1.0000000000000000       -325.00000000000000       -325.00000000000000     
   1.0000000000000000       -325.00000000000000       -325.00000000000000     
   1.0000000000000000       -325.00000000000000       -325.00000000000000     
   1.0000000000000000       -325.00000000000000       -325.00000000000000     
 
 part:           3
 comp:           0
  0.99999010098989261        182.32749272493308        182.32929760449295     
  0.99999903711351412        182.32912204207631        182.32929760449295     
  0.99999990397340899        182.32928009603205        182.32929760449295     
  0.99999999039995369        182.32929585412325        182.32929760449295     
  0.99999999904002157        182.32929742946075        182.32929760449295     
  0.99999999990400257        182.32929758698981        182.32929760449295     
  0.99999999999040035        182.32929760274266        182.32929760449295     
  0.99999999999903977        182.32929760431787        182.32929760449295     
  0.99999999999990397        182.32929760447544        182.32929760449295     
  0.99999999999999045        182.32929760449122        182.32929760449295     
 comp:           1
  0.99999759051741899       -151.25564459886800       -151.25600904758707     
  0.99999976562877302       -151.25597359753064       -151.25600904758707     
  0.99999997662667817       -151.25600551223170       -151.25600904758707     
  0.99999999766330383       -151.25600869414774       -151.25600904758707     
  0.99999999976633680       -151.25600901224411       -151.25600904758707     
  0.99999999997663369       -151.25600904405277       -151.25600904758707     
  0.99999999999766342       -151.25600904723365       -151.25600904758707     
  0.99999999999976630       -151.25600904755171       -151.25600904758707     
  0.99999999999997669       -151.25600904758355       -151.25600904758707     
  0.99999999999999778       -151.25600904758673       -151.25600904758707     
 comp:           2
  0.99997296375234990       -101.48887330807329       -101.49161726057196     
  0.99999737017458235       -101.49135035533720       -101.49161726057196     
  0.99999973773335304       -101.49159064270580       -101.49161726057196     
  0.99999997378047278       -101.49161459950973       -101.49161726057196     
  0.99999999737811851       -101.49161699447296       -101.49161726057196     
  0.99999999973781240       -101.49161723396212       -101.49161726057196     
  0.99999999997378142       -101.49161725791099       -101.49161726057196     
  0.99999999999737799       -101.49161726030584       -101.49161726057196     
  0.99999999999973777       -101.49161726054534       -101.49161726057196     
  0.99999999999997380       -101.49161726056930       -101.49161726057196     
 comp:           3
   1.0000731735244102        7.8673658869603829        7.8667902461922727     
   1.0000071176147256        7.8668462389743716        7.8667902461922727     
   1.0000007098239052        7.8667958302280470        7.8667902461922727     
   1.0000000709630730        7.8667908044438830        7.8667902461922727     
   1.0000000070961144        7.8667903020159162        7.8667902461922727     
   1.0000000007096097        7.8667902517746242        7.8667902461922727     
   1.0000000000709603        7.8667902467505035        7.8667902461922727     
   1.0000000000070965        7.8667902462480992        7.8667902461922727     
   1.0000000000007099        7.8667902461978576        7.8667902461922727     
   1.0000000000000708        7.8667902461928305        7.8667902461922727     
 
 part:           4
 comp:           0
   1.0000012930196223        50.351599049490623        50.351533943969223     
   1.0000001257613593        50.351540276246581        50.351533943969223     
   1.0000000125417934        50.351534575467753        50.351533943969223     
   1.0000000012538373        50.351534007101847        50.351533943969223     
   1.0000000001253806        50.351533950282324        50.351533943969223     
   1.0000000000125384        50.351533944600547        50.351533943969223     
   1.0000000000012539        50.351533944032354        50.351533943969223     
   1.0000000000001252        50.351533943975532        50.351533943969223     
   1.0000000000000127        50.351533943969855        50.351533943969223     
   1.0000000000000013        50.351533943969287        50.351533943969223     
 comp:           1
  0.99999791259914139       -48.215684979313203       -48.215785624985514     
  0.99999979695880237       -48.215775835194655       -48.215785624985514     
  0.99999997975116239       -48.215784648671900       -48.215785624985514     
  0.99999999797566730       -48.215785527380724       -48.215785624985514     
  0.99999999979757226       -48.215785615225300       -48.215785624985514     
  0.99999999997975730       -48.215785624009499       -48.215785624985514     
  0.99999999999797573       -48.215785624887914       -48.215785624985514     
  0.99999999999979750       -48.215785624975751       -48.215785624985514     
  0.99999999999997979       -48.215785624984541       -48.215785624985514     
  0.99999999999999789       -48.215785624985415       -48.215785624985514     
 comp:           2
   1.0000614421781402        12.333755818321848        12.332998052058532     
   1.0000059764723130        12.333071759879926        12.332998052058532     
   1.0000005960200153        12.333005402772219        12.332998052058532     
   1.0000000595857781        12.332998786929817        12.332998052058532     
   1.0000000059584158        12.332998125543662        12.332998052058532     
   1.0000000005958400        12.332998059407027        12.332998052058532     
   1.0000000000595834        12.332998052793375        12.332998052058532     
   1.0000000000059586        12.332998052132019        12.332998052058532     
   1.0000000000005962        12.332998052065884        12.332998052058532     
   1.0000000000000595        12.332998052059265        12.332998052058532     
 comp:           3
  0.99997920022487397       -7.6426249568002644       -7.6427839249872411     
  0.99999797680870173       -7.6427684621733096       -7.6427839249872411     
  0.99999979823172502       -7.6427823829159127       -7.6427839249872411     
  0.99999997982866451       -7.6427837708220823       -7.6427839249872411     
  0.99999999798292127       -7.6427839095711443       -7.6427839249872411     
  0.99999999979829257       -7.6427839234456352       -7.6427839249872411     
  0.99999999997982947       -7.6427839248330818       -7.6427839249872411     
  0.99999999999798284       -7.6427839249718241       -7.6427839249872411     
  0.99999999999979827       -7.6427839249856993       -7.6427839249872411     
  0.99999999999997990       -7.6427839249870875       -7.6427839249872411     
 
 part:           5
 comp:           0
  0.99999407431741316        220.75672072090327        220.75802886291081     
  0.99999942359876726        220.75790161771084        220.75802886291081     
  0.99999994251670798        220.75801617301258        220.75802886291081     
  0.99999999425323460        220.75802759426620        220.75802886291081     
  0.99999999942533935        220.75802873604985        220.75802886291081     
  0.99999999994253441        220.75802885022480        220.75802886291081     
  0.99999999999425337        220.75802886164220        220.75802886291081     
  0.99999999999942513        220.75802886278390        220.75802886291081     
  0.99999999999994249        220.75802886289810        220.75802886291081     
  0.99999999999999423        220.75802886290953        220.75802886291081     
 comp:           1
   1.0000025340399197        174.13456605459459        174.13412479177100     
   1.0000002464865216        174.13416771348571        174.13412479177100     
   1.0000000245815490        174.13412907225751        174.13412479177100     
   1.0000000024574858        174.13412521970315        174.13412479177100     
   1.0000000002457419        174.13412483456304        174.13412479177100     
   1.0000000000245741        174.13412479605020        174.13412479177100     
   1.0000000000024574        174.13412479219892        174.13412479177100     
   1.0000000000002458        174.13412479181380        174.13412479177100     
   1.0000000000000246        174.13412479177529        174.13412479177100     
   1.0000000000000024        174.13412479177143        174.13412479177100     
 comp:           2
  0.99996730350191931       -101.60663290040601       -101.60995519011087     
  0.99999681960571507       -101.60963203039009       -101.60995519011087     
  0.99999968282639828       -101.60992296211541       -101.60995519011087     
  0.99999996829127202       -101.60995196818844       -101.60995519011087     
  0.99999999682921348       -101.60995486792739       -101.60995519011087     
  0.99999999968292219       -101.60995515789260       -101.60995519011087     
  0.99999999996829247       -101.60995518688907       -101.60995519011087     
  0.99999999999682898       -101.60995518978866       -101.60995519011087     
  0.99999999999968281       -101.60995519007864       -101.60995519011087     
  0.99999999999996836       -101.60995519010766       -101.60995519011087     
 comp:           3
  0.99998268164777904       -40.243742926031658       -40.244439893416668     
  0.99999831544074558       -40.244372099273008       -40.244439893416668     
  0.99999983200267695       -40.244433132458497       -40.244439893416668     
  0.99999998320483996       -40.244439217504862       -40.244439893416668     
  0.99999999832052977       -40.244439825827328       -40.244439893416668     
  0.99999999983205334       -40.244439886657752       -40.244439893416668     
  0.99999999998320543       -40.244439892740779       -40.244439893416668     
  0.99999999999832045       -40.244439893349075       -40.244439893416668     
  0.99999999999983191       -40.244439893409904       -40.244439893416668     
  0.99999999999998324       -40.244439893415993       -40.244439893416668     
 
 part:           6
 comp:           0
   1.0311671618427904       0.10084046005116507        9.7792544005138690E-002
   1.0030316763126177        9.8089019344349701E-002   9.7792544005138690E-002
   1.0003023426866167        9.7822110865624284E-002   9.7792544005138690E-002
   1.0000302260439007        9.7795499886866949E-002   9.7792544005138690E-002
   1.0000030225221672        9.7792839585270727E-002   9.7792544005138690E-002
   1.0000003022513946        9.7792573563071486E-002   9.7792544005138690E-002
   1.0000000302251313        9.7792546960931176E-002   9.7792544005138690E-002
   1.0000000030225131        9.7792544300717932E-002   9.7792544005138690E-002
   1.0000000003022513        9.7792544034696616E-002   9.7792544005138690E-002
   1.0000000000302252        9.7792544008094479E-002   9.7792544005138690E-002
 comp:           1
  -1.8447148321908919       -2.3254338822202777E-002   1.2605926084838032E-002
  0.12014016995959537        1.5144781023305378E-003   1.2605926084838032E-002
  0.72340709333310971        9.1192163478047081E-003   1.2605926084838032E-002
  0.91268861068956697        1.1505285164826197E-002   1.2605926084838032E-002
  0.97240546139589012        1.2258071370849414E-002   1.2605926084838032E-002
  0.99127417342163948        1.2495928959962104E-002   1.2605926084838032E-002
  0.99724080201234244        1.2571143838952187E-002   1.2605926084838032E-002
  0.99913336884377213        1.2595001396539806E-002   1.2605926084838032E-002
  0.99973870227900496        1.2602632185081033E-002   1.2605926084838032E-002
  0.99999999993024802        1.2605926083958744E-002   1.2605926084838032E-002
 comp:           2
  0.91827031231553902        8.7153626067663026E-002   9.4910643302726111E-002
  0.98990099291528910        9.3952140043597407E-002   9.4910643302726111E-002
  0.99831992790502611        9.4751186579397184E-002   9.4910643302726111E-002
  0.99961945179422329        9.4874525227708145E-002   9.4910643302726111E-002
  0.99989472891585995        9.4900651956409204E-002   9.4910643302726111E-002
  0.99996821275930681        9.4907626355263106E-002   9.4910643302726111E-002
  0.99999009864975541        9.4909703559204833E-002   9.4910643302726111E-002
  0.99999690496740556        9.4910349551191528E-002   9.4910643302726111E-002
  0.99999906821673312        9.4910554866576832E-002   9.4910643302726111E-002
  0.99999999993024813        9.4910643296105920E-002   9.4910643302726111E-002
 comp:           3
   2.2641325799356244        4.5080811609207933E-002   1.9910853281608493E-002
   1.4135653313927110        2.8145291917328556E-002   1.9910853281608493E-002
   1.1322311838777466        2.2543688983051698E-002   1.9910853281608493E-002
   1.0419638484580476        2.0746389311388332E-002   1.9910853281608493E-002
   1.0132848725412071        2.0175366429641337E-002   1.9910853281608493E-002
   1.0042031177210782        1.9994540941878209E-002   1.9910853281608493E-002
   1.0013292931851101        1.9937320643185461E-002   1.9910853281608493E-002
   1.0004175372273496        1.9919166804081859E-002   1.9910853281608493E-002
   1.0001258936150019        1.9913359930905886E-002   1.9910853281608493E-002
  0.99999999993024824        1.9910853280219677E-002   1.9910853281608493E-002
 
 part:           7
 comp:           0
   1.0000000000000000        196.46334704462191        196.46334704462191     
   1.0000000000000000        196.46334704462191        196.46334704462191     
   1.0000000000000000        196.46334704462191        196.46334704462191     
   1.0000000000000000        196.46334704462191        196.46334704462191     
   1.0000000000000000        196.46334704462191        196.46334704462191     
   1.0000000000000000        196.46334704462191        196.46334704462191     
   1.0000000000000000        196.46334704462191        196.46334704462191     
   1.0000000000000000        196.46334704462191        196.46334704462191     
   1.0000000000000000        196.46334704462191        196.46334704462191     
   1.0000000000000000        196.46334704462191        196.46334704462191     
 comp:           1
   1.0013802100462437        25.360017862408775        25.325063954716711     
   1.0004344820783155        25.336067241137233        25.325063954716711     
   1.0001373310483139        25.328541872298231        25.325063954716711     
   1.0000434258308573        25.326163716660460        25.325063954716711     
   1.0000137321200602        25.325411721535467        25.325063954716711     
   1.0000043430624923        25.325173943052086        25.325063954716711     
   1.0000013733970030        25.325098736083650        25.325063954716711     
   1.0000004313750370        25.325074879317111        25.325063954716711     
   1.0000001300644681        25.325067248607681        25.325063954716711     
   1.0000000000000000        25.325063954716711        25.325063954716711     
 comp:           2
   1.0000048932230590        190.67459676408978        190.67366375532154     
   1.0000015457325171        190.67395848580378        190.67366375532154     
   1.0000004891087013        190.67375701546959        190.67366375532154     
   1.0000001547157511        190.67369325554066        190.67366375532154     
   1.0000000489295615        190.67367308490032        190.67366375532154     
   1.0000000154755031        190.67366670609243        190.67366375532154     
   1.0000000048938376        190.67366468844747        190.67366375532154     
   1.0000000015371278        190.67366404841133        190.67366375532154     
   1.0000000004634619        190.67366384369151        190.67366375532154     
   1.0000000000000000        190.67366375532154        190.67366375532154     
 comp:           3
  0.99933497032389762        39.973921184262316        40.000522718930014     
  0.99979066052625742        39.992149030554607        40.000522718930014     
  0.99993383279550341        39.997875996163302        40.000522718930014     
  0.99997907716446022        39.999685794571661        40.000522718930014     
  0.99999338378703273        40.000258066952902        40.000522718930014     
  0.99999790748876638        40.000439017386874        40.000522718930014     
  0.99999933828990073        40.000496250180156        40.000522718930014     
  0.99999979216118340        40.000514405268710        40.000522718930014     
  0.99999993733423942        40.000520212266835        40.000522718930014     
   1.0000000000000000        40.000522718930014        40.000522718930014     
 
 part: i_fks+j_fks
 comp:           0
   1.0000155061984908        196.56418750467307        196.56113958862704     
   1.0000015083110518        196.56143606396626        196.56113958862704     
   1.0000001504206810        196.56116915548753        196.56113958862704     
   1.0000000150379762        196.56114254450878        196.56113958862704     
   1.0000000015037569        196.56113988420719        196.56113958862704     
   1.0000000001503753        196.56113961818500        196.56113958862704     
   1.0000000000150375        196.56113959158284        196.56113958862704     
   1.0000000000015037        196.56113958892263        196.56113958862704     
   1.0000000000001503        196.56113958865660        196.56113958862704     
   1.0000000000000151        196.56113958863000        196.56113958862704     
 comp:           1
  0.99996422886479930        25.336763523586573        25.337669880801549     
  0.99999652053395593        25.337581719239562        25.337669880801549     
  0.99999965300062899        25.337661088646037        25.337669880801549     
  0.99999996530950686        25.337669001825287        25.337669880801549     
  0.99999999653104510        25.337669792906315        25.337669880801549     
  0.99999999965310538        25.337669872012047        25.337669880801549     
  0.99999999996531064        25.337669879922601        25.337669880801549     
  0.99999999999653100        25.337669880713651        25.337669880801549     
  0.99999999999965328        25.337669880792763        25.337669880801549     
  0.99999999999996536        25.337669880800672        25.337669880801549     
 comp:           2
  0.99996422886479952        190.76175039015746        190.76857439862428     
  0.99999652053395593        190.76791062584738        190.76857439862428     
  0.99999965300062921        190.76850820204899        190.76857439862428     
  0.99999996530950686        190.76856778076836        190.76857439862428     
  0.99999999653104521        190.76857373685672        190.76857439862428     
  0.99999999965310538        190.76857433244768        190.76857439862428     
  0.99999999996531086        190.76857439200668        190.76857439862428     
  0.99999999999653100        190.76857439796251        190.76857439862428     
  0.99999999999965306        190.76857439855809        190.76857439862428     
  0.99999999999996525        190.76857439861766        190.76857439862428     
 comp:           3
  0.99996422886479941        40.019001995871527        40.020433572211623     
  0.99999652053395582        40.020294322471933        40.020433572211623     
  0.99999965300062910        40.020419685146351        40.020433572211623     
  0.99999996530950697        40.020432183883052        40.020433572211623     
  0.99999999653104510        40.020433433382543        40.020433572211623     
  0.99999999965310549        40.020433558328754        40.020433572211623     
  0.99999999996531075        40.020433570823343        40.020433572211623     
  0.99999999999653100        40.020433572072790        40.020433572211623     
  0.99999999999965306        40.020433572197739        40.020433572211623     
  0.99999999999996536        40.020433572210237        40.020433572211623     
     
 Collinear #          96
 
 part:           1
 comp:           0
   1.0000000000000000        325.00000000000000        325.00000000000000     
   1.0000000000000000        325.00000000000000        325.00000000000000     
   1.0000000000000000        325.00000000000000        325.00000000000000     
   1.0000000000000000        325.00000000000000        325.00000000000000     
   1.0000000000000000        325.00000000000000        325.00000000000000     
   1.0000000000000000        325.00000000000000        325.00000000000000     
   1.0000000000000000        325.00000000000000        325.00000000000000     
   1.0000000000000000        325.00000000000000        325.00000000000000     
   1.0000000000000000        325.00000000000000        325.00000000000000     
   1.0000000000000000        325.00000000000000        325.00000000000000     
 comp:           1
   0.0000000000000000        0.0000000000000000     
   0.0000000000000000        0.0000000000000000     
   0.0000000000000000        0.0000000000000000     
   0.0000000000000000        0.0000000000000000     
   0.0000000000000000        0.0000000000000000     
   0.0000000000000000        0.0000000000000000     
   0.0000000000000000        0.0000000000000000     
   0.0000000000000000        0.0000000000000000     
   0.0000000000000000        0.0000000000000000     
   0.0000000000000000        0.0000000000000000     
 comp:           2
   0.0000000000000000        0.0000000000000000     
   0.0000000000000000        0.0000000000000000     
   0.0000000000000000        0.0000000000000000     
   0.0000000000000000        0.0000000000000000     
   0.0000000000000000        0.0000000000000000     
   0.0000000000000000        0.0000000000000000     
   0.0000000000000000        0.0000000000000000     
   0.0000000000000000        0.0000000000000000     
   0.0000000000000000        0.0000000000000000     
   0.0000000000000000        0.0000000000000000     
 comp:           3
   1.0000000000000000        325.00000000000000        325.00000000000000     
   1.0000000000000000        325.00000000000000        325.00000000000000     
   1.0000000000000000        325.00000000000000        325.00000000000000     
   1.0000000000000000        325.00000000000000        325.00000000000000     
   1.0000000000000000        325.00000000000000        325.00000000000000     
   1.0000000000000000        325.00000000000000        325.00000000000000     
   1.0000000000000000        325.00000000000000        325.00000000000000     
   1.0000000000000000        325.00000000000000        325.00000000000000     
   1.0000000000000000        325.00000000000000        325.00000000000000     
   1.0000000000000000        325.00000000000000        325.00000000000000     
 
 part:           2
 comp:           0
   1.0000000000000000        325.00000000000000        325.00000000000000     
   1.0000000000000000        325.00000000000000        325.00000000000000     
   1.0000000000000000        325.00000000000000        325.00000000000000     
   1.0000000000000000        325.00000000000000        325.00000000000000     
   1.0000000000000000        325.00000000000000        325.00000000000000     
   1.0000000000000000        325.00000000000000        325.00000000000000     
   1.0000000000000000        325.00000000000000        325.00000000000000     
   1.0000000000000000        325.00000000000000        325.00000000000000     
   1.0000000000000000        325.00000000000000        325.00000000000000     
   1.0000000000000000        325.00000000000000        325.00000000000000     
 comp:           1
  -0.0000000000000000       -0.0000000000000000     
  -0.0000000000000000       -0.0000000000000000     
  -0.0000000000000000       -0.0000000000000000     
  -0.0000000000000000       -0.0000000000000000     
  -0.0000000000000000       -0.0000000000000000     
  -0.0000000000000000       -0.0000000000000000     
  -0.0000000000000000       -0.0000000000000000     
  -0.0000000000000000       -0.0000000000000000     
  -0.0000000000000000       -0.0000000000000000     
  -0.0000000000000000       -0.0000000000000000     
 comp:           2
  -0.0000000000000000       -0.0000000000000000     
  -0.0000000000000000       -0.0000000000000000     
  -0.0000000000000000       -0.0000000000000000     
  -0.0000000000000000       -0.0000000000000000     
  -0.0000000000000000       -0.0000000000000000     
  -0.0000000000000000       -0.0000000000000000     
  -0.0000000000000000       -0.0000000000000000     
  -0.0000000000000000       -0.0000000000000000     
  -0.0000000000000000       -0.0000000000000000     
  -0.0000000000000000       -0.0000000000000000     
 comp:           3
   1.0000000000000000       -325.00000000000000       -325.00000000000000     
   1.0000000000000000       -325.00000000000000       -325.00000000000000     
   1.0000000000000000       -325.00000000000000       -325.00000000000000     
   1.0000000000000000       -325.00000000000000       -325.00000000000000     
   1.0000000000000000       -325.00000000000000       -325.00000000000000     
   1.0000000000000000       -325.00000000000000       -325.00000000000000     
   1.0000000000000000       -325.00000000000000       -325.00000000000000     
   1.0000000000000000       -325.00000000000000       -325.00000000000000     
   1.0000000000000000       -325.00000000000000       -325.00000000000000     
   1.0000000000000000       -325.00000000000000       -325.00000000000000     
 
 part:           3
 comp:           0
  0.99991014836453851        49.114207466072770        49.118620854488157     
  0.99999101636081567        49.118179590521166        49.118620854488157     
  0.99999910165132100        49.118576728839997        49.118620854488157     
  0.99999991016528467        49.118616441930833        49.118620854488157     
  0.99999999101653014        49.118620413232506        49.118620854488157     
  0.99999999910165294        49.118620810362586        49.118620854488157     
  0.99999999991016530        49.118620850075601        49.118620854488157     
  0.99999999999101652        49.118620854046902        49.118620854488157     
  0.99999999999910194        49.118620854444046        49.118620854488157     
  0.99999999999991018        49.118620854483744        49.118620854488157     
 comp:           1
  0.99992645841191508       -47.782182472205648       -47.785696708229317     
  0.99999264736256677       -47.785345357326925       -47.785696708229317     
  0.99999926475146561       -47.785661573865845       -47.785696708229317     
  0.99999992647529867       -47.785693194800238       -47.785696708229317     
  0.99999999264753137       -47.785696356886483       -47.785696708229317     
  0.99999999926475314       -47.785696673095032       -47.785696708229317     
  0.99999999992647537       -47.785696704715889       -47.785696708229317     
  0.99999999999264755       -47.785696707877975       -47.785696708229317     
  0.99999999999926470       -47.785696708194180       -47.785696708229317     
  0.99999999999992639       -47.785696708225800       -47.785696708229317     
 comp:           2
  0.99959690895111719        11.193678255916772        11.198192146934872     
  0.99995969923396777        11.197740851213174        11.198192146934872     
  0.99999597000675844        11.198147018296202        11.198192146934872     
  0.99999959700150975        11.198187634080343        11.198192146934872     
  0.99999995970015920        11.198191695649511        11.198192146934872     
  0.99999999597001599        11.198192101806336        11.198192146934872     
  0.99999999959700159        11.198192142422018        11.198192146934872     
  0.99999999995970013        11.198192146483587        11.198192146934872     
  0.99999999999597000        11.198192146889744        11.198192146934872     
  0.99999999999959688        11.198192146930358        11.198192146934872     
 comp:           3
   1.0027741905947165       0.78246489780376172       0.78030019633802539     
   1.0002773616690233       0.78051662170282088       0.78030019633802539     
   1.0000277355931826       0.78032183842683134       0.78030019633802539     
   1.0000027735535795       0.78030236054242808       0.78030019633802539     
   1.0000002773553009       0.78030041275842121       0.78030019633802539     
   1.0000000277355299       0.78030021798006477       0.78030019633802539     
   1.0000000027735532       0.78030019850222943       0.78030019633802539     
   1.0000000002773552       0.78030019655444582       0.78030019633802539     
   1.0000000000277356       0.78030019635966741       0.78030019633802539     
   1.0000000000027747       0.78030019634019043       0.78030019633802539     
 
 part:           4
 comp:           0
  0.99993805485087761        201.23690528029451        201.24937170263541     
  0.99999380631931556        201.24812522828915        201.24937170263541     
  0.99999938064027205        201.24924705687931        201.24937170263541     
  0.99999993806411069        201.24935923807661        201.24937170263541     
  0.99999999380641214        201.24937045617975        201.24937170263541     
  0.99999999938064110        201.24937157798982        201.24937170263541     
  0.99999999993806410        201.24937169017085        201.24937170263541     
  0.99999999999380640        201.24937170138895        201.24937170263541     
  0.99999999999938083        201.24937170251081        201.24937170263541     
  0.99999999999993805        201.24937170262294        201.24937170263541     
 comp:           1
  0.99977301444618316       -63.420337303978712       -63.434736072677396     
  0.99997730642533689       -63.433296511758094       -63.434736072677396     
  0.99999773069232412       -63.434592119743911       -63.434736072677396     
  0.99999977306973042       -63.434721677415638       -63.434736072677396     
  0.99999997730697798       -63.434734633151535       -63.434736072677396     
  0.99999999773069781       -63.434735928724812       -63.434736072677396     
  0.99999999977306975       -63.434736058282134       -63.434736072677396     
  0.99999999997730704       -63.434736071237872       -63.434736072677396     
  0.99999999999773059       -63.434736072533440       -63.434736072677396     
  0.99999999999977296       -63.434736072662993       -63.434736072677396     
 comp:           2
  0.99987295196392934        145.55340266271796        145.57189728637528     
  0.99998729798419383        145.57004822983501        145.57189728637528     
  0.99999872982628812        145.57171238477815        145.57189728637528     
  0.99999987298290749        145.57187879625613        145.57189728637528     
  0.99999998729829354        145.57189543736376        145.57189728637528     
  0.99999999872982936        145.57189710147412        145.57189728637528     
  0.99999999987298294        145.57189726788516        145.57189728637528     
  0.99999999998729838        145.57189728452627        145.57189728637528     
  0.99999999999872979        145.57189728619036        145.57189728637528     
  0.99999999999987288        145.57189728635677        145.57189728637528     
 comp:           3
   1.0000717369893097        123.64610724298795        123.63723787977588     
   1.0000071721248143        123.63812462147764        123.63723787977588     
   1.0000007171967455        123.63732655200052        123.63723787977588     
   1.0000000717195172        123.63724674697889        123.63723787977588     
   1.0000000071719501        123.63723876649598        123.63723787977588     
   1.0000000007171950        123.63723796844789        123.63723787977588     
   1.0000000000717195        123.63723788864309        123.63723787977588     
   1.0000000000071718        123.63723788066260        123.63723787977588     
   1.0000000000007172        123.63723787986456        123.63723787977588     
   1.0000000000000717        123.63723787978475        123.63723787977588     
 
 part:           5
 comp:           0
  0.99996700740470523        208.74252609438028        208.74941327929062     
  0.99999670085869463        208.74872458547881        208.74941327929062     
  0.99999967008705259        208.74934441015643        208.74941327929062     
  0.99999996700871718        208.74940639237968        208.74941327929062     
  0.99999999670087203        208.74941259059960        208.74941327929062     
  0.99999999967008713        208.74941321042149        208.74941327929062     
  0.99999999996700861        208.74941327240370        208.74941327929062     
  0.99999999999670086        208.74941327860193        208.74941327929062     
  0.99999999999967037        208.74941327922181        208.74941327929062     
  0.99999999999996703        208.74941327928374        208.74941327929062     
 comp:           1
   1.0096485068098400        1.5629046105469988        1.5479690209073529     
   1.0009646263963472        1.5494622326856480        1.5479690209073529     
   1.0000964603975655        1.5481183386145285        1.5479690209073529     
   1.0000096460173309        1.5479839526433563        1.5479690209073529     
   1.0000009646015102        1.5479705140806082        1.5479690209073529     
   1.0000000964601501        1.5479691702246769        1.5479690209073529     
   1.0000000096460155        1.5479690358390861        1.5479690209073529     
   1.0000000009646015        1.5479690224005263        1.5479690209073529     
   1.0000000000964602        1.5479690210566701        1.5479690209073529     
   1.0000000000096498        1.5479690209222905        1.5479690209073529     
 comp:           2
   1.0012065244091988       -15.919523864697771       -15.900339716715003     
   1.0001206243946228       -15.902257685567628       -15.900339716715003     
   1.0000120621590964       -15.900531509142354       -15.900339716715003     
   1.0000012062131054       -15.900358895913149       -15.900339716715003     
   1.0000001206212827       -15.900341634634374       -15.900339716715003     
   1.0000000120621282       -15.900339908506938       -15.900339716715003     
   1.0000000012062129       -15.900339735894198       -15.900339716715003     
   1.0000000001206213       -15.900339718632923       -15.900339716715003     
   1.0000000000120621       -15.900339716906794       -15.900339716715003     
   1.0000000000012066       -15.900339716734189       -15.900339716715003     
 comp:           3
  0.99995207657795415       -191.96445591565154       -191.97365595018732     
  0.99999520877180059       -191.97273616059340       -191.97365595018732     
  0.99999952088831634       -191.97356397336580       -191.97365595018732     
  0.99999995208894299       -191.97364675252655       -191.97365595018732     
  0.99999999520889549       -191.97365503042147       -191.97365595018732     
  0.99999999952088958       -191.97365585821075       -191.97365595018732     
  0.99999999995208888       -191.97365594098966       -191.97365595018732     
  0.99999999999520894       -191.97365594926757       -191.97365595018732     
  0.99999999999952094       -191.97365595009535       -191.97365595018732     
  0.99999999999995204       -191.97365595017811       -191.97365595018732     
 
 part:           6
 comp:           0
   1.0001250434392162        190.09368042474242        190.06991342907574     
   1.0000125029368525        190.07228986120089        190.06991342907574     
   1.0000012502796163        190.07015106961418        190.06991342907574     
   1.0000001250278210        190.06993719310285        190.06991342907574     
   1.0000000125027806        190.06991580547816        190.06991342907574     
   1.0000000012502779        190.06991366671596        190.06991342907574     
   1.0000000001250280        190.06991345283978        190.06991342907574     
   1.0000000000125027        190.06991343145214        190.06991342907574     
   1.0000000000012503        190.06991342931337        190.06991342907574     
   1.0000000000001250        190.06991342909950        190.06991342907574     
 comp:           1
  0.99981016304372494        109.18480309677348        109.20553434302155     
  0.99991101401478466        109.19581658095707        109.20553434302155     
  0.99996912444875508        109.20216256194972        109.20553434302155     
  0.99998996761816072        109.20443875140207        109.20553434302155     
  0.99999680076869535        109.20518496925745        109.20553434302155     
  0.99999898564773193        109.20542357014011        109.20553434302155     
  0.99999967896715136        109.20549928445777        109.20553434302155     
  0.99999989845385462        109.20552325362048        109.20553434302155     
  0.99999996788562573        109.20553083595415        109.20553434302155     
  0.99999998984427441        109.20553323396011        109.20553434302155     
 comp:           2
   1.0013578177125193       -140.46045925489099       -140.26999816684500     
   1.0004116912383445       -140.32774609609288       -140.26999816684500     
   1.0001278040507720       -140.28792524081248       -140.26999816684500     
   1.0000401576171096       -140.27563107572334       -140.26999816684500     
   1.0000126725909850       -140.27177575115925       -140.26999816684500     
   1.0000040047697309       -140.27055991588782       -140.26999816684500     
   1.0000012661532427       -140.27017577015803       -140.26999816684500     
   1.0000004003661775       -140.27005432620800       -140.26999816684500     
   1.0000001266042351       -140.27001592562084       -140.26999816684500     
   1.0000000400355171       -140.27000378262690       -140.26999816684500     
 comp:           3
  0.99558085110071126        66.971228867686207        67.268498378251266     
  0.99854280171013321        67.170474837452574        67.268498378251266     
  0.99953549700624245        67.237251959368990        67.268498378251266     
  0.99985281223960398        67.258597278629765        67.268498378251266     
  0.99995342747042659        67.265365514121186        67.268498378251266     
  0.99998526977619984        67.267507498215451        67.268498378251266     
  0.99999534162676995        67.268185016479194        67.268498378251266     
  0.99999852686636492        67.268399282763724        67.268498378251266     
  0.99999953415158660        67.268467041328023        67.268498378251266     
  0.99999985268549763        67.268488468625904        67.268498378251266     
 
 part:           7
 comp:           0
   1.0000000000000000       0.81268073451007450       0.81268073451007450     
   1.0000000000000000       0.81268073451007450       0.81268073451007450     
   1.0000000000000000       0.81268073451007450       0.81268073451007450     
   1.0000000000000000       0.81268073451007450       0.81268073451007450     
   1.0000000000000000       0.81268073451007450       0.81268073451007450     
   1.0000000000000000       0.81268073451007450       0.81268073451007450     
   1.0000000000000000       0.81268073451007450       0.81268073451007450     
   1.0000000000000000       0.81268073451007450       0.81268073451007450     
   1.0000000000000000       0.81268073451007450       0.81268073451007450     
   1.0000000000000000       0.81268073451007450       0.81268073451007450     
 comp:           1
  0.97404886547447056       0.45481206886384445       0.46692941697776136     
   1.0137786102792998       0.47336305544223861       0.46692941697776136     
   1.0065178503582863       0.46997279304550427       0.46692941697776136     
   1.0022760424894959       0.46799216817039824       0.46692941697776136     
   1.0007412035086327       0.46727550669990908       0.46692941697776136     
   1.0002365335599261       0.46703986145499332       0.46692941697776136     
   1.0000750128865179       0.46696444270112902       0.46692941697776136     
   1.0000237425971026       0.46694050309478397       0.46692941697776136     
   1.0000075102121992       0.46693292371676492       0.46692941697776136     
   1.0000023751525486       0.46693052600635609       0.46692941697776136     
 comp:           2
  0.61208311874956756      -0.36709779904593687      -0.59975154975011513     
  0.89668013298457205      -0.53778529938763642      -0.59975154975011513     
  0.96940583706997629      -0.58140265311952588      -0.59975154975011513     
  0.99053759668895414      -0.59407645869995473      -0.59975154975011513     
  0.99702909891398472      -0.59796974721962315      -0.59975154975011513     
  0.99906266042215663      -0.59918937888566148      -0.59975154975011513     
  0.99970380152372262      -0.59957390425493418      -0.59975154975011513     
  0.99990635525452953      -0.59969538616889329      -0.59975154975011513     
  0.99997038907582603      -0.59973379055245224      -0.59975154975011513     
  0.99999063641589236      -0.59974593392603537      -0.59975154975011513     
 comp:           3
   1.9632010881585513       0.56465490717362299       0.28761949582213175     
   1.3337763452501497       0.38362007996033359       0.28761949582213175     
   1.1079347130436730       0.31866362356945943       0.28761949582213175     
   1.0343539666011567       0.29750036637544680       0.28761949582213175     
   1.0108853581526971       0.29075033704585385       0.28761949582213175     
   1.0034444040114248       0.28861017356730545       0.28761949582213175     
   1.0010894308194764       0.28793283736516267       0.28761949582213175     
   1.0003445297209435       0.28771858928676525       0.28761949582213175     
   1.0001089520057505       0.28765083254309454       0.28761949582213175     
   1.0000344538714880       0.28762940542727827       0.28761949582213175     
 
 part: i_fks+j_fks
 comp:           0
   1.0001245110680250        190.90636115925250        190.88259416358582     
   1.0000124497057239        190.88497059571097        190.88259416358582     
   1.0000012449565634        190.88283180412427        190.88259416358582     
   1.0000001244955163        190.88261792761293        190.88259416358582     
   1.0000000124495501        190.88259653998824        190.88259416358582     
   1.0000000012449548        190.88259440122604        190.88259416358582     
   1.0000000001244955        190.88259418734987        190.88259416358582     
   1.0000000000124496        190.88259416596222        190.88259416358582     
   1.0000000000012450        190.88259416382346        190.88259416358582     
   1.0000000000001246        190.88259416360958        190.88259416358582     
 comp:           1
  0.99970048457711425        109.63961516563732        109.67246375999932     
  0.99997005516710924        109.66917963639931        109.67246375999932     
  0.99999700558378246        109.67213535499522        109.67246375999932     
  0.99999970055904897        109.67243091957246        109.67246375999932     
  0.99999997005591146        109.67246047595735        109.67246375999932     
  0.99999999700559106        109.67246343159511        109.67246375999932     
  0.99999999970055908        109.67246372715890        109.67246375999932     
  0.99999999997005595        109.67246375671527        109.67246375999932     
  0.99999999999700562        109.67246375967092        109.67246375999932     
  0.99999999999970046        109.67246375996646        109.67246375999932     
 comp:           2
  0.99970048457711425       -140.82755705393694       -140.86974971659512     
  0.99997005516710946       -140.86553139548053       -140.86974971659512     
  0.99999700558378257       -140.86932789393202       -140.86974971659512     
  0.99999970055904897       -140.86970753442330       -140.86974971659512     
  0.99999997005591157       -140.86974549837888       -140.86974971659512     
  0.99999999700559095       -140.86974929477347       -140.86974971659512     
  0.99999999970055908       -140.86974967441296       -140.86974971659512     
  0.99999999997005573       -140.86974971237689       -140.86974971659512     
  0.99999999999700551       -140.86974971617329       -140.86974971659512     
  0.99999999999970057       -140.86974971655295       -140.86974971659512     
 comp:           3
  0.99970048457711436        67.535883774859826        67.556117874073394     
  0.99997005516710935        67.554094917412911        67.556117874073394     
  0.99999700558378268        67.555915582938454        67.556117874073394     
  0.99999970055904897        67.556097645005210        67.556117874073394     
  0.99999997005591168        67.556115851167036        67.556117874073394     
  0.99999999700559117        67.556117671782758        67.556117874073394     
  0.99999999970055953        67.556117853844356        67.556117874073394     
  0.99999999997005595        67.556117872050493        67.556117874073394     
  0.99999999999700584        67.556117873871116        67.556117874073394     
  0.99999999999970091        67.556117874053186        67.556117874073394     
     
 Collinear #          99
 
 part:           1
 comp:           0
   1.0000000000000000        325.00000000000000        325.00000000000000     
   1.0000000000000000        325.00000000000000        325.00000000000000     
   1.0000000000000000        325.00000000000000        325.00000000000000     
   1.0000000000000000        325.00000000000000        325.00000000000000     
   1.0000000000000000        325.00000000000000        325.00000000000000     
   1.0000000000000000        325.00000000000000        325.00000000000000     
   1.0000000000000000        325.00000000000000        325.00000000000000     
   1.0000000000000000        325.00000000000000        325.00000000000000     
   1.0000000000000000        325.00000000000000        325.00000000000000     
   1.0000000000000000        325.00000000000000        325.00000000000000     
 comp:           1
   0.0000000000000000        0.0000000000000000     
   0.0000000000000000        0.0000000000000000     
   0.0000000000000000        0.0000000000000000     
   0.0000000000000000        0.0000000000000000     
   0.0000000000000000        0.0000000000000000     
   0.0000000000000000        0.0000000000000000     
   0.0000000000000000        0.0000000000000000     
   0.0000000000000000        0.0000000000000000     
   0.0000000000000000        0.0000000000000000     
   0.0000000000000000        0.0000000000000000     
 comp:           2
   0.0000000000000000        0.0000000000000000     
   0.0000000000000000        0.0000000000000000     
   0.0000000000000000        0.0000000000000000     
   0.0000000000000000        0.0000000000000000     
   0.0000000000000000        0.0000000000000000     
   0.0000000000000000        0.0000000000000000     
   0.0000000000000000        0.0000000000000000     
   0.0000000000000000        0.0000000000000000     
   0.0000000000000000        0.0000000000000000     
   0.0000000000000000        0.0000000000000000     
 comp:           3
   1.0000000000000000        325.00000000000000        325.00000000000000     
   1.0000000000000000        325.00000000000000        325.00000000000000     
   1.0000000000000000        325.00000000000000        325.00000000000000     
   1.0000000000000000        325.00000000000000        325.00000000000000     
   1.0000000000000000        325.00000000000000        325.00000000000000     
   1.0000000000000000        325.00000000000000        325.00000000000000     
   1.0000000000000000        325.00000000000000        325.00000000000000     
   1.0000000000000000        325.00000000000000        325.00000000000000     
   1.0000000000000000        325.00000000000000        325.00000000000000     
   1.0000000000000000        325.00000000000000        325.00000000000000     
 
 part:           2
 comp:           0
   1.0000000000000000        325.00000000000000        325.00000000000000     
   1.0000000000000000        325.00000000000000        325.00000000000000     
   1.0000000000000000        325.00000000000000        325.00000000000000     
   1.0000000000000000        325.00000000000000        325.00000000000000     
   1.0000000000000000        325.00000000000000        325.00000000000000     
   1.0000000000000000        325.00000000000000        325.00000000000000     
   1.0000000000000000        325.00000000000000        325.00000000000000     
   1.0000000000000000        325.00000000000000        325.00000000000000     
   1.0000000000000000        325.00000000000000        325.00000000000000     
   1.0000000000000000        325.00000000000000        325.00000000000000     
 comp:           1
  -0.0000000000000000       -0.0000000000000000     
  -0.0000000000000000       -0.0000000000000000     
  -0.0000000000000000       -0.0000000000000000     
  -0.0000000000000000       -0.0000000000000000     
  -0.0000000000000000       -0.0000000000000000     
  -0.0000000000000000       -0.0000000000000000     
  -0.0000000000000000       -0.0000000000000000     
  -0.0000000000000000       -0.0000000000000000     
  -0.0000000000000000       -0.0000000000000000     
  -0.0000000000000000       -0.0000000000000000     
 comp:           2
  -0.0000000000000000       -0.0000000000000000     
  -0.0000000000000000       -0.0000000000000000     
  -0.0000000000000000       -0.0000000000000000     
  -0.0000000000000000       -0.0000000000000000     
  -0.0000000000000000       -0.0000000000000000     
  -0.0000000000000000       -0.0000000000000000     
  -0.0000000000000000       -0.0000000000000000     
  -0.0000000000000000       -0.0000000000000000     
  -0.0000000000000000       -0.0000000000000000     
  -0.0000000000000000       -0.0000000000000000     
 comp:           3
   1.0000000000000000       -325.00000000000000       -325.00000000000000     
   1.0000000000000000       -325.00000000000000       -325.00000000000000     
   1.0000000000000000       -325.00000000000000       -325.00000000000000     
   1.0000000000000000       -325.00000000000000       -325.00000000000000     
   1.0000000000000000       -325.00000000000000       -325.00000000000000     
   1.0000000000000000       -325.00000000000000       -325.00000000000000     
   1.0000000000000000       -325.00000000000000       -325.00000000000000     
   1.0000000000000000       -325.00000000000000       -325.00000000000000     
   1.0000000000000000       -325.00000000000000       -325.00000000000000     
   1.0000000000000000       -325.00000000000000       -325.00000000000000     
 
 part:           3
 comp:           0
  0.99999353343901365        173.65704183800716        173.65816480912068     
  0.99999935338964918        173.65805251995380        173.65816480912068     
  0.99999993533942255        173.65815358028345        173.65816480912068     
  0.99999999353394697        173.65816368623777        173.65816480912068     
  0.99999999935339468        173.65816469683239        173.65816480912068     
  0.99999999993533950        173.65816479789186        173.65816480912068     
  0.99999999999353395        173.65816480799779        173.65816480912068     
  0.99999999999935341        173.65816480900838        173.65816480912068     
  0.99999999999993539        173.65816480910945        173.65816480912068     
  0.99999999999999367        173.65816480911957        173.65816480912068     
 comp:           1
  0.99996604855614946       -67.045204605974547       -67.047480964759842     
  0.99999660512942634       -67.047253347239675       -67.047480964759842     
  0.99999966051568057       -67.047458203191397       -67.047480964759842     
  0.99999996605159558       -67.047478688604841       -67.047480964759842     
  0.99999999660515970       -67.047480737144355       -67.047480964759842     
  0.99999999966051611       -67.047480941998302       -67.047480964759842     
  0.99999999996605160       -67.047480962483689       -67.047480964759842     
  0.99999999999660494       -67.047480964532213       -67.047480964759842     
  0.99999999999966083       -67.047480964737105       -67.047480964759842     
  0.99999999999996625       -67.047480964757582       -67.047480964759842     
 comp:           2
  0.99998426924254846        37.866175772646379        37.866771445643465     
  0.99999842705112019        37.866711883147737        37.866771445643465     
  0.99999984270638065        37.866765489441931        37.866771445643465     
  0.99999998427065073        37.866770850023791        37.866771445643465     
  0.99999999842706522        37.866771386081503        37.866771445643465     
  0.99999999984270649        37.866771439687270        37.866771445643465     
  0.99999999998427069        37.866771445047846        37.866771445643465     
  0.99999999999842704        37.866771445583900        37.866771445643465     
  0.99999999999984279        37.866771445637511        37.866771445643465     
  0.99999999999998446        37.866771445642875        37.866771445643465     
 comp:           3
  0.99999918121266662       -155.64287237977024       -155.64299981828702     
  0.99999991812787004       -155.64298707546311       -155.64299981828702     
  0.99999999181285304       -155.64299854401492       -155.64299981828702     
  0.99999999918128590       -155.64299969085991       -155.64299981828702     
  0.99999999991812860       -155.64299980554432       -155.64299981828702     
  0.99999999999181288       -155.64299981701276       -155.64299981828702     
  0.99999999999918132       -155.64299981815961       -155.64299981828702     
  0.99999999999991818       -155.64299981827429       -155.64299981828702     
  0.99999999999999178       -155.64299981828574       -155.64299981828702     
  0.99999999999999922       -155.64299981828691       -155.64299981828702     
 
 part:           4
 comp:           0
   1.0000001851041809        130.46880668093968        130.46878253062255     
   1.0000000185005860        130.46878494437146        130.46878253062255     
   1.0000000018499606        130.46878277198465        130.46878253062255     
   1.0000000001849951        130.46878255475863        130.46878253062255     
   1.0000000000184994        130.46878253303615        130.46878253062255     
   1.0000000000018499        130.46878253086390        130.46878253062255     
   1.0000000000001850        130.46878253064668        130.46878253062255     
   1.0000000000000184        130.46878253062496        130.46878253062255     
   1.0000000000000018        130.46878253062278        130.46878253062255     
   1.0000000000000002        130.46878253062258        130.46878253062255     
 comp:           1
   1.0002607337430609        6.5609925103731586        6.5592822841514185     
   1.0000260711935030        6.5594532924690894        6.5592822841514185     
   1.0000026070975441        6.5592993848401528        6.5592822841514185     
   1.0000002607095353        6.5592839942188546        6.5592822841514185     
   1.0000000260709525        6.5592824551581552        6.5592822841514185     
   1.0000000026070950        6.5592823012520904        6.5592822841514185     
   1.0000000002607088        6.5592822858614808        6.5592822841514185     
   1.0000000000260723        6.5592822843224337        6.5592822841514185     
   1.0000000000026048        6.5592822841685043        6.5592822841514185     
   1.0000000000002593        6.5592822841531202        6.5592822841514185     
 comp:           2
   1.0000458081479302       -9.7700755227409228       -9.7696279941765436     
   1.0000045804316491       -9.7696727432898083       -9.7696279941765436     
   1.0000004580393338       -9.7696324690504408       -9.7696279941765436     
   1.0000000458038949       -9.7696284416635581       -9.7696279941765436     
   1.0000000045803892       -9.7696280389252426       -9.7696279941765436     
   1.0000000004580389       -9.7696279986514138       -9.7696279941765436     
   1.0000000000458038       -9.7696279946240292       -9.7696279941765436     
   1.0000000000045806       -9.7696279942212936       -9.7696279941765436     
   1.0000000000004576       -9.7696279941810147       -9.7696279941765436     
   1.0000000000000457       -9.7696279941769895       -9.7696279941765436     
 comp:           3
  0.99999926314743715       -129.93694054543226       -129.93703628987046     
  0.99999992632090673       -129.93702671622745       -129.93703628987046     
  0.99999999263215233       -129.93703533251417       -129.93703628987046     
  0.99999999926321592       -129.93703619413492       -129.93703628987046     
  0.99999999992632149       -129.93703628029689       -129.93703628987046     
  0.99999999999263212       -129.93703628891311       -129.93703628987046     
  0.99999999999926326       -129.93703628977474       -129.93703628987046     
  0.99999999999992628       -129.93703628986088       -129.93703628987046     
  0.99999999999999256       -129.93703628986950       -129.93703628987046     
  0.99999999999999933       -129.93703628987038       -129.93703628987046     
 
 part:           5
 comp:           0
   1.0000013689345295        294.61384850566930        294.61344519915133     
   1.0000001368737288        294.61348552399215        294.61344519915133     
   1.0000000136871756        294.61344923157731        294.61344519915133     
   1.0000000013687156        294.61344560239337        294.61344519915133     
   1.0000000001368716        294.61344523947554        294.61344519915133     
   1.0000000000136871        294.61344520318374        294.61344519915133     
   1.0000000000013687        294.61344519955458        294.61344519915133     
   1.0000000000001368        294.61344519919163        294.61344519915133     
   1.0000000000000138        294.61344519915536        294.61344519915133     
   1.0000000000000013        294.61344519915173        294.61344519915133     
 comp:           1
   1.0003520122173644        10.974756269567617        10.970894380710194     
   1.0000351982587201        10.971280537088996        10.970894380710194     
   1.0000035197962445        10.970932996023032        10.970894380710194     
   1.0000003519793268        10.970898242238212        10.970894380710194     
   1.0000000351979310        10.970894766862978        10.970894380710194     
   1.0000000035197927        10.970894419325468        10.970894380710194     
   1.0000000003519782        10.970894384571709        10.970894380710194     
   1.0000000000351996        10.970894381096365        10.970894380710194     
   1.0000000000035167        10.970894380748776        10.970894380710194     
   1.0000000000003502        10.970894380714036        10.970894380710194     
 comp:           2
   1.0000667503995602       -15.140565240951130       -15.139554669627769     
   1.0000066744780933       -15.139655718253755       -15.139554669627769     
   1.0000006674421913       -15.139564774405311       -15.139554669627769     
   1.0000000667441626       -15.139555680104669       -15.139554669627769     
   1.0000000066744159       -15.139554770675455       -15.139554669627769     
   1.0000000006674414       -15.139554679732536       -15.139554669627769     
   1.0000000000667439       -15.139554670638242       -15.139554669627769     
   1.0000000000066747       -15.139554669728820       -15.139554669627769     
   1.0000000000006670       -15.139554669637866       -15.139554669627769     
   1.0000000000000664       -15.139554669628774       -15.139554669627769     
 comp:           3
   1.0000007644837390        282.80810063709112        282.80788443506219     
   1.0000000764419388        282.80790605344521        282.80788443506219     
   1.0000000076441296        282.80788659688233        282.80788443506219     
   1.0000000007644123        282.80788465124402        282.80788443506219     
   1.0000000000764413        282.80788445668037        282.80788443506219     
   1.0000000000076441        282.80788443722400        282.80788443506219     
   1.0000000000007645        282.80788443527837        282.80788443506219     
   1.0000000000000764        282.80788443508379        282.80788443506219     
   1.0000000000000075        282.80788443506435        282.80788443506219     
   1.0000000000000009        282.80788443506242        282.80788443506219     
 
 part:           6
 comp:           0
   1.0000135918923987        51.171956875582779        51.171261361304452     
   1.0000013591726133        51.171330911881491        51.171261361304452     
   1.0000001359170951        51.171268316353647        51.171261361304452     
   1.0000000135917078        51.171262056809283        51.171261361304452     
   1.0000000013591708        51.171261430854933        51.171261361304452     
   1.0000000001359171        51.171261368259501        51.171261361304452     
   1.0000000000135916        51.171261361999953        51.171261361304452     
   1.0000000000013591        51.171261361374000        51.171261361304452     
   1.0000000000001359        51.171261361311409        51.171261361304452     
   1.0000000000000135        51.171261361305149        51.171261361304452     
 comp:           1
   1.0002092370043991        49.442304060704444        49.431961065249581     
   1.0000647279196981        49.435160693255938        49.431961065249581     
   1.0000202262252327        49.432960887227779        49.431961065249581     
   1.0000063687671894        49.432275885901319        49.431961065249581     
   1.0000020111512491        49.432060480399826        49.431961065249581     
   1.0000006356958326        49.431992488941226        49.431961065249581     
   1.0000002009959670        49.431971000874398        49.431961065249581     
   1.0000000635576325        49.431964207027995        49.431961065249581     
   1.0000000200984005        49.431962058752937        49.431961065249581     
   1.0000000063556442        49.431961379421537        49.431961065249581     
 comp:           2
  0.99713750455200090       -12.898229223146050       -12.935256335525192     
  0.99907077490969143       -12.923236570788649       -12.935256335525192     
  0.99970520560220000       -12.931443094423372       -12.935256335525192     
  0.99990672823079441       -12.934049841281650       -12.935256335525192     
  0.99997050134295418       -12.934874762834751       -12.935256335525192     
  0.99999067139707365       -12.935135667655087       -12.935256335525192     
  0.99999705000739092       -12.935218176614606       -12.935256335525192     
  0.99999906712752862       -12.935244268580647       -12.935256335525192     
  0.99999970499953750       -12.935252519618590       -12.935256335525192     
  0.99999990671262373       -12.935255128829068       -12.935256335525192     
 comp:           3
   1.0003305950594901        2.7682887408169297        2.7673738606908236     
   1.0001039970311898        2.7676616593565280        2.7673738606908236     
   1.0000326720650696        2.7674642765096720        2.7673738606908236     
   1.0000103053671023        2.7674023794943672        2.7673738606908236     
   1.0000032560412615        2.7673828713743003        2.7673738606908236     
   1.0000010293655079        2.7673767093300237        2.7673738606908236     
   1.0000003254852743        2.7673747614302635        2.7673738606908236     
   1.0000001029246091        2.7673741455216962        2.7673738606908236     
   1.0000000325473315        2.7673739507614581        2.7673738606908236     
   1.0000000102923423        2.7673738891735828        2.7673738606908236     
 
 part:           7
 comp:           0
   1.0000000000000000        8.8346099800930014E-002   8.8346099800930014E-002
   1.0000000000000000        8.8346099800930014E-002   8.8346099800930014E-002
   1.0000000000000000        8.8346099800930014E-002   8.8346099800930014E-002
   1.0000000000000000        8.8346099800930014E-002   8.8346099800930014E-002
   1.0000000000000000        8.8346099800930014E-002   8.8346099800930014E-002
   1.0000000000000000        8.8346099800930014E-002   8.8346099800930014E-002
   1.0000000000000000        8.8346099800930014E-002   8.8346099800930014E-002
   1.0000000000000000        8.8346099800930014E-002   8.8346099800930014E-002
   1.0000000000000000        8.8346099800930014E-002   8.8346099800930014E-002
   1.0000000000000000        8.8346099800930014E-002   8.8346099800930014E-002
 comp:           1
  0.78684345169046932        6.7151765329389157E-002   8.5343234648669997E-002
  0.95331310982798811        8.1358824425703302E-002   8.5343234648669997E-002
  0.98736514320431978        8.4264935100403920E-002   8.5343234648669997E-002
  0.99621916835515945        8.5020566246437251E-002   8.5343234648669997E-002
  0.99882591835611467        8.5243034723439193E-002   8.5343234648669997E-002
  0.99963087678503193        8.5311732479520702E-002   8.5343234648669997E-002
  0.99988348844980257        8.5333291176102222E-002   8.5343234648669997E-002
  0.99996317736011930        8.5340092085474273E-002   8.5343234648669997E-002
  0.99998835781377959        8.5342241066839561E-002   8.5343234648669997E-002
  0.99999631863253291        8.5342920468862424E-002   8.5343234648669997E-002
 comp:           2
   2.5660326236839057       -5.7305785808289426E-002  -2.2332446313959486E-002
   1.5290241980426387       -3.4146850815532183E-002  -2.2332446313959486E-002
   1.1698293682434275       -2.6125151562789488E-002  -2.2332446313959486E-002
   1.0539323208489448       -2.3536886973905782E-002  -2.2332446313959486E-002
   1.0170768274437314       -2.2713813646059365E-002  -2.2332446313959486E-002
   1.0054023340110505       -2.2453093648231351E-002  -2.2332446313959486E-002
   1.0017085838454582       -2.2370603170961081E-002  -2.2332446313959486E-002
   1.0005403232148042       -2.2344513053146286E-002  -2.2332446313959486E-002
   1.0001708673565475       -2.2336262200026390E-002  -2.2332446313959486E-002
   1.0000540332239489       -2.2333653008032497E-002  -2.2332446313959486E-002
 comp:           3
  0.71655121729244564        3.4235472943991564E-003   4.7778124044438068E-003
  0.93056790690334112        4.4460788887800929E-003   4.7778124044438068E-003
  0.98015634366934257        4.6830031370776719E-003   4.7778124044438068E-003
  0.99393903619900603        4.7488542564125330E-003   4.7778124044438068E-003
  0.99810486114659580        4.7687577865218687E-003   4.7778124044438068E-003
  0.99940285796020123        4.7749593717988413E-003   4.7778124044438068E-003
  0.99981138255158242        4.7769112256590626E-003   4.7778124044438068E-003
  0.99994037547241776        4.7775275296363150E-003   4.7778124044438068E-003
  0.99998114722383102        4.7777223294159683E-003   4.7778124044438068E-003
  0.99999403844352786        4.7777839212453446E-003   4.7778124044438068E-003
 
 part: i_fks+j_fks
 comp:           0
   1.0000135684667280        51.260302975383709        51.259607461105382     
   1.0000013568300750        51.259677011682420        51.259607461105382     
   1.0000001356828414        51.259614416154577        51.259607461105382     
   1.0000000135682825        51.259608156610213        51.259607461105382     
   1.0000000013568282        51.259607530655863        51.259607461105382     
   1.0000000001356828        51.259607468060430        51.259607461105382     
   1.0000000000135683        51.259607461800883        51.259607461105382     
   1.0000000000013567        51.259607461174930        51.259607461105382     
   1.0000000000001357        51.259607461112338        51.259607461105382     
   1.0000000000000135        51.259607461106079        51.259607461105382     
 comp:           1
  0.99984150038102071        49.509455826033836        49.517304299898250     
  0.99998415135420438        49.516519517681644        49.517304299898250     
  0.99999841514857946        49.517225822328186        49.517304299898250     
  0.99999984151498944        49.517296452147754        49.517304299898250     
  0.99999998415150027        49.517303515123267        49.517304299898250     
  0.99999999841514986        49.517304221420744        49.517304299898250     
  0.99999999984151500        49.517304292050497        49.517304299898250     
  0.99999999998415134        49.517304299113469        49.517304299898250     
  0.99999999999841527        49.517304299819777        49.517304299898250     
  0.99999999999984146        49.517304299890398        49.517304299898250     
 comp:           2
  0.99984150038102071       -12.955535008954339       -12.957588781839151     
  0.99998415135420426       -12.957383421604181       -12.957588781839151     
  0.99999841514857934       -12.957568245986161       -12.957588781839151     
  0.99999984151498944       -12.957586728255556       -12.957588781839151     
  0.99999998415150027       -12.957588576480809       -12.957588781839151     
  0.99999999841515019       -12.957588761303318       -12.957588781839151     
  0.99999999984151500       -12.957588779785567       -12.957588781839151     
  0.99999999998415157       -12.957588781633794       -12.957588781839151     
  0.99999999999841527       -12.957588781818616       -12.957588781839151     
  0.99999999999984179       -12.957588781837101       -12.957588781839151     
 comp:           3
  0.99984150038102060        2.7717122881113290        2.7721516730952676     
  0.99998415135420404        2.7721077382453081        2.7721516730952676     
  0.99999841514857912        2.7721472796467497        2.7721516730952676     
  0.99999984151498922        2.7721512337507797        2.7721516730952676     
  0.99999998415150015        2.7721516291608221        2.7721516730952676     
  0.99999999841514975        2.7721516687018224        2.7721516730952676     
  0.99999999984151478        2.7721516726559225        2.7721516730952676     
  0.99999999998415123        2.7721516730513325        2.7721516730952676     
  0.99999999999841516        2.7721516730908742        2.7721516730952676     
  0.99999999999984157        2.7721516730948284        2.7721516730952676     
