     
 Soft #          56
 
 part:           1
 comp:           0
   1.1103457153015055        306.73300385204089        276.25000000000000     
   1.0100347348923733        279.02209551401813        276.25000000000000     
   1.0009944627256739        276.52472032796743        276.25000000000000     
   1.0000993570541834        276.27744738621817        276.25000000000000     
   1.0000099348141147        276.25274449239919        276.25000000000000     
   1.0000009934724994        276.25027444677795        276.25000000000000     
   1.0000000993471612        276.25002744465326        276.25000000000000     
   1.0000000099347153        276.25000274446506        276.25000000000000     
   1.0000000009934713        276.25000027444645        276.25000000000000     
   1.0000000000993472        276.25000002744468        276.25000000000000     
 comp:           1
   0.0000000000000000        0.0000000000000000     
   0.0000000000000000        0.0000000000000000     
   0.0000000000000000        0.0000000000000000     
   0.0000000000000000        0.0000000000000000     
   0.0000000000000000        0.0000000000000000     
   0.0000000000000000        0.0000000000000000     
   0.0000000000000000        0.0000000000000000     
   0.0000000000000000        0.0000000000000000     
   0.0000000000000000        0.0000000000000000     
   0.0000000000000000        0.0000000000000000     
 comp:           2
   0.0000000000000000        0.0000000000000000     
   0.0000000000000000        0.0000000000000000     
   0.0000000000000000        0.0000000000000000     
   0.0000000000000000        0.0000000000000000     
   0.0000000000000000        0.0000000000000000     
   0.0000000000000000        0.0000000000000000     
   0.0000000000000000        0.0000000000000000     
   0.0000000000000000        0.0000000000000000     
   0.0000000000000000        0.0000000000000000     
   0.0000000000000000        0.0000000000000000     
 comp:           3
   1.1103457153015055        306.73300385204089        276.25000000000000     
   1.0100347348923733        279.02209551401813        276.25000000000000     
   1.0009944627256739        276.52472032796743        276.25000000000000     
   1.0000993570541834        276.27744738621817        276.25000000000000     
   1.0000099348141147        276.25274449239919        276.25000000000000     
   1.0000009934724994        276.25027444677795        276.25000000000000     
   1.0000000993471612        276.25002744465326        276.25000000000000     
   1.0000000099347153        276.25000274446506        276.25000000000000     
   1.0000000009934713        276.25000027444645        276.25000000000000     
   1.0000000000993472        276.25000002744468        276.25000000000000     
 
 part:           2
 comp:           0
   1.0006893310786518        276.44042771047754        276.25000000000000     
   1.0000656167618274        276.26812663045479        276.25000000000000     
   1.0000065317797158        276.25180440414647        276.25000000000000     
   1.0000006528819478        276.25018035863809        276.25000000000000     
   1.0000000652852374        276.25001803504682        276.25000000000000     
   1.0000000065284942        276.25000180349650        276.25000000000000     
   1.0000000006528493        276.25000018034962        276.25000000000000     
   1.0000000000652849        276.25000001803494        276.25000000000000     
   1.0000000000065283        276.25000000180347        276.25000000000000     
   1.0000000000006526        276.25000000018031        276.25000000000000     
 comp:           1
   0.0000000000000000        0.0000000000000000     
   0.0000000000000000        0.0000000000000000     
   0.0000000000000000        0.0000000000000000     
   0.0000000000000000        0.0000000000000000     
   0.0000000000000000        0.0000000000000000     
   0.0000000000000000        0.0000000000000000     
   0.0000000000000000        0.0000000000000000     
   0.0000000000000000        0.0000000000000000     
   0.0000000000000000        0.0000000000000000     
   0.0000000000000000        0.0000000000000000     
 comp:           2
   0.0000000000000000        0.0000000000000000     
   0.0000000000000000        0.0000000000000000     
   0.0000000000000000        0.0000000000000000     
   0.0000000000000000        0.0000000000000000     
   0.0000000000000000        0.0000000000000000     
   0.0000000000000000        0.0000000000000000     
   0.0000000000000000        0.0000000000000000     
   0.0000000000000000        0.0000000000000000     
   0.0000000000000000        0.0000000000000000     
   0.0000000000000000        0.0000000000000000     
 comp:           3
   1.0006893310786518       -276.44042771047754       -276.25000000000000     
   1.0000656167618274       -276.26812663045479       -276.25000000000000     
   1.0000065317797158       -276.25180440414647       -276.25000000000000     
   1.0000006528819478       -276.25018035863809       -276.25000000000000     
   1.0000000652852374       -276.25001803504682       -276.25000000000000     
   1.0000000065284942       -276.25000180349650       -276.25000000000000     
   1.0000000006528493       -276.25000018034962       -276.25000000000000     
   1.0000000000652849       -276.25000001803494       -276.25000000000000     
   1.0000000000065283       -276.25000000180347       -276.25000000000000     
   1.0000000000006526       -276.25000000018031       -276.25000000000000     
 
 part:           3
 comp:           0
  0.99699418385168725        106.09907115631545        106.41894694553076     
  0.99971029873175155        106.38811724163497        106.41894694553076     
  0.99997113130163973        106.41587476905157        106.41894694553076     
  0.99999711413763837        106.41863983509721        106.41894694553076     
  0.99999971142383193        106.41891623555884        106.41894694553076     
  0.99999997114248396        106.41894387454430        106.41894694553076     
  0.99999999711424936        106.41894663843222        106.41894694553076     
  0.99999999971142517        106.41894691482094        106.41894694553076     
  0.99999999997114253        106.41894694245978        106.41894694553076     
  0.99999999999711431        106.41894694522367        106.41894694553076     
 comp:           1
  0.99530485888681608        49.061270927052504        49.292707142939456     
  0.99955171898838902        49.270610158316373        49.292707142939456     
  0.99995536845607569        49.290507133315458        49.292707142939456     
  0.99999553879671543        49.292487238152447        49.292707142939456     
  0.99999955389916828        49.292685153421800        49.292707142939456     
  0.99999995539011177        49.292704943997300        49.292707142939456     
  0.99999999553901309        49.292706923045337        49.292707142939456     
  0.99999999955390140        49.292707120950048        49.292707142939456     
  0.99999999995539024        49.292707140740518        49.292707142939456     
  0.99999999999553901        49.292707142719564        49.292707142939456     
 comp:           2
  0.96693572241714598        25.496021449291003        26.367855544271389     
  0.99684310067669524        26.284614878946680        26.367855544271389     
  0.99968569426952425        26.359567976173469        26.367855544271389     
  0.99996858316710879        26.367027149760055        26.367855544271389     
  0.99999685845401165        26.367772708440583        26.367855544271389     
  0.99999968584677423        26.367847260724513        26.367855544271389     
  0.99999996858469109        26.367854715917062        26.367855544271389     
  0.99999999685846963        26.367855461435969        26.367855544271389     
  0.99999999968584696        26.367855535987847        26.367855544271389     
  0.99999999996858469        26.367855543443035        26.367855544271389     
 comp:           3
   1.0000000000000000        90.536179268359518        90.536179268359518     
   1.0000000000000000        90.536179268359518        90.536179268359518     
   1.0000000000000000        90.536179268359518        90.536179268359518     
   1.0000000000000000        90.536179268359518        90.536179268359518     
   1.0000000000000000        90.536179268359518        90.536179268359518     
   1.0000000000000000        90.536179268359518        90.536179268359518     
   1.0000000000000000        90.536179268359518        90.536179268359518     
   1.0000000000000000        90.536179268359518        90.536179268359518     
   1.0000000000000000        90.536179268359518        90.536179268359518     
   1.0000000000000000        90.536179268359518        90.536179268359518     
 
 part:           4
 comp:           0
  0.99764054234792776        22.650087848662114        22.703656163928112     
  0.99977192659629210        22.698478063790191        22.703656163928112     
  0.99997726626498795        22.703140025025078        22.703656163928112     
  0.99999772735781001        22.703604566641246        22.703656163928112     
  0.99999977274308949        22.703651004365355        22.703656163928112     
  0.99999997727438217        22.703655647973498        22.703656163928112     
  0.99999999772743886        22.703656112332666        22.703656163928112     
  0.99999999977274401        22.703656158768570        22.703656163928112     
  0.99999999997727440        22.703656163412159        22.703656163928112     
  0.99999999999772737        22.703656163876516        22.703656163928112     
 comp:           1
  0.99706716775725945        16.791361074649284        16.840752175621951     
  0.99972006206383301        16.836037810214407        16.840752175621951     
  0.99997212972385607        16.840282819208344        16.840752175621951     
  0.99999721419845100        16.840705260628454        16.840752175621951     
  0.99999972143209681        16.840747484328929        16.840752175621951     
  0.99999997214333214        16.840751706494711        16.840752175621951     
  0.99999999721433441        16.840752128709248        16.840752175621951     
  0.99999999972143350        16.840752170930681        16.840752175621951     
  0.99999999997214328        16.840752175152822        16.840752175621951     
  0.99999999999721423        16.840752175575037        16.840752175621951     
 comp:           2
  0.91377979936700238        1.9718948842866015        2.1579541216084897     
  0.99177030834925672        2.1401948245912013        2.1579541216084897     
  0.99918066203521161        2.1561860278703842        2.1579541216084897     
  0.99991810224772659        2.1577773900164208        2.1579541216084897     
  0.99999181058494946        2.1579364492265278        2.1579541216084897     
  0.99999918106209673        2.1579523543780659        2.1579541216084897     
  0.99999991810624567        2.1579539448855249        2.1579541216084897     
  0.99999999181062560        2.1579541039361954        2.1579541216084897     
  0.99999999918106253        2.1579541198412602        2.1579541216084897     
  0.99999999991810617        2.1579541214317666        2.1579541216084897     
 comp:           3
   1.0000000000000000       -15.072766944996808       -15.072766944996808     
   1.0000000000000000       -15.072766944996808       -15.072766944996808     
   1.0000000000000000       -15.072766944996808       -15.072766944996808     
   1.0000000000000000       -15.072766944996808       -15.072766944996808     
   1.0000000000000000       -15.072766944996808       -15.072766944996808     
   1.0000000000000000       -15.072766944996808       -15.072766944996808     
   1.0000000000000000       -15.072766944996808       -15.072766944996808     
   1.0000000000000000       -15.072766944996808       -15.072766944996808     
   1.0000000000000000       -15.072766944996808       -15.072766944996808     
   1.0000000000000000       -15.072766944996808       -15.072766944996808     
 
 part:           5
 comp:           0
  0.99601022560321850        169.24528105401515        169.92323643215039     
  0.99961648199382214        169.85806781131063        169.92323643215039     
  0.99996179198324953        169.91674400228649        169.92323643215039     
  0.99999618062620521        169.92258743179403        169.92323643215039     
  0.99999961807688975        169.92317153453942        169.92323643215039     
  0.99999996180783168        169.92322994241354        169.92323643215039     
  0.99999999618078461        169.92323578317695        169.92323643215039     
  0.99999999961807873        169.92323636725308        169.92323643215039     
  0.99999999996180788        169.92323642566066        169.92323643215039     
  0.99999999999618072        169.92323643150141        169.92323643215039     
 comp:           1
  0.99585427964013307        88.725179243658204        89.094540293305144     
  0.99960399984054127        89.059258841142096        89.094540293305144     
  0.99996057195210541        89.091027469503317        89.094540293305144     
  0.99999605890227872        89.094189163015415        89.094540293305144     
  0.99999960590728609        89.094505181795967        89.094540293305144     
  0.99999996059089924        89.094536782169428        89.094540293305144     
  0.99999999605909173        89.094539942191730        89.094540293305144     
  0.99999999960590913        89.094540258193803        89.094540293305144     
  0.99999999996059097        89.094540289794011        89.094540293305144     
  0.99999999999605915        89.094540292954036        89.094540293305144     
 comp:           2
  0.97670230862824658        58.331474076977358        59.722879286424970     
  0.99777459917761269        59.589971941745624        59.722879286424970     
  0.99977842632606650        59.709646268643588        59.722879286424970     
  0.99997785222581159        59.721556557580655        59.722879286424970     
  0.99999778531844308        59.722747019265690        59.722879286424970     
  0.99999977853280297        59.722866059766297        59.722879286424970     
  0.99999997785328987        59.722877963759672        59.722879286424970     
  0.99999999778532933        59.722879154158463        59.722879286424970     
  0.99999999977853293        59.722879273198316        59.722879286424970     
  0.99999999997785327        59.722879285102302        59.722879286424970     
 comp:           3
   1.0000000000000000        104.41279090642914        104.41279090642914     
   1.0000000000000000        104.41279090642914        104.41279090642914     
   1.0000000000000000        104.41279090642914        104.41279090642914     
   1.0000000000000000        104.41279090642914        104.41279090642914     
   1.0000000000000000        104.41279090642914        104.41279090642914     
   1.0000000000000000        104.41279090642914        104.41279090642914     
   1.0000000000000000        104.41279090642914        104.41279090642914     
   1.0000000000000000        104.41279090642914        104.41279090642914     
   1.0000000000000000        104.41279090642914        104.41279090642914     
   1.0000000000000000        104.41279090642914        104.41279090642914     
 
 part:           6
 comp:           0
   1.0042268279942099        254.52546759906525        253.45416045839073     
   1.0003999042928737        253.55551786520473        253.45416045839073     
   1.0000397805218226        253.46424299715190        253.45416045839073     
   1.0000039759694372        253.45516818438645        253.45416045839073     
   1.0000003975761327        253.45426122571564        253.45416045839073     
   1.0000000397574054        253.45417053507052        253.45416045839073     
   1.0000000039757384        253.45416146605817        253.45416045839073     
   1.0000000003975740        253.45416055915751        253.45416045839073     
   1.0000000000397573        253.45416046846739        253.45416045839073     
   1.0000000000039757        253.45416045939839        253.45416045839073     
 comp:           1
   1.0035637874777734       -155.78119921308314       -155.22799961186655     
   1.0003391510468163       -155.28064535043009       -155.22799961186655     
   1.0000337559157448       -155.23323947514268       -155.22799961186655     
   1.0000033740116674       -155.22852335294834       -155.22799961186655     
   1.0000003373853796       -155.22805198352413       -155.22799961186655     
   1.0000000337383801       -155.22800484900782       -155.22799961186655     
   1.0000000033738363       -155.22800013558043       -155.22799961186655     
   1.0000000003373837       -155.22799966423796       -155.22799961186655     
   1.0000000000337383       -155.22799961710368       -155.22799961186655     
   1.0000000000033740       -155.22799961239028       -155.22799961186655     
 comp:           2
   1.0236143570539831       -90.332625002770470       -88.248688952304846     
   1.0022472815690326       -88.447008604478654       -88.248688952304846     
   1.0002236733396854       -88.268427831285678       -88.248688952304846     
   1.0000223568651934       -88.250661916347241       -88.248688952304846     
   1.0000022355819105       -88.248886239477486       -88.248688952304846     
   1.0000002235571450       -88.248708680929809       -88.248688952304846     
   1.0000000223557040       -88.248690925166414       -88.248688952304846     
   1.0000000022355706       -88.248689149591016       -88.248688952304846     
   1.0000000002235570       -88.248688972033463       -88.248688952304846     
   1.0000000000223557       -88.248688954277711       -88.248688952304846     
 comp:           3
   1.0000000000000000       -179.87620322979186       -179.87620322979186     
   1.0000000000000000       -179.87620322979186       -179.87620322979186     
   1.0000000000000000       -179.87620322979186       -179.87620322979186     
   1.0000000000000000       -179.87620322979186       -179.87620322979186     
   1.0000000000000000       -179.87620322979186       -179.87620322979186     
   1.0000000000000000       -179.87620322979186       -179.87620322979186     
   1.0000000000000000       -179.87620322979186       -179.87620322979186     
   1.0000000000000000       -179.87620322979186       -179.87620322979186     
   1.0000000000000000       -179.87620322979186       -179.87620322979186     
   1.0000000000000000       -179.87620322979186       -179.87620322979186     
 
 part:           7
 comp:           0
   30.653523904460581        0.0000000000000000     
   2.7900411625324502        0.0000000000000000     
  0.27652293859884453        0.0000000000000000     
   2.7627726937367703E-002   0.0000000000000000     
   2.7625272669274726E-003   0.0000000000000000     
   2.7625027266682886E-004   0.0000000000000000     
   2.7625002726665848E-005   0.0000000000000000     
   2.7625000272666561E-006   0.0000000000000000     
   2.7625000027266658E-007   0.0000000000000000     
   2.7625000002726673E-008   0.0000000000000000     
 comp:           1
   1.2033879677231423        0.0000000000000000     
  0.11473854075722986        0.0000000000000000     
   1.1422053115567710E-002   0.0000000000000000     
   1.1416911520386831E-003   0.0000000000000000     
   1.1416397742670378E-004   0.0000000000000000     
   1.1416346368713573E-005   0.0000000000000000     
   1.1416341231356038E-006   0.0000000000000000     
   1.1416340717620664E-007   0.0000000000000000     
   1.1416340666247132E-008   0.0000000000000000     
   1.1416340661109779E-009   0.0000000000000000     
 comp:           2
   4.5332345922155133        0.0000000000000000     
  0.43222695919514903        0.0000000000000000     
   4.3027558598231749E-002   0.0000000000000000     
   4.3008189901054868E-003   0.0000000000000000     
   4.3006254469606824E-004   0.0000000000000000     
   4.3006060940832744E-005   0.0000000000000000     
   4.3006041588099041E-006   0.0000000000000000     
   4.3006039652827098E-007   0.0000000000000000     
   4.3006039459299920E-008   0.0000000000000000     
   4.3006039439947211E-009   0.0000000000000000     
 comp:           3
   30.292576141563401        0.0000000000000000     
   2.7539688835633638        0.0000000000000000     
  0.27291592382094748        0.0000000000000000     
   2.7267027580091259E-002   0.0000000000000000     
   2.7264573523943900E-003   0.0000000000000000     
   2.7264328142545562E-004   0.0000000000000000     
   2.7264303604647873E-005   0.0000000000000000     
   2.7264301150860517E-006   0.0000000000000000     
   2.7264300905481806E-007   0.0000000000000000     
   2.7264300880943943E-008   0.0000000000000000     
 
 part: i_fks reduced
 comp:           0
   1.0540925533894596        291.19306787383823        276.25000000000000     
   1.0050378152592121        277.64169646535731        276.25000000000000     
   1.0005003753127737        276.38822868015376        276.25000000000000     
   1.0000500037503124        276.26381353602380        276.25000000000000     
   1.0000050000375003        276.25138126035944        276.25000000000000     
   1.0000005000003749        276.25013812510355        276.25000000000000     
   1.0000000500000037        276.25001381250104        276.25000000000000     
   1.0000000050000000        276.25000138125000        276.25000000000000     
   1.0000000004999998        276.25000013812496        276.25000000000000     
   1.0000000000500000        276.25000001381250        276.25000000000000     
 comp:           1
   1.0540925533894596        12.033879677231424        11.416340660538960     
   1.0050378152592121        11.473854075722986        11.416340660538960     
   1.0005003753127739        11.422053115567710        11.416340660538960     
   1.0000500037503124        11.416911520386831        11.416340660538960     
   1.0000050000375003        11.416397742670378        11.416340660538960     
   1.0000005000003747        11.416346368713569        11.416340660538960     
   1.0000000500000037        11.416341231356036        11.416340660538960     
   1.0000000050000000        11.416340717620663        11.416340660538960     
   1.0000000004999998        11.416340666247129        11.416340660538960     
   1.0000000000500000        11.416340661109777        11.416340660538960     
 comp:           2
   1.0540925533894598        45.332345922155135        43.006039437796893     
   1.0050378152592121        43.222695919514905        43.006039437796893     
   1.0005003753127737        43.027558598231742        43.006039437796893     
   1.0000500037503124        43.008189901054870        43.006039437796893     
   1.0000050000375003        43.006254469606823        43.006039437796893     
   1.0000005000003749        43.006060940832732        43.006039437796893     
   1.0000000500000039        43.006041588099031        43.006039437796893     
   1.0000000050000000        43.006039652827091        43.006039437796893     
   1.0000000004999998        43.006039459299906        43.006039437796893     
   1.0000000000500000        43.006039439947195        43.006039437796893     
 comp:           3
   1.1110710770421881        302.92576141563399        272.64300878217506     
   1.0101006792232163        275.39688835633638        272.64300878217506     
   1.0010009977515706        272.91592382094746        272.64300878217506     
   1.0001000099685640        272.67027580091258        272.64300878217506     
   1.0000100000996766        272.64573523943898        272.64300878217506     
   1.0000010000009967        272.64328142545560        272.64300878217506     
   1.0000001000000101        272.64303604647870        272.64300878217506     
   1.0000000099999999        272.64301150860513        272.64300878217506     
   1.0000000009999996        272.64300905481798        272.64300878217506     
   1.0000000001000000        272.64300880943938        272.64300878217506     
 
 part: i_fks full/reduced
 comp:           0
  0.10526872816128119        30.653523904460581        291.19306787383823     
   1.0049071151964298E-002   2.7900411625324502        277.64169646535731     
   1.0004873938348751E-003  0.27652293859884453        276.38822868015376     
   1.0000487064790752E-004   2.7627726937367703E-002   276.26381353602380     
   1.0000048703191336E-005   2.7625272669274726E-003   276.25138126035944     
   1.0000004870286265E-006   2.7625027266682886E-004   276.25013812510355     
   1.0000000487028299E-007   2.7625002726665848E-005   276.25001381250104     
   1.0000000048702828E-008   2.7625000272666561E-006   276.25000138125000     
   1.0000000004870285E-009   2.7625000027266658E-007   276.25000013812496     
   1.0000000000487031E-010   2.7625000002726673E-008   276.25000001381250     
 comp:           1
   9.9999999999999992E-002   1.2033879677231423        12.033879677231424     
   1.0000000000000000E-002  0.11473854075722986        11.473854075722986     
   1.0000000000000000E-003   1.1422053115567710E-002   11.422053115567710     
   9.9999999999999991E-005   1.1416911520386831E-003   11.416911520386831     
   9.9999999999999991E-006   1.1416397742670378E-004   11.416397742670378     
   1.0000000000000004E-006   1.1416346368713573E-005   11.416346368713569     
   1.0000000000000002E-007   1.1416341231356038E-006   11.416341231356036     
   1.0000000000000002E-008   1.1416340717620664E-007   11.416340717620663     
   1.0000000000000003E-009   1.1416340666247132E-008   11.416340666247129     
   1.0000000000000003E-010   1.1416340661109779E-009   11.416340661109777     
 comp:           2
   9.9999999999999992E-002   4.5332345922155133        45.332345922155135     
   1.0000000000000000E-002  0.43222695919514903        43.222695919514905     
   1.0000000000000002E-003   4.3027558598231749E-002   43.027558598231742     
   9.9999999999999991E-005   4.3008189901054868E-003   43.008189901054870     
   1.0000000000000001E-005   4.3006254469606824E-004   43.006254469606823     
   1.0000000000000004E-006   4.3006060940832744E-005   43.006060940832732     
   1.0000000000000002E-007   4.3006041588099041E-006   43.006041588099031     
   1.0000000000000002E-008   4.3006039652827098E-007   43.006039652827091     
   1.0000000000000003E-009   4.3006039459299920E-008   43.006039459299906     
   1.0000000000000004E-010   4.3006039439947211E-009   43.006039439947195     
 comp:           3
  0.10000000000000001        30.292576141563401        302.92576141563399     
   1.0000000000000000E-002   2.7539688835633638        275.39688835633638     
   1.0000000000000000E-003  0.27291592382094748        272.91592382094746     
   1.0000000000000000E-004   2.7267027580091259E-002   272.67027580091258     
   1.0000000000000001E-005   2.7264573523943900E-003   272.64573523943898     
   1.0000000000000002E-006   2.7264328142545562E-004   272.64328142545560     
   1.0000000000000001E-007   2.7264303604647873E-005   272.64303604647870     
   1.0000000000000002E-008   2.7264301150860517E-006   272.64301150860513     
   1.0000000000000003E-009   2.7264300905481806E-007   272.64300905481798     
   1.0000000000000002E-010   2.7264300880943943E-008   272.64300880943938     
     
 Soft #          78
 
 part:           1
 comp:           0
   1.1110493531770735        306.92738381516659        276.25000000000000     
   1.0100956642230081        279.03892724160602        276.25000000000000     
   1.0010004736263873        276.52638083928952        276.25000000000000     
   1.0000999573347191        276.27761321371617        276.25000000000000     
   1.0000099948340837        276.25276107291563        276.25000000000000     
   1.0000009994744155        276.25027610480726        276.25000000000000     
   1.0000000999473517        276.25002761045590        276.25000000000000     
   1.0000000099947342        276.25000276104532        276.25000000000000     
   1.0000000009994732        276.25000027610446        276.25000000000000     
   1.0000000000999474        276.25000002761044        276.25000000000000     
 comp:           1
   0.0000000000000000        0.0000000000000000     
   0.0000000000000000        0.0000000000000000     
   0.0000000000000000        0.0000000000000000     
   0.0000000000000000        0.0000000000000000     
   0.0000000000000000        0.0000000000000000     
   0.0000000000000000        0.0000000000000000     
   0.0000000000000000        0.0000000000000000     
   0.0000000000000000        0.0000000000000000     
   0.0000000000000000        0.0000000000000000     
   0.0000000000000000        0.0000000000000000     
 comp:           2
   0.0000000000000000        0.0000000000000000     
   0.0000000000000000        0.0000000000000000     
   0.0000000000000000        0.0000000000000000     
   0.0000000000000000        0.0000000000000000     
   0.0000000000000000        0.0000000000000000     
   0.0000000000000000        0.0000000000000000     
   0.0000000000000000        0.0000000000000000     
   0.0000000000000000        0.0000000000000000     
   0.0000000000000000        0.0000000000000000     
   0.0000000000000000        0.0000000000000000     
 comp:           3
   1.1110493531770735        306.92738381516659        276.25000000000000     
   1.0100956642230081        279.03892724160602        276.25000000000000     
   1.0010004736263873        276.52638083928952        276.25000000000000     
   1.0000999573347191        276.27761321371617        276.25000000000000     
   1.0000099948340837        276.25276107291563        276.25000000000000     
   1.0000009994744155        276.25027610480726        276.25000000000000     
   1.0000000999473517        276.25002761045590        276.25000000000000     
   1.0000000099947342        276.25000276104532        276.25000000000000     
   1.0000000009994732        276.25000027610446        276.25000000000000     
   1.0000000000999474        276.25000002761044        276.25000000000000     
 
 part:           2
 comp:           0
   1.0000555852301793        276.26535541983702        276.25000000000000     
   1.0000052924472316        276.25146203854774        276.25000000000000     
   1.0000005268475167        276.25014554162647        276.25000000000000     
   1.0000000526610167        276.25001454760587        276.25000000000000     
   1.0000000052658644        276.25000145469505        276.25000000000000     
   1.0000000005265841        276.25000014546885        276.25000000000000     
   1.0000000000526585        276.25000001454691        276.25000000000000     
   1.0000000000052658        276.25000000145468        276.25000000000000     
   1.0000000000005262        276.25000000014541        276.25000000000000     
   1.0000000000000526        276.25000000001455        276.25000000000000     
 comp:           1
   0.0000000000000000        0.0000000000000000     
   0.0000000000000000        0.0000000000000000     
   0.0000000000000000        0.0000000000000000     
   0.0000000000000000        0.0000000000000000     
   0.0000000000000000        0.0000000000000000     
   0.0000000000000000        0.0000000000000000     
   0.0000000000000000        0.0000000000000000     
   0.0000000000000000        0.0000000000000000     
   0.0000000000000000        0.0000000000000000     
   0.0000000000000000        0.0000000000000000     
 comp:           2
   0.0000000000000000        0.0000000000000000     
   0.0000000000000000        0.0000000000000000     
   0.0000000000000000        0.0000000000000000     
   0.0000000000000000        0.0000000000000000     
   0.0000000000000000        0.0000000000000000     
   0.0000000000000000        0.0000000000000000     
   0.0000000000000000        0.0000000000000000     
   0.0000000000000000        0.0000000000000000     
   0.0000000000000000        0.0000000000000000     
   0.0000000000000000        0.0000000000000000     
 comp:           3
   1.0000555852301793       -276.26535541983702       -276.25000000000000     
   1.0000052924472316       -276.25146203854774       -276.25000000000000     
   1.0000005268475167       -276.25014554162647       -276.25000000000000     
   1.0000000526610167       -276.25001454760587       -276.25000000000000     
   1.0000000052658644       -276.25000145469505       -276.25000000000000     
   1.0000000005265841       -276.25000014546885       -276.25000000000000     
   1.0000000000526585       -276.25000001454691       -276.25000000000000     
   1.0000000000052658       -276.25000000145468       -276.25000000000000     
   1.0000000000005262       -276.25000000014541       -276.25000000000000     
   1.0000000000000526       -276.25000000001455       -276.25000000000000     
 
 part:           3
 comp:           0
   1.0007765565953728        12.288197225767922        12.278662149693224     
   1.0000737895624299        12.279568186800475        12.278662149693224     
   1.0000073432598040        12.278752315099435        12.278662149693224     
   1.0000007339717283        12.278671161884104        12.278662149693224     
   1.0000000733936332        12.278663050868849        12.278662149693224     
   1.0000000073393280        12.278662239810354        12.278662149693224     
   1.0000000007339325        12.278662158704932        12.278662149693224     
   1.0000000000733935        12.278662150594398        12.278662149693224     
   1.0000000000073392        12.278662149783340        12.278662149693224     
   1.0000000000007339        12.278662149702235        12.278662149693224     
 comp:           1
   1.0001257695798138        11.054578991676935        11.053188836761333     
   1.0000119874642519        11.053321336467382        11.053188836761333     
   1.0000011932948207        11.053202026474324        11.053188836761333     
   1.0000001192753722        11.053190155134546        11.053188836761333     
   1.0000000119269965        11.053188968592677        11.053188836761333     
   1.0000000011926942        11.053188849944407        11.053188836761333     
   1.0000000001192695        11.053188838079640        11.053188836761333     
   1.0000000000119269        11.053188836893163        11.053188836761333     
   1.0000000000011926        11.053188836774515        11.053188836761333     
   1.0000000000001192        11.053188836762651        11.053188836761333     
 comp:           2
   1.0086896304660156       -3.4442705325118363       -3.4145989296237538     
   1.0008282339396115       -3.4174270163474296       -3.4145989296237538     
   1.0000824467334917       -3.4148804521516851       -3.4145989296237538     
   1.0000082409348077       -3.4146270691109271       -3.4145989296237538     
   1.0000008240561233       -3.4146017434449103       -3.4145989296237538     
   1.0000000824052391       -3.4145992110045946       -3.4145989296237538     
   1.0000000082405203       -3.4145989577618252       -3.4145989296237538     
   1.0000000008240522       -3.4145989324375616       -3.4145989296237538     
   1.0000000000824052       -3.4145989299051345       -3.4145989296237538     
   1.0000000000082405       -3.4145989296518917       -3.4145989296237538     
 comp:           3
   1.0000000000000000        3.7115153071239853        3.7115153071239853     
   1.0000000000000000        3.7115153071239853        3.7115153071239853     
   1.0000000000000000        3.7115153071239853        3.7115153071239853     
   1.0000000000000000        3.7115153071239853        3.7115153071239853     
   1.0000000000000000        3.7115153071239853        3.7115153071239853     
   1.0000000000000000        3.7115153071239853        3.7115153071239853     
   1.0000000000000000        3.7115153071239853        3.7115153071239853     
   1.0000000000000000        3.7115153071239853        3.7115153071239853     
   1.0000000000000000        3.7115153071239853        3.7115153071239853     
   1.0000000000000000        3.7115153071239853        3.7115153071239853     
 
 part:           4
 comp:           0
   1.0007167687656191        187.18838442363509        187.05430973694121     
   1.0000680890165339        187.06704608092960        187.05430973694121     
   1.0000067757788376        187.05557717557460        187.05430973694121     
   1.0000006772491767        187.05443641931848        187.05430973694121     
   1.0000000677216332        187.05432240456457        187.05430973694121     
   1.0000000067721306        187.05431100369742        187.05430973694121     
   1.0000000006772127        187.05430986361677        187.05430973694121     
   1.0000000000677214        187.05430974960879        187.05430973694121     
   1.0000000000067721        187.05430973820796        187.05430973694121     
   1.0000000000006772        187.05430973706788        187.05430973694121     
 comp:           1
  0.99985159180925631       -142.67390974923697       -142.69508686890720     
  0.99998585440154542       -142.69306836150690       -142.69508686890720     
  0.99999859186961171       -142.69488593561911       -142.69508686890720     
  0.99999985925077683       -142.69506678468457       -142.69508686890720     
  0.99999998592571526       -142.69508486057592       -142.69508686890720     
  0.99999999859257804       -142.69508666807499       -142.69508686890720     
  0.99999999985925792       -142.69508684882399       -142.69508686890720     
  0.99999999998592570       -142.69508686689886       -142.69508686890720     
  0.99999999999859257       -142.69508686870637       -142.69508686890720     
  0.99999999999985922       -142.69508686888710       -142.69508686890720     
 comp:           2
   1.0072947686350422       -62.415112172263356       -61.963105652618829     
   1.0006953043993987       -62.006188872579507       -61.963105652618829     
   1.0000692144101968       -61.967394392430535       -61.963105652618829     
   1.0000069183042637       -61.963534332236861       -61.963105652618829     
   1.0000006917990822       -61.963148518638455       -61.963105652618829     
   1.0000000691795949       -61.963109939201381       -61.963105652618829     
   1.0000000069179564       -61.963106081276891       -61.963105652618829     
   1.0000000006917957       -61.963105695484643       -61.963105652618829     
   1.0000000000691796       -61.963105656905412       -61.963105652618829     
   1.0000000000069180       -61.963105653047485       -61.963105652618829     
 comp:           3
   1.0000000000000000        103.86529984802897        103.86529984802897     
   1.0000000000000000        103.86529984802897        103.86529984802897     
   1.0000000000000000        103.86529984802897        103.86529984802897     
   1.0000000000000000        103.86529984802897        103.86529984802897     
   1.0000000000000000        103.86529984802897        103.86529984802897     
   1.0000000000000000        103.86529984802897        103.86529984802897     
   1.0000000000000000        103.86529984802897        103.86529984802897     
   1.0000000000000000        103.86529984802897        103.86529984802897     
   1.0000000000000000        103.86529984802897        103.86529984802897     
   1.0000000000000000        103.86529984802897        103.86529984802897     
 
 part:           5
 comp:           0
   1.0008160505573456        177.52509383684395        177.38034250947695     
   1.0000775551639542        177.39409927102253        177.38034250947695     
   1.0000077181199021        177.38171155222869        177.38034250947695     
   1.0000007714408641        177.38047934792164        177.38034250947695     
   1.0000000771403781        177.38035619266364        177.38034250947695     
   1.0000000077140010        177.38034387778907        177.38034250947695     
   1.0000000007713998        177.38034264630809        177.38034250947695     
   1.0000000000771401        177.38034252316010        177.38034250947695     
   1.0000000000077141        177.38034251084525        177.38034250947695     
   1.0000000000007714        177.38034250961377        177.38034250947695     
 comp:           1
   1.0014772717887339        13.614663286207167        13.594580396108320     
   1.0001408005542547        13.596494520562953        13.594580396108320     
   1.0000140159990276        13.594770937733932        13.594580396108320     
   1.0000014009641118        13.594599441627571        13.594580396108320     
   1.0000001400900580        13.594582300573876        13.594580396108320     
   1.0000000140089425        13.594580586554013        13.594580396108320     
   1.0000000014008936        13.594580415152880        13.594580396108320     
   1.0000000001400895        13.594580398012777        13.594580396108320     
   1.0000000000140088        13.594580396298765        13.594580396108320     
   1.0000000000014009        13.594580396127364        13.594580396108320     
 comp:           2
   1.0072563778553398       -59.500985180712995       -59.072334004380366     
   1.0006916141171214       -59.113189264509103       -59.072334004380366     
   1.0000688467658689       -59.076400943528903       -59.072334004380366     
   1.0000068815535741       -59.072740513811567       -59.072334004380366     
   1.0000006881241505       -59.072374653480026       -59.072334004380366     
   1.0000000688121031       -59.072338069271908       -59.072334004380366     
   1.0000000068812072       -59.072334410869338       -59.072334004380366     
   1.0000000006881209       -59.072334045029272       -59.072334004380366     
   1.0000000000688121       -59.072334008445253       -59.072334004380366     
   1.0000000000068812       -59.072334004786853       -59.072334004380366     
 comp:           3
   1.0000000000000000       -146.02128849430650       -146.02128849430650     
   1.0000000000000000       -146.02128849430650       -146.02128849430650     
   1.0000000000000000       -146.02128849430650       -146.02128849430650     
   1.0000000000000000       -146.02128849430650       -146.02128849430650     
   1.0000000000000000       -146.02128849430650       -146.02128849430650     
   1.0000000000000000       -146.02128849430650       -146.02128849430650     
   1.0000000000000000       -146.02128849430650       -146.02128849430650     
   1.0000000000000000       -146.02128849430650       -146.02128849430650     
   1.0000000000000000       -146.02128849430650       -146.02128849430650     
   1.0000000000000000       -146.02128849430650       -146.02128849430650     
 
 part:           6
 comp:           0
  0.99836878644789473        175.49993998005186        175.78668560388860     
  0.99984421768651777        175.75930114732586        175.78668560388860     
  0.99998448971692999        175.78395910263495        175.78668560388860     
  0.99999844964618478        175.78641307232991        175.78668560388860     
  0.99999984497135852        175.78665835191754        175.78668560388860     
  0.99999998449720340        175.78668287870337        175.78668560388860     
  0.99999999844972098        175.78668533137019        175.78668560388860     
  0.99999999984497223        175.78668557663678        175.78668560388860     
  0.99999999998449718        175.78668560116341        175.78668560388860     
  0.99999999999844980        175.78668560361609        175.78668560388860     
 comp:           1
   1.0001683910682500        118.06719574995833        118.04731763603755     
   1.0000160673357008        118.04921434191859        118.04731763603755     
   1.0000015995918679        118.04750646356685        118.04731763603755     
   1.0000001598882977        118.04733651042223        118.04731763603755     
   1.0000000159881213        118.04731952339239        118.04731763603755     
   1.0000000015988051        118.04731782477219        118.04731763603755     
   1.0000000001598803        118.04731765491100        118.04731763603755     
   1.0000000000159881        118.04731763792489        118.04731763603755     
   1.0000000000015987        118.04731763622628        118.04731763603755     
   1.0000000000001599        118.04731763605642        118.04731763603755     
 comp:           2
  0.99659075707554046        124.02575817312280        124.45003858662295     
  0.99967470097361877        124.40955511023762        124.45003858662295     
  0.99996761468815432        124.44600823331412        124.45003858662295     
  0.99999676290403317        124.44963572990497        124.45003858662295     
  0.99999967630474496        124.44999830273598        124.45003858662295     
  0.99999996763061816        124.45003455825213        124.45003858662295     
  0.99999999676306328        124.45003818378605        124.45003858662295     
  0.99999999967630648        124.45003854633929        124.45003858662295     
  0.99999999996763067        124.45003858259459        124.45003858662295     
  0.99999999999676303        124.45003858622012        124.45003858662295     
 comp:           3
   1.0000000000000000        38.444473339153525        38.444473339153525     
   1.0000000000000000        38.444473339153525        38.444473339153525     
   1.0000000000000000        38.444473339153525        38.444473339153525     
   1.0000000000000000        38.444473339153525        38.444473339153525     
   1.0000000000000000        38.444473339153525        38.444473339153525     
   1.0000000000000000        38.444473339153525        38.444473339153525     
   1.0000000000000000        38.444473339153525        38.444473339153525     
   1.0000000000000000        38.444473339153525        38.444473339153525     
   1.0000000000000000        38.444473339153525        38.444473339153525     
   1.0000000000000000        38.444473339153525        38.444473339153525     
 
 part:           7
 comp:           0
   30.691123768704912        0.0000000000000000     
   2.7903745940752436        0.0000000000000000     
  0.27652623537825061        0.0000000000000000     
   2.7627759868070513E-002   0.0000000000000000     
   2.7625275961974537E-003   0.0000000000000000     
   2.7625027595949155E-004   0.0000000000000000     
   2.7625002759592441E-005   0.0000000000000000     
   2.7625000275959224E-006   0.0000000000000000     
   2.7625000027595921E-007   0.0000000000000000     
   2.7625000002759598E-008   0.0000000000000000     
 comp:           1
  -6.2528278605466045E-002  -0.0000000000000000     
  -5.9618374420237433E-003  -0.0000000000000000     
  -5.9349215599018034E-004  -0.0000000000000000     
  -5.9322499768000142E-005  -0.0000000000000000     
  -5.9319830168747262E-006  -0.0000000000000000     
  -5.9319563228643947E-007  -0.0000000000000000     
  -5.9319536534831825E-008  -0.0000000000000000     
  -5.9319533865452595E-009  -0.0000000000000000     
  -5.9319533598514686E-010  -0.0000000000000000     
  -5.9319533571820914E-011  -0.0000000000000000     
 comp:           2
   1.3346097123654026        0.0000000000000000     
  0.12725004319842320        0.0000000000000000     
   1.2667554797005650E-002   0.0000000000000000     
   1.2661852543825874E-003   0.0000000000000000     
   1.2661282741942552E-004   0.0000000000000000     
   1.2661225765985044E-005   0.0000000000000000     
   1.2661220068431599E-006   0.0000000000000000     
   1.2661219498676677E-007   0.0000000000000000     
   1.2661219441701189E-008   0.0000000000000000     
   1.2661219436003641E-009   0.0000000000000000     
 comp:           3
   30.662028395329592        0.0000000000000000     
   2.7874652030583080        0.0000000000000000     
  0.27623529766304905        0.0000000000000000     
   2.7598666110346223E-002   0.0000000000000000     
   2.7596182205629144E-003   0.0000000000000000     
   2.7595933839741647E-004   0.0000000000000000     
   2.7595909003398722E-005   0.0000000000000000     
   2.7595906519766882E-006   0.0000000000000000     
   2.7595906271403726E-007   0.0000000000000000     
   2.7595906246567414E-008   0.0000000000000000     
 
 part: i_fks reduced
 comp:           0
   1.0540925533894596        291.19306787383823        276.25000000000000     
   1.0050378152592121        277.64169646535731        276.25000000000000     
   1.0005003753127737        276.38822868015376        276.25000000000000     
   1.0000500037503124        276.26381353602380        276.25000000000000     
   1.0000050000375003        276.25138126035944        276.25000000000000     
   1.0000005000003749        276.25013812510355        276.25000000000000     
   1.0000000500000037        276.25001381250104        276.25000000000000     
   1.0000000050000000        276.25000138125000        276.25000000000000     
   1.0000000004999998        276.25000013812496        276.25000000000000     
   1.0000000000500000        276.25000001381250        276.25000000000000     
 comp:           1
   1.0540925533894596      -0.62528278605466048      -0.59319533568854921     
   1.0050378152592119      -0.59618374420237430      -0.59319533568854921     
   1.0005003753127737      -0.59349215599018024      -0.59319533568854921     
   1.0000500037503122      -0.59322499768000136      -0.59319533568854921     
   1.0000050000375000      -0.59319830168747256      -0.59319533568854921     
   1.0000005000003747      -0.59319563228643934      -0.59319533568854921     
   1.0000000500000037      -0.59319536534831818      -0.59319533568854921     
   1.0000000050000000      -0.59319533865452589      -0.59319533568854921     
   1.0000000004999998      -0.59319533598514673      -0.59319533568854921     
   1.0000000000500000      -0.59319533571820893      -0.59319533568854921     
 comp:           2
   1.0540925533894596        13.346097123654024        12.661219435370578     
   1.0050378152592119        12.725004319842318        12.661219435370578     
   1.0005003753127737        12.667554797005648        12.661219435370578     
   1.0000500037503124        12.661852543825875        12.661219435370578     
   1.0000050000375003        12.661282741942554        12.661219435370578     
   1.0000005000003749        12.661225765985041        12.661219435370578     
   1.0000000500000037        12.661220068431597        12.661219435370578     
   1.0000000050000000        12.661219498676674        12.661219435370578     
   1.0000000004999998        12.661219441701185        12.661219435370578     
   1.0000000000500000        12.661219436003638        12.661219435370578     
 comp:           3
   1.1111078623196067        306.62028395329588        275.95906243807815     
   1.0101009832513768        278.74652030583081        275.95906243807815     
   1.0010010007373209        276.23529766304904        275.95906243807815     
   1.0001000099983679        275.98666110346221        275.95906243807815     
   1.0000100000999748        275.96182205629145        275.95906243807815     
   1.0000010000009996        275.95933839741645        275.95906243807815     
   1.0000001000000101        275.95909003398720        275.95906243807815     
   1.0000000100000002        275.95906519766879        275.95906243807815     
   1.0000000009999999        275.95906271403720        275.95906243807815     
   1.0000000001000000        275.95906246567404        275.95906243807815     
 
 part: i_fks full/reduced
 comp:           0
  0.10539785164804161        30.691123768704912        291.19306787383823     
   1.0050272093851047E-002   2.7903745940752436        277.64169646535731     
   1.0004993219094600E-003  0.27652623537825061        276.38822868015376     
   1.0000498984811108E-004   2.7627759868070513E-002   276.26381353602380     
   1.0000049895112909E-005   2.7625275961974537E-003   276.25138126035944     
   1.0000004989477613E-006   2.7625027595949155E-004   276.25013812510355     
   1.0000000498947428E-007   2.7625002759592441E-005   276.25001381250104     
   1.0000000049894741E-008   2.7625000275959224E-006   276.25000138125000     
   1.0000000004989475E-009   2.7625000027595921E-007   276.25000013812496     
   1.0000000000498949E-010   2.7625000002759598E-008   276.25000001381250     
 comp:           1
   9.9999999999999992E-002  -6.2528278605466045E-002 -0.62528278605466048     
   1.0000000000000000E-002  -5.9618374420237433E-003 -0.59618374420237430     
   1.0000000000000002E-003  -5.9349215599018034E-004 -0.59349215599018024     
   1.0000000000000000E-004  -5.9322499768000142E-005 -0.59322499768000136     
   1.0000000000000001E-005  -5.9319830168747262E-006 -0.59319830168747256     
   1.0000000000000002E-006  -5.9319563228643947E-007 -0.59319563228643934     
   1.0000000000000001E-007  -5.9319536534831825E-008 -0.59319536534831818     
   1.0000000000000000E-008  -5.9319533865452595E-009 -0.59319533865452589     
   1.0000000000000003E-009  -5.9319533598514686E-010 -0.59319533598514673     
   1.0000000000000003E-010  -5.9319533571820914E-011 -0.59319533571820893     
 comp:           2
  0.10000000000000002        1.3346097123654026        13.346097123654024     
   1.0000000000000002E-002  0.12725004319842320        12.725004319842318     
   1.0000000000000002E-003   1.2667554797005650E-002   12.667554797005648     
   1.0000000000000000E-004   1.2661852543825874E-003   12.661852543825875     
   9.9999999999999991E-006   1.2661282741942552E-004   12.661282741942554     
   1.0000000000000002E-006   1.2661225765985044E-005   12.661225765985041     
   1.0000000000000002E-007   1.2661220068431599E-006   12.661220068431597     
   1.0000000000000002E-008   1.2661219498676677E-007   12.661219498676674     
   1.0000000000000003E-009   1.2661219441701189E-008   12.661219441701185     
   1.0000000000000003E-010   1.2661219436003641E-009   12.661219436003638     
 comp:           3
  0.10000000000000002        30.662028395329592        306.62028395329588     
   1.0000000000000000E-002   2.7874652030583080        278.74652030583081     
   1.0000000000000000E-003  0.27623529766304905        276.23529766304904     
   1.0000000000000000E-004   2.7598666110346223E-002   275.98666110346221     
   9.9999999999999991E-006   2.7596182205629144E-003   275.96182205629145     
   1.0000000000000002E-006   2.7595933839741647E-004   275.95933839741645     
   1.0000000000000001E-007   2.7595909003398722E-005   275.95909003398720     
   1.0000000000000000E-008   2.7595906519766882E-006   275.95906519766879     
   1.0000000000000003E-009   2.7595906271403726E-007   275.95906271403720     
   1.0000000000000004E-010   2.7595906246567414E-008   275.95906246567404     
     
 Collinear #          63
 
 part:           1
 comp:           0
   1.0000387632126055        276.26070833748230        276.25000000000000     
   1.0000037141565572        276.25102603574891        276.25000000000000     
   1.0000003698677886        276.25010217597662        276.25000000000000     
   1.0000000369713706        276.25001021334111        276.25000000000000     
   1.0000000036969832        276.25000102129161        276.25000000000000     
   1.0000000003696967        276.25000010212869        276.25000000000000     
   1.0000000000369695        276.25000001021283        276.25000000000000     
   1.0000000000036966        276.25000000102119        276.25000000000000     
   1.0000000000003695        276.25000000010209        276.25000000000000     
   1.0000000000000369        276.25000000001017        276.25000000000000     
 comp:           1
   0.0000000000000000        0.0000000000000000     
   0.0000000000000000        0.0000000000000000     
   0.0000000000000000        0.0000000000000000     
   0.0000000000000000        0.0000000000000000     
   0.0000000000000000        0.0000000000000000     
   0.0000000000000000        0.0000000000000000     
   0.0000000000000000        0.0000000000000000     
   0.0000000000000000        0.0000000000000000     
   0.0000000000000000        0.0000000000000000     
   0.0000000000000000        0.0000000000000000     
 comp:           2
   0.0000000000000000        0.0000000000000000     
   0.0000000000000000        0.0000000000000000     
   0.0000000000000000        0.0000000000000000     
   0.0000000000000000        0.0000000000000000     
   0.0000000000000000        0.0000000000000000     
   0.0000000000000000        0.0000000000000000     
   0.0000000000000000        0.0000000000000000     
   0.0000000000000000        0.0000000000000000     
   0.0000000000000000        0.0000000000000000     
   0.0000000000000000        0.0000000000000000     
 comp:           3
   1.0000387632126055        276.26070833748230        276.25000000000000     
   1.0000037141565572        276.25102603574891        276.25000000000000     
   1.0000003698677886        276.25010217597662        276.25000000000000     
   1.0000000369713706        276.25001021334111        276.25000000000000     
   1.0000000036969832        276.25000102129161        276.25000000000000     
   1.0000000003696967        276.25000010212869        276.25000000000000     
   1.0000000000369695        276.25000001021283        276.25000000000000     
   1.0000000000036966        276.25000000102119        276.25000000000000     
   1.0000000000003695        276.25000000010209        276.25000000000000     
   1.0000000000000369        276.25000000001017        276.25000000000000     
 
 part:           2
 comp:           0
  0.99999709358279176        276.45352938971700        276.45433288134740     
  0.99999972259465075        276.45425619143663        276.45433288134740     
  0.99999997238527161        276.45432524713607        276.45433288134740     
  0.99999999723977884        276.45433211827230        276.45433288134740     
  0.99999999972399045        276.45433280504335        276.45433288134740     
  0.99999999997239897        276.45433287371696        276.45433288134740     
  0.99999999999723965        276.45433288058427        276.45433288134740     
  0.99999999999972344        276.45433288127094        276.45433288134740     
  0.99999999999997202        276.45433288133967        276.45433288134740     
  0.99999999999999711        276.45433288134660        276.45433288134740     
 comp:           1
   0.0000000000000000        0.0000000000000000     
   0.0000000000000000        0.0000000000000000     
   0.0000000000000000        0.0000000000000000     
   0.0000000000000000        0.0000000000000000     
   0.0000000000000000        0.0000000000000000     
   0.0000000000000000        0.0000000000000000     
   0.0000000000000000        0.0000000000000000     
   0.0000000000000000        0.0000000000000000     
   0.0000000000000000        0.0000000000000000     
   0.0000000000000000        0.0000000000000000     
 comp:           2
   0.0000000000000000        0.0000000000000000     
   0.0000000000000000        0.0000000000000000     
   0.0000000000000000        0.0000000000000000     
   0.0000000000000000        0.0000000000000000     
   0.0000000000000000        0.0000000000000000     
   0.0000000000000000        0.0000000000000000     
   0.0000000000000000        0.0000000000000000     
   0.0000000000000000        0.0000000000000000     
   0.0000000000000000        0.0000000000000000     
   0.0000000000000000        0.0000000000000000     
 comp:           3
  0.99999709358279176       -276.45352938971700       -276.45433288134740     
  0.99999972259465075       -276.45425619143663       -276.45433288134740     
  0.99999997238527161       -276.45432524713607       -276.45433288134740     
  0.99999999723977884       -276.45433211827230       -276.45433288134740     
  0.99999999972399045       -276.45433280504335       -276.45433288134740     
  0.99999999997239897       -276.45433287371696       -276.45433288134740     
  0.99999999999723965       -276.45433288058427       -276.45433288134740     
  0.99999999999972344       -276.45433288127094       -276.45433288134740     
  0.99999999999997202       -276.45433288133967       -276.45433288134740     
  0.99999999999999711       -276.45433288134660       -276.45433288134740     
 
 part:           3
 comp:           0
  0.99989111385949270        36.579651784821706        36.583635235668247     
  0.99996623166338194        36.582399867158898        36.583635235668247     
  0.99998934168284415        36.583245315681189        36.583635235668247     
  0.99999663015981410        36.583511954664083        36.583635235668247     
  0.99999893438040766        36.583596251429782        36.583635235668247     
  0.99999966302184640        36.583622907782392        36.583635235668247     
  0.99999989343814233        36.583631337248114        36.583635235668247     
  0.99999996630217958        36.583634002879478        36.583635235668247     
  0.99999998934381340        36.583634845826204        36.583635235668247     
  0.99999999663021766        36.583635112389359        36.583635235668247     
 comp:           1
   1.0002433629399421        5.7786639064998875        5.7772579360237728     
   1.0000754689914675        5.7776939398536520        5.7772579360237728     
   1.0000238199285614        5.7773955498950897        5.7772579360237728     
   1.0000075311083041        5.7773014451789892        5.7772579360237728     
   1.0000023815027141        5.7772716945792277        5.7772579360237728     
   1.0000007530961159        5.7772622868542847        5.7772579360237728     
   1.0000002381498840        5.7772593118770805        5.7772579360237728     
   1.0000000753096072        5.7772583711067984        5.7772579360237728     
   1.0000000238149886        5.7772580736091053        5.7772579360237728     
   1.0000000075309612        5.7772579795320782        5.7772579360237728     
 comp:           2
  0.99976455210714277        25.557439178920280        25.563458041250236     
  0.99992698553435744        25.561591539021379        25.563458041250236     
  0.99997695478206694        25.562868925788553        25.563458041250236     
  0.99999271383070287        25.563271781567128        25.563458041250236     
  0.99999769595240751        25.563399141826281        25.563458041250236     
  0.99999927139730627        25.563439415645846        25.563458041250236     
  0.99999976959561554        25.563452151317421        25.563458041250236     
  0.99999992713973496        25.563456178689908        25.563458041250236     
  0.99999997695956133        25.563457452256948        25.563458041250236     
  0.99999999271397311        25.563457854994194        25.563458041250236     
 comp:           3
   1.0000000000000000       -25.462473206079466       -25.462473206079466     
   1.0000000000000000       -25.462473206079466       -25.462473206079466     
   1.0000000000000000       -25.462473206079466       -25.462473206079466     
   1.0000000000000000       -25.462473206079466       -25.462473206079466     
   1.0000000000000000       -25.462473206079466       -25.462473206079466     
   1.0000000000000000       -25.462473206079466       -25.462473206079466     
   1.0000000000000000       -25.462473206079466       -25.462473206079466     
   1.0000000000000000       -25.462473206079466       -25.462473206079466     
   1.0000000000000000       -25.462473206079466       -25.462473206079466     
   1.0000000000000000       -25.462473206079466       -25.462473206079466     
 
 part:           4
 comp:           0
   1.0001488744673208        58.969691420297401        58.960913645685658     
   1.0000461624956969        58.963635428608114        58.960913645685658     
   1.0000145695900571        58.961772682026862        58.960913645685658     
   1.0000046063973842        58.961185243084039        58.960913645685658     
   1.0000014566399171        58.960999530506022        58.960913645685658     
   1.0000004606288098        58.960940804781139        58.960913645685658     
   1.0000001456635621        58.960922234142359        58.960913645685658     
   1.0000000460628593        58.960916361593924        58.960913645685658     
   1.0000000145663546        58.960914504531232        58.960913645685658     
   1.0000000046062860        58.960913917276486        58.960913645685658     
 comp:           1
  0.99974368400864611       -8.8393938683353515       -8.8416601272160733     
  0.99992052122025421       -8.8409574028582352       -8.8416601272160733     
  0.99997491516663217       -8.8414383356450870       -8.8416601272160733     
  0.99999206903719950       -8.8415900043385101       -8.8416601272160733     
  0.99999749206130562       -8.8416379528745175       -8.8416601272160733     
  0.99999920692206212       -8.8416531150904927       -8.8416601272160733     
  0.99999974920682277       -8.8416579097880383       -8.8416601272160733     
  0.99999992069223897       -8.8416594260038046       -8.8416601272160733     
  0.99999997492068471       -8.8416599054732909       -8.8416601272160733     
  0.99999999206922374       -8.8416600570948454       -8.8416601272160733     
 comp:           2
   1.0001750889821053       -55.419798612606286       -55.410096915139064     
   1.0000542918082136       -55.413105229493873       -55.410096915139064     
   1.0000171354035208       -55.411046389508826       -55.410096915139064     
   1.0000054176260971       -55.410397106326151       -55.410096915139064     
   1.0000017131683079       -55.410191841961037       -55.410096915139064     
   1.0000005417500801       -55.410126933563511       -55.410096915139064     
   1.0000001713163578       -55.410106407795055       -55.410096915139064     
   1.0000000541749856       -55.410099916980272       -55.410096915139064     
   1.0000000171316341       -55.410097864404570       -55.410096915139064     
   1.0000000054174987       -55.410097215323191       -55.410096915139064     
 comp:           3
   1.0000000000000000       -18.108990694781834       -18.108990694781834     
   1.0000000000000000       -18.108990694781834       -18.108990694781834     
   1.0000000000000000       -18.108990694781834       -18.108990694781834     
   1.0000000000000000       -18.108990694781834       -18.108990694781834     
   1.0000000000000000       -18.108990694781834       -18.108990694781834     
   1.0000000000000000       -18.108990694781834       -18.108990694781834     
   1.0000000000000000       -18.108990694781834       -18.108990694781834     
   1.0000000000000000       -18.108990694781834       -18.108990694781834     
   1.0000000000000000       -18.108990694781834       -18.108990694781834     
   1.0000000000000000       -18.108990694781834       -18.108990694781834     
 
 part:           5
 comp:           0
   1.0000306619610118        213.42159455348954        213.41505082952168     
   1.0000095051332747        213.41707936802266        213.41505082952168     
   1.0000029997300783        213.41569101706884        213.41505082952168     
   1.0000009483867904        213.41525322953677        213.41505082952168     
   1.0000002998975401        213.41511483217045        213.41505082952168     
   1.0000000948354522        213.41507106883452        213.41505082952168     
   1.0000000299895679        213.41505722974685        213.41505082952168     
   1.0000000094835311        213.41505285344996        213.41505082952168     
   1.0000000029989555        213.41505146954393        213.41505082952168     
   1.0000000009483530        213.41505103191449        213.41505082952168     
 comp:           1
  0.99992866958877036       -114.98441576173705       -114.99261823248395     
  0.99997788087593409       -114.99007469649460       -114.99261823248395     
  0.99999301874660018       -114.99181543987696       -114.99261823248395     
  0.99999779275870671       -114.99236441602856       -114.99261823248395     
  0.99999930202260312       -114.99253797023562       -114.99261823248395     
  0.99999977928061212       -114.99259285138365       -114.99261823248395     
  0.99999993020241662       -114.99261020627709       -114.99261823248395     
  0.99999997792806672       -114.99261569437455       -114.99261823248395     
  0.99999999302024201       -114.99261742986330       -114.99261823248395     
  0.99999999779280657       -114.99261797867300       -114.99261823248395     
 comp:           2
   1.0005271237038709       -66.649856603910223       -66.614742394167010     
   1.0001634578352065       -66.625631095751601       -66.614742394167010     
   1.0000515906762109       -66.618179093772738       -66.614742394167010     
   1.0000163112645193       -66.615828964851090       -66.614742394167010     
   1.0000051579743388       -66.615085991298855       -66.614742394167010     
   1.0000016310914130       -66.614851048901315       -66.614742394167010     
   1.0000005157962781       -66.614776753803213       -66.614742394167010     
   1.0000001631091004       -66.614753259637723       -66.614742394167010     
   1.0000000515796255       -66.614745830130474       -66.614742394167010     
   1.0000000163109104       -66.614743480714111       -66.614742394167010     
 comp:           3
   1.0000000000000000       -146.34869939290115       -146.34869939290115     
   1.0000000000000000       -146.34869939290115       -146.34869939290115     
   1.0000000000000000       -146.34869939290115       -146.34869939290115     
   1.0000000000000000       -146.34869939290115       -146.34869939290115     
   1.0000000000000000       -146.34869939290115       -146.34869939290115     
   1.0000000000000000       -146.34869939290115       -146.34869939290115     
   1.0000000000000000       -146.34869939290115       -146.34869939290115     
   1.0000000000000000       -146.34869939290115       -146.34869939290115     
   1.0000000000000000       -146.34869939290115       -146.34869939290115     
   1.0000000000000000       -146.34869939290115       -146.34869939290115     
 
 part:           6
 comp:           0
  0.99995347728210704        243.52907012778624        243.54040028912442     
  0.99998557038359059        243.53688609456805        243.54040028912442     
  0.99999544540308460        243.53929106076848        243.54040028912442     
  0.99999855995614184        243.54004958026678        243.54040028912442     
  0.99999954462390861        243.54028938664885        243.54040028912442     
  0.99999985599741614        243.54036521867749        243.54040028912442     
  0.99999995446236389        243.54038919887029        243.54040028912442     
  0.99999998559973247        243.54039678207749        243.54040028912442     
  0.99999999544623541        243.54039918009877        243.54040028912442     
  0.99999999855997301        243.54039993841968        243.54040028912442     
 comp:           1
   1.0000792833665280        118.06638038169770        118.05702042367625     
   1.0000245859414358        118.05992296666648        118.05702042367625     
   1.0000077598955774        118.05793653382693        118.05702042367625     
   1.0000024534285192        118.05731006813706        118.05702042367625     
   1.0000007758277516        118.05711201558896        118.05702042367625     
   1.0000002453378454        118.05704938753126        118.05702042367625     
   1.0000000775826277        118.05702958285011        118.05702042367625     
   1.0000000245337810        118.05702332006133        118.05702042367625     
   1.0000000077582627        118.05702133959362        118.05702042367625     
   1.0000000024533782        118.05702071331477        118.05702042367625     
 comp:           2
  0.99958460751698808        96.421311935376153        96.461381268055845     
  0.99987118590307800        96.448955682339957        96.461381268055845     
  0.99995934327169733        96.457459463885925        96.461381268055845     
  0.99998714565476821        96.460141320159494        96.461381268055845     
  0.99999593517492724        96.460989169414717        96.461381268055845     
  0.99999871459170819        96.461257275796527        96.461381268055845     
  0.99999959351826539        96.461342058266268        96.461381268055845     
  0.99999987145918934        96.461368868831698        96.461381268055845     
  0.99999995935182717        96.461377347076947        96.461381268055845     
  0.99999998714591842        96.461380028133377        96.461381268055845     
 comp:           3
   1.0000000000000000        189.92016329376247        189.92016329376247     
   1.0000000000000000        189.92016329376247        189.92016329376247     
   1.0000000000000000        189.92016329376247        189.92016329376247     
   1.0000000000000000        189.92016329376247        189.92016329376247     
   1.0000000000000000        189.92016329376247        189.92016329376247     
   1.0000000000000000        189.92016329376247        189.92016329376247     
   1.0000000000000000        189.92016329376247        189.92016329376247     
   1.0000000000000000        189.92016329376247        189.92016329376247     
   1.0000000000000000        189.92016329376247        189.92016329376247     
   1.0000000000000000        189.92016329376247        189.92016329376247     
 
 part:           7
 comp:           0
   1.0484354715289257       0.21422984080429611       0.20433288134737210     
   1.0046423633539863       0.20528146882775355       0.20433288134737210     
   1.0004623153129868       0.20442734756736569       0.20433288134737210     
   1.0000462124077916       0.20434232406181016       0.20433288134737210     
   1.0000046210496314       0.20433382557975813       0.20433288134737210     
   1.0000004621030514       0.20433297577022008       0.20433288134737210     
   1.0000000462102863       0.20433289078965303       0.20433288134737210     
   1.0000000046210284       0.20433288229160015       0.20433288134737210     
   1.0000000004621019       0.20433288144179473       0.20433288134737210     
   1.0000000000462099       0.20433288135681429       0.20433288134737210     
 comp:           1
  -2.1234658125178767E-002  -0.0000000000000000     
  -6.5848071672918842E-003  -0.0000000000000000     
  -2.0783081999646812E-003  -0.0000000000000000     
  -6.5709294896483322E-004  -0.0000000000000000     
  -2.0778705806333959E-004  -0.0000000000000000     
  -6.5707911412118573E-005  -0.0000000000000000     
  -2.0778662052900485E-005  -0.0000000000000000     
  -6.5707897723357296E-006  -0.0000000000000000     
  -2.0778661331835109E-006  -0.0000000000000000     
  -6.5707900158026668E-007  -0.0000000000000000     
 comp:           2
   9.0904102220077512E-002   0.0000000000000000     
   2.8189103884146530E-002   0.0000000000000000     
   8.8970936070968260E-003   0.0000000000000000     
   2.8129694506343035E-003   0.0000000000000000     
   8.8952201890182229E-004   0.0000000000000000     
   2.8129102246258737E-004   0.0000000000000000     
   8.8952014584760806E-005   0.0000000000000000     
   2.8129096386194752E-005   0.0000000000000000     
   8.8952011497929810E-006   0.0000000000000000     
   2.8129097428459862E-006   0.0000000000000000     
 comp:           3
  0.94366139685033334      -0.19282105223471457      -0.20433288134737210     
  0.99460328825995936      -0.20323015568772840      -0.20433288134737210     
  0.99946259169258500      -0.20422307115945798      -0.20433288134737210     
  0.99994628169428679      -0.20432190493118463      -0.20433288134737210     
  0.99999462839457687      -0.20433178375175853      -0.20433288134737210     
  0.99999946284170860      -0.20433277158827068      -0.20433288134737210     
  0.99999994628419364      -0.20433287037146661      -0.20433288134737210     
  0.99999999462841938      -0.20433288024978155      -0.20433288134737210     
  0.99999999946284124      -0.20433288123761290      -0.20433288134737210     
  0.99999999994628364      -0.20433288133639607      -0.20433288134737210     
 
 part: i_fks+j_fks
 comp:           0
   1.0000328689065330        276.66775923052131        276.65866576269480     
   1.0000031515281373        276.65953766026439        276.65866576269480     
   1.0000003138597102        276.65875259470346        276.65866576269480     
   1.0000000313730977        276.65867444233413        276.65866576269480     
   1.0000000031371810        276.65866663062309        276.65866576269480     
   1.0000000003137166        276.65866584948719        276.65866576269480     
   1.0000000000313713        276.65866577137393        276.65866576269480     
   1.0000000000031366        276.65866576356257        276.65866576269480     
   1.0000000000003133        276.65866576278148        276.65866576269480     
   1.0000000000000313        276.65866576270344        276.65866576269480     
 comp:           1
  -2.1234658125178767E-002   0.0000000000000000     
  -6.5848071672918842E-003   0.0000000000000000     
  -2.0783081999646812E-003   0.0000000000000000     
  -6.5709294896483322E-004   0.0000000000000000     
  -2.0778705806333959E-004   0.0000000000000000     
  -6.5707911412118573E-005   0.0000000000000000     
  -2.0778662052900485E-005   0.0000000000000000     
  -6.5707897723357296E-006   0.0000000000000000     
  -2.0778661331835109E-006   0.0000000000000000     
  -6.5707900158026668E-007   0.0000000000000000     
 comp:           2
   9.0904102220077512E-002   0.0000000000000000     
   2.8189103884146530E-002   0.0000000000000000     
   8.8970936070968260E-003   0.0000000000000000     
   2.8129694506343035E-003   0.0000000000000000     
   8.8952201890182229E-004   0.0000000000000000     
   2.8129102246258737E-004   0.0000000000000000     
   8.8952014584760806E-005   0.0000000000000000     
   2.8129096386194752E-005   0.0000000000000000     
   8.8952011497929810E-006   0.0000000000000000     
   2.8129097428459862E-006   0.0000000000000000     
 comp:           3
  0.99995548550518332       -276.64635044195171       -276.65866576269480     
  0.99999573692887156       -276.65748634712435       -276.65866576269480     
  0.99999957548989493       -276.65854831829552       -276.65866576269480     
  0.99999995756687665       -276.65865402320350       -276.65866576269480     
  0.99999999575686627       -276.65866458879509       -276.65866576269480     
  0.99999999957568808       -276.65866564530523       -276.65866576269480     
  0.99999999995756839       -276.65866575095572       -276.65866576269480     
  0.99999999999575639       -276.65866576152075       -276.65866576269480     
  0.99999999999957534       -276.65866576257730       -276.65866576269480     
  0.99999999999995726       -276.65866576268297       -276.65866576269480     
     
 Collinear #          40
 
 part:           1
 comp:           0
   1.0000000000000000        325.00000000000000        325.00000000000000     
   1.0000000000000000        325.00000000000000        325.00000000000000     
   1.0000000000000000        325.00000000000000        325.00000000000000     
   1.0000000000000000        325.00000000000000        325.00000000000000     
   1.0000000000000000        325.00000000000000        325.00000000000000     
   1.0000000000000000        325.00000000000000        325.00000000000000     
   1.0000000000000000        325.00000000000000        325.00000000000000     
   1.0000000000000000        325.00000000000000        325.00000000000000     
   1.0000000000000000        325.00000000000000        325.00000000000000     
   1.0000000000000000        325.00000000000000        325.00000000000000     
 comp:           1
   0.0000000000000000        0.0000000000000000     
   0.0000000000000000        0.0000000000000000     
   0.0000000000000000        0.0000000000000000     
   0.0000000000000000        0.0000000000000000     
   0.0000000000000000        0.0000000000000000     
   0.0000000000000000        0.0000000000000000     
   0.0000000000000000        0.0000000000000000     
   0.0000000000000000        0.0000000000000000     
   0.0000000000000000        0.0000000000000000     
   0.0000000000000000        0.0000000000000000     
 comp:           2
   0.0000000000000000        0.0000000000000000     
   0.0000000000000000        0.0000000000000000     
   0.0000000000000000        0.0000000000000000     
   0.0000000000000000        0.0000000000000000     
   0.0000000000000000        0.0000000000000000     
   0.0000000000000000        0.0000000000000000     
   0.0000000000000000        0.0000000000000000     
   0.0000000000000000        0.0000000000000000     
   0.0000000000000000        0.0000000000000000     
   0.0000000000000000        0.0000000000000000     
 comp:           3
   1.0000000000000000        325.00000000000000        325.00000000000000     
   1.0000000000000000        325.00000000000000        325.00000000000000     
   1.0000000000000000        325.00000000000000        325.00000000000000     
   1.0000000000000000        325.00000000000000        325.00000000000000     
   1.0000000000000000        325.00000000000000        325.00000000000000     
   1.0000000000000000        325.00000000000000        325.00000000000000     
   1.0000000000000000        325.00000000000000        325.00000000000000     
   1.0000000000000000        325.00000000000000        325.00000000000000     
   1.0000000000000000        325.00000000000000        325.00000000000000     
   1.0000000000000000        325.00000000000000        325.00000000000000     
 
 part:           2
 comp:           0
   1.0000000000000000        325.00000000000000        325.00000000000000     
   1.0000000000000000        325.00000000000000        325.00000000000000     
   1.0000000000000000        325.00000000000000        325.00000000000000     
   1.0000000000000000        325.00000000000000        325.00000000000000     
   1.0000000000000000        325.00000000000000        325.00000000000000     
   1.0000000000000000        325.00000000000000        325.00000000000000     
   1.0000000000000000        325.00000000000000        325.00000000000000     
   1.0000000000000000        325.00000000000000        325.00000000000000     
   1.0000000000000000        325.00000000000000        325.00000000000000     
   1.0000000000000000        325.00000000000000        325.00000000000000     
 comp:           1
  -0.0000000000000000       -0.0000000000000000     
  -0.0000000000000000       -0.0000000000000000     
  -0.0000000000000000       -0.0000000000000000     
  -0.0000000000000000       -0.0000000000000000     
  -0.0000000000000000       -0.0000000000000000     
  -0.0000000000000000       -0.0000000000000000     
  -0.0000000000000000       -0.0000000000000000     
  -0.0000000000000000       -0.0000000000000000     
  -0.0000000000000000       -0.0000000000000000     
  -0.0000000000000000       -0.0000000000000000     
 comp:           2
  -0.0000000000000000       -0.0000000000000000     
  -0.0000000000000000       -0.0000000000000000     
  -0.0000000000000000       -0.0000000000000000     
  -0.0000000000000000       -0.0000000000000000     
  -0.0000000000000000       -0.0000000000000000     
  -0.0000000000000000       -0.0000000000000000     
  -0.0000000000000000       -0.0000000000000000     
  -0.0000000000000000       -0.0000000000000000     
  -0.0000000000000000       -0.0000000000000000     
  -0.0000000000000000       -0.0000000000000000     
 comp:           3
   1.0000000000000000       -325.00000000000000       -325.00000000000000     
   1.0000000000000000       -325.00000000000000       -325.00000000000000     
   1.0000000000000000       -325.00000000000000       -325.00000000000000     
   1.0000000000000000       -325.00000000000000       -325.00000000000000     
   1.0000000000000000       -325.00000000000000       -325.00000000000000     
   1.0000000000000000       -325.00000000000000       -325.00000000000000     
   1.0000000000000000       -325.00000000000000       -325.00000000000000     
   1.0000000000000000       -325.00000000000000       -325.00000000000000     
   1.0000000000000000       -325.00000000000000       -325.00000000000000     
   1.0000000000000000       -325.00000000000000       -325.00000000000000     
 
 part:           3
 comp:           0
  0.99997601975921213        48.713505063295962        48.714673252890471     
  0.99999760203742782        48.714556436927296        48.714673252890471     
  0.99999976020435799        48.714661571324122        48.714673252890471     
  0.99999997602044177        48.714672084734126        48.714673252890471     
  0.99999999760204428        48.714673136074843        48.714673252890471     
  0.99999999976020437        48.714673241208907        48.714673252890471     
  0.99999999997602018        48.714673251722303        48.714673252890471     
  0.99999999999760225        48.714673252773665        48.714673252890471     
  0.99999999999976019        48.714673252878789        48.714673252890471     
  0.99999999999997591        48.714673252889298        48.714673252890471     
 comp:           1
  0.99997457004728285       -12.013928480692440       -12.014234002095046     
  0.99999745709137677       -12.014203450995801       -12.014234002095046     
  0.99999974571000416       -12.014230946995532       -12.014234002095046     
  0.99999997457100898       -12.014233696585197       -12.014234002095046     
  0.99999999745710111       -12.014233971544064       -12.014234002095046     
  0.99999999974571008       -12.014233999039947       -12.014234002095046     
  0.99999999997457101       -12.014234001789536       -12.014234002095046     
  0.99999999999745726       -12.014234002064496       -12.014234002095046     
  0.99999999999974587       -12.014234002091992       -12.014234002095046     
  0.99999999999997458       -12.014234002094740       -12.014234002095046     
 comp:           2
  0.99994421189753036        26.682378197032623        26.683866839330143     
  0.99999442137984218        26.683717980172705        26.683866839330143     
  0.99999944213988512        26.683851953465123        26.683866839330143     
  0.99999994421400729        26.683865350744142        26.683866839330143     
  0.99999999442140108        26.683866690471554        26.683866839330143     
  0.99999999944213991        26.683866824444280        26.683866839330143     
  0.99999999994421396        26.683866837841556        26.683866839330143     
  0.99999999999442168        26.683866839181292        26.683866839330143     
  0.99999999999944222        26.683866839315261        26.683866839330143     
  0.99999999999994427        26.683866839328655        26.683866839330143     
 comp:           3
  0.99999107079269911        38.904550669080919        38.904898058980706     
  0.99999910710969475        38.904863321174403        38.904898058980706     
  0.99999991071127370        38.904894585211913        38.904898058980706     
  0.99999999107113036        38.904897711603944        38.904898058980706     
  0.99999999910711312        38.904898024243032        38.904898058980706     
  0.99999999991071131        38.904898055506941        38.904898058980706     
  0.99999999999107114        38.904898058633329        38.904898058980706     
  0.99999999999910705        38.904898058945967        38.904898058980706     
  0.99999999999991074        38.904898058977231        38.904898058980706     
  0.99999999999999101        38.904898058980358        38.904898058980706     
 
 part:           4
 comp:           0
  0.99996854034647253        126.01452789996431        126.01849239807321     
  0.99999685412970996        126.01809596024198        126.01849239807321     
  0.99999968541392170        126.01845275440989        126.01849239807321     
  0.99999996854140150        126.01848843370804        126.01849239807321     
  0.99999999685414032        126.01849200163672        126.01849239807321     
  0.99999999968541398        126.01849235842955        126.01849239807321     
  0.99999999996854128        126.01849239410882        126.01849239807321     
  0.99999999999685429        126.01849239767679        126.01849239807321     
  0.99999999999968547        126.01849239803357        126.01849239807321     
  0.99999999999996858        126.01849239806924        126.01849239807321     
 comp:           1
  0.99996098698650682       -20.257603168327396       -20.258393509306725     
  0.99999609881845086       -20.258314477635750       -20.258393509306725     
  0.99999960988304315       -20.258385606163898       -20.258393509306725     
  0.99999996098831612       -20.258392718992681       -20.258393509306725     
  0.99999999609883194       -20.258393430275326       -20.258393509306725     
  0.99999999960988306       -20.258393501403582       -20.258393509306725     
  0.99999999996098821       -20.258393508516409       -20.258393509306725     
  0.99999999999609912       -20.258393509227698       -20.258393509306725     
  0.99999999999960998       -20.258393509298823       -20.258393509306725     
  0.99999999999996092       -20.258393509305932       -20.258393509306725     
 comp:           2
  0.99996900653633281        124.24520653254054        124.24905744118803     
  0.99999690074880720        124.24867236214855        124.24905744118803     
  0.99999969007583245        124.24901893340233        124.24905744118803     
  0.99999996900759258        124.24905359041063        124.24905744118803     
  0.99999999690075947        124.24905705611032        124.24905744118803     
  0.99999999969007591        124.24905740268025        124.24905744118803     
  0.99999999996900757        124.24905743733724        124.24905744118803     
  0.99999999999690092        124.24905744080297        124.24905744118803     
  0.99999999999969014        124.24905744114953        124.24905744118803     
  0.99999999999996902        124.24905744118418        124.24905744118803     
 comp:           3
  0.99984219565369992        5.6938044760770250        5.6947031249810358     
  0.99998422004995136        5.6946132628501820        5.6947031249810358     
  0.99999842200984090        5.6946941387955459        5.6947031249810358     
  0.99999984220103211        5.6947022263627600        5.6947031249810358     
  0.99999998422010439        5.6947030351192147        5.6947031249810358     
  0.99999999842201004        5.6947031159948516        5.6947031249810358     
  0.99999999984220089        5.6947031240824169        5.6947031249810358     
  0.99999999998422096        5.6947031248911788        5.6947031249810358     
  0.99999999999842237        5.6947031249720519        5.6947031249810358     
  0.99999999999984202        5.6947031249801361        5.6947031249810358     
 
 part:           5
 comp:           0
  0.99997196712180669        167.83337607824365        167.83808106272627     
  0.99999719679186938        167.83761057765281        167.83808106272627     
  0.99999971967998402        167.83803401435270        167.83808106272627     
  0.99999997196800627        167.83807635789023        167.83808106272627     
  0.99999999719680077        167.83808059224270        167.83808106272627     
  0.99999999971968001        167.83808101567791        167.83808106272627     
  0.99999999997196776        167.83808105802140        167.83808106272627     
  0.99999999999719691        167.83808106225581        167.83808106272627     
  0.99999999999971978        167.83808106267924        167.83808106272627     
  0.99999999999997191        167.83808106272156        167.83808106272627     
 comp:           1
  0.99996237955833667       -27.978939047851441       -27.979991667495707     
  0.99999623807715865       -27.979886408925953       -27.979991667495707     
  0.99999962380892915       -27.979981141672678       -27.979991667495707     
  0.99999996238090483       -27.979990614913739       -27.979991667495707     
  0.99999999623809077       -27.979991562237519       -27.979991667495707     
  0.99999999962380903       -27.979991656969887       -27.979991667495707     
  0.99999999996238087       -27.979991666443123       -27.979991667495707     
  0.99999999999623834       -27.979991667390454       -27.979991667495707     
  0.99999999999962386       -27.979991667485184       -27.979991667495707     
  0.99999999999996225       -27.979991667494652       -27.979991667495707     
 comp:           2
  0.99996404485377088        142.64071640977997        142.64584526200534     
  0.99999640460133155        142.64533239332323        142.64584526200534     
  0.99999964046129264        142.64579397530252        142.64584526200534     
  0.99999996404614078        142.64584013333669        142.64584526200534     
  0.99999999640461434        142.64584474913852        142.64584526200534     
  0.99999999964046138        142.64584521071865        142.64584526200534     
  0.99999999996404609        142.64584525687667        142.64584526200534     
  0.99999999999640476        142.64584526149250        142.64584526200534     
  0.99999999999964051        142.64584526195407        142.64584526200534     
  0.99999999999996392        142.64584526200019        142.64584526200534     
 comp:           3
  0.99994994271044202        23.908809324429882        23.910006194533295     
  0.99999499443247786        23.909886511382833        23.910006194533295     
  0.99999949944486222        23.909994226256849        23.910006194533295     
  0.99999994994450214        23.910004997706032        23.910006194533295     
  0.99999999499445058        23.910006074850578        23.910006194533295     
  0.99999999949944496        23.910006182565020        23.910006194533295     
  0.99999999994994448        23.910006193336468        23.910006194533295     
  0.99999999999499467        23.910006194413619        23.910006194533295     
  0.99999999999949951        23.910006194521330        23.910006194533295     
  0.99999999999994993        23.910006194532098        23.910006194533295     
 
 part:           6
 comp:           0
   1.0000320215231138        307.23045772299923        307.22062005081324     
   1.0000032020600300        307.22160378968113        307.22062005081324     
   1.0000003202050802        307.22071842441653        307.22062005081324     
   1.0000000320204989        307.22062988817078        307.22062005081324     
   1.0000000032020497        307.22062103454897        307.22062005081324     
   1.0000000003202050        307.22062014918680        307.22062005081324     
   1.0000000000320206        307.22062006065062        307.22062005081324     
   1.0000000000032023        307.22062005179703        307.22062005081324     
   1.0000000000003202        307.22062005091163        307.22062005081324     
   1.0000000000000320        307.22062005082307        307.22062005081324     
 comp:           1
  0.99855836406439902        60.125023843635212        60.211827377731154     
  0.99952631981856277        60.183306228414203        60.211827377731154     
  0.99984917807911700        60.202746114266169        60.211827377731154     
  0.99995222605374257        60.208950821125946        60.211827377731154     
  0.99998488529873608        60.210917293947787        60.211827377731154     
  0.99999521960956184        60.211539541687294        60.211827377731154     
  0.99999848823836146        60.211736351800340        60.211827377731154     
  0.99999952193207031        60.211798592387495        60.211827377731154     
  0.99999984882095816        60.211818274964784        60.211827377731154     
  0.99999995219291238        60.211824499179045        60.211827377731154     
 comp:           2
   1.0000953159711483       -293.40797672569977       -293.38001292485234     
   1.0000236943718865       -293.38696437998266       -293.38001292485234     
   1.0000068160281097       -293.38201261126727       -293.38001292485234     
   1.0000020867402861       -293.38062513274446       -293.38001292485234     
   1.0000006529859853       -293.38020449788911       -293.38001292485234     
   1.0000002058013844       -293.38007330286513       -293.38001292485234     
   1.0000000650109873       -293.38003199777660       -293.38001292485234     
   1.0000000205513662       -293.38001895421240       -293.38001292485234     
   1.0000000064982211       -293.38001483130051       -293.38001292485234     
   1.0000000020548490       -293.38001352770397       -293.38001292485234     
 comp:           3
   1.0000087055360667       -68.463821498782053       -68.463225489703305     
  0.99999566628182535       -68.462928789378708       -68.463225489703305     
  0.99999793280197391       -68.463083962658715       -68.463225489703305     
  0.99999927698694524       -68.463175989897508       -68.463225489703305     
  0.99999976444402972       -68.463209362781797       -68.463225489703305     
  0.99999992481910949       -68.463220342577046       -68.463225489703305     
  0.99999997615657188       -68.463223857305309       -68.463225489703305     
  0.99999999245313231       -68.463224973020402       -68.463225489703305     
  0.99999999761277958       -68.463225326266496       -68.463225489703305     
  0.99999999924502525       -68.463225438015300       -68.463225489703305     
 
 part:           7
 comp:           0
   1.0000000000000000       0.20813323549684759       0.20813323549684759     
   1.0000000000000000       0.20813323549684759       0.20813323549684759     
   1.0000000000000000       0.20813323549684759       0.20813323549684759     
   1.0000000000000000       0.20813323549684759       0.20813323549684759     
   1.0000000000000000       0.20813323549684759       0.20813323549684759     
   1.0000000000000000       0.20813323549684759       0.20813323549684759     
   1.0000000000000000       0.20813323549684759       0.20813323549684759     
   1.0000000000000000       0.20813323549684759       0.20813323549684759     
   1.0000000000000000       0.20813323549684759       0.20813323549684759     
   1.0000000000000000       0.20813323549684759       0.20813323549684759     
 comp:           1
   3.0752957616310441       0.12544685323606555        4.0791801166315242E-002
   1.6939215030390433        6.9098109143314518E-002   4.0791801166315242E-002
   1.2220980476611090        4.9851580565934001E-002   4.0791801166315242E-002
   1.0704653414946996        4.3666209365683530E-002   4.0791801166315242E-002
   1.0223051916508428        4.1701670109112972E-002   4.0791801166315242E-002
   1.0070556962815536        4.1079615726122287E-002   4.0791801166315242E-002
   1.0022314234677949        4.0882824948731383E-002   4.0791801166315242E-002
   1.0007056596674571        4.0820586295161235E-002   4.0791801166315242E-002
   1.0002231513352176        4.0800903911211432E-002   4.0791801166315242E-002
   1.0000705668759224        4.0794679716286794E-002   4.0791801166315242E-002
 comp:           2
  0.80663685834368526      -0.16032441365333472      -0.19875661767122599     
  0.95975851217923525      -0.19075835566191296      -0.19875661767122599     
  0.98941234363349362      -0.19665225090275396      -0.19875661767122599     
  0.99686714368818230      -0.19813394174703916      -0.19875661767122599     
  0.99903087584089301      -0.19856399783125842      -0.19875661767122599     
  0.99969569469509867      -0.19869613497808439      -0.19875661767122599     
  0.99990398612857612      -0.19873753427889226      -0.19875661767122599     
  0.99996965934076731      -0.19875058726441899      -0.19875661767122599     
  0.99999040760064895      -0.19875471111837562      -0.19875661767122599     
  0.99999696683241168      -0.19875601480909530      -0.19875661767122599     
 comp:           3
  0.93448050381034065       -4.3342970805768120E-002  -4.6381888791726875E-002
   1.0011301229499059       -4.6434306028710383E-002  -4.6381888791726875E-002
   1.0025246667807770       -4.6498987605589043E-002  -4.6381888791726875E-002
   1.0010145551362970       -4.6428945775231677E-002  -4.6381888791726875E-002
   1.0003424319212604       -4.6397771431017511E-002  -4.6381888791726875E-002
   1.0001104460850452       -4.6387011489760925E-002  -4.6381888791726875E-002
   1.0000351420611009       -4.6383518746896772E-002  -4.6381888791726875E-002
   1.0000111344892317       -4.6382405230368171E-002  -4.6381888791726875E-002
   1.0000035231939377       -4.6382052204116286E-002  -4.6381888791726875E-002
   1.0000011143478691       -4.6381940477285818E-002  -4.6381888791726875E-002
 
 part: i_fks+j_fks
 comp:           0
   1.0000319998441292        307.43859095849609        307.42875328631010     
   1.0000031998921941        307.42973702517799        307.42875328631010     
   1.0000003199882972        307.42885165991339        307.42875328631010     
   1.0000000319988207        307.42876312366764        307.42875328631010     
   1.0000000031998819        307.42875427004583        307.42875328631010     
   1.0000000003199883        307.42875338468366        307.42875328631010     
   1.0000000000319988        307.42875329614748        307.42875328631010     
   1.0000000000032001        307.42875328729389        307.42875328631010     
   1.0000000000003200        307.42875328640849        307.42875328631010     
   1.0000000000000320        307.42875328631993        307.42875328631010     
 comp:           1
  0.99996434209739804        60.250470696871275        60.252619178897469     
  0.99999643432363805        60.252404337557515        60.252619178897469     
  0.99999964343350289        60.252597694832104        60.252619178897469     
  0.99999996434336180        60.252617030491628        60.252619178897469     
  0.99999999643433646        60.252618964056900        60.252619178897469     
  0.99999999964343367        60.252619157413413        60.252619178897469     
  0.99999999996434352        60.252619176749072        60.252619178897469     
  0.99999999999643485        60.252619178682657        60.252619178897469     
  0.99999999999964362        60.252619178875996        60.252619178897469     
  0.99999999999996447        60.252619178895330        60.252619178897469     
 comp:           2
  0.99996434209739760       -293.56830113935308       -293.57876954252356     
  0.99999643432363783       -293.57772273564456       -293.57876954252356     
  0.99999964343350267       -293.57866486217000       -293.57876954252356     
  0.99999996434336136       -293.57875907449147       -293.57876954252356     
  0.99999999643433635       -293.57876849572040       -293.57876954252356     
  0.99999999964343356       -293.57876943784322       -293.57876954252356     
  0.99999999996434330       -293.57876953205550       -293.57876954252356     
  0.99999999999643463       -293.57876954147685       -293.57876954252356     
  0.99999999999964351       -293.57876954241891       -293.57876954252356     
  0.99999999999996414       -293.57876954251304       -293.57876954252356     
 comp:           3
  0.99996434209739782       -68.507164469587821       -68.509607378495033     
  0.99999643432363783       -68.509363095407423       -68.509607378495033     
  0.99999964343350278       -68.509582950264303       -68.509607378495033     
  0.99999996434336169       -68.509604935672741       -68.509607378495033     
  0.99999999643433635       -68.509607134212814       -68.509607378495033     
  0.99999999964343345       -68.509607354066802       -68.509607378495033     
  0.99999999996434319       -68.509607376052202       -68.509607378495033     
  0.99999999999643474       -68.509607378250777       -68.509607378495033     
  0.99999999999964362       -68.509607378470619       -68.509607378495033     
  0.99999999999996436       -68.509607378492589       -68.509607378495033     
     
 Collinear #          91
 
 part:           1
 comp:           0
  0.99999782393759773        276.40219523554583        276.40279670527963     
  0.99999979230217972        276.40273929702124        276.40279670527963     
  0.99999997932439477        276.40279099048450        276.40279670527963     
  0.99999999793337679        276.40279613405920        276.40279670527963     
  0.99999999979334731        276.40279664816023        276.40279670527963     
  0.99999999997933486        276.40279669956772        276.40279670527963     
  0.99999999999793343        276.40279670470841        276.40279670527963     
  0.99999999999979350        276.40279670522256        276.40279670527963     
  0.99999999999997946        276.40279670527394        276.40279670527963     
  0.99999999999999789        276.40279670527906        276.40279670527963     
 comp:           1
   0.0000000000000000        0.0000000000000000     
   0.0000000000000000        0.0000000000000000     
   0.0000000000000000        0.0000000000000000     
   0.0000000000000000        0.0000000000000000     
   0.0000000000000000        0.0000000000000000     
   0.0000000000000000        0.0000000000000000     
   0.0000000000000000        0.0000000000000000     
   0.0000000000000000        0.0000000000000000     
   0.0000000000000000        0.0000000000000000     
   0.0000000000000000        0.0000000000000000     
 comp:           2
   0.0000000000000000        0.0000000000000000     
   0.0000000000000000        0.0000000000000000     
   0.0000000000000000        0.0000000000000000     
   0.0000000000000000        0.0000000000000000     
   0.0000000000000000        0.0000000000000000     
   0.0000000000000000        0.0000000000000000     
   0.0000000000000000        0.0000000000000000     
   0.0000000000000000        0.0000000000000000     
   0.0000000000000000        0.0000000000000000     
   0.0000000000000000        0.0000000000000000     
 comp:           3
  0.99999782393759773        276.40219523554583        276.40279670527963     
  0.99999979230217972        276.40273929702124        276.40279670527963     
  0.99999997932439477        276.40279099048450        276.40279670527963     
  0.99999999793337679        276.40279613405920        276.40279670527963     
  0.99999999979334731        276.40279664816023        276.40279670527963     
  0.99999999997933486        276.40279669956772        276.40279670527963     
  0.99999999999793343        276.40279670470841        276.40279670527963     
  0.99999999999979350        276.40279670522256        276.40279670527963     
  0.99999999999997946        276.40279670527394        276.40279670527963     
  0.99999999999999789        276.40279670527906        276.40279670527963     
 
 part:           2
 comp:           0
   1.0000289889096055        276.25800818627846        276.24999999999994     
   1.0000027776403733        276.25076732315307        276.24999999999994     
   1.0000002766066860        276.25007641259697        276.24999999999994     
   1.0000000276491479        276.25000763807702        276.24999999999994     
   1.0000000027647997        276.25000076377586        276.24999999999994     
   1.0000000002764791        276.25000007637726        276.24999999999994     
   1.0000000000276479        276.25000000763765        276.24999999999994     
   1.0000000000027649        276.25000000076375        276.24999999999994     
   1.0000000000002767        276.25000000007640        276.24999999999994     
   1.0000000000000278        276.25000000000762        276.24999999999994     
 comp:           1
   0.0000000000000000        0.0000000000000000     
   0.0000000000000000        0.0000000000000000     
   0.0000000000000000        0.0000000000000000     
   0.0000000000000000        0.0000000000000000     
   0.0000000000000000        0.0000000000000000     
   0.0000000000000000        0.0000000000000000     
   0.0000000000000000        0.0000000000000000     
   0.0000000000000000        0.0000000000000000     
   0.0000000000000000        0.0000000000000000     
   0.0000000000000000        0.0000000000000000     
 comp:           2
   0.0000000000000000        0.0000000000000000     
   0.0000000000000000        0.0000000000000000     
   0.0000000000000000        0.0000000000000000     
   0.0000000000000000        0.0000000000000000     
   0.0000000000000000        0.0000000000000000     
   0.0000000000000000        0.0000000000000000     
   0.0000000000000000        0.0000000000000000     
   0.0000000000000000        0.0000000000000000     
   0.0000000000000000        0.0000000000000000     
   0.0000000000000000        0.0000000000000000     
 comp:           3
   1.0000289889096055       -276.25800818627846       -276.24999999999994     
   1.0000027776403733       -276.25076732315307       -276.24999999999994     
   1.0000002766066860       -276.25007641259697       -276.24999999999994     
   1.0000000276491479       -276.25000763807702       -276.24999999999994     
   1.0000000027647997       -276.25000076377586       -276.24999999999994     
   1.0000000002764791       -276.25000007637726       -276.24999999999994     
   1.0000000000276479       -276.25000000763765       -276.24999999999994     
   1.0000000000027649       -276.25000000076375       -276.24999999999994     
   1.0000000000002767       -276.25000000007640       -276.24999999999994     
   1.0000000000000278       -276.25000000000762       -276.24999999999994     
 
 part:           3
 comp:           0
   1.0000549694452419        149.93996166618004        149.93172000270732     
   1.0000170442306227        149.93427547352070        149.93172000270732     
   1.0000053793657577        149.93252654026790        149.93172000270732     
   1.0000017007627089        149.93197500098557        149.93172000270732     
   1.0000005378164469        149.93180063845224        149.93172000270732     
   1.0000001700720027        149.93174550189522        149.93172000270732     
   1.0000000537814628        149.93172806625455        149.93172000270732     
   1.0000000170071899        149.93172255262456        149.93172000270732     
   1.0000000053781453        149.93172080906189        149.93172000270732     
   1.0000000017007189        149.93172025769903        149.93172000270732     
 comp:           1
   1.0002433895495051       -77.237232312957858       -77.218438152082541     
   1.0000754732856352       -77.224266081321488       -77.218438152082541     
   1.0000238208790093       -77.220277563155051       -77.218438152082541     
   1.0000075313677992       -77.219019712541140       -77.218438152082541     
   1.0000023815806529       -77.218622054020884       -77.218438152082541     
   1.0000007531203496       -77.218496306859677       -77.218438152082541     
   1.0000002381575064       -77.218456542233213       -77.218438152082541     
   1.0000000753120137       -77.218443967558613       -77.218438152082541     
   1.0000000238157492       -77.218439991097497       -77.218438152082541     
   1.0000000075312014       -77.218438733630151       -77.218438152082541     
 comp:           2
  0.99997350946411379       -90.236608945763791       -90.238999425216406     
  0.99999178548222123       -90.238258155351289       -90.238999425216406     
  0.99999740733383369       -90.238765465615714       -90.238999425216406     
  0.99999918028539281       -90.238925454990436       -90.238999425216406     
  0.99999974078859233       -90.238976034238334       -90.238999425216406     
  0.99999991803032762       -90.238992028355185       -90.238999425216406     
  0.99999997407892005       -90.238997086124087       -90.238999425216406     
  0.99999999180303500       -90.238998685530490       -90.238999425216406     
  0.99999999740789214       -90.238999191307187       -90.238999425216406     
  0.99999999918030347       -90.238999351247813       -90.238999425216406     
 comp:           3
   1.0000000000000000        91.490976200164283        91.490976200164283     
   1.0000000000000000        91.490976200164283        91.490976200164283     
   1.0000000000000000        91.490976200164283        91.490976200164283     
   1.0000000000000000        91.490976200164283        91.490976200164283     
   1.0000000000000000        91.490976200164283        91.490976200164283     
   1.0000000000000000        91.490976200164283        91.490976200164283     
   1.0000000000000000        91.490976200164283        91.490976200164283     
   1.0000000000000000        91.490976200164283        91.490976200164283     
   1.0000000000000000        91.490976200164283        91.490976200164283     
   1.0000000000000000        91.490976200164283        91.490976200164283     
 
 part:           4
 comp:           0
  0.99996362927620264        88.324011848120819        88.327224373202284     
  0.99998871978785486        88.326228023373162        88.327224373202284     
  0.99999643955276984        88.326909888780918        88.327224373202284     
  0.99999887428668000        88.327124942069290        88.327224373202284     
  0.99999964402335118        88.327192930772952        88.327224373202284     
  0.99999988743034962        88.327214430237518        88.327224373202284     
  0.99999996440234129        88.327221228959900        88.327224373202284     
  0.99999998874303064        88.327223378905430        88.327224373202284     
  0.99999999644023341        88.327224058777986        88.327224373202284     
  0.99999999887430280        88.327224273772572        88.327224373202284     
 comp:           1
  0.99948281858278443        21.396196947649837        21.407268389054003     
  0.99983962084330924        21.403835109402713        21.407268389054003     
  0.99994938063868111        21.406184766800568        21.407268389054003     
  0.99998399579658614        21.406925782776170        21.407268389054003     
  0.99999493912141058        21.407160049467755        21.407268389054003     
  0.99999839961253723        21.407234129130060        21.407268389054003     
  0.99999949391312559        21.407257555116455        21.407268389054003     
  0.99999983996127917        21.407264963062154        21.407268389054003     
  0.99999994939131343        21.407267305660266        21.407268389054003     
  0.99999998399612700        21.407268046454799        21.407268389054003     
 comp:           2
  0.99995762836200319       -33.233232471931764       -33.234640678095531     
  0.99998686045680818       -33.234203990098877       -33.234640678095531     
  0.99999585285707870       -33.234502849290699       -33.234640678095531     
  0.99999868880765852       -33.234597101089200       -33.234640678095531     
  0.99999958537235023       -33.234626898094575       -33.234640678095531     
  0.99999986888345949       -33.234636320484420       -33.234640678095531     
  0.99999995853731571       -33.234639300098117       -33.234640678095531     
  0.99999998688834790       -33.234640242334486       -33.234640678095531     
  0.99999999585373167       -33.234640540295793       -33.234640678095531     
  0.99999999868883471       -33.234640634519423       -33.234640678095531     
 comp:           3
   1.0000000000000000        78.986619655425841        78.986619655425841     
   1.0000000000000000        78.986619655425841        78.986619655425841     
   1.0000000000000000        78.986619655425841        78.986619655425841     
   1.0000000000000000        78.986619655425841        78.986619655425841     
   1.0000000000000000        78.986619655425841        78.986619655425841     
   1.0000000000000000        78.986619655425841        78.986619655425841     
   1.0000000000000000        78.986619655425841        78.986619655425841     
   1.0000000000000000        78.986619655425841        78.986619655425841     
   1.0000000000000000        78.986619655425841        78.986619655425841     
   1.0000000000000000        78.986619655425841        78.986619655425841     
 
 part:           5
 comp:           0
  0.99993869985729300        120.09132595668972        120.09868802340448     
  0.99998098921425771        120.09640485297854        120.09868802340448     
  0.99999399961484015        120.09796738501915        120.09868802340448     
  0.99999810285823088        120.09846017916701        120.09868802340448     
  0.99999940008092447        120.09861597391058        120.09868802340448     
  0.99999981028912865        120.09866523937772        120.09868802340448     
  0.99999994000815007        120.09868081846201        120.09868802340448     
  0.99999998102891019        120.09868574500148        120.09868802340448     
  0.99999999400081441        120.09868730291016        120.09868802340448     
  0.99999999810289075        120.09868779556415        120.09868802340448     
 comp:           1
  0.99977255778580687        66.171742264133584        66.186795935551515     
  0.99992946903545576        66.182127716994088        66.186795935551515     
  0.99997773874176288        66.185322534195308        66.186795935551515     
  0.99999296170490859        66.186330093350563        66.186795935551515     
  0.99999777433681591        66.186648626036529        66.186795935551515     
  0.99999929618470573        66.186749352272258        66.186795935551515     
  0.99999977743409008        66.186781204627053        66.186795935551515     
  0.99999992961847939        66.186791277224174        66.186795935551515     
  0.99999997774340910        66.186794462459076        66.186795935551515     
  0.99999999296184738        66.186795469718746        66.186795935551515     
 comp:           2
   1.0000327066163526        58.544094703517210        58.542179986895931     
   1.0000101424847911        58.542773750066090        58.542179986895931     
   1.0000032012106250        58.542367392744524        58.542179986895931     
   1.0000010121200154        58.542239238608040        58.542179986895931     
   1.0000003200545340        58.542198723586068        58.542179986895931     
   1.0000001012099575        58.542185911947477        58.542179986895931     
   1.0000000320053946        58.542181860561506        58.542179986895931     
   1.0000000101209945        58.542180579401013        58.542179986895931     
   1.0000000032005396        58.542180174262491        58.542179986895931     
   1.0000000010120995        58.542180046146441        58.542179986895931     
 comp:           3
   1.0000000000000000        12.190164754426121        12.190164754426121     
   1.0000000000000000        12.190164754426121        12.190164754426121     
   1.0000000000000000        12.190164754426121        12.190164754426121     
   1.0000000000000000        12.190164754426121        12.190164754426121     
   1.0000000000000000        12.190164754426121        12.190164754426121     
   1.0000000000000000        12.190164754426121        12.190164754426121     
   1.0000000000000000        12.190164754426121        12.190164754426121     
   1.0000000000000000        12.190164754426121        12.190164754426121     
   1.0000000000000000        12.190164754426121        12.190164754426121     
   1.0000000000000000        12.190164754426121        12.190164754426121     
 
 part:           6
 comp:           0
   1.0000120393041838        194.14470493970444        194.14236760068593     
   1.0000037316613970        194.14309207426464        194.14236760068593     
   1.0000011776280486        194.14259622818344        194.14236760068593     
   1.0000003723108799        194.14243988200164        194.14236760068593     
   1.0000001177311320        194.14239045728661        194.14236760068593     
   1.0000000372296163        194.14237482853179        194.14236760068593     
   1.0000000117730197        194.14236988632786        194.14236760068593     
   1.0000000037229539        194.14236832346904        194.14236760068593     
   1.0000000011773011        194.14236782924996        194.14236760068593     
   1.0000000003722953        194.14236767296421        194.14236760068593     
 comp:           1
   1.0023454495749646       -10.399961680519311       -10.375626172522976     
   1.0007273172059734       -10.383172543961001       -10.375626172522976     
   1.0002295569080206       -10.378007969185919       -10.375626172522976     
   1.0000725783455875       -10.376379218305011       -10.375626172522976     
   1.0000229508459519       -10.375864301920917       -10.375626172522976     
   1.0000072576805628       -10.375701475503375       -10.375626172522976     
   1.0000022950796421       -10.375649985411378       -10.375626172522976     
   1.0000007257678931       -10.375633702819323       -10.375626172522976     
   1.0000002295079549       -10.375628553811719       -10.375626172522976     
   1.0000000725767915       -10.375626925552634       -10.375626172522976     
 comp:           2
   1.0000476702382510        64.934555414589738        64.931460116416005     
   1.0000147824045602        64.932419959528133        64.931460116416005     
   1.0000046656438979        64.931763063486684        64.931460116416005     
   1.0000014751231758        64.931555898317669        64.931460116416005     
   1.0000004664659203        64.931490404729303        64.931460116416005     
   1.0000001475091878        64.931469694402949        64.931460116416005     
   1.0000000466464913        64.931463145240798        64.931460116416005     
   1.0000000147509154        64.931461074214482        64.931460116416005     
   1.0000000046646489        64.931460419298475        64.931460116416005     
   1.0000000014750916        64.931460212195859        64.931460116416005     
 comp:           3
   1.0000000000000000       -182.66776061001624       -182.66776061001624     
   1.0000000000000000       -182.66776061001624       -182.66776061001624     
   1.0000000000000000       -182.66776061001624       -182.66776061001624     
   1.0000000000000000       -182.66776061001624       -182.66776061001624     
   1.0000000000000000       -182.66776061001624       -182.66776061001624     
   1.0000000000000000       -182.66776061001624       -182.66776061001624     
   1.0000000000000000       -182.66776061001624       -182.66776061001624     
   1.0000000000000000       -182.66776061001624       -182.66776061001624     
   1.0000000000000000       -182.66776061001624       -182.66776061001624     
   1.0000000000000000       -182.66776061001624       -182.66776061001624     
 
 part:           7
 comp:           0
   1.0484454546062834       0.16019901112930238       0.15279670527968570     
   1.0046433642421642       0.15350619603730190       0.15279670527968570     
   1.0004624154060391       0.15286736083019903       0.15279670527968570     
   1.0000462224171196       0.15280376791273165       0.15279670527968570     
   1.0000046220505641       0.15279741151378354       0.15279670527968570     
   1.0000004622031449       0.15279677590280341       0.15279670527968570     
   1.0000000462202956       0.15279671234199457       0.15279670527968570     
   1.0000000046220296       0.15279670598591660       0.15279670527968570     
   1.0000000004622025       0.15279670535030873       0.15279670527968570     
   1.0000000000462199       0.15279670528674796       0.15279670527968570     
 comp:           1
   6.9254781693744480E-002   0.0000000000000000     
   2.1475798885690879E-002   0.0000000000000000     
   6.7782313450911683E-003   0.0000000000000000     
   2.1430547194144513E-003   0.0000000000000000     
   6.7768043751869201E-004   0.0000000000000000     
   2.1430096073606092E-004   0.0000000000000000     
   6.7767901082580259E-005   0.0000000000000000     
   2.1430091610044213E-005   0.0000000000000000     
   6.7767898731174141E-006   0.0000000000000000     
   2.1430092404100801E-006   0.0000000000000000     
 comp:           2
  -8.8087004113881519E-003  -0.0000000000000000     
  -2.7315641440591220E-003  -0.0000000000000000     
  -8.6214132479724202E-004  -0.0000000000000000     
  -2.7258084607085749E-004  -0.0000000000000000     
  -8.6195982468887153E-005  -0.0000000000000000     
  -2.7257510814839893E-005  -0.0000000000000000     
  -8.6195801004013037E-006  -0.0000000000000000     
  -2.7257505137516483E-006  -0.0000000000000000     
  -8.6195798013196869E-007  -0.0000000000000000     
  -2.7257506147498235E-007  -0.0000000000000000     
 comp:           3
  0.94365286871472542       0.14418704926733383       0.15279670527968570     
  0.99460242673429389       0.15197197386818009       0.15279670527968570     
  0.99946250547725779       0.15271457788750481       0.15279670527968570     
  0.99994627307214901       0.15278849598212527       0.15279670527968570     
  0.99999462753235679       0.15279588438433059       0.15279670527968570     
  0.99999946275548690       0.15279662319049417       0.15279670527968570     
  0.99999994627557143       0.15279669707077001       0.15279670527968570     
  0.99999999462755762       0.15279670445879420       0.15279670527968570     
  0.99999999946275531       0.15279670519759647       0.15279670527968570     
  0.99999999994627509       0.15279670527147671       0.15279670527968570     
 
 part: i_fks+j_fks
 comp:           0
   1.0000245912079808        276.56239424667513        276.55559341055931     
   1.0000023578713098        276.55624549305855        276.55559341055931     
   1.0000002348198951        276.55565835131472        276.55559341055931     
   1.0000000234723607        276.55559990197196        276.55559341055931     
   1.0000000023471400        276.55559405967404        276.55559341055931     
   1.0000000002347131        276.55559347547052        276.55559341055931     
   1.0000000000234710        276.55559341705037        276.55559341055931     
   1.0000000000023472        276.55559341120846        276.55559341055931     
   1.0000000000002347        276.55559341062423        276.55559341055931     
   1.0000000000000235        276.55559341056579        276.55559341055931     
 comp:           1
   6.9254781693744480E-002   0.0000000000000000     
   2.1475798885690879E-002   0.0000000000000000     
   6.7782313450911683E-003   0.0000000000000000     
   2.1430547194144513E-003   0.0000000000000000     
   6.7768043751869201E-004   0.0000000000000000     
   2.1430096073606092E-004   0.0000000000000000     
   6.7767901082580259E-005   0.0000000000000000     
   2.1430091610044213E-005   0.0000000000000000     
   6.7767898731174141E-006   0.0000000000000000     
   2.1430092404100801E-006   0.0000000000000000     
 comp:           2
  -8.8087004113881519E-003   0.0000000000000000     
  -2.7315641440591220E-003   0.0000000000000000     
  -8.6214132479724202E-004   0.0000000000000000     
  -2.7258084607085749E-004   0.0000000000000000     
  -8.6195982468887153E-005   0.0000000000000000     
  -2.7257510814839893E-005   0.0000000000000000     
  -8.6195801004013037E-006   0.0000000000000000     
  -2.7257505137516483E-006   0.0000000000000000     
  -8.6195798013196869E-007   0.0000000000000000     
  -2.7257506147498235E-007   0.0000000000000000     
 comp:           3
  0.99996669340282518        276.54638228481315        276.55559341055931     
  0.99999681026277931        276.55471127088941        276.55559341055931     
  0.99999968237059955        276.55550556837198        276.55559341055931     
  0.99999996825044146        276.55558463004132        276.55559341055931     
  0.99999999682517804        276.55559253254455        276.55559341055931     
  0.99999999968251918        276.55559332275823        276.55559341055931     
  0.99999999996825173        276.55559340177916        276.55559341055931     
  0.99999999999682543        276.55559340968136        276.55559341055931     
  0.99999999999968270        276.55559341047154        276.55559341055931     
  0.99999999999996836        276.55559341055056        276.55559341055931     
     
 Collinear #          30
 
 part:           1
 comp:           0
  0.99999828985901706        276.36951390260998        276.36998653425042     
  0.99999983677191839        276.36994142290769        276.36998653425042     
  0.99999998375119570        276.36998204356860        276.36998653425042     
  0.99999999837585574        276.36998608538568        276.36998653425042     
  0.99999999983759258        276.36998648936589        276.36998653425042     
  0.99999999998375921        276.36998652976195        276.36998653425042     
  0.99999999999837574        276.36998653380152        276.36998653425042     
  0.99999999999983746        276.36998653420551        276.36998653425042     
  0.99999999999998357        276.36998653424587        276.36998653425042     
  0.99999999999999811        276.36998653424990        276.36998653425042     
 comp:           1
   0.0000000000000000        0.0000000000000000     
   0.0000000000000000        0.0000000000000000     
   0.0000000000000000        0.0000000000000000     
   0.0000000000000000        0.0000000000000000     
   0.0000000000000000        0.0000000000000000     
   0.0000000000000000        0.0000000000000000     
   0.0000000000000000        0.0000000000000000     
   0.0000000000000000        0.0000000000000000     
   0.0000000000000000        0.0000000000000000     
   0.0000000000000000        0.0000000000000000     
 comp:           2
   0.0000000000000000        0.0000000000000000     
   0.0000000000000000        0.0000000000000000     
   0.0000000000000000        0.0000000000000000     
   0.0000000000000000        0.0000000000000000     
   0.0000000000000000        0.0000000000000000     
   0.0000000000000000        0.0000000000000000     
   0.0000000000000000        0.0000000000000000     
   0.0000000000000000        0.0000000000000000     
   0.0000000000000000        0.0000000000000000     
   0.0000000000000000        0.0000000000000000     
 comp:           3
  0.99999828985901706        276.36951390260998        276.36998653425042     
  0.99999983677191839        276.36994142290769        276.36998653425042     
  0.99999998375119570        276.36998204356860        276.36998653425042     
  0.99999999837585574        276.36998608538568        276.36998653425042     
  0.99999999983759258        276.36998648936589        276.36998653425042     
  0.99999999998375921        276.36998652976195        276.36998653425042     
  0.99999999999837574        276.36998653380152        276.36998653425042     
  0.99999999999983746        276.36998653420551        276.36998653425042     
  0.99999999999998357        276.36998653424587        276.36998653425042     
  0.99999999999999811        276.36998653424990        276.36998653425042     
 
 part:           2
 comp:           0
   1.0000227653100726        276.25628891690764        276.25000000000006     
   1.0000021813233968        276.25060259058841        276.25000000000006     
   1.0000002172235660        276.25006000801017        276.25000000000006     
   1.0000000217133098        276.25000599830190        276.25000000000006     
   1.0000000021712403        276.25000059980516        276.25000000000006     
   1.0000000002171230        276.25000005998027        276.25000000000006     
   1.0000000000217122        276.25000000599806        276.25000000000006     
   1.0000000000021712        276.25000000059981        276.25000000000006     
   1.0000000000002172        276.25000000006003        276.25000000000006     
   1.0000000000000213        276.25000000000597        276.25000000000006     
 comp:           1
   0.0000000000000000        0.0000000000000000     
   0.0000000000000000        0.0000000000000000     
   0.0000000000000000        0.0000000000000000     
   0.0000000000000000        0.0000000000000000     
   0.0000000000000000        0.0000000000000000     
   0.0000000000000000        0.0000000000000000     
   0.0000000000000000        0.0000000000000000     
   0.0000000000000000        0.0000000000000000     
   0.0000000000000000        0.0000000000000000     
   0.0000000000000000        0.0000000000000000     
 comp:           2
   0.0000000000000000        0.0000000000000000     
   0.0000000000000000        0.0000000000000000     
   0.0000000000000000        0.0000000000000000     
   0.0000000000000000        0.0000000000000000     
   0.0000000000000000        0.0000000000000000     
   0.0000000000000000        0.0000000000000000     
   0.0000000000000000        0.0000000000000000     
   0.0000000000000000        0.0000000000000000     
   0.0000000000000000        0.0000000000000000     
   0.0000000000000000        0.0000000000000000     
 comp:           3
   1.0000227653100726       -276.25628891690764       -276.25000000000006     
   1.0000021813233968       -276.25060259058841       -276.25000000000006     
   1.0000002172235660       -276.25006000801017       -276.25000000000006     
   1.0000000217133098       -276.25000599830190       -276.25000000000006     
   1.0000000021712403       -276.25000059980516       -276.25000000000006     
   1.0000000002171230       -276.25000005998027       -276.25000000000006     
   1.0000000000217122       -276.25000000599806       -276.25000000000006     
   1.0000000000021712       -276.25000000059981       -276.25000000000006     
   1.0000000000002172       -276.25000000006003       -276.25000000000006     
   1.0000000000000213       -276.25000000000597       -276.25000000000006     
 
 part:           3
 comp:           0
  0.99991390550887405        18.539839859399578        18.541436174911802     
  0.99997330111092286        18.540941139164037        18.541436174911802     
  0.99999157314291487        18.541279928879003        18.541436174911802     
  0.99999733569356219        18.541386774844035        18.541436174911802     
  0.99999915748742885        18.541420553518737        18.541436174911802     
  0.99999973357453986        18.541431235001138        18.541436174911802     
  0.99999991574887781        18.541434612774996        18.541436174911802     
  0.99999997335745516        18.541435680920756        18.541436174911802     
  0.99999999157488784        18.541436018698121        18.541436174911802     
  0.99999999733574552        18.541436125512696        18.541436174911802     
 comp:           1
  0.99981779957112715       -8.1578319279253293       -8.1593185592661381     
  0.99994349810836403       -8.1588575423330791       -8.1593185592661381     
  0.99998216660114947       -8.1591730508839220       -8.1593185592661381     
  0.99999436164706013       -8.1592725541483517       -8.1593185592661381     
  0.99999821702873803       -8.1593040114356299       -8.1593185592661381     
  0.99999943617589770       -8.1593139588456758       -8.1593185592661381     
  0.99999982170318136       -8.1593171044855968       -8.1593185592661381     
  0.99999994361759470       -8.1593180992241319       -8.1593185592661381     
  0.99999998217031827       -8.1593184137880854       -8.1593185592661381     
  0.99999999436175913       -8.1593185132619350       -8.1593185592661381     
 comp:           2
  0.99993274848858504       -16.115641476625495       -16.116725350764394     
  0.99997914473838589       -16.116389232240842       -16.116725350764394     
  0.99999341756200144       -16.116619263419032       -16.116725350764394     
  0.99999791884267530       -16.116691809323381       -16.116725350764394     
  0.99999934189226158       -16.116714744222723       -16.116725350764394     
  0.99999979188839849       -16.116721996686870       -16.116725350764394     
  0.99999993418933963       -16.116724290112057       -16.116725350764394     
  0.99999997918884165       -16.116725015356671       -16.116725350764394     
  0.99999999341893397       -16.116725244699161       -16.116725350764394     
  0.99999999791888394       -16.116725317223619       -16.116725350764394     
 comp:           3
   1.0000000000000000       -3.7820379486159719       -3.7820379486159719     
   1.0000000000000000       -3.7820379486159719       -3.7820379486159719     
   1.0000000000000000       -3.7820379486159719       -3.7820379486159719     
   1.0000000000000000       -3.7820379486159719       -3.7820379486159719     
   1.0000000000000000       -3.7820379486159719       -3.7820379486159719     
   1.0000000000000000       -3.7820379486159719       -3.7820379486159719     
   1.0000000000000000       -3.7820379486159719       -3.7820379486159719     
   1.0000000000000000       -3.7820379486159719       -3.7820379486159719     
   1.0000000000000000       -3.7820379486159719       -3.7820379486159719     
   1.0000000000000000       -3.7820379486159719       -3.7820379486159719     
 
 part:           4
 comp:           0
   1.0000449499388004        68.427800688897960        68.424725001696700     
   1.0000139378883193        68.425678697872044        68.424725001696700     
   1.0000043990009058        68.425026002123957        68.424725001696700     
   1.0000013908098275        68.424820167476682        68.424725001696700     
   1.0000004398032498        68.424755095113127        68.424725001696700     
   1.0000001390776314        68.424734518045383        68.424725001696700     
   1.0000000439801897        68.424728011029089        68.424725001696700     
   1.0000000139077561        68.424725953331077        68.424725001696700     
   1.0000000043980186        68.424725302629909        68.424725001696700     
   1.0000000013907757        68.424725096860143        68.424725001696700     
 comp:           1
  0.99946995055843013       -10.345578746983147       -10.351065323377457     
  0.99983563462223013       -10.349363966615259       -10.351065323377457     
  0.99994812293014212       -10.350528340438572       -10.351065323377457     
  0.99998359819409199       -10.350895547213081       -10.351065323377457     
  0.99999481339526930       -10.351011636493082       -10.351065323377457     
  0.99999835985495722       -10.351048346128978       -10.351065323377457     
  0.99999948134072147       -10.351059954701384       -10.351065323377457     
  0.99999983598554032       -10.351063625653071       -10.351065323377457     
  0.99999994813407445       -10.351064786509873       -10.351065323377457     
  0.99999998359855358       -10.351065153605013       -10.351065323377457     
 comp:           2
   1.0000598789602657        66.808043618200756        66.804043461536736     
   1.0000185681318623        66.805283887824658        66.804043461536736     
   1.0000058604816100        66.804434965404923        66.804043461536736     
   1.0000018528895744        66.804167242052401        66.804043461536736     
   1.0000005859236407        66.804082603605096        66.804043461536736     
   1.0000001852849416        66.804055839320029        66.804043461536736     
   1.0000000585922291        66.804047375734555        66.804043461536736     
   1.0000000185284892        66.804044699314730        66.804043461536736     
   1.0000000058592227        66.804043852956497        66.804043461536736     
   1.0000000018528490        66.804043585314545        66.804043461536736     
 comp:           3
   1.0000000000000000        10.583865806882649        10.583865806882649     
   1.0000000000000000        10.583865806882649        10.583865806882649     
   1.0000000000000000        10.583865806882649        10.583865806882649     
   1.0000000000000000        10.583865806882649        10.583865806882649     
   1.0000000000000000        10.583865806882649        10.583865806882649     
   1.0000000000000000        10.583865806882649        10.583865806882649     
   1.0000000000000000        10.583865806882649        10.583865806882649     
   1.0000000000000000        10.583865806882649        10.583865806882649     
   1.0000000000000000        10.583865806882649        10.583865806882649     
   1.0000000000000000        10.583865806882649        10.583865806882649     
 
 part:           5
 comp:           0
   1.0000219496500595        218.05018905019872        218.04540302990515     
   1.0000068055163889        218.04688694146898        218.04540302990515     
   1.0000021478679326        218.04587136263416        218.04540302990515     
   1.0000006790753033        218.04555109915336        218.04540302990515     
   1.0000002147373377        218.04544985239448        218.04540302990515     
   1.0000000679056769        218.04541783642583        218.04540302990515     
   1.0000000214736460        218.04540771213496        218.04540302990515     
   1.0000000067905619        218.04540451055595        218.04540302990515     
   1.0000000021473643        218.04540349812805        218.04540302990515     
   1.0000000006790561        218.04540317797023        218.04540302990515     
 comp:           1
  0.99970280564246183       -58.811284078103327       -58.828767655911591     
  0.99990784095487795       -58.823346052858717       -58.828767655911591     
  0.99997091265231719       -58.827056483093031       -58.828767655911591     
  0.99999080353999192       -58.828226639502518       -58.828767655911591     
  0.99999709188031738       -58.828596574814469       -58.828767655911591     
  0.99999908037363650       -58.828713555425921       -58.828767655911591     
  0.99999970918867209       -58.828750547839547       -58.828767655911591     
  0.99999990803738570       -58.828762245864318       -58.828767655911591     
  0.99999997091886839       -58.828765945104458       -58.828767655911591     
  0.99999999080373825       -58.828767114906846       -58.828767655911591     
 comp:           2
   1.0000784235023397        162.55251919203954        162.53977225382991     
   1.0000243188839473        162.54372503968816        162.53977225382991     
   1.0000076755551415        162.54101983681454        162.53977225382991     
   1.0000024267573886        162.54016669842315        162.53977225382991     
   1.0000007673932056        162.53989698574679        162.53977225382991     
   1.0000002426705570        162.53981169744696        162.53977225382991     
   1.0000000767391515        162.53978472699413        162.53977225382991     
   1.0000000242670499        162.53977619819068        162.53977225382991     
   1.0000000076739148        162.53977350114627        162.53977225382991     
   1.0000000024267051        162.53977264826599        162.53977225382991     
 comp:           3
   1.0000000000000000       -105.81389492813838       -105.81389492813838     
   1.0000000000000000       -105.81389492813838       -105.81389492813838     
   1.0000000000000000       -105.81389492813838       -105.81389492813838     
   1.0000000000000000       -105.81389492813838       -105.81389492813838     
   1.0000000000000000       -105.81389492813838       -105.81389492813838     
   1.0000000000000000       -105.81389492813838       -105.81389492813838     
   1.0000000000000000       -105.81389492813838       -105.81389492813838     
   1.0000000000000000       -105.81389492813838       -105.81389492813838     
   1.0000000000000000       -105.81389492813838       -105.81389492813838     
   1.0000000000000000       -105.81389492813838       -105.81389492813838     
 
 part:           6
 comp:           0
   1.0484518129632066       0.12580009936595102       0.11998653425034969     
   1.0046440017224487       0.12054375192207897       0.11998653425034969     
   1.0004624791567782       0.12004202552153453       0.11998653425034969     
   1.0000462287922078       0.11999208108290929       0.11998653425034969     
   1.0000046226880730       0.11998708891067050       0.11998653425034969     
   1.0000004622668954       0.11998658971615238       0.11998653425034969     
   1.0000000462266705       0.11998653979692768       0.11998653425034969     
   1.0000000046226671       0.11998653480500750       0.11998653425034969     
   1.0000000004622662       0.11998653430581541       0.11998653425034969     
   1.0000000000462261       0.11998653425589620       0.11998653425034969     
 comp:           1
  -4.4300731024443797E-002  -0.0000000000000000     
  -1.3737622775293957E-002  -0.0000000000000000     
  -4.3358949733392927E-003  -0.0000000000000000     
  -1.3708679952382956E-003  -0.0000000000000000     
  -4.3349822880109617E-004  -0.0000000000000000     
  -1.3708391417135616E-004  -0.0000000000000000     
  -4.3349731629288933E-005  -0.0000000000000000     
  -1.3708388562259694E-005  -0.0000000000000000     
  -4.3349730125260709E-006  -0.0000000000000000     
  -1.3708389070205078E-006  -0.0000000000000000     
 comp:           2
  -3.2298805610762940E-002  -0.0000000000000000     
  -1.0015834892845991E-002  -0.0000000000000000     
  -3.1612171098327432E-003  -0.0000000000000000     
  -9.9947332408097437E-004  -0.0000000000000000     
  -3.1605516886236147E-004  -0.0000000000000000     
  -9.9945228753451083E-005  -0.0000000000000000     
  -3.1605450357028810E-005  -0.0000000000000000     
  -9.9945207939103259E-006  -0.0000000000000000     
  -3.1605449260470948E-006  -0.0000000000000000     
  -9.9945211642434748E-007  -0.0000000000000000     
 comp:           3
  0.94364743852110100       0.11322498570236685       0.11998653425034969     
  0.99460187815996592       0.11933883231930288       0.11998653425034969     
  0.99946245057978911       0.11992203555843030       0.11998653425034969     
  0.99994626758201555       0.11998008708373885       0.11998653425034969     
  0.99999462698333941       0.11998588956070212       0.11998653425034969     
  0.99999946270058493       0.11998646978165502       0.11998653425034969     
  0.99999994627008137       0.11998652780348297       0.11998653425034969     
  0.99999999462700850       0.11998653360566307       0.11998653425034969     
  0.99999999946270024       0.11998653418588096       0.11998653425034969     
  0.99999999994626954       0.11998653424390276       0.11998653425034969     
 
 part:           7
 comp:           0
  0.99997469509308246        247.48217312165545        247.48843579348636     
  0.99999215191444724        247.48649348306893        247.48843579348636     
  0.99999752286984955        247.48782273242017        247.48843579348636     
  0.99999921680237269        247.48824196113065        247.48843579348636     
  0.99999975233488347        247.48837449923408        247.48843579348636     
  0.99999992168146157        247.48841641055378        247.48843579348636     
  0.99999997523349815        247.48842966406355        247.48843579348636     
  0.99999999216814350        247.48843385519245        247.48843579348636     
  0.99999999752334956        247.48843518054403        247.48843579348636     
  0.99999999921681426        247.48843559965695        247.48843579348636     
 comp:           1
   1.0002565834391286        77.358995484036242        77.339151538555186     
   1.0000795670227141        77.345305184582344        77.339151538555186     
   1.0000251131644844        77.341093769388863        77.339151538555186     
   1.0000079399669091        77.339765608859182        77.339151538555186     
   1.0000025107906272        77.339345720971977        77.339151538555186     
   1.0000007939802589        77.339212944314752        77.339151538555186     
   1.0000002510785622        77.339170956758153        77.339151538555186     
   1.0000000793980122        77.339157679130082        77.339151538555186     
   1.0000000251078556        77.339153480375430        77.339151538555186     
   1.0000000079398015        77.339152152612698        77.339151538555186     
 comp:           2
  0.99993214822481757       -213.21262252800403       -213.22709036460225     
  0.99997895903275957       -213.22260386037911       -213.22709036460225     
  0.99999335899153707       -213.22567432169060       -213.22709036460225     
  0.99999790032883062       -213.22664265782808       -213.22709036460225     
  0.99999933603820357       -213.22694878996029       -213.22709036460225     
  0.99999979003722839       -213.22704559485138       -213.22709036460225     
  0.99999993360395278       -213.22707620716628       -213.22709036460225     
  0.99999997900372650       -213.22708588762794       -213.22709036460225     
  0.99999999336039547       -213.22708894885869       -213.22709036460225     
  0.99999999790037253       -213.22708991690479       -213.22709036460225     
 comp:           3
   1.0000000000000000        99.012067069871705        99.012067069871705     
   1.0000000000000000        99.012067069871705        99.012067069871705     
   1.0000000000000000        99.012067069871705        99.012067069871705     
   1.0000000000000000        99.012067069871705        99.012067069871705     
   1.0000000000000000        99.012067069871705        99.012067069871705     
   1.0000000000000000        99.012067069871705        99.012067069871705     
   1.0000000000000000        99.012067069871705        99.012067069871705     
   1.0000000000000000        99.012067069871705        99.012067069871705     
   1.0000000000000000        99.012067069871705        99.012067069871705     
   1.0000000000000000        99.012067069871705        99.012067069871705     
 
 part: i_fks+j_fks
 comp:           0
   1.0000193169156042        276.49531400197594        276.48997306850077     
   1.0000018521696223        276.49048517482976        276.48997306850077     
   1.0000001844572834        276.49002406909011        276.48997306850077     
   1.0000000184381652        276.48997816646857        276.48997306850077     
   1.0000000018437405        276.48997357827653        276.48997306850077     
   1.0000000001843732        276.48997311947812        276.48997306850077     
   1.0000000000184370        276.48997307359843        276.48997306850077     
   1.0000000000018434        276.48997306901049        276.48997306850077     
   1.0000000000001843        276.48997306855171        276.48997306850077     
   1.0000000000000180        276.48997306850578        276.48997306850077     
 comp:           1
  -4.4300731024443797E-002   0.0000000000000000     
  -1.3737622775293957E-002   0.0000000000000000     
  -4.3358949733392927E-003   0.0000000000000000     
  -1.3708679952382956E-003   0.0000000000000000     
  -4.3349822880109617E-004   0.0000000000000000     
  -1.3708391417135616E-004   0.0000000000000000     
  -4.3349731629288933E-005   0.0000000000000000     
  -1.3708388562259694E-005   0.0000000000000000     
  -4.3349730125260709E-006   0.0000000000000000     
  -1.3708389070205078E-006   0.0000000000000000     
 comp:           2
  -3.2298805610762940E-002   0.0000000000000000     
  -1.0015834892845991E-002   0.0000000000000000     
  -3.1612171098327432E-003   0.0000000000000000     
  -9.9947332408097437E-004   0.0000000000000000     
  -3.1605516886236147E-004   0.0000000000000000     
  -9.9945228753451083E-005   0.0000000000000000     
  -3.1605450357028810E-005   0.0000000000000000     
  -9.9945207939103259E-006   0.0000000000000000     
  -3.1605449260470948E-006   0.0000000000000000     
  -9.9945211642434748E-007   0.0000000000000000     
 comp:           3
  0.99997383565086229        276.48273888831233        276.48997306850077     
  0.99999749425533924        276.48928025522702        276.48997306850077     
  0.99999975048146239        276.48990407912703        276.48997306850077     
  0.99999997505865656        276.48996617246939        276.48997306850077     
  0.99999999750597046        276.48997237892661        276.48997306850077     
  0.99999999975059806        276.48997299954362        276.48997306850077     
  0.99999999997505951        276.48997306160499        276.48997306850077     
  0.99999999999750577        276.48997306781115        276.48997306850077     
  0.99999999999975042        276.48997306843177        276.48997306850077     
  0.99999999999997469        276.48997306849378        276.48997306850077     
     
 Collinear #          46
 
 part:           1
 comp:           0
  0.99999512981262240        276.59219559893864        276.59354266131885     
  0.99999953517176232        276.59341409282985        276.59354266131885     
  0.99999995372808359        276.59352986280555        276.59354266131885     
  0.99999999537490680        276.59354138204793        276.59354266131885     
  0.99999999953751173        276.59354253339757        276.59354266131885     
  0.99999999995375122        276.59354264852675        276.59354266131885     
  0.99999999999537492        276.59354266003959        276.59354266131885     
  0.99999999999953737        276.59354266119090        276.59354266131885     
  0.99999999999995381        276.59354266130606        276.59354266131885     
  0.99999999999999523        276.59354266131754        276.59354266131885     
 comp:           1
   0.0000000000000000        0.0000000000000000     
   0.0000000000000000        0.0000000000000000     
   0.0000000000000000        0.0000000000000000     
   0.0000000000000000        0.0000000000000000     
   0.0000000000000000        0.0000000000000000     
   0.0000000000000000        0.0000000000000000     
   0.0000000000000000        0.0000000000000000     
   0.0000000000000000        0.0000000000000000     
   0.0000000000000000        0.0000000000000000     
   0.0000000000000000        0.0000000000000000     
 comp:           2
   0.0000000000000000        0.0000000000000000     
   0.0000000000000000        0.0000000000000000     
   0.0000000000000000        0.0000000000000000     
   0.0000000000000000        0.0000000000000000     
   0.0000000000000000        0.0000000000000000     
   0.0000000000000000        0.0000000000000000     
   0.0000000000000000        0.0000000000000000     
   0.0000000000000000        0.0000000000000000     
   0.0000000000000000        0.0000000000000000     
   0.0000000000000000        0.0000000000000000     
 comp:           3
  0.99999512981262240        276.59219559893864        276.59354266131885     
  0.99999953517176232        276.59341409282985        276.59354266131885     
  0.99999995372808359        276.59352986280555        276.59354266131885     
  0.99999999537490680        276.59354138204793        276.59354266131885     
  0.99999999953751173        276.59354253339757        276.59354266131885     
  0.99999999995375122        276.59354264852675        276.59354266131885     
  0.99999999999537492        276.59354266003959        276.59354266131885     
  0.99999999999953737        276.59354266119090        276.59354266131885     
  0.99999999999995381        276.59354266130606        276.59354266131885     
  0.99999999999999523        276.59354266131754        276.59354266131885     
 
 part:           2
 comp:           0
   1.0000651574299428        276.26799974002171        276.25000000000000     
   1.0000062430155361        276.25172463304187        276.25000000000000     
   1.0000006216984276        276.25017174419065        276.25000000000000     
   1.0000000621439300        276.25001716726064        276.25000000000000     
   1.0000000062141339        276.25000171665448        276.25000000000000     
   1.0000000006214109        276.25000017166474        276.25000000000000     
   1.0000000000621410        276.25000001716643        276.25000000000000     
   1.0000000000062141        276.25000000171667        276.25000000000000     
   1.0000000000006215        276.25000000017167        276.25000000000000     
   1.0000000000000622        276.25000000001717        276.25000000000000     
 comp:           1
   0.0000000000000000        0.0000000000000000     
   0.0000000000000000        0.0000000000000000     
   0.0000000000000000        0.0000000000000000     
   0.0000000000000000        0.0000000000000000     
   0.0000000000000000        0.0000000000000000     
   0.0000000000000000        0.0000000000000000     
   0.0000000000000000        0.0000000000000000     
   0.0000000000000000        0.0000000000000000     
   0.0000000000000000        0.0000000000000000     
   0.0000000000000000        0.0000000000000000     
 comp:           2
   0.0000000000000000        0.0000000000000000     
   0.0000000000000000        0.0000000000000000     
   0.0000000000000000        0.0000000000000000     
   0.0000000000000000        0.0000000000000000     
   0.0000000000000000        0.0000000000000000     
   0.0000000000000000        0.0000000000000000     
   0.0000000000000000        0.0000000000000000     
   0.0000000000000000        0.0000000000000000     
   0.0000000000000000        0.0000000000000000     
   0.0000000000000000        0.0000000000000000     
 comp:           3
   1.0000651574299428       -276.26799974002171       -276.25000000000000     
   1.0000062430155361       -276.25172463304187       -276.25000000000000     
   1.0000006216984276       -276.25017174419065       -276.25000000000000     
   1.0000000621439300       -276.25001716726064       -276.25000000000000     
   1.0000000062141339       -276.25000171665448       -276.25000000000000     
   1.0000000006214109       -276.25000017166474       -276.25000000000000     
   1.0000000000621410       -276.25000001716643       -276.25000000000000     
   1.0000000000062141       -276.25000000171667       -276.25000000000000     
   1.0000000000006215       -276.25000000017167       -276.25000000000000     
   1.0000000000000622       -276.25000000001717       -276.25000000000000     
 
 part:           3
 comp:           0
   1.0001209616806397        52.824182397256116        52.817793468190530     
   1.0000375008314026        52.819774179358440        52.817793468190530     
   1.0000118352269687        52.818418578764216        52.817793468190530     
   1.0000037418270242        52.817991103237489        52.817793468190530     
   1.0000011832385898        52.817855964241993        52.817793468190530     
   1.0000003741713446        52.817813231095329        52.817793468190530     
   1.0000001183232621        52.817799717764153        52.817793468190530     
   1.0000000374170916        52.817795444478755        52.817793468190530     
   1.0000000118323225        52.817794093147690        52.817793468190530     
   1.0000000037417089        52.817793665819337        52.817793468190530     
 comp:           1
   1.0007658148800267       -19.472741108143218       -19.457840004734415     
   1.0002374644913692       -19.462460550814281       -19.457840004734415     
   1.0000749479118407       -19.459298329211702       -19.457840004734415     
   1.0000236959753912       -19.458301077232335       -19.457840004734415     
   1.0000074931722700       -19.457985805681574       -19.457840004734415     
   1.0000023695436311       -19.457886110935274       -19.457840004734415     
   1.0000007493152494       -19.457854584790649       -19.457840004734415     
   1.0000002369542738       -19.457844615352762       -19.457840004734415     
   1.0000000749315183       -19.457841462739911       -19.457840004734415     
   1.0000000236954278       -19.457840465796259       -19.457840004734415     
 comp:           2
   1.0000632813964354        27.374207179094103        27.372475010651534     
   1.0000196223460913        27.373012122829568        27.372475010651534     
   1.0000061931527382        27.372644532570099        27.372475010651534     
   1.0000019580638242        27.372528607704634        27.372475010651534     
   1.0000006191814985        27.372491959181630        27.372475010651534     
   1.0000001958019278        27.372480370234911        27.372475010651534     
   1.0000000619179863        27.372476705500070        27.372475010651534     
   1.0000000195801855        27.372475546609671        27.372475010651534     
   1.0000000061917982        27.372475180136373        27.372475010651534     
   1.0000000019580186        27.372475064247350        27.372475010651534     
 comp:           3
   1.0000000000000000       -40.727161108894457       -40.727161108894457     
   1.0000000000000000       -40.727161108894457       -40.727161108894457     
   1.0000000000000000       -40.727161108894457       -40.727161108894457     
   1.0000000000000000       -40.727161108894457       -40.727161108894457     
   1.0000000000000000       -40.727161108894457       -40.727161108894457     
   1.0000000000000000       -40.727161108894457       -40.727161108894457     
   1.0000000000000000       -40.727161108894457       -40.727161108894457     
   1.0000000000000000       -40.727161108894457       -40.727161108894457     
   1.0000000000000000       -40.727161108894457       -40.727161108894457     
   1.0000000000000000       -40.727161108894457       -40.727161108894457     
 
 part:           4
 comp:           0
   1.0001660612677723        99.615503594607745        99.598964064366399     
   1.0000514859308167        99.604092009739631        99.598964064366399     
   1.0000162492235238        99.600582470196215        99.598964064366399     
   1.0000051373879466        99.599475742883882        99.598964064366399     
   1.0000016245452510        99.599125867390470        99.598964064366399     
   1.0000005137244969        99.599015230794109        99.598964064366399     
   1.0000001624538355        99.598980244600114        99.598964064366399     
   1.0000000513724041        99.598969181004620        99.598964064366399     
   1.0000000162453795        99.598965682389377        99.598964064366399     
   1.0000000051372402        99.598964576030198        99.598964064366399     
 comp:           1
   1.0004343534067222       -64.721437200787136       -64.693337429282508     
   1.0001346825571378       -64.702050493397266       -64.693337429282508     
   1.0000425079474240       -64.696087410268632       -64.693337429282508     
   1.0000134395439604       -64.694206878234837       -64.693337429282508     
   1.0000042498681070       -64.693612367433985       -64.693337429282508     
   1.0000013439229773       -64.693424372145159       -64.693337429282508     
   1.0000004249856047       -64.693364923019629       -64.693337429282508     
   1.0000001343922387       -64.693346123564950       -64.693337429282508     
   1.0000000424985560       -64.693340178655930       -64.693337429282508     
   1.0000000134392240       -64.693338298710756       -64.693337429282508     
 comp:           2
  0.99993753562126719       -52.289552890785949       -52.292819329257540     
  0.99998063129671000       -52.291806485155753       -52.292819329257540     
  0.99999388693058244       -52.292499659622941       -52.292819329257540     
  0.99999806725870932       -52.292718260766414       -52.292819329257540     
  0.99999938882631767       -52.292787369262591       -52.292819329257540     
  0.99999980673038935       -52.292809222644706       -52.292819329257540     
  0.99999993888280525       -52.292816133267117       -52.292819329257540     
  0.99999998067304741       -52.292818318596701       -52.292819329257540     
  0.99999999388828109       -52.292819009658530       -52.292819329257540     
  0.99999999806730466       -52.292819228191455       -52.292819329257540     
 comp:           3
   1.0000000000000000       -54.773960798481390       -54.773960798481390     
   1.0000000000000000       -54.773960798481390       -54.773960798481390     
   1.0000000000000000       -54.773960798481390       -54.773960798481390     
   1.0000000000000000       -54.773960798481390       -54.773960798481390     
   1.0000000000000000       -54.773960798481390       -54.773960798481390     
   1.0000000000000000       -54.773960798481390       -54.773960798481390     
   1.0000000000000000       -54.773960798481390       -54.773960798481390     
   1.0000000000000000       -54.773960798481390       -54.773960798481390     
   1.0000000000000000       -54.773960798481390       -54.773960798481390     
   1.0000000000000000       -54.773960798481390       -54.773960798481390     
 
 part:           5
 comp:           0
   1.0001388751395590        154.97244507776014        154.95092624625289     
   1.0000430556827828        154.95759776418026        154.95092624625289     
   1.0000135884568981        154.95303179023551        154.95092624625289     
   1.0000042961408184        154.95159193725198        154.95092624625289     
   1.0000013585246457        154.95113675090505        154.95092624625289     
   1.0000004296015561        154.95099281341194        154.95092624625289     
   1.0000001358518309        154.95094729661992        154.95092624625289     
   1.0000000429601119        154.95093290296202        154.95092624625289     
   1.0000000135851792        154.95092835128898        154.95092624625289     
   1.0000000042960109        154.95092691192377        154.95092624625289     
 comp:           1
   1.0005014362423910       -87.224449445585279       -87.180733865986625     
   1.0001554847909511       -87.194289144166746       -87.180733865986625     
   1.0000490736033314       -87.185012138738500       -87.180733865986625     
   1.0000155153915735       -87.182086509210222       -87.180733865986625     
   1.0000049062964469       -87.181161600511430       -87.180733865986625     
   1.0000015515034730       -87.180869127198008       -87.180733865986625     
   1.0000004906283111       -87.180776639322843       -87.180733865986625     
   1.0000001551502848       -87.180747392102319       -87.180733865986625     
   1.0000000490628265       -87.180738143319843       -87.180733865986625     
   1.0000000155150288       -87.180735218598215       -87.180733865986625     
 comp:           2
  0.99994592271308202       -93.965743307547953       -93.970824994813114     
  0.99998323177516735       -93.969249270891893       -93.970824994813114     
  0.99999470766748977       -93.970327669960980       -93.970824994813114     
  0.99999832674583355       -93.970667757738667       -93.970824994813114     
  0.99999947088148367       -93.970775273109609       -93.970824994813114     
  0.99999983267843173       -93.970809271467303       -93.970824994813114     
  0.99999994708829221       -93.970820022656284       -93.970824994813114     
  0.99999998326785000       -93.970823422479171       -93.970824994813114     
  0.99999999470882972       -93.970824497597476       -93.970824994813114     
  0.99999999832678488       -93.970824837579713       -93.970824994813114     
 comp:           3
   1.0000000000000000       -33.340325172130349       -33.340325172130349     
   1.0000000000000000       -33.340325172130349       -33.340325172130349     
   1.0000000000000000       -33.340325172130349       -33.340325172130349     
   1.0000000000000000       -33.340325172130349       -33.340325172130349     
   1.0000000000000000       -33.340325172130349       -33.340325172130349     
   1.0000000000000000       -33.340325172130349       -33.340325172130349     
   1.0000000000000000       -33.340325172130349       -33.340325172130349     
   1.0000000000000000       -33.340325172130349       -33.340325172130349     
   1.0000000000000000       -33.340325172130349       -33.340325172130349     
   1.0000000000000000       -33.340325172130349       -33.340325172130349     
 
 part:           6
 comp:           0
   1.0484085310351630       0.36017305690117241       0.34354266131881794     
   1.0046396623512199       0.34513658327057678       0.34354266131881794     
   1.0004620452014148       0.34370139355696161       0.34354266131881794     
   1.0000461853965743       0.34355852797287112       0.34354266131881794     
   1.0000046183485090       0.34354424791855559       0.34354266131881794     
   1.0000004618329392       0.34354281997813496       0.34354266131881794     
   1.0000000461832748       0.34354267718474307       0.34354266131881794     
   1.0000000046183275       0.34354266290541047       0.34354266131881794     
   1.0000000004618326       0.34354266147747714       0.34354266131881794     
   1.0000000000461828       0.34354266133468370       0.34354266131881794     
 comp:           1
  0.15586341947756974        0.0000000000000000     
   4.8332269871948497E-002   0.0000000000000000     
   1.5254698332033995E-002   0.0000000000000000     
   4.8230352268805420E-003   0.0000000000000000     
   1.5251484463452776E-003   0.0000000000000000     
   4.8229336240533535E-004   0.0000000000000000     
   1.5251452331017514E-004   0.0000000000000000     
   4.8229326187475063E-005   0.0000000000000000     
   1.5251451801582551E-005   0.0000000000000000     
   4.8229327974456709E-006   0.0000000000000000     
 comp:           2
  -1.8118235218104677E-002  -0.0000000000000000     
  -5.6183512276329730E-003  -0.0000000000000000     
  -1.7732718394568260E-003  -0.0000000000000000     
  -5.6065038864620853E-004  -0.0000000000000000     
  -1.7728982455301066E-004  -0.0000000000000000     
  -5.6063857789595053E-005  -0.0000000000000000     
  -1.7728945103174300E-005  -0.0000000000000000     
  -5.6063846103486880E-006  -0.0000000000000000     
  -1.7728944487736295E-006  -0.0000000000000000     
  -5.6063848180751306E-007  -0.0000000000000000     
 comp:           3
  0.94368442531232155       0.32419585891691421       0.34354266131881794     
  0.99460561455822638       0.34168945978797155       0.34354266131881794     
  0.99946282449118051       0.34335811861492282       0.34354266131881794     
  0.99994630497577375       0.34352421478729567       0.34354266131881794     
  0.99999463072274142       0.34354081674301917       0.34354266131881794     
  0.99999946307452536       0.34354247686201145       0.34354266131881794     
  0.99999994630747513       0.34354264287314507       0.34354266131881794     
  0.99999999463074807       0.34354265947425083       0.34354266131881794     
  0.99999999946307461       0.34354266113436116       0.34354266131881794     
  0.99999999994630695       0.34354266130037209       0.34354266131881794     
 
 part:           7
 comp:           0
  0.99981877130914565        245.08789121243530        245.13231622119017     
  0.99994379349047102        245.11853818932261        245.13231622119017     
  0.99998225918551253        245.12796737424321        245.13231622119017     
  0.99999439085287123        245.13094123796247        245.13231622119017     
  0.99999822625755386        245.13188141959597        245.13231622119017     
  0.99999943909362821        245.13217872491205        245.13231622119017     
  0.99999982262578158        245.13227274103716        245.13231622119017     
  0.99999994390933977        245.13230247155670        245.13231622119017     
  0.99999998226257536        245.13231187317419        245.13231622119017     
  0.99999999439093334        245.13231484622668        245.13231622119017     
 comp:           1
  0.99959641514274356        171.26276433503807        171.33191130000355     
  0.99987484303808616        171.31046791850636        171.33191130000355     
  0.99996049702553724        171.32514317988682        171.33191130000355     
  0.99998751037949207        171.32977142945052        171.33191130000355     
  0.99999605050327289        171.33123462518063        171.33191130000355     
  0.99999875106110769        171.33169731691603        171.33191130000355     
  0.99999960505084429        171.33184363260983        171.33191130000355     
  0.99999987510610511        171.33188990169384        171.33191130000355     
  0.99999996050508277        171.33190453326390        171.33191130000355     
  0.99999998751060970        171.33190916017244        171.33191130000355     
 comp:           2
   1.0000676075530688        118.89920725445789        118.89116931341911     
   1.0000209659896608        118.89366198444571        118.89116931341911     
   1.0000066174421423        118.89195606885326        118.89116931341911     
   1.0000020922308310        118.89141806118909        118.89116931341911     
   1.0000006616100796        118.89124797301511        118.89116931341911     
   1.0000002092192037        118.89119418773488        118.89116931341911     
   1.0000000661609214        118.89117717936841        118.89116931341911     
   1.0000000209219213        118.89117180085080        118.89116931341911     
   1.0000000066160923        118.89117010001408        118.89116931341911     
   1.0000000020921924        118.89116956216230        118.89116931341911     
 comp:           3
   1.0000000000000000        128.84144707950620        128.84144707950620     
   1.0000000000000000        128.84144707950620        128.84144707950620     
   1.0000000000000000        128.84144707950620        128.84144707950620     
   1.0000000000000000        128.84144707950620        128.84144707950620     
   1.0000000000000000        128.84144707950620        128.84144707950620     
   1.0000000000000000        128.84144707950620        128.84144707950620     
   1.0000000000000000        128.84144707950620        128.84144707950620     
   1.0000000000000000        128.84144707950620        128.84144707950620     
   1.0000000000000000        128.84144707950620        128.84144707950620     
   1.0000000000000000        128.84144707950620        128.84144707950620     
 
 part: i_fks+j_fks
 comp:           0
   1.0000551870226566        276.95236865583979        276.93708532263764     
   1.0000052912865067        276.93855067610042        276.93708532263764     
   1.0000005269562389        276.93723125636251        276.93708532263764     
   1.0000000526739967        276.93709991002078        276.93708532263764     
   1.0000000052671836        276.93708678131611        276.93708532263764     
   1.0000000005267162        276.93708546850490        276.93708532263764     
   1.0000000000526716        276.93708533722435        276.93708532263764     
   1.0000000000052671        276.93708532409630        276.93708532263764     
   1.0000000000005269        276.93708532278356        276.93708532263764     
   1.0000000000000528        276.93708532265225        276.93708532263764     
 comp:           1
  0.15586341947756974        0.0000000000000000     
   4.8332269871948497E-002   0.0000000000000000     
   1.5254698332033995E-002   0.0000000000000000     
   4.8230352268805420E-003   0.0000000000000000     
   1.5251484463452776E-003   0.0000000000000000     
   4.8229336240533535E-004   0.0000000000000000     
   1.5251452331017514E-004   0.0000000000000000     
   4.8229326187475063E-005   0.0000000000000000     
   1.5251451801582551E-005   0.0000000000000000     
   4.8229327974456709E-006   0.0000000000000000     
 comp:           2
  -1.8118235218104677E-002   0.0000000000000000     
  -5.6183512276329730E-003   0.0000000000000000     
  -1.7732718394568260E-003   0.0000000000000000     
  -5.6065038864620853E-004   0.0000000000000000     
  -1.7728982455301066E-004   0.0000000000000000     
  -5.6063857789595053E-005   0.0000000000000000     
  -1.7728945103174300E-005   0.0000000000000000     
  -5.6063846103486880E-006   0.0000000000000000     
  -1.7728944487736295E-006   0.0000000000000000     
  -5.6063848180751306E-007   0.0000000000000000     
 comp:           3
  0.99992527593493685        276.91639145785558        276.93708532263764     
  0.99999284397025590        276.93510355261782        276.93708532263764     
  0.99999928741498467        276.93688798142045        276.93708532263764     
  0.99999992877153887        276.93706559683523        276.93708532263764     
  0.99999999287745434        276.93708335014060        276.93708532263764     
  0.99999999928774841        276.93708512538876        276.93708532263764     
  0.99999999992877486        276.93708530291275        276.93708532263764     
  0.99999999999287736        276.93708532066512        276.93708532263764     
  0.99999999999928779        276.93708532244040        276.93708532263764     
  0.99999999999992872        276.93708532261792        276.93708532263764     
     
 Collinear #          67
 
 part:           1
 comp:           0
  0.99999249303137672        276.77987611237324        276.78195390581669     
  0.99999928353027412        276.78175559992604        276.78195390581669     
  0.99999992867832588        276.78193416526437        276.78195390581669     
  0.99999999287106967        276.78195193265742        276.78195390581669     
  0.99999999928713956        276.78195370850977        276.78195390581669     
  0.99999999992871436        276.78195388608611        276.78195390581669     
  0.99999999999287148        276.78195390384366        276.78195390581669     
  0.99999999999928713        276.78195390561939        276.78195390581669     
  0.99999999999992872        276.78195390579697        276.78195390581669     
  0.99999999999999301        276.78195390581476        276.78195390581669     
 comp:           1
   0.0000000000000000        0.0000000000000000     
   0.0000000000000000        0.0000000000000000     
   0.0000000000000000        0.0000000000000000     
   0.0000000000000000        0.0000000000000000     
   0.0000000000000000        0.0000000000000000     
   0.0000000000000000        0.0000000000000000     
   0.0000000000000000        0.0000000000000000     
   0.0000000000000000        0.0000000000000000     
   0.0000000000000000        0.0000000000000000     
   0.0000000000000000        0.0000000000000000     
 comp:           2
   0.0000000000000000        0.0000000000000000     
   0.0000000000000000        0.0000000000000000     
   0.0000000000000000        0.0000000000000000     
   0.0000000000000000        0.0000000000000000     
   0.0000000000000000        0.0000000000000000     
   0.0000000000000000        0.0000000000000000     
   0.0000000000000000        0.0000000000000000     
   0.0000000000000000        0.0000000000000000     
   0.0000000000000000        0.0000000000000000     
   0.0000000000000000        0.0000000000000000     
 comp:           3
  0.99999249303137672        276.77987611237324        276.78195390581669     
  0.99999928353027412        276.78175559992604        276.78195390581669     
  0.99999992867832588        276.78193416526437        276.78195390581669     
  0.99999999287106967        276.78195193265742        276.78195390581669     
  0.99999999928713956        276.78195370850977        276.78195390581669     
  0.99999999992871436        276.78195388608611        276.78195390581669     
  0.99999999999287148        276.78195390384366        276.78195390581669     
  0.99999999999928713        276.78195390561939        276.78195390581669     
  0.99999999999992872        276.78195390579697        276.78195390581669     
  0.99999999999999301        276.78195390581476        276.78195390581669     
 
 part:           2
 comp:           0
   1.0001008612720510        276.27786292640411        276.25000000000000     
   1.0000096636551077        276.25266958472349        276.25000000000000     
   1.0000009623332413        276.25026584455793        276.25000000000000     
   1.0000000961931852        276.25002657336739        276.25000000000000     
   1.0000000096189172        276.25000265722588        276.25000000000000     
   1.0000000009618877        276.25000026572150        276.25000000000000     
   1.0000000000961888        276.25000002657214        276.25000000000000     
   1.0000000000096188        276.25000000265720        276.25000000000000     
   1.0000000000009619        276.25000000026574        276.25000000000000     
   1.0000000000000964        276.25000000002660        276.25000000000000     
 comp:           1
   0.0000000000000000        0.0000000000000000     
   0.0000000000000000        0.0000000000000000     
   0.0000000000000000        0.0000000000000000     
   0.0000000000000000        0.0000000000000000     
   0.0000000000000000        0.0000000000000000     
   0.0000000000000000        0.0000000000000000     
   0.0000000000000000        0.0000000000000000     
   0.0000000000000000        0.0000000000000000     
   0.0000000000000000        0.0000000000000000     
   0.0000000000000000        0.0000000000000000     
 comp:           2
   0.0000000000000000        0.0000000000000000     
   0.0000000000000000        0.0000000000000000     
   0.0000000000000000        0.0000000000000000     
   0.0000000000000000        0.0000000000000000     
   0.0000000000000000        0.0000000000000000     
   0.0000000000000000        0.0000000000000000     
   0.0000000000000000        0.0000000000000000     
   0.0000000000000000        0.0000000000000000     
   0.0000000000000000        0.0000000000000000     
   0.0000000000000000        0.0000000000000000     
 comp:           3
   1.0001008612720510       -276.27786292640411       -276.25000000000000     
   1.0000096636551077       -276.25266958472349       -276.25000000000000     
   1.0000009623332413       -276.25026584455793       -276.25000000000000     
   1.0000000961931852       -276.25002657336739       -276.25000000000000     
   1.0000000096189172       -276.25000265722588       -276.25000000000000     
   1.0000000009618877       -276.25000026572150       -276.25000000000000     
   1.0000000000961888       -276.25000002657214       -276.25000000000000     
   1.0000000000096188       -276.25000000265720       -276.25000000000000     
   1.0000000000009619       -276.25000000026574       -276.25000000000000     
   1.0000000000000964       -276.25000000002660       -276.25000000000000     
 
 part:           3
 comp:           0
   1.0000303594946913        27.362104674922893        27.361274000470129     
   1.0000093934751724        27.361531017918139        27.361274000470129     
   1.0000029627704108        27.361355065643139        27.361274000470129     
   1.0000009365305618        27.361299625139438        27.361274000470129     
   1.0000002961312846        27.361282102999347        27.361274000470129     
   1.0000000936427547        27.361276562655195        27.361274000470129     
   1.0000000296122333        27.361274810698561        27.361274000470129     
   1.0000000093641903        27.361274256686308        27.361274000470129     
   1.0000000029612148        27.361274081492741        27.361274000470129     
   1.0000000009364183        27.361274026091728        27.361274000470129     
 comp:           1
  0.99869301636528507       -7.8074809293925522       -7.8176985334368894     
  0.99959472285214268       -7.8145301988724496       -7.8176985334368894     
  0.99987208645538672       -7.8166985439067593       -7.8176985334368894     
  0.99995955797972191       -7.8173823699142719       -7.8176985334368894     
  0.99998721135947188       -7.8175985557005880       -7.8176985334368894     
  0.99999595588493539       -7.8176669177644795       -7.8176985334368894     
  0.99999872113881394       -7.8176885356856705       -7.8176985334368894     
  0.99999959558859486       -7.8176953718704407       -7.8176985334368894     
  0.99999987211388763       -7.8176975336618160       -7.8176985334368894     
  0.99999995955885812       -7.8176982172802338       -7.8176985334368894     
 comp:           2
   1.0003929647442127        16.159531143813894        16.153183512186807     
   1.0001218528117055        16.155151823015760        16.153183512186807     
   1.0000384591757734        16.153804750310801        16.153183512186807     
   1.0000121595157980        16.153379927076912        16.153183512186807     
   1.0000038451015916        16.153245622818439        16.153183512186807     
   1.0000012159254330        16.153203153253465        16.153183512186807     
   1.0000003845092971        16.153189723236046        16.153183512186807     
   1.0000001215925127        16.153185476292979        16.153183512186807     
   1.0000000384509280        16.153184133291703        16.153183512186807     
   1.0000000121592518        16.153183708597432        16.153183512186807     
 comp:           3
   1.0000000000000000       -20.577653850493171       -20.577653850493171     
   1.0000000000000000       -20.577653850493171       -20.577653850493171     
   1.0000000000000000       -20.577653850493171       -20.577653850493171     
   1.0000000000000000       -20.577653850493171       -20.577653850493171     
   1.0000000000000000       -20.577653850493171       -20.577653850493171     
   1.0000000000000000       -20.577653850493171       -20.577653850493171     
   1.0000000000000000       -20.577653850493171       -20.577653850493171     
   1.0000000000000000       -20.577653850493171       -20.577653850493171     
   1.0000000000000000       -20.577653850493171       -20.577653850493171     
   1.0000000000000000       -20.577653850493171       -20.577653850493171     
 
 part:           4
 comp:           0
   1.0004395538509712        124.64536836664404        124.59060408682285     
   1.0001362801847298        124.60758331736339        124.59060408682285     
   1.0000430108732670        124.59596283750550        124.59060408682285     
   1.0000135984252259        124.59229832283637        124.59060408682285     
   1.0000043000972090        124.59113983853175        124.59060408682285     
   1.0000013598055275        124.59077350581497        124.59060408682285     
   1.0000004300079817        124.59065766177704        124.59060408682285     
   1.0000001359804414        124.59062102870817        124.59060408682285     
   1.0000000430007883        124.59060944431704        124.59060408682285     
   1.0000000135980440        124.59060578101136        124.59060408682285     
 comp:           1
   1.0004364117138367        106.67925665616890        106.63272088769523     
   1.0001353060053930        106.64714893520272        106.63272088769523     
   1.0000427034177051        106.63727446931632        106.63272088769523     
   1.0000135012194555        106.63416055946107        106.63272088769523     
   1.0000042693587925        106.63317614103971        106.63272088769523     
   1.0000013500852212        106.63286485095578        106.63272088769523     
   1.0000004269341531        106.63276641284561        106.63272088769523     
   1.0000001350084116        106.63273528400948        106.63272088769523     
   1.0000000426934055        106.63272544020923        106.63272088769523     
   1.0000000135008409        106.63272232732663        106.63272088769523     
 comp:           2
   1.0004491394247113        64.396664516120111        64.367754419929994     
   1.0001392521316348        64.376717766941510        64.367754419929994     
   1.0000439488397153        64.370583308051820        64.367754419929994     
   1.0000138949751962        64.368648808281094        64.367754419929994     
   1.0000043938723253        64.368037243624784        64.367754419929994     
   1.0000013894597239        64.367843856332286        64.367754419929994     
   1.0000004393854560        64.367782702185124        64.367754419929994     
   1.0000001389458584        64.367763363562887        64.367754419929994     
   1.0000000439385355        64.367757248154859        64.367754419929994     
   1.0000000138945857        64.367755314293277        64.367754419929994     
 comp:           3
   1.0000000000000000        3.0122506107412494        3.0122506107412494     
   1.0000000000000000        3.0122506107412494        3.0122506107412494     
   1.0000000000000000        3.0122506107412494        3.0122506107412494     
   1.0000000000000000        3.0122506107412494        3.0122506107412494     
   1.0000000000000000        3.0122506107412494        3.0122506107412494     
   1.0000000000000000        3.0122506107412494        3.0122506107412494     
   1.0000000000000000        3.0122506107412494        3.0122506107412494     
   1.0000000000000000        3.0122506107412494        3.0122506107412494     
   1.0000000000000000        3.0122506107412494        3.0122506107412494     
   1.0000000000000000        3.0122506107412494        3.0122506107412494     
 
 part:           5
 comp:           0
   1.0002692260955035        152.90387280484748        152.86271817208595     
   1.0000834634043763        152.87547661494679        152.86271817208595     
   1.0000263407912739        152.86674469703888        152.86271817208595     
   1.0000083278928613        152.86399119642539        152.86271817208595     
   1.0000026334404764        152.86312072695532        152.86271817208595     
   1.0000008327634022        152.86284547056320        152.86271817208595     
   1.0000002633426599        152.86275842736075        152.86271817208595     
   1.0000000832762397        152.86273090191830        152.86271817208595     
   1.0000000263342568        152.86272219761202        152.86271817208595     
   1.0000000083276235        152.86271944506910        152.86271817208595     
 comp:           1
   1.0014010300026464        40.806260229757463        40.749169420815981     
   1.0004344038048745        40.766871015057859        40.749169420815981     
   1.0001371030230870        40.754756255131859        40.749169420815981     
   1.0000433470820973        40.750935778408262        40.749169420815981     
   1.0000137072491981        40.749727979835846        40.749169420815981     
   1.0000043346005825        40.749346052189487        40.749169420815981     
   1.0000013707204054        40.749225276534013        40.749169420815981     
   1.0000004334598056        40.749187083943035        40.749169420815981     
   1.0000001370720195        40.749175006386928        40.749169420815981     
   1.0000000433459808        40.749171187128695        40.749169420815981     
 comp:           2
   1.0003174039552150        111.77748506157288        111.74201770319019     
   1.0000984143705469        111.75301472352608        111.74201770319019     
   1.0000310607493896        111.74548849399837        111.74201770319019     
   1.0000098203002639        111.74311504335613        111.74201770319019     
   1.0000031053832554        111.74236470498089        111.74201770319019     
   1.0000009820056435        111.74212743448217        111.74201770319019     
   1.0000003105373028        111.74205240325497        111.74201770319019     
   1.0000000982005071        111.74202867631298        111.74201770319019     
   1.0000000310537256        111.74202117319614        111.74201770319019     
   1.0000000098200508        111.74201880050248        111.74201770319019     
 comp:           3
   1.0000000000000000       -52.469241691886609       -52.469241691886609     
   1.0000000000000000       -52.469241691886609       -52.469241691886609     
   1.0000000000000000       -52.469241691886609       -52.469241691886609     
   1.0000000000000000       -52.469241691886609       -52.469241691886609     
   1.0000000000000000       -52.469241691886609       -52.469241691886609     
   1.0000000000000000       -52.469241691886609       -52.469241691886609     
   1.0000000000000000       -52.469241691886609       -52.469241691886609     
   1.0000000000000000       -52.469241691886609       -52.469241691886609     
   1.0000000000000000       -52.469241691886609       -52.469241691886609     
   1.0000000000000000       -52.469241691886609       -52.469241691886609     
 
 part:           6
 comp:           0
   1.0483721288571461       0.55768564869495374       0.53195390581672497     
   1.0046360127614886       0.53442005091261502       0.53195390581672497     
   1.0004616802274842       0.53219949841697356       0.53195390581672497     
   1.0000461488991035       0.53197845490385220       0.53195390581672497     
   1.0000046146987613       0.53195636062375518       0.53195390581672497     
   1.0000004614679643       0.53195415129641099       0.53195390581672497     
   1.0000000461467777       0.53195393036468364       0.53195390581672497     
   1.0000000046146778       0.53195390827152078       0.53195390581672497     
   1.0000000004614678       0.53195390606220450       0.53195390581672497     
   1.0000000000461464       0.53195390584127278       0.53195390581672497     
 comp:           1
 -0.20631863908629117       -0.0000000000000000     
  -6.3977161053691944E-002  -0.0000000000000000     
  -2.0192531867765061E-002  -0.0000000000000000     
  -6.3842153130246621E-003  -0.0000000000000000     
  -2.0188274539871230E-003  -0.0000000000000000     
  -6.3840807224421346E-004  -0.0000000000000000     
  -2.0188231974887315E-004  -0.0000000000000000     
  -6.3840793907295670E-005  -0.0000000000000000     
  -2.0188231273763040E-005  -0.0000000000000000     
  -6.3840796272610076E-006  -0.0000000000000000     
 comp:           2
 -0.12817434625953117       -0.0000000000000000     
  -3.9745467641282860E-002  -0.0000000000000000     
  -1.2544501955507071E-002  -0.0000000000000000     
  -3.9661594694058626E-003  -0.0000000000000000     
  -1.2541857113421929E-003  -0.0000000000000000     
  -3.9660758557294418E-004  -0.0000000000000000     
  -1.2541830670154315E-004  -0.0000000000000000     
  -3.9660750284101628E-005  -0.0000000000000000     
  -1.2541830234584624E-005  -0.0000000000000000     
  -3.9660751753540499E-006  -0.0000000000000000     
 comp:           3
  0.94371557475140966       0.50201318596908784       0.53195390581672497     
  0.99460876105466733       0.52908601520256404       0.53195390581672497     
  0.99946313936747522       0.53166832070637415       0.53195390581672497     
  0.99994633646558850       0.53192535928999485       0.53195390581672497     
  0.99999463387174492       0.53195105128384057       0.53195390581672497     
  0.99999946338942580       0.53195362036463412       0.53195390581672497     
  0.99999994633896550       0.53195387727152810       0.53195390581672497     
  0.99999999463389710       0.53195390296220557       0.53195390581672497     
  0.99999999946338913       0.53195390553127275       0.53195390581672497     
  0.99999999994633881       0.53195390578817969       0.53195390581672497     
 
 part:           7
 comp:           0
  0.99960960074557181        247.58870754366797        247.68540374062104     
  0.99987892077345075        247.65541418350858        247.68540374062104     
  0.99996178285332782        247.67593791121772        247.68540374062104     
  0.99998791679341581        247.68241090671975        247.68540374062104     
  0.99999617900780036        247.68445733662537        247.68540374062104     
  0.99999879169648787        247.68510446147781        247.68540374062104     
  0.99999961790075309        247.68530910021479        247.68540374062104     
  0.99999987916959077        247.68537381269235        247.68540374062104     
  0.99999996179006834        247.68539427657868        247.68540374062104     
  0.99999998791695788        247.68540074782788        247.68540374062104     
 comp:           1
  0.99933740555904316       -139.47171731744754       -139.56419177507433     
  0.99979450900424305       -139.53551259033446       -139.56419177507433     
  0.99993514005071404       -139.55513964867367       -139.56419177507433     
  0.99997949314651646       -139.56132975264205       -139.56419177507433     
  0.99999351526102920       -139.56328673772100       -139.56419177507433     
  0.99999794934673336       -139.56390557730856       -139.56419177507433     
  0.99999935152635533       -139.56410127137423       -139.56419177507433     
  0.99999979493460478       -139.56416315528818       -139.56419177507433     
  0.99999993515262653       -139.56418272470307       -139.56419177507433     
  0.99999997949345876       -139.56418891309548       -139.56419177507433     
 comp:           2
  0.99970119433632021       -192.20550637524735       -192.26295563530701     
  0.99990733113716035       -192.24513884584209       -192.26295563530701     
  0.99997075055419316       -192.25733205040549       -192.26295563530701     
  0.99999075216514588       -192.26117761924473       -192.26295563530701     
  0.99999707562180995       -192.26239338571278       -192.26295563530701     
  0.99999907523098219       -192.26277783648237       -192.26295563530701     
  0.99999970756229484       -192.26289941036947       -192.26295563530701     
  0.99999990752306722       -192.26293785541858       -192.26295563530701     
  0.99999997075622538       -192.26295001281247       -192.26295563530701     
  0.99999999075230595       -192.26295385731802       -192.26295563530701     
 comp:           3
   1.0000000000000000        70.034644931638539        70.034644931638539     
   1.0000000000000000        70.034644931638539        70.034644931638539     
   1.0000000000000000        70.034644931638539        70.034644931638539     
   1.0000000000000000        70.034644931638539        70.034644931638539     
   1.0000000000000000        70.034644931638539        70.034644931638539     
   1.0000000000000000        70.034644931638539        70.034644931638539     
   1.0000000000000000        70.034644931638539        70.034644931638539     
   1.0000000000000000        70.034644931638539        70.034644931638539     
   1.0000000000000000        70.034644931638539        70.034644931638539     
   1.0000000000000000        70.034644931638539        70.034644931638539     
 
 part: i_fks+j_fks
 comp:           0
   1.0000852966575726        277.33756176106817        277.31390781163344     
   1.0000081778776373        277.31617565083866        277.31390781163344     
   1.0000008144274106        277.31413366368133        277.31390781163344     
   1.0000000814092882        277.31393038756130        277.31390781163344     
   1.0000000081405946        277.31391006913356        277.31390781163344     
   1.0000000008140562        277.31390803738253        277.31390781163344     
   1.0000000000814055        277.31390783420835        277.31390781163344     
   1.0000000000081406        277.31390781389092        277.31390781163344     
   1.0000000000008140        277.31390781185917        277.31390781163344     
   1.0000000000000813        277.31390781165601        277.31390781163344     
 comp:           1
 -0.20631863908629117        0.0000000000000000     
  -6.3977161053691944E-002   0.0000000000000000     
  -2.0192531867765061E-002   0.0000000000000000     
  -6.3842153130246621E-003   0.0000000000000000     
  -2.0188274539871230E-003   0.0000000000000000     
  -6.3840807224421346E-004   0.0000000000000000     
  -2.0188231974887315E-004   0.0000000000000000     
  -6.3840793907295670E-005   0.0000000000000000     
  -2.0188231273763040E-005   0.0000000000000000     
  -6.3840796272610076E-006   0.0000000000000000     
 comp:           2
 -0.12817434625953117        0.0000000000000000     
  -3.9745467641282860E-002   0.0000000000000000     
  -1.2544501955507071E-002   0.0000000000000000     
  -3.9661594694058626E-003   0.0000000000000000     
  -1.2541857113421929E-003   0.0000000000000000     
  -3.9660758557294418E-004   0.0000000000000000     
  -1.2541830670154315E-004   0.0000000000000000     
  -3.9660750284101628E-005   0.0000000000000000     
  -1.2541830234584624E-005   0.0000000000000000     
  -3.9660751753540499E-006   0.0000000000000000     
 comp:           3
  0.99988454054272358        277.28188929834232        277.31390781163344     
  0.99998894322852738        277.31084161512860        277.31390781163344     
  0.99999889898900096        277.31360248597076        277.31390781163344     
  0.99999988994534650        277.31387729194739        277.31390781163344     
  0.99999998899499898        277.31390475979362        277.31390781163344     
  0.99999999889950453        277.31390750645073        277.31390781163344     
  0.99999999988995047        277.31390778111518        277.31390781163344     
  0.99999999998899491        277.31390780858158        277.31390781163344     
  0.99999999999889944        277.31390781132825        277.31390781163344     
  0.99999999999988998        277.31390781160292        277.31390781163344     
     
 Collinear #          26
 
 part:           1
 comp:           0
   1.0000028051282104        276.25077491666804        276.24999999999994     
   1.0000002687860625        276.25007425214972        276.24999999999994     
   1.0000000267666704        276.25000739429265        276.24999999999994     
   1.0000000026755529        276.25000073912145        276.24999999999994     
   1.0000000002675442        276.25000007390901        276.24999999999994     
   1.0000000000267544        276.25000000739084        276.24999999999994     
   1.0000000000026756        276.25000000073908        276.24999999999994     
   1.0000000000002680        276.25000000007395        276.24999999999994     
   1.0000000000000266        276.25000000000733        276.24999999999994     
   1.0000000000000029        276.25000000000074        276.24999999999994     
 comp:           1
   0.0000000000000000        0.0000000000000000     
   0.0000000000000000        0.0000000000000000     
   0.0000000000000000        0.0000000000000000     
   0.0000000000000000        0.0000000000000000     
   0.0000000000000000        0.0000000000000000     
   0.0000000000000000        0.0000000000000000     
   0.0000000000000000        0.0000000000000000     
   0.0000000000000000        0.0000000000000000     
   0.0000000000000000        0.0000000000000000     
   0.0000000000000000        0.0000000000000000     
 comp:           2
   0.0000000000000000        0.0000000000000000     
   0.0000000000000000        0.0000000000000000     
   0.0000000000000000        0.0000000000000000     
   0.0000000000000000        0.0000000000000000     
   0.0000000000000000        0.0000000000000000     
   0.0000000000000000        0.0000000000000000     
   0.0000000000000000        0.0000000000000000     
   0.0000000000000000        0.0000000000000000     
   0.0000000000000000        0.0000000000000000     
   0.0000000000000000        0.0000000000000000     
 comp:           3
   1.0000028051282104        276.25077491666804        276.24999999999994     
   1.0000002687860625        276.25007425214972        276.24999999999994     
   1.0000000267666704        276.25000739429265        276.24999999999994     
   1.0000000026755529        276.25000073912145        276.24999999999994     
   1.0000000002675442        276.25000007390901        276.24999999999994     
   1.0000000000267544        276.25000000739084        276.24999999999994     
   1.0000000000026756        276.25000000073908        276.24999999999994     
   1.0000000000002680        276.25000000007395        276.24999999999994     
   1.0000000000000266        276.25000000000733        276.24999999999994     
   1.0000000000000029        276.25000000000074        276.24999999999994     
 
 part:           2
 comp:           0
  0.99999978878137452        276.26472378840037        276.26478214066793     
  0.99999997983943167        276.26477657101293        276.26478214066793     
  0.99999999799308037        276.26478158622672        276.26478214066793     
  0.99999999979939902        276.26478208524895        276.26478214066793     
  0.99999999997994093        276.26478213512632        276.26478214066793     
  0.99999999999799427        276.26478214011382        276.26478214066793     
  0.99999999999979960        276.26478214061257        276.26478214066793     
  0.99999999999998024        276.26478214066248        276.26478214066793     
  0.99999999999999789        276.26478214066736        276.26478214066793     
   1.0000000000000000        276.26478214066793        276.26478214066793     
 comp:           1
   0.0000000000000000        0.0000000000000000     
   0.0000000000000000        0.0000000000000000     
   0.0000000000000000        0.0000000000000000     
   0.0000000000000000        0.0000000000000000     
   0.0000000000000000        0.0000000000000000     
   0.0000000000000000        0.0000000000000000     
   0.0000000000000000        0.0000000000000000     
   0.0000000000000000        0.0000000000000000     
   0.0000000000000000        0.0000000000000000     
   0.0000000000000000        0.0000000000000000     
 comp:           2
   0.0000000000000000        0.0000000000000000     
   0.0000000000000000        0.0000000000000000     
   0.0000000000000000        0.0000000000000000     
   0.0000000000000000        0.0000000000000000     
   0.0000000000000000        0.0000000000000000     
   0.0000000000000000        0.0000000000000000     
   0.0000000000000000        0.0000000000000000     
   0.0000000000000000        0.0000000000000000     
   0.0000000000000000        0.0000000000000000     
   0.0000000000000000        0.0000000000000000     
 comp:           3
  0.99999978878137452       -276.26472378840037       -276.26478214066793     
  0.99999997983943167       -276.26477657101293       -276.26478214066793     
  0.99999999799308037       -276.26478158622672       -276.26478214066793     
  0.99999999979939902       -276.26478208524895       -276.26478214066793     
  0.99999999997994093       -276.26478213512632       -276.26478214066793     
  0.99999999999799427       -276.26478214011382       -276.26478214066793     
  0.99999999999979960       -276.26478214061257       -276.26478214066793     
  0.99999999999998024       -276.26478214066248       -276.26478214066793     
  0.99999999999999789       -276.26478214066736       -276.26478214066793     
   1.0000000000000000       -276.26478214066793       -276.26478214066793     
 
 part:           3
 comp:           0
   1.0000000978887673        145.42792768960842        145.42791345384924     
   1.0000000303394927        145.42791786605835        145.42791345384924     
   1.0000000095742638        145.42791484621446        145.42791345384924     
   1.0000000030269141        145.42791389404704        145.42791345384924     
   1.0000000009571606        145.42791359304709        145.42791345384924     
   1.0000000003026788        145.42791349786719        145.42791345384924     
   1.0000000000957150        145.42791346776889        145.42791345384924     
   1.0000000000302678        145.42791345825103        145.42791345384924     
   1.0000000000095715        145.42791345524120        145.42791345384924     
   1.0000000000030267        145.42791345428941        145.42791345384924     
 comp:           1
  0.99999294801386418        92.725829486567065        92.726483392442375     
  0.99999781316632108        92.726280615045567        92.726483392442375     
  0.99999930978679752        92.726419391399318        92.726483392442375     
  0.99999978177717241        92.726463157406982        92.726483392442375     
  0.99999993099320261        92.726476993684727        92.726483392442375     
  0.99999997817817643        92.726481368981410        92.726483392442375     
  0.99999999309933485        92.726482752567961        92.726483392442375     
  0.99999999781781801        92.726483190096317        92.726483392442375     
  0.99999999930993344        92.726483328454933        92.726483392442375     
  0.99999999978178178        92.726483372207767        92.726483392442375     
 comp:           2
   1.0000436078280723       -37.921121697264553       -37.919468111618549     
   1.0000135228665021       -37.919980891523657       -37.919468111618549     
   1.0000042681165404       -37.919629956327597       -37.919468111618549     
   1.0000013494387769       -37.919519281619223       -37.919468111618549     
   1.0000004267218476       -37.919484292684039       -37.919468111618549     
   1.0000001349410383       -37.919473228510952       -37.919468111618549     
   1.0000000426720950       -37.919469729721690       -37.919468111618549     
   1.0000000134941012       -37.919468623307687       -37.919468111618549     
   1.0000000042672093       -37.919468273428855       -37.919468111618549     
   1.0000000013494101       -37.919468162787467       -37.919468111618549     
 comp:           3
   1.0000000000000000        105.40414364883061        105.40414364883061     
   1.0000000000000000        105.40414364883061        105.40414364883061     
   1.0000000000000000        105.40414364883061        105.40414364883061     
   1.0000000000000000        105.40414364883061        105.40414364883061     
   1.0000000000000000        105.40414364883061        105.40414364883061     
   1.0000000000000000        105.40414364883061        105.40414364883061     
   1.0000000000000000        105.40414364883061        105.40414364883061     
   1.0000000000000000        105.40414364883061        105.40414364883061     
   1.0000000000000000        105.40414364883061        105.40414364883061     
   1.0000000000000000        105.40414364883061        105.40414364883061     
 
 part:           4
 comp:           0
  0.99998930654865759        35.120264175494135        35.120639736346270     
  0.99999668392525776        35.120523273679908        35.120639736346270     
  0.99999895337171318        35.120602978091270        35.120639736346270     
  0.99999966909023019        35.120628114583461        35.120639736346270     
  0.99999989535912870        35.120636061291926        35.120639736346270     
  0.99999996690971282        35.120638574194217        35.120639736346270     
  0.99999998953593427        35.120639368841587        35.120639736346270     
  0.99999999669097195        35.120639620131087        35.120639736346270     
  0.99999999895359359        35.120639699595806        35.120639736346270     
  0.99999999966909725        35.120639724724754        35.120639736346270     
 comp:           1
  0.99999415258781366        27.006064044976029        27.006221961487434     
  0.99999818670013552        27.006172991108812        27.006221961487434     
  0.99999942768169714        27.006206505332315        27.006221961487434     
  0.99999981905161617        27.006217074755217        27.006221961487434     
  0.99999994278018478        27.006220416196403        27.006221961487434     
  0.99999998190553963        27.006221472824421        27.006221961487434     
  0.99999999427803032        27.006221806958649        27.006221961487434     
  0.99999999819055441        27.006221912621143        27.006221961487434     
  0.99999999942780315        27.006221946034557        27.006221961487434     
  0.99999999981905541        27.006221956600804        27.006221961487434     
 comp:           2
  0.99998213271602576        22.349751351858224        22.350150688347441     
  0.99999445930223907        22.350026852917566        22.350150688347441     
  0.99999825123091812        22.350111603094941        22.350150688347441     
  0.99999944709624444        22.350138330865189        22.350150688347441     
  0.99999982515980501        22.350146780642735        22.350150688347441     
  0.99999994471077969        22.350149452625036        22.350150688347441     
  0.99999998251601641        22.350150297577773        22.350150688347441     
  0.99999999447107901        22.350150564775223        22.350150688347441     
  0.99999999825160168        22.350150649270475        22.350150688347441     
  0.99999999944710782        22.350150675990218        22.350150688347441     
 comp:           3
   1.0000000000000000        2.1433793563576096        2.1433793563576096     
   1.0000000000000000        2.1433793563576096        2.1433793563576096     
   1.0000000000000000        2.1433793563576096        2.1433793563576096     
   1.0000000000000000        2.1433793563576096        2.1433793563576096     
   1.0000000000000000        2.1433793563576096        2.1433793563576096     
   1.0000000000000000        2.1433793563576096        2.1433793563576096     
   1.0000000000000000        2.1433793563576096        2.1433793563576096     
   1.0000000000000000        2.1433793563576096        2.1433793563576096     
   1.0000000000000000        2.1433793563576096        2.1433793563576096     
   1.0000000000000000        2.1433793563576096        2.1433793563576096     
 
 part:           5
 comp:           0
   1.0000032208010796        146.92972347197673        146.92925024208893     
   1.0000009987602922        146.92939698918983        146.92925024208893     
   1.0000003152293464        146.92929655850045        146.92925024208893     
   1.0000000996650491        146.92926488579985        146.92925024208893     
   1.0000000315162374        146.92925487274607        146.92925024208893     
   1.0000000099662889        146.92925170642829        146.92925024208893     
   1.0000000031516163        146.92925070515355        146.92925024208893     
   1.0000000009966288        146.92925038852283        146.92925024208893     
   1.0000000003151617        146.92925028839539        146.92925024208893     
   1.0000000000996627        146.92925025673230        146.92925024208893     
 comp:           1
  0.99999180209778704        80.587950884805295        80.588611542362202     
  0.99999745781840765        80.588406671477387        80.588611542362202     
  0.99999919763138201        80.588546880589334        80.588611542362202     
  0.99999974631732680        80.588591098427798        80.588611542362202     
  0.99999991978003200        80.588605077546362        80.588611542362202     
  0.99999997463226753        80.588609498011863        80.588611542362202     
  0.99999999197802014        80.588610895881985        80.588611542362202     
  0.99999999746322721        80.588611337927205        80.588611542362202     
  0.99999999919780203        80.588611477714181        80.588611542362202     
  0.99999999974632281        80.588611521918708        80.588611542362202     
 comp:           2
   1.0000227341602772       -73.488404235906472       -73.486733576727090     
   1.0000070498967015       -73.487251650607746       -73.486733576727090     
   1.0000022251029945       -73.486897092278028       -73.486733576727090     
   1.0000007035046774       -73.486785274987881       -73.486733576727090     
   1.0000002224634499       -73.486749924839359       -73.486733576727090     
   1.0000000703489846       -73.486738746444175       -73.486733576727090     
   1.0000000222462977       -73.486735211534850       -73.486733576727090     
   1.0000000070348969       -73.486734093698686       -73.486733576727090     
   1.0000000022246298       -73.486733740207868       -73.486733576727090     
   1.0000000007034897       -73.486733628424247       -73.486733576727090     
 comp:           3
   1.0000000000000000       -56.799333624869497       -56.799333624869497     
   1.0000000000000000       -56.799333624869497       -56.799333624869497     
   1.0000000000000000       -56.799333624869497       -56.799333624869497     
   1.0000000000000000       -56.799333624869497       -56.799333624869497     
   1.0000000000000000       -56.799333624869497       -56.799333624869497     
   1.0000000000000000       -56.799333624869497       -56.799333624869497     
   1.0000000000000000       -56.799333624869497       -56.799333624869497     
   1.0000000000000000       -56.799333624869497       -56.799333624869497     
   1.0000000000000000       -56.799333624869497       -56.799333624869497     
   1.0000000000000000       -56.799333624869497       -56.799333624869497     
 
 part:           6
 comp:           0
   1.0484722149124099        1.5498663767337720E-002   1.4782140668012351E-002
   1.0046460472000076        1.4850819191273087E-002   1.4782140668012351E-002
   1.0004626837133055        1.4788980123747231E-002   1.4782140668012351E-002
   1.0000462492479085        1.4782824330900725E-002   1.4782140668012351E-002
   1.0000046247336438        1.4782209031475625E-002   1.4782140668012351E-002
   1.0000004624714527        1.4782147504330420E-002   1.4782140668012351E-002
   1.0000000462471266        1.4782141351643881E-002   1.4782140668012351E-002
   1.0000000046247128        1.4782140736375508E-002   1.4782140668012351E-002
   1.0000000004624710        1.4782140674848660E-002   1.4782140668012351E-002
   1.0000000000462470        1.4782140668695980E-002   1.4782140668012351E-002
 comp:           1
   2.4842753351592048E-003   0.0000000000000000     
   7.7037830891355397E-004   0.0000000000000000     
   2.4314848011043391E-004   0.0000000000000000     
   7.6875592687679762E-005   0.0000000000000000     
   2.4309731971313982E-005   0.0000000000000000     
   7.6873975308782017E-006   0.0000000000000000     
   2.4309680820835057E-006   0.0000000000000000     
   7.6873959305899107E-007   0.0000000000000000     
   2.4309679977617423E-007   0.0000000000000000     
   7.6873962154424415E-008   0.0000000000000000     
 comp:           2
   6.2821916579548177E-003   0.0000000000000000     
   1.9481190821451029E-003   0.0000000000000000     
   6.1486958863851964E-004   0.0000000000000000     
   1.9440164310608694E-004   0.0000000000000000     
   6.1474021512804357E-005   0.0000000000000000     
   1.9439755310685241E-005   0.0000000000000000     
   6.1473892164375286E-006   0.0000000000000000     
   1.9439751263904434E-006   0.0000000000000000     
   6.1473890032061403E-007   0.0000000000000000     
   1.9439751984234485E-007   0.0000000000000000     
 comp:           3
  0.94363002257910988       -1.3948871732324073E-002  -1.4782140668012351E-002
  0.99460011870959020       -1.4702318863186946E-002  -1.4782140668012351E-002
  0.99946227450596203       -1.4774191934118705E-002  -1.4782140668012351E-002
  0.99994624997339099       -1.4781346127558107E-002  -1.4782140668012351E-002
  0.99999462522246485       -1.4782061217294768E-002  -1.4782140668012351E-002
  0.99999946252449745       -1.4782132722973866E-002  -1.4782140668012351E-002
  0.99999994625247257       -1.4782139873508840E-002  -1.4782140668012351E-002
  0.99999999462524813       -1.4782140588562013E-002  -1.4782140668012351E-002
  0.99999999946252449       -1.4782140660067312E-002  -1.4782140668012351E-002
  0.99999999994625222       -1.4782140667217844E-002  -1.4782140668012351E-002
 
 part:           7
 comp:           0
  0.99999950287795769        225.02208470422164        225.02219656771555     
  0.99999984582555623        225.02216187504357        225.02219656771555     
  0.99999995133757347        225.02218561758946        225.02219656771555     
  0.99999998461437822        225.02219310560915        225.02219656771555     
  0.99999999513471671        225.02219547291881        225.02219656771555     
  0.99999999846146392        225.02219622151080        225.02219656771555     
  0.99999999951347196        225.02219645823595        225.02219656771555     
  0.99999999984614640        225.02219653309507        225.02219656771555     
  0.99999999995134725        225.02219655676760        225.02219656771555     
  0.99999999998461464        225.02219656425351        225.02219656771555     
 comp:           1
   1.0000050508623206       -200.32232869168357       -200.32131689629202     
   1.0000015662818793       -200.32163065594071       -200.32131689629202     
   1.0000004943533249       -200.32141592580109       -200.32131689629202     
   1.0000001562983467       -200.32134820618268       -200.32131689629202     
   1.0000000494249319       -200.32132679715949       -200.32131689629202     
   1.0000000156295059       -200.32132002721522       -200.32131689629202     
   1.0000000049424829       -200.32131788637668       -200.32131689629202     
   1.0000000015629502       -200.32131720938426       -200.32131689629202     
   1.0000000004942484       -200.32131699530049       -200.32131689629202     
   1.0000000001562950       -200.32131692760123       -200.32131689629202     
 comp:           2
  0.99997126966315453        89.053492389654835        89.056050999998192     
  0.99999109066865643        89.055257570131687        89.056050999998192     
  0.99999718801728432        89.055800575922049        89.056050999998192     
  0.99999911094306904        89.055971824098805        89.056050999998192     
  0.99999971886088868        89.056025962859152        89.056050999998192     
  0.99999991109617670        89.056043082574774        89.056050999998192     
  0.99999997188614798        89.056048496289549        89.056050999998192     
  0.99999999110961946        89.056050208256011        89.056050999998192     
  0.99999999718861488        89.056050749627332        89.056050999998192     
  0.99999999911096205        89.056050920823978        89.056050999998192     
 comp:           3
   1.0000000000000000       -50.748189380318728       -50.748189380318728     
   1.0000000000000000       -50.748189380318728       -50.748189380318728     
   1.0000000000000000       -50.748189380318728       -50.748189380318728     
   1.0000000000000000       -50.748189380318728       -50.748189380318728     
   1.0000000000000000       -50.748189380318728       -50.748189380318728     
   1.0000000000000000       -50.748189380318728       -50.748189380318728     
   1.0000000000000000       -50.748189380318728       -50.748189380318728     
   1.0000000000000000       -50.748189380318728       -50.748189380318728     
   1.0000000000000000       -50.748189380318728       -50.748189380318728     
   1.0000000000000000       -50.748189380318728       -50.748189380318728     
 
 part: i_fks+j_fks
 comp:           0
   1.0000023822638981        276.28022245216772        276.27956428133592     
   1.0000002284239460        276.27962739020421        276.27956428133592     
   1.0000000227487493        276.27957056635046        276.27956428133592     
   1.0000000022739428        276.27956490957985        276.27956428133592     
   1.0000000002273852        276.27956434415779        276.27956428133592     
   1.0000000000227387        276.27956428761814        276.27956428133592     
   1.0000000000022742        276.27956428196421        276.27956428133592     
   1.0000000000002278        276.27956428139885        276.27956428133592     
   1.0000000000000229        276.27956428134223        276.27956428133592     
   1.0000000000000024        276.27956428133660        276.27956428133592     
 comp:           1
   2.4842753351592048E-003   0.0000000000000000     
   7.7037830891355397E-004   0.0000000000000000     
   2.4314848011043391E-004   0.0000000000000000     
   7.6875592687679762E-005   0.0000000000000000     
   2.4309731971313982E-005   0.0000000000000000     
   7.6873975308782017E-006   0.0000000000000000     
   2.4309680820835057E-006   0.0000000000000000     
   7.6873959305899107E-007   0.0000000000000000     
   2.4309679977617423E-007   0.0000000000000000     
   7.6873962154424415E-008   0.0000000000000000     
 comp:           2
   6.2821916579548177E-003   0.0000000000000000     
   1.9481190821451029E-003   0.0000000000000000     
   6.1486958863851964E-004   0.0000000000000000     
   1.9440164310608694E-004   0.0000000000000000     
   6.1474021512804357E-005   0.0000000000000000     
   1.9439755310685241E-005   0.0000000000000000     
   6.1473892164375286E-006   0.0000000000000000     
   1.9439751263904434E-006   0.0000000000000000     
   6.1473890032061403E-007   0.0000000000000000     
   1.9439751984234485E-007   0.0000000000000000     
 comp:           3
  0.99999677275731369       -276.27867266013271       -276.27956428133592     
  0.99999969092372065       -276.27947888987615       -276.27956428133592     
  0.99999996922256951       -276.27955577816084       -276.27956428133592     
  0.99999999692355312       -276.27956343137652       -276.27956428133592     
  0.99999999969236852       -276.27956419634364       -276.27956428133592     
  0.99999999996923727       -276.27956427283681       -276.27956428133592     
  0.99999999999692391       -276.27956428048606       -276.27956428133592     
  0.99999999999969280       -276.27956428125106       -276.27956428133592     
  0.99999999999996936       -276.27956428132745       -276.27956428133592     
  0.99999999999999711       -276.27956428133513       -276.27956428133592     
