     
 Soft #          81
 
 part:           1
 comp:           0
   1.1111104333744852        306.94425721970157        276.25000000000000     
   1.0101009514365340        279.04038783434254        276.25000000000000     
   1.0010009952137233        276.52652492779106        276.25000000000000     
   1.0001000094230537        276.27762760311856        276.25000000000000     
   1.0000100000422141        276.25276251166162        276.25000000000000     
   1.0000009999952213        276.25027624867988        276.25000000000000     
   1.0000000999994323        276.25002762484314        276.25000000000000     
   1.0000000099999422        276.25000276248403        276.25000000000000     
   1.0000000009999941        276.25000027624839        276.25000000000000     
   1.0000000000999993        276.25000002762482        276.25000000000000     
 comp:           1
   0.0000000000000000        0.0000000000000000     
   0.0000000000000000        0.0000000000000000     
   0.0000000000000000        0.0000000000000000     
   0.0000000000000000        0.0000000000000000     
   0.0000000000000000        0.0000000000000000     
   0.0000000000000000        0.0000000000000000     
   0.0000000000000000        0.0000000000000000     
   0.0000000000000000        0.0000000000000000     
   0.0000000000000000        0.0000000000000000     
   0.0000000000000000        0.0000000000000000     
 comp:           2
   0.0000000000000000        0.0000000000000000     
   0.0000000000000000        0.0000000000000000     
   0.0000000000000000        0.0000000000000000     
   0.0000000000000000        0.0000000000000000     
   0.0000000000000000        0.0000000000000000     
   0.0000000000000000        0.0000000000000000     
   0.0000000000000000        0.0000000000000000     
   0.0000000000000000        0.0000000000000000     
   0.0000000000000000        0.0000000000000000     
   0.0000000000000000        0.0000000000000000     
 comp:           3
   1.1111104333744852        306.94425721970157        276.25000000000000     
   1.0101009514365340        279.04038783434254        276.25000000000000     
   1.0010009952137233        276.52652492779106        276.25000000000000     
   1.0001000094230537        276.27762760311856        276.25000000000000     
   1.0000100000422141        276.25276251166162        276.25000000000000     
   1.0000009999952213        276.25027624867988        276.25000000000000     
   1.0000000999994323        276.25002762484314        276.25000000000000     
   1.0000000099999422        276.25000276248403        276.25000000000000     
   1.0000000009999941        276.25000027624839        276.25000000000000     
   1.0000000000999993        276.25000002762482        276.25000000000000     
 
 part:           2
 comp:           0
   1.0000006099633350        276.25016850237131        276.25000000000000     
   1.0000000580778345        276.25001604400177        276.25000000000000     
   1.0000000057814908        276.25000159713687        276.25000000000000     
   1.0000000005778888        276.25000015964179        276.25000000000000     
   1.0000000000577860        276.25000001596339        276.25000000000000     
   1.0000000000057785        276.25000000159628        276.25000000000000     
   1.0000000000005780        276.25000000015967        276.25000000000000     
   1.0000000000000577        276.25000000001597        276.25000000000000     
   1.0000000000000056        276.25000000000153        276.25000000000000     
   1.0000000000000007        276.25000000000017        276.25000000000000     
 comp:           1
   0.0000000000000000        0.0000000000000000     
   0.0000000000000000        0.0000000000000000     
   0.0000000000000000        0.0000000000000000     
   0.0000000000000000        0.0000000000000000     
   0.0000000000000000        0.0000000000000000     
   0.0000000000000000        0.0000000000000000     
   0.0000000000000000        0.0000000000000000     
   0.0000000000000000        0.0000000000000000     
   0.0000000000000000        0.0000000000000000     
   0.0000000000000000        0.0000000000000000     
 comp:           2
   0.0000000000000000        0.0000000000000000     
   0.0000000000000000        0.0000000000000000     
   0.0000000000000000        0.0000000000000000     
   0.0000000000000000        0.0000000000000000     
   0.0000000000000000        0.0000000000000000     
   0.0000000000000000        0.0000000000000000     
   0.0000000000000000        0.0000000000000000     
   0.0000000000000000        0.0000000000000000     
   0.0000000000000000        0.0000000000000000     
   0.0000000000000000        0.0000000000000000     
 comp:           3
   1.0000006099633350       -276.25016850237131       -276.25000000000000     
   1.0000000580778345       -276.25001604400177       -276.25000000000000     
   1.0000000057814908       -276.25000159713687       -276.25000000000000     
   1.0000000005778888       -276.25000015964179       -276.25000000000000     
   1.0000000000577860       -276.25000001596339       -276.25000000000000     
   1.0000000000057785       -276.25000000159628       -276.25000000000000     
   1.0000000000005780       -276.25000000015967       -276.25000000000000     
   1.0000000000000577       -276.25000000001597       -276.25000000000000     
   1.0000000000000056       -276.25000000000153       -276.25000000000000     
   1.0000000000000007       -276.25000000000017       -276.25000000000000     
 
 part:           3
 comp:           0
  0.99988487778173141        58.213427731870965        58.220130162403144     
  0.99998902075810159        58.219490949510735        58.220130162403144     
  0.99999890700644301        58.220066528175991        58.220130162403144     
  0.99999989074958495        58.220123801829757        58.220130162403144     
  0.99999998907544740        58.220129526374272        58.220130162403144     
  0.99999999890754965        58.220130098800546        58.220130162403144     
  0.99999999989075494        58.220130156042885        58.220130162403144     
  0.99999999998907574        58.220130161767131        58.220130162403144     
  0.99999999999890754        58.220130162339544        58.220130162403144     
  0.99999999999989075        58.220130162396785        58.220130162403144     
 comp:           1
  0.99958163900471497       -34.695585696781968       -34.710107051714573     
  0.99996010876637786       -34.708722422725124       -34.710107051714573     
  0.99999602886668570       -34.709969213252116       -34.710107051714573     
  0.99999960306523239       -34.710093274066296       -34.710107051714573     
  0.99999996030830751       -34.710105674011679       -34.710107051714573     
  0.99999999603084866       -34.710106913944905       -34.710107051714573     
  0.99999999960308505       -34.710107037937611       -34.710107051714573     
  0.99999999996030864       -34.710107050336880       -34.710107051714573     
  0.99999999999603095       -34.710107051576806       -34.710107051714573     
  0.99999999999960310       -34.710107051700795       -34.710107051714573     
 comp:           2
   1.0000592406181830       -43.819066770881633       -43.816471056049679     
   1.0000056486655460       -43.816718560640076       -43.816471056049679     
   1.0000005623191337       -43.816495694889724       -43.816471056049679     
   1.0000000562066285       -43.816473518825788       -43.816471056049679     
   1.0000000056204101       -43.816471302316216       -43.816471056049679     
   1.0000000005620384       -43.816471080676223       -43.816471056049679     
   1.0000000000562039       -43.816471058512334       -43.816471056049679     
   1.0000000000056204       -43.816471056295946       -43.816471056049679     
   1.0000000000005620       -43.816471056074306       -43.816471056049679     
   1.0000000000000562       -43.816471056052144       -43.816471056049679     
 comp:           3
   1.0000000000000000       -16.276021896644124       -16.276021896644124     
   1.0000000000000000       -16.276021896644124       -16.276021896644124     
   1.0000000000000000       -16.276021896644124       -16.276021896644124     
   1.0000000000000000       -16.276021896644124       -16.276021896644124     
   1.0000000000000000       -16.276021896644124       -16.276021896644124     
   1.0000000000000000       -16.276021896644124       -16.276021896644124     
   1.0000000000000000       -16.276021896644124       -16.276021896644124     
   1.0000000000000000       -16.276021896644124       -16.276021896644124     
   1.0000000000000000       -16.276021896644124       -16.276021896644124     
   1.0000000000000000       -16.276021896644124       -16.276021896644124     
 
 part:           4
 comp:           0
   1.0000579401309149        76.956096657422393        76.951638069438530     
   1.0000055216056569        76.952062966038596        76.951638069438530     
   1.0000005496415678        76.951680365257531        76.951638069438530     
   1.0000000549391546        76.951642297096470        76.951638069438530     
   1.0000000054936655        76.951638492185097        76.951638069438530     
   1.0000000005493641        76.951638111712995        76.951638069438530     
   1.0000000000549363        76.951638073665976        76.951638069438530     
   1.0000000000054938        76.951638069861289        76.951638069438530     
   1.0000000000005493        76.951638069480808        76.951638069438530     
   1.0000000000000548        76.951638069442751        76.951638069438530     
 comp:           1
   1.0012196288830690        15.757636317781257        15.738441260245775     
   1.0001162840054172        15.740271389234538        15.738441260245775     
   1.0000115758730754        15.738623446444210        15.738441260245775     
   1.0000011570659377        15.738459470660070        15.738441260245775     
   1.0000001157013838        15.738443081205208        15.738441260245775     
   1.0000000115700862        15.738441442340898        15.738441260245775     
   1.0000000011570083        15.738441278455280        15.738441260245775     
   1.0000000001157010        15.738441262066729        15.738441260245775     
   1.0000000000115701        15.738441260427869        15.738441260245775     
   1.0000000000011571        15.738441260263984        15.738441260245775     
 comp:           2
   1.0002884407896711       -11.898927834357416       -11.895496687899229     
   1.0000275010298743       -11.895823826309011       -11.895496687899229     
   1.0000027376803038       -11.895529253966215       -11.895496687899229     
   1.0000002736447271       -11.895499943039173       -11.895496687899229     
   1.0000000273632406       -11.895497013398566       -11.895496687899229     
   1.0000000027363116       -11.895496720449016       -11.895496687899229     
   1.0000000002736309       -11.895496691154205       -11.895496687899229     
   1.0000000000273632       -11.895496688224727       -11.895496687899229     
   1.0000000000027363       -11.895496687931779       -11.895496687899229     
   1.0000000000002736       -11.895496687902483       -11.895496687899229     
 comp:           3
   1.0000000000000000       -74.379790446167789       -74.379790446167789     
   1.0000000000000000       -74.379790446167789       -74.379790446167789     
   1.0000000000000000       -74.379790446167789       -74.379790446167789     
   1.0000000000000000       -74.379790446167789       -74.379790446167789     
   1.0000000000000000       -74.379790446167789       -74.379790446167789     
   1.0000000000000000       -74.379790446167789       -74.379790446167789     
   1.0000000000000000       -74.379790446167789       -74.379790446167789     
   1.0000000000000000       -74.379790446167789       -74.379790446167789     
   1.0000000000000000       -74.379790446167789       -74.379790446167789     
   1.0000000000000000       -74.379790446167789       -74.379790446167789     
 
 part:           5
 comp:           0
   1.0000752247316733        202.30995413475816        202.29473656748092     
   1.0000071696276762        202.29618694542296        202.29473656748092     
   1.0000007136997382        202.29488094518143        202.29473656748092     
   1.0000000713375865        202.29475099869921        202.29473656748092     
   1.0000000071334350        202.29473801053729        202.29473656748092     
   1.0000000007133403        202.29473671178590        202.29473656748092     
   1.0000000000713340        202.29473658191142        202.29473656748092     
   1.0000000000071336        202.29473656892404        202.29473656748092     
   1.0000000000007132        202.29473656762522        202.29473656748092     
   1.0000000000000713        202.29473656749536        202.29473656748092     
 comp:           1
   1.0005966246646951        84.628708977642404        84.578247509081791     
   1.0000568839950494        84.583058657694394        84.578247509081791     
   1.0000056626998337        84.578726450309901        84.578247509081791     
   1.0000005660148972        84.578295381629857        84.578247509081791     
   1.0000000565989406        84.578252296121008        84.578247509081791     
   1.0000000056598686        84.578247987783556        84.578247509081791     
   1.0000000005659866        84.578247556951951        84.578247509081791     
   1.0000000000565987        84.578247513868817        84.578247509081791     
   1.0000000000056599        84.578247509560498        84.578247509081791     
   1.0000000000005660        84.578247509129667        84.578247509081791     
 comp:           2
  0.99993166950273082        131.99742700365741        132.00644706982843     
  0.99999348516429443        132.00558706951369        132.00644706982843     
  0.99999935145977292        132.00636145833727        132.00644706982843     
  0.99999993517519192        132.00643851253582        132.00644706982843     
  0.99999999351781110        132.00644621413770        132.00644706982843     
  0.99999999935178396        132.00644698425972        132.00644706982843     
  0.99999999993517841        132.00644706127156        132.00644706982843     
  0.99999999999351785        132.00644706897273        132.00644706982843     
  0.99999999999935174        132.00644706974285        132.00644706982843     
  0.99999999999993516        132.00644706981987        132.00644706982843     
 comp:           3
   1.0000000000000000       -99.381902119193938       -99.381902119193938     
   1.0000000000000000       -99.381902119193938       -99.381902119193938     
   1.0000000000000000       -99.381902119193938       -99.381902119193938     
   1.0000000000000000       -99.381902119193938       -99.381902119193938     
   1.0000000000000000       -99.381902119193938       -99.381902119193938     
   1.0000000000000000       -99.381902119193938       -99.381902119193938     
   1.0000000000000000       -99.381902119193938       -99.381902119193938     
   1.0000000000000000       -99.381902119193938       -99.381902119193938     
   1.0000000000000000       -99.381902119193938       -99.381902119193938     
   1.0000000000000000       -99.381902119193938       -99.381902119193938     
 
 part:           6
 comp:           0
  0.99993974897848947        215.02053921293259        215.03349520067741     
  0.99999425252143526        215.03225930027304        215.03349520067741     
  0.99999942782079443        215.03337216298294        215.03349520067741     
  0.99999994280757565        215.03348290239049        215.03349520067741     
  0.99999999428101227        215.03349397090349        215.03349520067741     
  0.99999999942810380        215.03349507770056        215.03349520067741     
  0.99999999994281041        215.03349518837973        215.03349520067741     
  0.99999999999428124        215.03349519944769        215.03349520067741     
  0.99999999999942812        215.03349520055443        215.03349520067741     
  0.99999999999994282        215.03349520066510        215.03349520067741     
 comp:           1
  0.99918246832567204       -65.552946259014462       -65.606581717612997     
  0.99992204928775974       -65.601467637840457       -65.606581717612997     
  0.99999224010106980       -65.606072617169715       -65.606581717612997     
  0.99999922435921629       -65.606530830472536       -65.606581717612997     
  0.99999992243941005       -65.606576629127815       -65.606581717612997     
  0.99999999224397595       -65.606581208766769       -65.606581717612997     
  0.99999999922439797       -65.606581666728403       -65.606581717612997     
  0.99999999992243993       -65.606581712524545       -65.606581717612997     
  0.99999999999224398       -65.606581717104149       -65.606581717612997     
  0.99999999999922429       -65.606581717562108       -65.606581717612997     
 comp:           2
   1.0001256633759485       -76.304066747717840       -76.294479325879507     
   1.0000119818594990       -76.295393475611334       -76.294479325879507     
   1.0000011927795915       -76.294570328377390       -76.294479325879507     
   1.0000001192242973       -76.294488422035201       -76.294479325879507     
   1.0000000119218935       -76.294480235454159       -76.294479325879507     
   1.0000000011921839       -76.294479416836566       -76.294479325879507     
   1.0000000001192184       -76.294479334975208       -76.294479325879507     
   1.0000000000119218       -76.294479326789073       -76.294479325879507     
   1.0000000000011924       -76.294479325970471       -76.294479325879507     
   1.0000000000001192       -76.294479325888602       -76.294479325879507     
 comp:           3
   1.0000000000000000        190.03771446200585        190.03771446200585     
   1.0000000000000000        190.03771446200585        190.03771446200585     
   1.0000000000000000        190.03771446200585        190.03771446200585     
   1.0000000000000000        190.03771446200585        190.03771446200585     
   1.0000000000000000        190.03771446200585        190.03771446200585     
   1.0000000000000000        190.03771446200585        190.03771446200585     
   1.0000000000000000        190.03771446200585        190.03771446200585     
   1.0000000000000000        190.03771446200585        190.03771446200585     
   1.0000000000000000        190.03771446200585        190.03771446200585     
   1.0000000000000000        190.03771446200585        190.03771446200585     
 
 part:           7
 comp:           0
   30.694407985088841        0.0000000000000000     
   2.7904037170990450        0.0000000000000000     
  0.27652652332987382        0.0000000000000000     
   2.7627762744347067E-002   0.0000000000000000     
   2.7625276249569827E-003   0.0000000000000000     
   2.7625027624708360E-004   0.0000000000000000     
   2.7625002762468359E-005   0.0000000000000000     
   2.7625000276246813E-006   0.0000000000000000     
   2.7625000027624683E-007   0.0000000000000000     
   2.7625000002762476E-008   0.0000000000000000     
 comp:           1
 -0.13781333962723769       -0.0000000000000000     
  -1.3139986363356825E-002  -0.0000000000000000     
  -1.3080663322854740E-003  -0.0000000000000000     
  -1.3074775110392148E-004  -0.0000000000000000     
  -1.3074186726389402E-005  -0.0000000000000000     
  -1.3074127892357925E-006  -0.0000000000000000     
  -1.3074122008998462E-007  -0.0000000000000000     
  -1.3074121420662951E-008  -0.0000000000000000     
  -1.3074121361829405E-009  -0.0000000000000000     
  -1.3074121355946053E-010  -0.0000000000000000     
 comp:           2
   2.4634349299495567E-002   0.0000000000000000     
   2.3487930467477390E-003   0.0000000000000000     
   2.3381889607776196E-004   0.0000000000000000     
   2.3371364336206295E-005   0.0000000000000000     
   2.3370312590628903E-006   0.0000000000000000     
   2.3370207423880457E-007   0.0000000000000000     
   2.3370196907283701E-008   0.0000000000000000     
   2.3370195855624803E-009   0.0000000000000000     
   2.3370195750458921E-010   0.0000000000000000     
   2.3370195739942337E-011   0.0000000000000000     
 comp:           3
   30.694088717330260        0.0000000000000000     
   2.7903717903408074        0.0000000000000000     
  0.27652333065421697        0.0000000000000000     
   2.7627443476783045E-002   0.0000000000000000     
   2.7624956982005974E-003   0.0000000000000000     
   2.7624708357144520E-004   0.0000000000000000     
   2.7624683494904519E-005   0.0000000000000000     
   2.7624681008682978E-006   0.0000000000000000     
   2.7624680760060847E-007   0.0000000000000000     
   2.7624680735198639E-008   0.0000000000000000     
 
 part: i_fks reduced
 comp:           0
   1.0540925533894596        291.19306787383823        276.25000000000000     
   1.0050378152592121        277.64169646535731        276.25000000000000     
   1.0005003753127737        276.38822868015376        276.25000000000000     
   1.0000500037503124        276.26381353602380        276.25000000000000     
   1.0000050000375003        276.25138126035944        276.25000000000000     
   1.0000005000003749        276.25013812510355        276.25000000000000     
   1.0000000500000037        276.25001381250104        276.25000000000000     
   1.0000000050000000        276.25000138125000        276.25000000000000     
   1.0000000004999998        276.25000013812496        276.25000000000000     
   1.0000000000500000        276.25000001381250        276.25000000000000     
 comp:           1
   1.0540925533894596       -1.3781333962723767       -1.3074121355292343     
   1.0050378152592119       -1.3139986363356824       -1.3074121355292343     
   1.0005003753127737       -1.3080663322854740       -1.3074121355292343     
   1.0000500037503124       -1.3074775110392147       -1.3074121355292343     
   1.0000050000375000       -1.3074186726389401       -1.3074121355292343     
   1.0000005000003749       -1.3074127892357921       -1.3074121355292343     
   1.0000000500000037       -1.3074122008998459       -1.3074121355292343     
   1.0000000050000000       -1.3074121420662950       -1.3074121355292343     
   1.0000000004999998       -1.3074121361829401       -1.3074121355292343     
   1.0000000000500000       -1.3074121355946049       -1.3074121355292343     
 comp:           2
   1.0540925533894596       0.24634349299495567       0.23370195738773822     
   1.0050378152592121       0.23487930467477389       0.23370195738773822     
   1.0005003753127739       0.23381889607776196       0.23370195738773822     
   1.0000500037503124       0.23371364336206296       0.23370195738773822     
   1.0000050000375003       0.23370312590628903       0.23370195738773822     
   1.0000005000003749       0.23370207423880451       0.23370195738773822     
   1.0000000500000037       0.23370196907283697       0.23370195738773822     
   1.0000000050000000       0.23370195855624801       0.23370195738773822     
   1.0000000004999998       0.23370195750458916       0.23370195738773822     
   1.0000000000500000       0.23370195739942332       0.23370195738773822     
 comp:           3
   1.1111110754409581        306.94088717330260        276.24680732436161     
   1.0101010098062155        279.03717903408074        276.24680732436161     
   1.0010010009981063        276.52333065421698        276.24680732436161     
   1.0001000100009712        276.27443476783043        276.24680732436161     
   1.0000100001000007        276.24956982005972        276.24680732436161     
   1.0000010000010000        276.24708357144516        276.24680732436161     
   1.0000001000000101        276.24683494904514        276.24680732436161     
   1.0000000100000002        276.24681008682973        276.24680732436161     
   1.0000000009999999        276.24680760060841        276.24680732436161     
   1.0000000001000000        276.24680735198632        276.24680732436161     
 
 part: i_fks full/reduced
 comp:           0
  0.10540913013213433        30.694407985088841        291.19306787383823     
   1.0050376988123673E-002   2.7904037170990450        277.64169646535731     
   1.0005003637469673E-003  0.27652652332987382        276.38822868015376     
   1.0000500025945130E-004   2.7627762744347067E-002   276.26381353602380     
   1.0000049999219280E-005   2.7625276249569827E-003   276.25138126035944     
   1.0000004999888182E-006   2.7625027624708360E-004   276.25013812510355     
   1.0000000499988483E-007   2.7625002762468359E-005   276.25001381250104     
   1.0000000049998846E-008   2.7625000276246813E-006   276.25000138125000     
   1.0000000004999886E-009   2.7625000027624683E-007   276.25000013812496     
   1.0000000000499991E-010   2.7625000002762476E-008   276.25000001381250     
 comp:           1
  0.10000000000000001      -0.13781333962723769       -1.3781333962723767     
   1.0000000000000000E-002  -1.3139986363356825E-002  -1.3139986363356824     
   1.0000000000000000E-003  -1.3080663322854740E-003  -1.3080663322854740     
   1.0000000000000000E-004  -1.3074775110392148E-004  -1.3074775110392147     
   1.0000000000000001E-005  -1.3074186726389402E-005  -1.3074186726389401     
   1.0000000000000004E-006  -1.3074127892357925E-006  -1.3074127892357921     
   1.0000000000000002E-007  -1.3074122008998462E-007  -1.3074122008998459     
   1.0000000000000000E-008  -1.3074121420662951E-008  -1.3074121420662950     
   1.0000000000000003E-009  -1.3074121361829405E-009  -1.3074121361829401     
   1.0000000000000003E-010  -1.3074121355946053E-010  -1.3074121355946049     
 comp:           2
  0.10000000000000001        2.4634349299495567E-002  0.24634349299495567     
   1.0000000000000000E-002   2.3487930467477390E-003  0.23487930467477389     
   1.0000000000000000E-003   2.3381889607776196E-004  0.23381889607776196     
   9.9999999999999991E-005   2.3371364336206295E-005  0.23371364336206296     
   1.0000000000000001E-005   2.3370312590628903E-006  0.23370312590628903     
   1.0000000000000002E-006   2.3370207423880457E-007  0.23370207423880451     
   1.0000000000000002E-007   2.3370196907283701E-008  0.23370196907283697     
   1.0000000000000000E-008   2.3370195855624803E-009  0.23370195855624801     
   1.0000000000000003E-009   2.3370195750458921E-010  0.23370195750458916     
   1.0000000000000003E-010   2.3370195739942337E-011  0.23370195739942332     
 comp:           3
  0.10000000000000001        30.694088717330260        306.94088717330260     
   1.0000000000000000E-002   2.7903717903408074        279.03717903408074     
   1.0000000000000000E-003  0.27652333065421697        276.52333065421698     
   1.0000000000000000E-004   2.7627443476783045E-002   276.27443476783043     
   1.0000000000000001E-005   2.7624956982005974E-003   276.24956982005972     
   1.0000000000000002E-006   2.7624708357144520E-004   276.24708357144516     
   1.0000000000000002E-007   2.7624683494904519E-005   276.24683494904514     
   1.0000000000000002E-008   2.7624681008682978E-006   276.24681008682973     
   1.0000000000000003E-009   2.7624680760060847E-007   276.24680760060841     
   1.0000000000000003E-010   2.7624680735198639E-008   276.24680735198632     
     
 Soft #           4
 
 part:           1
 comp:           0
   1.0000562670318986        276.26554376756201        276.25000000000000     
   1.0000053573622880        276.25147997133206        276.25000000000000     
   1.0000005333096036        276.25014732677801        276.25000000000000     
   1.0000000533069340        276.25001472604049        276.25000000000000     
   1.0000000053304534        276.25000147253775        276.25000000000000     
   1.0000000005330429        276.25000014725310        276.25000000000000     
   1.0000000000533045        276.25000001472534        276.25000000000000     
   1.0000000000053304        276.25000000147253        276.25000000000000     
   1.0000000000005329        276.25000000014722        276.25000000000000     
   1.0000000000000533        276.25000000001472        276.25000000000000     
 comp:           1
   0.0000000000000000        0.0000000000000000     
   0.0000000000000000        0.0000000000000000     
   0.0000000000000000        0.0000000000000000     
   0.0000000000000000        0.0000000000000000     
   0.0000000000000000        0.0000000000000000     
   0.0000000000000000        0.0000000000000000     
   0.0000000000000000        0.0000000000000000     
   0.0000000000000000        0.0000000000000000     
   0.0000000000000000        0.0000000000000000     
   0.0000000000000000        0.0000000000000000     
 comp:           2
   0.0000000000000000        0.0000000000000000     
   0.0000000000000000        0.0000000000000000     
   0.0000000000000000        0.0000000000000000     
   0.0000000000000000        0.0000000000000000     
   0.0000000000000000        0.0000000000000000     
   0.0000000000000000        0.0000000000000000     
   0.0000000000000000        0.0000000000000000     
   0.0000000000000000        0.0000000000000000     
   0.0000000000000000        0.0000000000000000     
   0.0000000000000000        0.0000000000000000     
 comp:           3
   1.0000562670318986        276.26554376756201        276.25000000000000     
   1.0000053573622880        276.25147997133206        276.25000000000000     
   1.0000005333096036        276.25014732677801        276.25000000000000     
   1.0000000533069340        276.25001472604049        276.25000000000000     
   1.0000000053304534        276.25000147253775        276.25000000000000     
   1.0000000005330429        276.25000014725310        276.25000000000000     
   1.0000000000533045        276.25000001472534        276.25000000000000     
   1.0000000000053304        276.25000000147253        276.25000000000000     
   1.0000000000005329        276.25000000014722        276.25000000000000     
   1.0000000000000533        276.25000000001472        276.25000000000000     
 
 part:           2
 comp:           0
   1.1110485957043352        306.92717456332264        276.25000000000000     
   1.0100955986529425        279.03890912787534        276.25000000000000     
   1.0010004671578385        276.52637905235292        276.25000000000000     
   1.0000999566887372        276.27761303526364        276.25000000000000     
   1.0000099947694945        276.25276105507282        276.25000000000000     
   1.0000009994679566        276.25027610302300        276.25000000000000     
   1.0000000999467060        276.25002761027753        276.25000000000000     
   1.0000000099946695        276.25000276102747        276.25000000000000     
   1.0000000009994667        276.25000027610270        276.25000000000000     
   1.0000000000999467        276.25000002761027        276.25000000000000     
 comp:           1
   0.0000000000000000        0.0000000000000000     
   0.0000000000000000        0.0000000000000000     
   0.0000000000000000        0.0000000000000000     
   0.0000000000000000        0.0000000000000000     
   0.0000000000000000        0.0000000000000000     
   0.0000000000000000        0.0000000000000000     
   0.0000000000000000        0.0000000000000000     
   0.0000000000000000        0.0000000000000000     
   0.0000000000000000        0.0000000000000000     
   0.0000000000000000        0.0000000000000000     
 comp:           2
   0.0000000000000000        0.0000000000000000     
   0.0000000000000000        0.0000000000000000     
   0.0000000000000000        0.0000000000000000     
   0.0000000000000000        0.0000000000000000     
   0.0000000000000000        0.0000000000000000     
   0.0000000000000000        0.0000000000000000     
   0.0000000000000000        0.0000000000000000     
   0.0000000000000000        0.0000000000000000     
   0.0000000000000000        0.0000000000000000     
   0.0000000000000000        0.0000000000000000     
 comp:           3
   1.1110485957043352       -306.92717456332264       -276.25000000000000     
   1.0100955986529425       -279.03890912787534       -276.25000000000000     
   1.0010004671578385       -276.52637905235292       -276.25000000000000     
   1.0000999566887372       -276.27761303526364       -276.25000000000000     
   1.0000099947694945       -276.25276105507282       -276.25000000000000     
   1.0000009994679566       -276.25027610302300       -276.25000000000000     
   1.0000000999467060       -276.25002761027753       -276.25000000000000     
   1.0000000099946695       -276.25000276102747       -276.25000000000000     
   1.0000000009994667       -276.25000027610270       -276.25000000000000     
   1.0000000000999467       -276.25000002761027       -276.25000000000000     
 
 part:           3
 comp:           0
   1.0006733867624940        79.795876603429562        79.742179275493029     
   1.0000639496130630        79.747278757002491        79.742179275493029     
   1.0000063636780956        79.742686729052579        79.742179275493029     
   1.0000006360573626        79.742229996093258        79.742179275493029     
   1.0000000636026343        79.742184347305695        79.742179275493029     
   1.0000000063602323        79.742179782671812        79.742179275493029     
   1.0000000006360230        79.742179326210888        79.742179275493029     
   1.0000000000636025        79.742179280564827        79.742179275493029     
   1.0000000000063602        79.742179276000215        79.742179275493029     
   1.0000000000006359        79.742179275543748        79.742179275493029     
 comp:           1
  0.99450802748520839       -27.896671625772093       -28.050725438902511     
  0.99947651970778684       -28.036041436952964       -28.050725438902511     
  0.99994788980591165       -28.049263710155572       -28.050725438902511     
  0.99999479134122826       -28.050579332245398       -28.050725438902511     
  0.99999947915771159       -28.050710828898481       -28.050725438902511     
  0.99999994791600699       -28.050723977908724       -28.050725438902511     
  0.99999999479160306       -28.050725292803197       -28.050725438902511     
  0.99999999947916018       -28.050725424292576       -28.050725438902511     
  0.99999999994791600       -28.050725437441518       -28.050725438902511     
  0.99999999999479161       -28.050725438756412       -28.050725438902511     
 comp:           2
   1.0016228892695112        72.853763465384333        72.735721443543454     
   1.0001546895121463        72.746972896809154        72.735721443543454     
   1.0000153986704396        72.736841476947149        72.735721443543454     
   1.0000015391694708        72.735833396145338        72.735721443543454     
   1.0000001539099765        72.735732638296639        72.735721443543454     
   1.0000000153909279        72.735722563013695        72.735721443543454     
   1.0000000015390922        72.735721555490429        72.735721443543454     
   1.0000000001539093        72.735721454738155        72.735721443543454     
   1.0000000000153910        72.735721444662929        72.735721443543454     
   1.0000000000015392        72.735721443655407        72.735721443543454     
 comp:           3
   1.0000000000000000        16.777567882247585        16.777567882247585     
   1.0000000000000000        16.777567882247585        16.777567882247585     
   1.0000000000000000        16.777567882247585        16.777567882247585     
   1.0000000000000000        16.777567882247585        16.777567882247585     
   1.0000000000000000        16.777567882247585        16.777567882247585     
   1.0000000000000000        16.777567882247585        16.777567882247585     
   1.0000000000000000        16.777567882247585        16.777567882247585     
   1.0000000000000000        16.777567882247585        16.777567882247585     
   1.0000000000000000        16.777567882247585        16.777567882247585     
   1.0000000000000000        16.777567882247585        16.777567882247585     
 
 part:           4
 comp:           0
   1.0022552495126633        83.404955375417615        83.217279646050699     
   1.0002147743084235        83.235152579735569        83.217279646050699     
   1.0000213780548706        83.219058669621148        83.217279646050699     
   1.0000021368191734        83.217457466329407        83.217279646050699     
   1.0000002136720616        83.217297427258401        83.217279646050699     
   1.0000000213671074        83.217281424163261        83.217279646050699     
   1.0000000021367097        83.217279823861873        83.217279646050699     
   1.0000000002136711        83.217279663831832        83.217279646050699     
   1.0000000000213669        83.217279647828803        83.217279646050699     
   1.0000000000021367        83.217279646228505        83.217279646050699     
 comp:           1
   1.0035793496038994        45.111649772700957        44.950755304506792     
   1.0003409303020090        44.966080379088289        44.950755304506792     
   1.0000339358294985        44.952280745674635        44.950755304506792     
   1.0000033920227083        44.950907778489537        44.950755304506792     
   1.0000003391866801        44.950770551204251        44.950755304506792     
   1.0000000339185120        44.950756829169528        44.950755304506792     
   1.0000000033918497        44.950755456972999        44.950755304506792     
   1.0000000003391853        44.950755319753426        44.950755304506792     
   1.0000000000339184        44.950755306031454        44.950755304506792     
   1.0000000000033920        44.950755304659261        44.950755304506792     
 comp:           2
   1.0018131413089035        68.117762095910905        67.994478498168519     
   1.0001727003177774        68.006221166212256        67.994478498168519     
   1.0000171904008059        67.995647350506488        67.994478498168519     
   1.0000017182497307        67.994595329662886        67.994478498168519     
   1.0000001718170755        67.994490180780957        67.994478498168519     
   1.0000000171816286        67.994479666424397        67.994478498168519     
   1.0000000017181621        67.994478614994051        67.994478498168519     
   1.0000000001718163        67.994478509851078        67.994478498168519     
   1.0000000000171816        67.994478499336779        67.994478498168519     
   1.0000000000017182        67.994478498285346        67.994478498168519     
 comp:           3
   1.0000000000000000       -16.771884897215838       -16.771884897215838     
   1.0000000000000000       -16.771884897215838       -16.771884897215838     
   1.0000000000000000       -16.771884897215838       -16.771884897215838     
   1.0000000000000000       -16.771884897215838       -16.771884897215838     
   1.0000000000000000       -16.771884897215838       -16.771884897215838     
   1.0000000000000000       -16.771884897215838       -16.771884897215838     
   1.0000000000000000       -16.771884897215838       -16.771884897215838     
   1.0000000000000000       -16.771884897215838       -16.771884897215838     
   1.0000000000000000       -16.771884897215838       -16.771884897215838     
   1.0000000000000000       -16.771884897215838       -16.771884897215838     
 
 part:           5
 comp:           0
  0.99793742053920242        226.52341227295071        226.99160048588647     
  0.99980308546912811        226.94690254136492        226.99160048588647     
  0.99998039503592606        226.98715032371385        226.99160048588647     
  0.99999804036211437        226.99115566454643        226.99160048588647     
  0.99999980404479039        226.99155600569981        226.99160048588647     
  0.99999998040456473        226.99159603788726        226.99160048588647     
  0.99999999804045736        226.99160004108674        226.99160048588647     
  0.99999999980404597        226.99160044140655        226.99160048588647     
  0.99999999998040456        226.99160048143847        226.99160048588647     
  0.99999999999804046        226.99160048544167        226.99160048588647     
 comp:           1
  0.99710500507301691       -150.83180015008605       -151.26972523725402     
  0.99972371490625001       -151.22793166703531       -151.26972523725402     
  0.99997249378599073       -151.26556437981853       -151.26972523725402     
  0.99999725059252376       -151.26930933514052       -151.26972523725402     
  0.99999972507138268       -151.26968364887762       -151.26972523725402     
  0.99999997250725947       -151.26972107843471       -151.26972523725402     
  0.99999999725072719       -151.26972482137228       -151.26972523725402     
  0.99999999972507292       -151.26972519566587       -151.26972523725402     
  0.99999999997250733       -151.26972523309522       -151.26972523725402     
  0.99999999999725064       -151.26972523683813       -151.26972523725402     
 comp:           2
  0.99719016506753322       -119.08613255910841       -119.42168778915251     
  0.99973184218718214       -119.38966393055196       -119.42168778915251     
  0.99997330291660880       -119.41849957839489       -119.42168778915251     
  0.99999733146987635       -119.42136910878124       -119.42168778915251     
  0.99999973315876112       -119.42165592252140       -119.42168778915251     
  0.99999997331599388       -119.42168460250346       -119.42168778915251     
  0.99999999733160061       -119.42168747048775       -119.42168778915251     
  0.99999999973316034       -119.42168775728607       -119.42168778915251     
  0.99999999997331601       -119.42168778596587       -119.42168778915251     
  0.99999999999733158       -119.42168778883385       -119.42168778915251     
 comp:           3
   1.0000000000000000       -88.960111561359895       -88.960111561359895     
   1.0000000000000000       -88.960111561359895       -88.960111561359895     
   1.0000000000000000       -88.960111561359895       -88.960111561359895     
   1.0000000000000000       -88.960111561359895       -88.960111561359895     
   1.0000000000000000       -88.960111561359895       -88.960111561359895     
   1.0000000000000000       -88.960111561359895       -88.960111561359895     
   1.0000000000000000       -88.960111561359895       -88.960111561359895     
   1.0000000000000000       -88.960111561359895       -88.960111561359895     
   1.0000000000000000       -88.960111561359895       -88.960111561359895     
   1.0000000000000000       -88.960111561359895       -88.960111561359895     
 
 part:           6
 comp:           0
   1.0014054254990352        162.77739101851978        162.54894059256981     
   1.0001337467679801        162.57068098801264        162.54894059256981     
   1.0000133118822954        162.55110442493421        162.54894059256981     
   1.0000013305650115        162.54915687450281        162.54894059256981     
   1.0000001330502735        162.54896221975082        162.54894059256981     
   1.0000000133049651        162.54894275527778        162.54894059256981     
   1.0000000013304959        162.54894080884051        162.54894059256981     
   1.0000000001330498        162.54894061419691        162.54894059256981     
   1.0000000000133049        162.54894059473250        162.54894059256981     
   1.0000000000013305        162.54894059278607        162.54894059256981     
 comp:           1
   1.0023379005895272        134.68383836167371        134.36969537164973     
   1.0002227687661516        134.39962874289583        134.36969537164973     
   1.0000221749682796        134.37267501538233        134.36969537164973     
   1.0000022164853521        134.36999320011128        134.36969537164973     
   1.0000002216384281        134.36972515313778        134.36969537164973     
   1.0000000221637417        134.36969834978495        134.36969537164973     
   1.0000000022163731        134.36969566946311        134.36969537164973     
   1.0000000002216374        134.36969540143107        134.36969537164973     
   1.0000000000221638        134.36969537462787        134.36969537164973     
   1.0000000000022162        134.36969537194753        134.36969537164973     
 comp:           2
  0.98870364235886199       -21.067803578483606       -21.308512152559452     
  0.99892361734070501       -21.285576039583059       -21.308512152559452     
  0.99989285413867135       -21.306229033671233       -21.308512152559452     
  0.99998929030115524       -21.308283944811468       -21.308512152559452     
  0.99999892907895194       -21.308489332825285       -21.308512152559452     
  0.99999989290838365       -21.308509870596442       -21.308512152559452     
  0.99999998929084333       -21.308511924363255       -21.308512152559452     
  0.99999999892908376       -21.308512129739821       -21.308512152559452     
  0.99999999989290844       -21.308512150277490       -21.308512152559452     
  0.99999999998929079       -21.308512152331254       -21.308512152559452     
 comp:           3
   1.0000000000000000        88.954428576328155        88.954428576328155     
   1.0000000000000000        88.954428576328155        88.954428576328155     
   1.0000000000000000        88.954428576328155        88.954428576328155     
   1.0000000000000000        88.954428576328155        88.954428576328155     
   1.0000000000000000        88.954428576328155        88.954428576328155     
   1.0000000000000000        88.954428576328155        88.954428576328155     
   1.0000000000000000        88.954428576328155        88.954428576328155     
   1.0000000000000000        88.954428576328155        88.954428576328155     
   1.0000000000000000        88.954428576328155        88.954428576328155     
   1.0000000000000000        88.954428576328155        88.954428576328155     
 
 part:           7
 comp:           0
   30.691083060567088        0.0000000000000000     
   2.7903742330918568        0.0000000000000000     
  0.27652623180905550        0.0000000000000000     
   2.7627759832418716E-002   0.0000000000000000     
   2.7625275958409758E-003   0.0000000000000000     
   2.7625027595592680E-004   0.0000000000000000     
   2.7625002759556791E-005   0.0000000000000000     
   2.7625000275955658E-006   0.0000000000000000     
   2.7625000027595566E-007   0.0000000000000000     
   2.7625000002759561E-008   0.0000000000000000     
 comp:           1
  -1.0670163585165520       -0.0000000000000000     
 -0.10173601799585948       -0.0000000000000000     
  -1.0127671082847005E-002  -0.0000000000000000     
  -1.0123112148975291E-003  -0.0000000000000000     
  -1.0122656594122823E-004  -0.0000000000000000     
  -1.0122611042020105E-005  -0.0000000000000000     
  -1.0122606486843658E-006  -0.0000000000000000     
  -1.0122606031326350E-007  -0.0000000000000000     
  -1.0122605985774623E-008  -0.0000000000000000     
  -1.0122605981219453E-009  -0.0000000000000000     
 comp:           2
 -0.81758942370321142       -0.0000000000000000     
  -7.7954092886387563E-002  -0.0000000000000000     
  -7.7602153875058104E-003  -0.0000000000000000     
  -7.7567221551039581E-004  -0.0000000000000000     
  -7.7563730912622272E-005  -0.0000000000000000     
  -7.7563381874698783E-006  -0.0000000000000000     
  -7.7563346971165612E-007  -0.0000000000000000     
  -7.7563343480814882E-008  -0.0000000000000000     
  -7.7563343131779839E-009  -0.0000000000000000     
  -7.7563343096876345E-010  -0.0000000000000000     
 comp:           3
  -30.661630795760598       -0.0000000000000000     
  -2.7874291565432787       -0.0000000000000000     
 -0.27623172557491055       -0.0000000000000000     
  -2.7598309223140587E-002  -0.0000000000000000     
  -2.7595825350544569E-003  -0.0000000000000000     
  -2.7595576987868780E-004  -0.0000000000000000     
  -2.7595552151847020E-005  -0.0000000000000000     
  -2.7595549668247294E-006  -0.0000000000000000     
  -2.7595549419887344E-007  -0.0000000000000000     
  -2.7595549395051359E-008  -0.0000000000000000     
 
 part: i_fks reduced
 comp:           0
   1.0540925533894596        291.19306787383823        276.25000000000000     
   1.0050378152592121        277.64169646535731        276.25000000000000     
   1.0005003753127737        276.38822868015376        276.25000000000000     
   1.0000500037503124        276.26381353602380        276.25000000000000     
   1.0000050000375003        276.25138126035944        276.25000000000000     
   1.0000005000003749        276.25013812510355        276.25000000000000     
   1.0000000500000037        276.25001381250104        276.25000000000000     
   1.0000000050000000        276.25000138125000        276.25000000000000     
   1.0000000004999998        276.25000013812496        276.25000000000000     
   1.0000000000500000        276.25000001381250        276.25000000000000     
 comp:           1
   1.0540925533894598       -10.670163585165518       -10.122605980713319     
   1.0050378152592121       -10.173601799585947       -10.122605980713319     
   1.0005003753127739       -10.127671082847005       -10.122605980713319     
   1.0000500037503124       -10.123112148975290       -10.122605980713319     
   1.0000050000375003       -10.122656594122823       -10.122605980713319     
   1.0000005000003749       -10.122611042020104       -10.122605980713319     
   1.0000000500000039       -10.122606486843656       -10.122605980713319     
   1.0000000050000000       -10.122606031326349       -10.122605980713319     
   1.0000000005000000       -10.122605985774621       -10.122605980713319     
   1.0000000000500000       -10.122605981219449       -10.122605980713319     
 comp:           2
   1.0540925533894594       -8.1758942370321126       -7.7563343092998158     
   1.0050378152592119       -7.7954092886387558       -7.7563343092998158     
   1.0005003753127737       -7.7602153875058093       -7.7563343092998158     
   1.0000500037503124       -7.7567221551039571       -7.7563343092998158     
   1.0000050000375003       -7.7563730912622262       -7.7563343092998158     
   1.0000005000003749       -7.7563381874698774       -7.7563343092998158     
   1.0000000500000037       -7.7563346971165599       -7.7563343092998158     
   1.0000000050000000       -7.7563343480814870       -7.7563343092998158     
   1.0000000004999998       -7.7563343131779812       -7.7563343092998158     
   1.0000000000500000       -7.7563343096876318       -7.7563343092998158     
 comp:           3
   1.1111078224927546       -306.61630795760601       -275.95549392291798     
   1.0101009829222263       -278.74291565432787       -275.95549392291798     
   1.0010010007340884       -276.23172557491051       -275.95549392291798     
   1.0001000099983355       -275.98309223140586       -275.95549392291798     
   1.0000100000999743       -275.95825350544567       -275.95549392291798     
   1.0000010000009993       -275.95576987868770       -275.95549392291798     
   1.0000001000000098       -275.95552151847011       -275.95549392291798     
   1.0000000099999999       -275.95549668247293       -275.95549392291798     
   1.0000000009999996       -275.95549419887340       -275.95549392291798     
   1.0000000001000000       -275.95549395051353       -275.95549392291798     
 
 part: i_fks full/reduced
 comp:           0
  0.10539771185028432        30.691083060567088        291.19306787383823     
   1.0050270793673908E-002   2.7903742330918568        277.64169646535731     
   1.0004993089957584E-003  0.27652623180905550        276.38822868015376     
   1.0000498971906125E-004   2.7627759832418716E-002   276.26381353602380     
   1.0000049893822498E-005   2.7625275958409758E-003   276.25138126035944     
   1.0000004989348574E-006   2.7625027595592680E-004   276.25013812510355     
   1.0000000498934523E-007   2.7625002759556791E-005   276.25001381250104     
   1.0000000049893450E-008   2.7625000275955658E-006   276.25000138125000     
   1.0000000004989347E-009   2.7625000027595566E-007   276.25000013812496     
   1.0000000000498936E-010   2.7625000002759561E-008   276.25000001381250     
 comp:           1
  0.10000000000000001       -1.0670163585165520       -10.670163585165518     
   1.0000000000000000E-002 -0.10173601799585948       -10.173601799585947     
   1.0000000000000000E-003  -1.0127671082847005E-002  -10.127671082847005     
   1.0000000000000002E-004  -1.0123112148975291E-003  -10.123112148975290     
   1.0000000000000001E-005  -1.0122656594122823E-004  -10.122656594122823     
   1.0000000000000002E-006  -1.0122611042020105E-005  -10.122611042020104     
   1.0000000000000002E-007  -1.0122606486843658E-006  -10.122606486843656     
   1.0000000000000002E-008  -1.0122606031326350E-007  -10.122606031326349     
   1.0000000000000003E-009  -1.0122605985774623E-008  -10.122605985774621     
   1.0000000000000004E-010  -1.0122605981219453E-009  -10.122605981219449     
 comp:           2
  0.10000000000000002      -0.81758942370321142       -8.1758942370321126     
   1.0000000000000000E-002  -7.7954092886387563E-002  -7.7954092886387558     
   1.0000000000000002E-003  -7.7602153875058104E-003  -7.7602153875058093     
   1.0000000000000002E-004  -7.7567221551039581E-004  -7.7567221551039571     
   1.0000000000000001E-005  -7.7563730912622272E-005  -7.7563730912622262     
   1.0000000000000002E-006  -7.7563381874698783E-006  -7.7563381874698774     
   1.0000000000000002E-007  -7.7563346971165612E-007  -7.7563346971165599     
   1.0000000000000002E-008  -7.7563343480814882E-008  -7.7563343480814870     
   1.0000000000000003E-009  -7.7563343131779839E-009  -7.7563343131779812     
   1.0000000000000003E-010  -7.7563343096876345E-010  -7.7563343096876318     
 comp:           3
   9.9999999999999992E-002  -30.661630795760598       -306.61630795760601     
   1.0000000000000000E-002  -2.7874291565432787       -278.74291565432787     
   1.0000000000000000E-003 -0.27623172557491055       -276.23172557491051     
   1.0000000000000000E-004  -2.7598309223140587E-002  -275.98309223140586     
   1.0000000000000001E-005  -2.7595825350544569E-003  -275.95825350544567     
   1.0000000000000004E-006  -2.7595576987868780E-004  -275.95576987868770     
   1.0000000000000004E-007  -2.7595552151847020E-005  -275.95552151847011     
   1.0000000000000000E-008  -2.7595549668247294E-006  -275.95549668247293     
   1.0000000000000001E-009  -2.7595549419887344E-007  -275.95549419887340     
   1.0000000000000002E-010  -2.7595549395051359E-008  -275.95549395051353     
     
 Soft #          36
 
 part:           1
 comp:           0
   1.0000718534152440        276.26984950596113        276.25000000000000     
   1.0000068413485232        276.25188992252953        276.25000000000000     
   1.0000006810356037        276.25018813608551        276.25000000000000     
   1.0000000680728744        276.25001880513156        276.25000000000000     
   1.0000000068069808        276.25000188042844        276.25000000000000     
   1.0000000006806951        276.25000018804201        276.25000000000000     
   1.0000000000680695        276.25000001880420        276.25000000000000     
   1.0000000000068072        276.25000000188049        276.25000000000000     
   1.0000000000006808        276.25000000018804        276.25000000000000     
   1.0000000000000682        276.25000000001882        276.25000000000000     
 comp:           1
   0.0000000000000000        0.0000000000000000     
   0.0000000000000000        0.0000000000000000     
   0.0000000000000000        0.0000000000000000     
   0.0000000000000000        0.0000000000000000     
   0.0000000000000000        0.0000000000000000     
   0.0000000000000000        0.0000000000000000     
   0.0000000000000000        0.0000000000000000     
   0.0000000000000000        0.0000000000000000     
   0.0000000000000000        0.0000000000000000     
   0.0000000000000000        0.0000000000000000     
 comp:           2
   0.0000000000000000        0.0000000000000000     
   0.0000000000000000        0.0000000000000000     
   0.0000000000000000        0.0000000000000000     
   0.0000000000000000        0.0000000000000000     
   0.0000000000000000        0.0000000000000000     
   0.0000000000000000        0.0000000000000000     
   0.0000000000000000        0.0000000000000000     
   0.0000000000000000        0.0000000000000000     
   0.0000000000000000        0.0000000000000000     
   0.0000000000000000        0.0000000000000000     
 comp:           3
   1.0000718534152440        276.26984950596113        276.25000000000000     
   1.0000068413485232        276.25188992252953        276.25000000000000     
   1.0000006810356037        276.25018813608551        276.25000000000000     
   1.0000000680728744        276.25001880513156        276.25000000000000     
   1.0000000068069808        276.25000188042844        276.25000000000000     
   1.0000000006806951        276.25000018804201        276.25000000000000     
   1.0000000000680695        276.25000001880420        276.25000000000000     
   1.0000000000068072        276.25000000188049        276.25000000000000     
   1.0000000000006808        276.25000000018804        276.25000000000000     
   1.0000000000000682        276.25000000001882        276.25000000000000     
 
 part:           2
 comp:           0
   1.1110312797192199        306.92239102243451        276.25000000000000     
   1.0100940996952328        279.03849504080807        276.25000000000000     
   1.0010003192841448        276.52633820224503        276.25000000000000     
   1.0000999419213223        276.27760895576529        276.25000000000000     
   1.0000099932929520        276.25276064717798        276.25000000000000     
   1.0000009993203045        276.25027606223409        276.25000000000000     
   1.0000000999319407        276.25002760619861        276.25000000000000     
   1.0000000099931932        276.25000276061962        276.25000000000000     
   1.0000000009993191        276.25000027606188        276.25000000000000     
   1.0000000000999318        276.25000002760618        276.25000000000000     
 comp:           1
   0.0000000000000000        0.0000000000000000     
   0.0000000000000000        0.0000000000000000     
   0.0000000000000000        0.0000000000000000     
   0.0000000000000000        0.0000000000000000     
   0.0000000000000000        0.0000000000000000     
   0.0000000000000000        0.0000000000000000     
   0.0000000000000000        0.0000000000000000     
   0.0000000000000000        0.0000000000000000     
   0.0000000000000000        0.0000000000000000     
   0.0000000000000000        0.0000000000000000     
 comp:           2
   0.0000000000000000        0.0000000000000000     
   0.0000000000000000        0.0000000000000000     
   0.0000000000000000        0.0000000000000000     
   0.0000000000000000        0.0000000000000000     
   0.0000000000000000        0.0000000000000000     
   0.0000000000000000        0.0000000000000000     
   0.0000000000000000        0.0000000000000000     
   0.0000000000000000        0.0000000000000000     
   0.0000000000000000        0.0000000000000000     
   0.0000000000000000        0.0000000000000000     
 comp:           3
   1.1110312797192199       -306.92239102243451       -276.25000000000000     
   1.0100940996952328       -279.03849504080807       -276.25000000000000     
   1.0010003192841448       -276.52633820224503       -276.25000000000000     
   1.0000999419213223       -276.27760895576529       -276.25000000000000     
   1.0000099932929520       -276.25276064717798       -276.25000000000000     
   1.0000009993203045       -276.25027606223409       -276.25000000000000     
   1.0000000999319407       -276.25002760619861       -276.25000000000000     
   1.0000000099931932       -276.25000276061962       -276.25000000000000     
   1.0000000009993191       -276.25000027606188       -276.25000000000000     
   1.0000000000999318       -276.25000002760618       -276.25000000000000     
 
 part:           3
 comp:           0
  0.99949227371061611        59.429041386860789        59.459230401282056     
  0.99995126423402947        59.456332610144429        59.459230401282056     
  0.99999514534657308        59.458941747325426        59.459230401282056     
  0.99999951472255899        59.459201547058882        59.459230401282056     
  0.99999995147413345        59.459227515971378        59.459230401282056     
  0.99999999514743232        59.459230112752117        59.459230401282056     
  0.99999999951474339        59.459230372429069        59.459230401282056     
  0.99999999995147426        59.459230398396755        59.459230401282056     
  0.99999999999514744        59.459230400993526        59.459230401282056     
  0.99999999999951472        59.459230401253201        59.459230401282056     
 comp:           1
   1.0056435510123050        17.771422665809069        17.671691572943445     
   1.0005382160046019        17.681202760176390        17.671691572943445     
   1.0000535797887942        17.672638418445558        17.671691572943445     
   1.0000053555787061        17.671786215078534        17.671691572943445     
   1.0000005355338868        17.671701036733118        17.671691572943445     
   1.0000000535531488        17.671692519318174        17.671691572943445     
   1.0000000053553126        17.671691667580877        17.671691572943445     
   1.0000000005355312        17.671691582407188        17.671691572943445     
   1.0000000000535532        17.671691573889820        17.671691572943445     
   1.0000000000053553        17.671691573038082        17.671691572943445     
 comp:           2
  0.99530546501840089       -27.448228366364837       -27.577692809973051     
  0.99955229006422541       -27.565346002896288       -27.577692809973051     
  0.99995543015518917       -27.576463676484270       -27.577692809973051     
  0.99999554501208054       -27.577569951684737       -27.577692809973051     
  0.99999955452115896       -27.577680524694419       -27.577692809973051     
  0.99999995545231546       -27.577691581450690       -27.577692809973051     
  0.99999999554523356       -27.577692687120869       -27.577692809973051     
  0.99999999955452346       -27.577692797687835       -27.577692809973051     
  0.99999999995545230       -27.577692808744530       -27.577692809973051     
  0.99999999999554523       -27.577692809850198       -27.577692809973051     
 comp:           3
   1.0000000000000000        49.624411897192942        49.624411897192942     
   1.0000000000000000        49.624411897192942        49.624411897192942     
   1.0000000000000000        49.624411897192942        49.624411897192942     
   1.0000000000000000        49.624411897192942        49.624411897192942     
   1.0000000000000000        49.624411897192942        49.624411897192942     
   1.0000000000000000        49.624411897192942        49.624411897192942     
   1.0000000000000000        49.624411897192942        49.624411897192942     
   1.0000000000000000        49.624411897192942        49.624411897192942     
   1.0000000000000000        49.624411897192942        49.624411897192942     
   1.0000000000000000        49.624411897192942        49.624411897192942     
 
 part:           4
 comp:           0
   1.0015068713206106        49.253795278600016        49.179687817471283     
   1.0001433485793807        49.186737655854301        49.179687817471283     
   1.0000142670608707        49.180389467070974        49.179687817471283     
   1.0000014260332317        49.179757949340434        49.179687817471283     
   1.0000001425965996        49.179694830327534        49.179687817471283     
   1.0000000142595928        49.179688518753608        49.179687817471283     
   1.0000000014259587        49.179687887599485        49.179687817471283     
   1.0000000001425959        49.179687824484105        49.179687817471283     
   1.0000000000142597        49.179687818172567        49.179687817471283     
   1.0000000000014260        49.179687817541414        49.179687817471283     
 comp:           1
   1.0018851549832080        43.883908248608890        43.801335941886876     
   1.0001796203622348        43.809203553715129        43.801335941886876     
   1.0000178797894321        43.802119100550364        43.801335941886876     
   1.0000017871626170        43.801414221997042        43.801335941886876     
   1.0000001787081045        43.801343769540594        43.801335941886876     
   1.0000000178707289        43.801336724648678        43.801335941886876     
   1.0000000017870720        43.801336020163021        43.801335941886876     
   1.0000000001787073        43.801335949714492        43.801335941886876     
   1.0000000000178708        43.801335942669638        43.801335941886876     
   1.0000000000017870        43.801335941965149        43.801335941886876     
 comp:           2
   1.5369904084051729       0.30680255852840349       0.19961253944762802     
   1.0511652423983939       0.20982576341422490       0.19961253944762802     
   1.0050930960663156       0.20062918528707602       0.19961253944762802     
   1.0005090770743386       0.19971415761521133       0.19961253944762802     
   1.0000509053838416       0.19962270080056818       0.19961253944762802     
   1.0000050905151614       0.19961355557828650       0.19961253944762802     
   1.0000005090512822       0.19961264106064719       0.19961253944762802     
   1.0000000509051259       0.19961254960892949       0.19961253944762802     
   1.0000000050905127       0.19961254046375818       0.19961253944762802     
   1.0000000005090512       0.19961253954924105       0.19961253944762802     
 comp:           3
   1.0000000000000000       -22.361681921626513       -22.361681921626513     
   1.0000000000000000       -22.361681921626513       -22.361681921626513     
   1.0000000000000000       -22.361681921626513       -22.361681921626513     
   1.0000000000000000       -22.361681921626513       -22.361681921626513     
   1.0000000000000000       -22.361681921626513       -22.361681921626513     
   1.0000000000000000       -22.361681921626513       -22.361681921626513     
   1.0000000000000000       -22.361681921626513       -22.361681921626513     
   1.0000000000000000       -22.361681921626513       -22.361681921626513     
   1.0000000000000000       -22.361681921626513       -22.361681921626513     
   1.0000000000000000       -22.361681921626513       -22.361681921626513     
 
 part:           5
 comp:           0
  0.99850823281864898        260.31380266862755        260.70271041611556     
  0.99985743961635154        260.66554453770044        260.70271041611556     
  0.99998580524376546        260.69900980469151        260.70271041611556     
  0.99999858113271933        260.70234051356977        260.70271041611556     
  0.99999985811935099        260.70267342744580        260.70271041611556     
  0.99999998581199590        260.70270671726445        260.70271041611556     
  0.99999999858120014        260.70271004623061        260.70271041611556     
  0.99999999985812016        260.70271037912710        260.70271041611556     
  0.99999999998581202        260.70271041241671        260.70271041611556     
  0.99999999999858125        260.70271041574568        260.70271041611556     
 comp:           1
  0.99809753454880135       -229.29746649777886       -229.73452850119980     
  0.99981848423698416       -229.69282806296783       -229.73452850119980     
  0.99998192921239315       -229.73037701732929       -229.73452850119980     
  0.99999819372315046       -229.73411353703943       -229.73452850119980     
  0.99999981938032823       -229.73448700662468       -229.73452850119980     
  0.99999998193811301       -229.73452435176071       -229.73452850119980     
  0.99999999819381213       -229.73452808625609       -229.73452850119980     
  0.99999999981938126       -229.73452845970544       -229.73452850119980     
  0.99999999998193811       -229.73452849705038       -229.73452850119980     
  0.99999999999819378       -229.73452850078485       -229.73452850119980     
 comp:           2
  0.72295284532172377       -1.4805369831144977       -2.0479025605821342     
  0.97356670753672958       -1.9937697532619862       -2.0479025605821342     
  0.99736843563381183       -2.0425133731782807       -2.0479025605821342     
  0.99973696034195503       -2.0473638809928891       -2.0479025605821342     
  0.99997369720111595       -2.0478486950129491       -2.0479025605821342     
  0.99999736973178588       -2.0478971740491234       -2.0479025605821342     
  0.99999973697329458       -2.0479020219290707       -2.0479025605821342     
  0.99999997369733074       -2.0479025067168304       -2.0479025605821342     
  0.99999999736973311       -2.0479025551956038       -2.0479025605821342     
  0.99999999973697329       -2.0479025600434810       -2.0479025605821342     
 comp:           3
   1.0000000000000000       -93.362410923091744       -93.362410923091744     
   1.0000000000000000       -93.362410923091744       -93.362410923091744     
   1.0000000000000000       -93.362410923091744       -93.362410923091744     
   1.0000000000000000       -93.362410923091744       -93.362410923091744     
   1.0000000000000000       -93.362410923091744       -93.362410923091744     
   1.0000000000000000       -93.362410923091744       -93.362410923091744     
   1.0000000000000000       -93.362410923091744       -93.362410923091744     
   1.0000000000000000       -93.362410923091744       -93.362410923091744     
   1.0000000000000000       -93.362410923091744       -93.362410923091744     
   1.0000000000000000       -93.362410923091744       -93.362410923091744     
 
 part:           6
 comp:           0
   1.0018949569520148        183.50544859426918        183.15837136513113     
   1.0001803510924774        183.19140417750322        183.15837136513113     
   1.0000179506066715        183.16165916901409        183.15837136513113     
   1.0000017942219983        183.15869999191023        183.15837136513113     
   1.0000001794138194        183.15840422627409        183.15837136513113     
   1.0000000179412982        183.15837465123010        183.15837136513113     
   1.0000000017941288        183.15837169374086        183.15837136513113     
   1.0000000001794129        183.15837139799211        183.15837136513113     
   1.0000000000179412        183.15837136841722        183.15837136513113     
   1.0000000000017941        183.15837136545974        183.15837136513113     
 comp:           1
   1.0018279944129960        168.56908207009485        168.26150098636947     
   1.0001741434747009        168.29080262880964        168.26150098636947     
   1.0000173343197463        168.26441768502855        168.26150098636947     
   1.0000017326376804        168.26179252258623        168.26150098636947     
   1.0000001732558310        168.26153013865564        168.26150098636947     
   1.0000000173255037        168.26150390158475        168.26150098636947     
   1.0000000017325497        168.26150127789086        168.26150098636947     
   1.0000000001732550        168.26150101552162        168.26150098636947     
   1.0000000000173255        168.26150098928468        168.26150098636947     
   1.0000000000017326        168.26150098666099        168.26150098636947     
 comp:           2
   1.0135690229388175        29.825264667140107        29.425982831107561     
   1.0012926499042141        29.464020324995595        29.425982831107561     
   1.0001286709524890        29.429769100346366        29.425982831107561     
   1.0000128611992802        29.426361284536771        29.425982831107561     
   1.0000012860610124        29.426020674716828        29.425982831107561     
   1.0000001286055125        29.425986615451162        29.425982831107561     
   1.0000000128605453        29.425983209541748        29.425982831107561     
   1.0000000012860546        29.425982868950978        29.425982831107561     
   1.0000000001286053        29.425982834891901        29.425982831107561     
   1.0000000000128606        29.425982831485996        29.425982831107561     
 comp:           3
   1.0000000000000000        66.099680947525300        66.099680947525300     
   1.0000000000000000        66.099680947525300        66.099680947525300     
   1.0000000000000000        66.099680947525300        66.099680947525300     
   1.0000000000000000        66.099680947525300        66.099680947525300     
   1.0000000000000000        66.099680947525300        66.099680947525300     
   1.0000000000000000        66.099680947525300        66.099680947525300     
   1.0000000000000000        66.099680947525300        66.099680947525300     
   1.0000000000000000        66.099680947525300        66.099680947525300     
   1.0000000000000000        66.099680947525300        66.099680947525300     
   1.0000000000000000        66.099680947525300        66.099680947525300     
 
 part:           7
 comp:           0
   30.690152600038253        0.0000000000000000     
   2.7903659821351852        0.0000000000000000     
  0.27652615022836313        0.0000000000000000     
   2.7627759017529646E-002   0.0000000000000000     
   2.7625275876930009E-003   0.0000000000000000     
   2.7625027587444798E-004   0.0000000000000000     
   2.7625002758742007E-005   0.0000000000000000     
   2.7625000275874182E-006   0.0000000000000000     
   2.7625000027587419E-007   0.0000000000000000     
   2.7625000002758747E-008   0.0000000000000000     
 comp:           1
 -0.92694648673396252       -0.0000000000000000     
  -8.8380879733346893E-002  -0.0000000000000000     
  -8.7981866951822845E-003  -0.0000000000000000     
  -8.7942262238156473E-004  -0.0000000000000000     
  -8.7938304707734017E-005  -0.0000000000000000     
  -8.7937908984076738E-006  -0.0000000000000000     
  -8.7937869412004840E-007  -0.0000000000000000     
  -8.7937865454800580E-008  -0.0000000000000000     
  -8.7937865059080190E-009  -0.0000000000000000     
  -8.7937865019508155E-010  -0.0000000000000000     
 comp:           2
  -1.2033018761891745       -0.0000000000000000     
 -0.11473033225154095       -0.0000000000000000     
  -1.1421235970889388E-002  -0.0000000000000000     
  -1.1416094743543180E-003  -0.0000000000000000     
  -1.1415581002582880E-004  -0.0000000000000000     
  -1.1415529632301415E-005  -0.0000000000000000     
  -1.1415524495311413E-006  -0.0000000000000000     
  -1.1415523981612793E-007  -0.0000000000000000     
  -1.1415523930242934E-008  -0.0000000000000000     
  -1.1415523925105951E-009  -0.0000000000000000     
 comp:           3
  -30.652541516473399       -0.0000000000000000     
  -2.7866051182785601       -0.0000000000000000     
 -0.27615006615949456       -0.0000000000000000     
  -2.7590150633695323E-002  -0.0000000000000000     
  -2.7587667495399802E-003  -0.0000000000000000     
  -2.7587419206144992E-004  -0.0000000000000000     
  -2.7587394377465237E-005  -0.0000000000000000     
  -2.7587391894599720E-006  -0.0000000000000000     
  -2.7587391646313185E-007  -0.0000000000000000     
  -2.7587391621484537E-008  -0.0000000000000000     
 
 part: i_fks reduced
 comp:           0
   1.0540925533894596        291.19306787383823        276.25000000000000     
   1.0050378152592121        277.64169646535731        276.25000000000000     
   1.0005003753127737        276.38822868015376        276.25000000000000     
   1.0000500037503124        276.26381353602380        276.25000000000000     
   1.0000050000375003        276.25138126035944        276.25000000000000     
   1.0000005000003749        276.25013812510355        276.25000000000000     
   1.0000000500000037        276.25001381250104        276.25000000000000     
   1.0000000050000000        276.25000138125000        276.25000000000000     
   1.0000000004999998        276.25000013812496        276.25000000000000     
   1.0000000000500000        276.25000001381250        276.25000000000000     
 comp:           1
   1.0540925533894596       -9.2694648673396252       -8.7937865015111250     
   1.0050378152592119       -8.8380879733346891       -8.7937865015111250     
   1.0005003753127737       -8.7981866951822845       -8.7937865015111250     
   1.0000500037503124       -8.7942262238156470       -8.7937865015111250     
   1.0000050000375000       -8.7938304707734005       -8.7937865015111250     
   1.0000005000003749       -8.7937908984076714       -8.7937865015111250     
   1.0000000500000037       -8.7937869412004819       -8.7937865015111250     
   1.0000000050000000       -8.7937865454800566       -8.7937865015111250     
   1.0000000004999998       -8.7937865059080167       -8.7937865015111250     
   1.0000000000500000       -8.7937865019508141       -8.7937865015111250     
 comp:           2
   1.0540925533894596       -12.033018761891745       -11.415523924535172     
   1.0050378152592119       -11.473033225154094       -11.415523924535172     
   1.0005003753127737       -11.421235970889388       -11.415523924535172     
   1.0000500037503124       -11.416094743543180       -11.415523924535172     
   1.0000050000375003       -11.415581002582879       -11.415523924535172     
   1.0000005000003747       -11.415529632301412       -11.415523924535172     
   1.0000000500000037       -11.415524495311411       -11.415523924535172     
   1.0000000050000000       -11.415523981612791       -11.415523924535172     
   1.0000000004999998       -11.415523930242932       -11.415523924535172     
   1.0000000000500000       -11.415523925105948       -11.415523924535172     
 comp:           3
   1.1111069121760335       -306.52541516473400       -275.87391618725792     
   1.0101009753988723       -278.66051182785600       -275.87391618725792     
   1.0010010006602041       -276.15006615949449       -275.87391618725792     
   1.0001000099975983       -275.90150633695322       -275.87391618725792     
   1.0000100000999668       -275.87667495399802       -275.87391618725792     
   1.0000010000009996       -275.87419206144983       -275.87391618725792     
   1.0000001000000101       -275.87394377465233       -275.87391618725792     
   1.0000000100000004       -275.87391894599716       -275.87391618725792     
   1.0000000009999996       -275.87391646313176       -275.87391618725792     
   1.0000000000999998       -275.87391621484528       -275.87391618725792     
 
 part: i_fks full/reduced
 comp:           0
  0.10539451651141302        30.690152600038253        291.19306787383823     
   1.0050241075671257E-002   2.7903659821351852        277.64169646535731     
   1.0004990138287291E-003  0.27652615022836313        276.38822868015376     
   1.0000498676938406E-004   2.7627759017529646E-002   276.26381353602380     
   1.0000049864327713E-005   2.7625275876930009E-003   276.25138126035944     
   1.0000004986399114E-006   2.7625027587444798E-004   276.25013812510355     
   1.0000000498639578E-007   2.7625002758742007E-005   276.25001381250104     
   1.0000000049863956E-008   2.7625000275874182E-006   276.25000138125000     
   1.0000000004986396E-009   2.7625000027587419E-007   276.25000013812496     
   1.0000000000498642E-010   2.7625000002758747E-008   276.25000001381250     
 comp:           1
  0.10000000000000001      -0.92694648673396252       -9.2694648673396252     
   1.0000000000000000E-002  -8.8380879733346893E-002  -8.8380879733346891     
   1.0000000000000000E-003  -8.7981866951822845E-003  -8.7981866951822845     
   1.0000000000000000E-004  -8.7942262238156473E-004  -8.7942262238156470     
   1.0000000000000001E-005  -8.7938304707734017E-005  -8.7938304707734005     
   1.0000000000000004E-006  -8.7937908984076738E-006  -8.7937908984076714     
   1.0000000000000002E-007  -8.7937869412004840E-007  -8.7937869412004819     
   1.0000000000000002E-008  -8.7937865454800580E-008  -8.7937865454800566     
   1.0000000000000003E-009  -8.7937865059080190E-009  -8.7937865059080167     
   1.0000000000000002E-010  -8.7937865019508155E-010  -8.7937865019508141     
 comp:           2
  0.10000000000000001       -1.2033018761891745       -12.033018761891745     
   1.0000000000000000E-002 -0.11473033225154095       -11.473033225154094     
   1.0000000000000000E-003  -1.1421235970889388E-002  -11.421235970889388     
   1.0000000000000000E-004  -1.1416094743543180E-003  -11.416094743543180     
   1.0000000000000001E-005  -1.1415581002582880E-004  -11.415581002582879     
   1.0000000000000002E-006  -1.1415529632301415E-005  -11.415529632301412     
   1.0000000000000002E-007  -1.1415524495311413E-006  -11.415524495311411     
   1.0000000000000002E-008  -1.1415523981612793E-007  -11.415523981612791     
   1.0000000000000003E-009  -1.1415523930242934E-008  -11.415523930242932     
   1.0000000000000003E-010  -1.1415523925105951E-009  -11.415523925105948     
 comp:           3
   9.9999999999999992E-002  -30.652541516473399       -306.52541516473400     
   1.0000000000000000E-002  -2.7866051182785601       -278.66051182785600     
   1.0000000000000002E-003 -0.27615006615949456       -276.15006615949449     
   1.0000000000000000E-004  -2.7590150633695323E-002  -275.90150633695322     
   9.9999999999999991E-006  -2.7587667495399802E-003  -275.87667495399802     
   1.0000000000000004E-006  -2.7587419206144992E-004  -275.87419206144983     
   1.0000000000000001E-007  -2.7587394377465237E-005  -275.87394377465233     
   1.0000000000000002E-008  -2.7587391894599720E-006  -275.87391894599716     
   1.0000000000000003E-009  -2.7587391646313185E-007  -275.87391646313176     
   1.0000000000000003E-010  -2.7587391621484537E-008  -275.87391621484528     
     
 Soft #          50
 
 part:           1
 comp:           0
   1.0001062018045783        276.27933824851476        276.25000000000000     
   1.0000101116080187        276.25279333171517        276.25000000000000     
   1.0000010065786034        276.25027806733920        276.25000000000000     
   1.0000001006124912        276.25002779420072        276.25000000000000     
   1.0000000100607958        276.25000277929485        276.25000000000000     
   1.0000000010060750        276.25000027792822        276.25000000000000     
   1.0000000001006075        276.25000002779285        276.25000000000000     
   1.0000000000100608        276.25000000277930        276.25000000000000     
   1.0000000000010061        276.25000000027791        276.25000000000000     
   1.0000000000001006        276.25000000002780        276.25000000000000     
 comp:           1
   0.0000000000000000        0.0000000000000000     
   0.0000000000000000        0.0000000000000000     
   0.0000000000000000        0.0000000000000000     
   0.0000000000000000        0.0000000000000000     
   0.0000000000000000        0.0000000000000000     
   0.0000000000000000        0.0000000000000000     
   0.0000000000000000        0.0000000000000000     
   0.0000000000000000        0.0000000000000000     
   0.0000000000000000        0.0000000000000000     
   0.0000000000000000        0.0000000000000000     
 comp:           2
   0.0000000000000000        0.0000000000000000     
   0.0000000000000000        0.0000000000000000     
   0.0000000000000000        0.0000000000000000     
   0.0000000000000000        0.0000000000000000     
   0.0000000000000000        0.0000000000000000     
   0.0000000000000000        0.0000000000000000     
   0.0000000000000000        0.0000000000000000     
   0.0000000000000000        0.0000000000000000     
   0.0000000000000000        0.0000000000000000     
   0.0000000000000000        0.0000000000000000     
 comp:           3
   1.0001062018045783        276.27933824851476        276.25000000000000     
   1.0000101116080187        276.25279333171517        276.25000000000000     
   1.0000010065786034        276.25027806733920        276.25000000000000     
   1.0000001006124912        276.25002779420072        276.25000000000000     
   1.0000000100607958        276.25000277929485        276.25000000000000     
   1.0000000010060750        276.25000027792822        276.25000000000000     
   1.0000000001006075        276.25000002779285        276.25000000000000     
   1.0000000000100608        276.25000000277930        276.25000000000000     
   1.0000000000010061        276.25000000027791        276.25000000000000     
   1.0000000000001006        276.25000000002780        276.25000000000000     
 
 part:           2
 comp:           0
   1.1109931216367190        306.91184985214363        276.25000000000000     
   1.0100907964588131        279.03758252174708        276.25000000000000     
   1.0009999934158258        276.52624818112190        276.25000000000000     
   1.0000999093784564        276.27759996579857        276.25000000000000     
   1.0000099900391044        276.25275974830259        276.25000000000000     
   1.0000009989949239        276.25027597234771        276.25000000000000     
   1.0000000998994025        276.25002759720996        276.25000000000000     
   1.0000000099899393        276.25000275972076        276.25000000000000     
   1.0000000009989938        276.25000027597201        276.25000000000000     
   1.0000000000998994        276.25000002759720        276.25000000000000     
 comp:           1
   0.0000000000000000        0.0000000000000000     
   0.0000000000000000        0.0000000000000000     
   0.0000000000000000        0.0000000000000000     
   0.0000000000000000        0.0000000000000000     
   0.0000000000000000        0.0000000000000000     
   0.0000000000000000        0.0000000000000000     
   0.0000000000000000        0.0000000000000000     
   0.0000000000000000        0.0000000000000000     
   0.0000000000000000        0.0000000000000000     
   0.0000000000000000        0.0000000000000000     
 comp:           2
   0.0000000000000000        0.0000000000000000     
   0.0000000000000000        0.0000000000000000     
   0.0000000000000000        0.0000000000000000     
   0.0000000000000000        0.0000000000000000     
   0.0000000000000000        0.0000000000000000     
   0.0000000000000000        0.0000000000000000     
   0.0000000000000000        0.0000000000000000     
   0.0000000000000000        0.0000000000000000     
   0.0000000000000000        0.0000000000000000     
   0.0000000000000000        0.0000000000000000     
 comp:           3
   1.1109931216367190       -306.91184985214363       -276.25000000000000     
   1.0100907964588131       -279.03758252174708       -276.25000000000000     
   1.0009999934158258       -276.52624818112190       -276.25000000000000     
   1.0000999093784564       -276.27759996579857       -276.25000000000000     
   1.0000099900391044       -276.25275974830259       -276.25000000000000     
   1.0000009989949239       -276.25027597234771       -276.25000000000000     
   1.0000000998994025       -276.25002759720996       -276.25000000000000     
   1.0000000099899393       -276.25000275972076       -276.25000000000000     
   1.0000000009989938       -276.25000027597201       -276.25000000000000     
   1.0000000000998994       -276.25000002759720       -276.25000000000000     
 
 part:           3
 comp:           0
   1.0021509496308756        30.681759733641734        30.615906460940650     
   1.0002046033796665        30.622170578874115        30.615906460940650     
   1.0000203634156446        30.616529905369251        30.615906460940650     
   1.0000020353796577        30.615968775933865        30.615906460940650     
   1.0000002035283539        30.615912692145695        30.615906460940650     
   1.0000000203527393        30.615907084058211        30.615906460940650     
   1.0000000020352731        30.615906523252377        30.615906460940650     
   1.0000000002035274        30.615906467171829        30.615906460940650     
   1.0000000000203528        30.615906461563767        30.615906460940650     
   1.0000000000020353        30.615906461002961        30.615906460940650     
 comp:           1
   1.0043965751470543       -22.868833054309444       -22.768728627894024     
   1.0004187906379358       -22.778263958281087       -22.768728627894024     
   1.0000416861535217       -22.769677768611100       -22.768728627894024     
   1.0000041667006827       -22.768823498371141       -22.768728627894024     
   1.0000004166509358       -22.768738114506114       -22.768728627894024     
   1.0000000416649022       -22.768729576550875       -22.768728627894024     
   1.0000000041664883       -22.768728722759665       -22.768728627894024     
   1.0000000004166492       -22.768728637380594       -22.768728627894024     
   1.0000000000416649       -22.768728628842680       -22.768728627894024     
   1.0000000000041664       -22.768728627988889       -22.768728627894024     
 comp:           2
  0.99823753182571284       -12.267397761653079       -12.289056833213625     
  0.99983211814961337       -12.286993723612959       -12.289056833213625     
  0.99998328914747658       -12.288851472597234       -12.289056833213625     
  0.99999832968228697       -12.289036306584320       -12.289056833213625     
  0.99999983297589845       -12.289054780644948       -12.289056833213625     
  0.99999998329766659       -12.289056627957700       -12.289056833213625     
  0.99999999832976738       -12.289056812688042       -12.289056833213625     
  0.99999999983297672       -12.289056831161066       -12.289056833213625     
  0.99999999998329769       -12.289056833008368       -12.289056833213625     
  0.99999999999832978       -12.289056833193099       -12.289056833213625     
 comp:           3
   1.0000000000000000        16.367584038105061        16.367584038105061     
   1.0000000000000000        16.367584038105061        16.367584038105061     
   1.0000000000000000        16.367584038105061        16.367584038105061     
   1.0000000000000000        16.367584038105061        16.367584038105061     
   1.0000000000000000        16.367584038105061        16.367584038105061     
   1.0000000000000000        16.367584038105061        16.367584038105061     
   1.0000000000000000        16.367584038105061        16.367584038105061     
   1.0000000000000000        16.367584038105061        16.367584038105061     
   1.0000000000000000        16.367584038105061        16.367584038105061     
   1.0000000000000000        16.367584038105061        16.367584038105061     
 
 part:           4
 comp:           0
  0.99919831272830317        63.658213464951579        63.709288390543144     
  0.99992308049704381        63.704387903746451        63.709288390543144     
  0.99999233822639833        63.708800264399173        63.709288390543144     
  0.99999923412227665        63.709239597018396        63.709288390543144     
  0.99999992341522193        63.709283511381429        63.709288390543144     
  0.99999999234155201        63.709287902628873        63.709288390543144     
  0.99999999923415550        63.709288341751737        63.709288390543144     
  0.99999999992341582        63.709288385664017        63.709288390543144     
  0.99999999999234157        63.709288390055228        63.709288390543144     
  0.99999999999923417        63.709288390494351        63.709288390543144     
 comp:           1
  0.98697465873230761        15.761039728212115        15.969041949320104     
  0.99875762877057717        15.949202471040822        15.969041949320104     
  0.99987631948382782        15.967066889969036        15.969041949320104     
  0.99998763747318720        15.968844531610831        15.969041949320104     
  0.99999876380252584        15.969022208430781        15.969041949320104     
  0.99999987638080456        15.969039975239987        15.969041949320104     
  0.99999998763808606        15.969041751912181        15.969041949320104     
  0.99999999876380885        15.969041929579316        15.969041949320104     
  0.99999999987638089        15.969041947346025        15.969041949320104     
  0.99999999998763811        15.969041949122696        15.969041949320104     
 comp:           2
   1.0437372211848273        1.0739758396697305        1.0289714861855526     
   1.0041717037686921        1.0332640504123496        1.0289714861855526     
   1.0004153013714501        1.0293988194549484        1.0289714861855526     
   1.0000415115856469        1.0290142004235296        1.0289714861855526     
   1.0000041509731874        1.0289757574186023        1.0289714861855526     
   1.0000004150954653        1.0289719133069504        1.0289714861855526     
   1.0000000415095280        1.0289715288976733        1.0289714861855526     
   1.0000000041509520        1.0289714904567637        1.0289714861855526     
   1.0000000004150953        1.0289714866126738        1.0289714861855526     
   1.0000000000415095        1.0289714862282646        1.0289714861855526     
 comp:           3
   1.0000000000000000       -61.666882069153345       -61.666882069153345     
   1.0000000000000000       -61.666882069153345       -61.666882069153345     
   1.0000000000000000       -61.666882069153345       -61.666882069153345     
   1.0000000000000000       -61.666882069153345       -61.666882069153345     
   1.0000000000000000       -61.666882069153345       -61.666882069153345     
   1.0000000000000000       -61.666882069153345       -61.666882069153345     
   1.0000000000000000       -61.666882069153345       -61.666882069153345     
   1.0000000000000000       -61.666882069153345       -61.666882069153345     
   1.0000000000000000       -61.666882069153345       -61.666882069153345     
   1.0000000000000000       -61.666882069153345       -61.666882069153345     
 
 part:           5
 comp:           0
  0.99987809225493718        214.51098851696133        214.53714225620601     
  0.99998789493180174        214.53454526946794        214.53714225620601     
  0.99999879040812889        214.53688275382268        214.53714225620601     
  0.99999987905000709        214.53711630794018        214.53714225620601     
  0.99999998790509270        214.53713966139915        214.53714225620601     
  0.99999999879051005        214.53714199672550        214.53714225620601     
  0.99999999987905097        214.53714223025796        214.53714225620601     
  0.99999999998790534        214.53714225361125        214.53714225620601     
  0.99999999999879041        214.53714225594652        214.53714225620601     
  0.99999999999987910        214.53714225618006        214.53714225620601     
 comp:           1
  0.93469273676946840        10.028194284253216        10.728867241349452     
  0.99377283766260094        10.662056843341166        10.728867241349452     
  0.99938009174791254        10.722216328010989        10.728867241349452     
  0.99993803704598994        10.728202449041996        10.728867241349452     
  0.99999380398310400        10.728800765106749        10.728867241349452     
  0.99999938040109515        10.728860593755059        10.728867241349452     
  0.99999993804013743        10.728866576590312        10.728867241349452     
  0.99999999380401416        10.728867174873542        10.728867241349452     
  0.99999999938040141        10.728867234701861        10.728867241349452     
  0.99999999993804012        10.728867240684693        10.728867241349452     
 comp:           2
   1.0139301973060757        11.034501052509409        10.882900106759930     
   1.0013282687977709        10.897355523400998        10.882900106759930     
   1.0001322279304947        10.884339130118827        10.882900106759930     
   1.0000132168480553        10.883043944397043        10.882900106759930     
   1.0000013216253998        10.882914489877134        10.882900106759930     
   1.0000001321619461        10.882901545065186        10.882900106759930     
   1.0000000132161886        10.882900250590390        10.882900106759930     
   1.0000000013216188        10.882900121142976        10.882900106759930     
   1.0000000001321618        10.882900108198234        10.882900106759930     
   1.0000000000132161        10.882900106903760        10.882900106759930     
 comp:           3
   1.0000000000000000       -198.30638755741785       -198.30638755741785     
   1.0000000000000000       -198.30638755741785       -198.30638755741785     
   1.0000000000000000       -198.30638755741785       -198.30638755741785     
   1.0000000000000000       -198.30638755741785       -198.30638755741785     
   1.0000000000000000       -198.30638755741785       -198.30638755741785     
   1.0000000000000000       -198.30638755741785       -198.30638755741785     
   1.0000000000000000       -198.30638755741785       -198.30638755741785     
   1.0000000000000000       -198.30638755741785       -198.30638755741785     
   1.0000000000000000       -198.30638755741785       -198.30638755741785     
   1.0000000000000000       -198.30638755741785       -198.30638755741785     
 
 part:           6
 comp:           0
   1.0000593519345893        243.65212325894169        243.63766289231020     
   1.0000051773641505        243.63892429321177        243.63766289231020     
   1.0000005108488714        243.63778735433533        243.63766289231020     
   1.0000000510166365        243.63767532188427        243.63766289231020     
   1.0000000051009816        243.63766413510146        243.63766289231020     
   1.0000000005100913        243.63766301658765        243.63766289231020     
   1.0000000000510090        243.63766290473794        243.63766289231020     
   1.0000000000051010        243.63766289355303        243.63766289231020     
   1.0000000000005100        243.63766289243449        243.63766289231020     
   1.0000000000000511        243.63766289232262        243.63766289231020     
 comp:           1
   1.2025324718553461       -4.7249672145204400       -3.9291805627755321     
   1.0193102438635777       -4.0050539976267574       -3.9291805627755321     
   1.0019223019618613       -3.9367336342798622       -3.9291805627755321     
   1.0001921436203416       -3.9299355297538394       -3.9291805627755321     
   1.0000192134969186       -3.9292560560741676       -3.9291805627755321     
   1.0000019213410412       -3.9291881120714058       -3.9291805627755321     
   1.0000001921340176       -3.9291813177047796       -3.9291805627755321     
   1.0000000192134011       -3.9291806382684542       -3.9291805627755321     
   1.0000000019213402       -3.9291805703248244       -3.9291805627755321     
   1.0000000001921339       -3.9291805635304611       -3.9291805627755321     
 comp:           2
   1.4564871060136635       0.54936543902921742       0.37718524026814404     
   1.0435232792892515       0.39360157882411789       0.37718524026814404     
   1.0043326684921969       0.37881945887437557       0.37718524026814404     
   1.0004330717162793       0.37734858852750219       0.37718524026814404     
   1.0000433052217477       0.37720157435861379       0.37718524026814404     
   1.0000043305026771       0.37718687366983683       0.37718524026814404     
   1.0000004330500727       0.37718540360823977       0.37718524026814404     
   1.0000000433050058       0.37718525660215307       0.37718524026814404     
   1.0000000043305004       0.37718524190154490       0.37718524026814404     
   1.0000000004330500       0.37718524043148410       0.37718524026814404     
 comp:           3
   1.0000000000000000        243.60568558846614        243.60568558846614     
   1.0000000000000000        243.60568558846614        243.60568558846614     
   1.0000000000000000        243.60568558846614        243.60568558846614     
   1.0000000000000000        243.60568558846614        243.60568558846614     
   1.0000000000000000        243.60568558846614        243.60568558846614     
   1.0000000000000000        243.60568558846614        243.60568558846614     
   1.0000000000000000        243.60568558846614        243.60568558846614     
   1.0000000000000000        243.60568558846614        243.60568558846614     
   1.0000000000000000        243.60568558846614        243.60568558846614     
   1.0000000000000000        243.60568558846614        243.60568558846614     
 
 part:           7
 comp:           0
   30.688103126162108        0.0000000000000000     
   2.7903478081619810        0.0000000000000000     
  0.27652597053461214        0.0000000000000000     
   2.7627757222613823E-002   0.0000000000000000     
   2.7625275697458628E-003   0.0000000000000000     
   2.7625027569497864E-004   0.0000000000000000     
   2.7625002756947313E-005   0.0000000000000000     
   2.7625000275694709E-006   0.0000000000000000     
   2.7625000027569472E-007   0.0000000000000000     
   2.7625000002756954E-008   0.0000000000000000     
 comp:           1
   1.8045662563645541        0.0000000000000000     
  0.17205864152585731        0.0000000000000000     
   1.7128184910935710E-002   0.0000000000000000     
   1.7120474721523682E-003   0.0000000000000000     
   1.7119704275121315E-004   0.0000000000000000     
   1.7119627236201702E-005   0.0000000000000000     
   1.7119619532366945E-006   0.0000000000000000     
   1.7119618761984040E-007   0.0000000000000000     
   1.7119618684945756E-008   0.0000000000000000     
   1.7119618677241929E-009   0.0000000000000000     
 comp:           2
 -0.39044456955527590       -0.0000000000000000     
  -3.7227429024505411E-002  -0.0000000000000000     
  -3.7059358509153296E-003  -0.0000000000000000     
  -3.7042676375285662E-004  -0.0000000000000000     
  -3.7041009400671254E-005  -0.0000000000000000     
  -3.7040842715587229E-006  -0.0000000000000000     
  -3.7040826047202598E-007  -0.0000000000000000     
  -3.7040824380365364E-008  -0.0000000000000000     
  -3.7040824213681657E-009  -0.0000000000000000     
  -3.7040824197013291E-010  -0.0000000000000000     
 comp:           3
  -30.632511603628842       -0.0000000000000000     
  -2.7847891900319630       -0.0000000000000000     
 -0.27597011378269726       -0.0000000000000000     
  -2.7572171597781026E-002  -0.0000000000000000     
  -2.7569690077659196E-003  -0.0000000000000000     
  -2.7569441950201748E-004  -0.0000000000000000     
  -2.7569417137701530E-005  -0.0000000000000000     
  -2.7569414656453957E-006  -0.0000000000000000     
  -2.7569414408329224E-007  -0.0000000000000000     
  -2.7569414383516755E-008  -0.0000000000000000     
 
 part: i_fks reduced
 comp:           0
   1.0540925533894596        291.19306787383823        276.25000000000000     
   1.0050378152592121        277.64169646535731        276.25000000000000     
   1.0005003753127737        276.38822868015376        276.25000000000000     
   1.0000500037503124        276.26381353602380        276.25000000000000     
   1.0000050000375003        276.25138126035944        276.25000000000000     
   1.0000005000003749        276.25013812510355        276.25000000000000     
   1.0000000500000037        276.25001381250104        276.25000000000000     
   1.0000000050000000        276.25000138125000        276.25000000000000     
   1.0000000004999998        276.25000013812496        276.25000000000000     
   1.0000000000500000        276.25000001381250        276.25000000000000     
 comp:           1
   1.0540925533894596        18.045662563645539        17.119618676385944     
   1.0050378152592121        17.205864152585733        17.119618676385944     
   1.0005003753127737        17.128184910935708        17.119618676385944     
   1.0000500037503124        17.120474721523681        17.119618676385944     
   1.0000050000375003        17.119704275121315        17.119618676385944     
   1.0000005000003747        17.119627236201698        17.119618676385944     
   1.0000000500000037        17.119619532366940        17.119618676385944     
   1.0000000050000000        17.119618761984036        17.119618676385944     
   1.0000000004999998        17.119618684945749        17.119618676385944     
   1.0000000000500000        17.119618677241924        17.119618676385944     
 comp:           2
   1.0540925533894596       -3.9044456955527589       -3.7040824195161242     
   1.0050378152592119       -3.7227429024505412       -3.7040824195161242     
   1.0005003753127737       -3.7059358509153291       -3.7040824195161242     
   1.0000500037503124       -3.7042676375285661       -3.7040824195161242     
   1.0000050000375003       -3.7041009400671254       -3.7040824195161242     
   1.0000005000003749       -3.7040842715587221       -3.7040824195161242     
   1.0000000500000037       -3.7040826047202589       -3.7040824195161242     
   1.0000000050000000       -3.7040824380365360       -3.7040824195161242     
   1.0000000004999998       -3.7040824213681645       -3.7040824195161242     
   1.0000000000500000       -3.7040824197013280       -3.7040824195161242     
 comp:           3
   1.1111049070743668       -306.32511603628842       -275.69414380759810     
   1.0101009588275536       -278.47891900319627       -275.69414380759810     
   1.0010010004974634       -275.97011378269724       -275.69414380759810     
   1.0001000099959736       -275.72171597781022       -275.69414380759810     
   1.0000100000999503       -275.69690077659192       -275.69414380759810     
   1.0000010000009993       -275.69441950201741       -275.69414380759810     
   1.0000001000000101       -275.69417137701527       -275.69414380759810     
   1.0000000099999999       -275.69414656453949       -275.69414380759810     
   1.0000000009999999       -275.69414408329220       -275.69414380759810     
   1.0000000001000000       -275.69414383516749       -275.69414380759810     
 
 part: i_fks full/reduced
 comp:           0
  0.10538747831544526        30.688103126162108        291.19306787383823     
   1.0050175617300141E-002   2.7903478081619810        277.64169646535731     
   1.0004983636789314E-003  0.27652597053461214        276.38822868015376     
   1.0000498027227610E-004   2.7627757222613823E-002   276.26381353602380     
   1.0000049799361023E-005   2.7625275697458628E-003   276.25138126035944     
   1.0000004979902490E-006   2.7625027569497864E-004   276.25013812510355     
   1.0000000497989915E-007   2.7625002756947313E-005   276.25001381250104     
   1.0000000049798990E-008   2.7625000275694709E-006   276.25000138125000     
   1.0000000004979901E-009   2.7625000027569472E-007   276.25000013812496     
   1.0000000000497993E-010   2.7625000002756954E-008   276.25000001381250     
 comp:           1
  0.10000000000000001        1.8045662563645541        18.045662563645539     
   1.0000000000000000E-002  0.17205864152585731        17.205864152585733     
   1.0000000000000000E-003   1.7128184910935710E-002   17.128184910935708     
   1.0000000000000000E-004   1.7120474721523682E-003   17.120474721523681     
   1.0000000000000001E-005   1.7119704275121315E-004   17.119704275121315     
   1.0000000000000002E-006   1.7119627236201702E-005   17.119627236201698     
   1.0000000000000004E-007   1.7119619532366945E-006   17.119619532366940     
   1.0000000000000002E-008   1.7119618761984040E-007   17.119618761984036     
   1.0000000000000005E-009   1.7119618684945756E-008   17.119618684945749     
   1.0000000000000003E-010   1.7119618677241929E-009   17.119618677241924     
 comp:           2
  0.10000000000000001      -0.39044456955527590       -3.9044456955527589     
   1.0000000000000000E-002  -3.7227429024505411E-002  -3.7227429024505412     
   1.0000000000000002E-003  -3.7059358509153296E-003  -3.7059358509153291     
   1.0000000000000000E-004  -3.7042676375285662E-004  -3.7042676375285661     
   1.0000000000000001E-005  -3.7041009400671254E-005  -3.7041009400671254     
   1.0000000000000002E-006  -3.7040842715587229E-006  -3.7040842715587221     
   1.0000000000000002E-007  -3.7040826047202598E-007  -3.7040826047202589     
   1.0000000000000000E-008  -3.7040824380365364E-008  -3.7040824380365360     
   1.0000000000000003E-009  -3.7040824213681657E-009  -3.7040824213681645     
   1.0000000000000003E-010  -3.7040824197013291E-010  -3.7040824197013280     
 comp:           3
  0.10000000000000001       -30.632511603628842       -306.32511603628842     
   1.0000000000000002E-002  -2.7847891900319630       -278.47891900319627     
   1.0000000000000000E-003 -0.27597011378269726       -275.97011378269724     
   1.0000000000000002E-004  -2.7572171597781026E-002  -275.72171597781022     
   1.0000000000000001E-005  -2.7569690077659196E-003  -275.69690077659192     
   1.0000000000000002E-006  -2.7569441950201748E-004  -275.69441950201741     
   1.0000000000000001E-007  -2.7569417137701530E-005  -275.69417137701527     
   1.0000000000000002E-008  -2.7569414656453957E-006  -275.69414656453949     
   1.0000000000000001E-009  -2.7569414408329224E-007  -275.69414408329220     
   1.0000000000000002E-010  -2.7569414383516755E-008  -275.69414383516749     
     
 Collinear #          85
 
 part:           1
 comp:           0
  0.99999981690670658        276.26276260234698        276.26281318421530     
  0.99999998252395561        276.26280835623413        276.26281318421530     
  0.99999999826031594        276.26281270360528        276.26281318421530     
  0.99999999982611065        276.26281313617613        276.26281318421530     
  0.99999999998261180        276.26281317941158        276.26281318421530     
  0.99999999999826117        276.26281318373492        276.26281318421530     
  0.99999999999982614        276.26281318416727        276.26281318421530     
  0.99999999999998246        276.26281318421047        276.26281318421530     
  0.99999999999999789        276.26281318421474        276.26281318421530     
  0.99999999999999978        276.26281318421525        276.26281318421530     
 comp:           1
   0.0000000000000000        0.0000000000000000     
   0.0000000000000000        0.0000000000000000     
   0.0000000000000000        0.0000000000000000     
   0.0000000000000000        0.0000000000000000     
   0.0000000000000000        0.0000000000000000     
   0.0000000000000000        0.0000000000000000     
   0.0000000000000000        0.0000000000000000     
   0.0000000000000000        0.0000000000000000     
   0.0000000000000000        0.0000000000000000     
   0.0000000000000000        0.0000000000000000     
 comp:           2
   0.0000000000000000        0.0000000000000000     
   0.0000000000000000        0.0000000000000000     
   0.0000000000000000        0.0000000000000000     
   0.0000000000000000        0.0000000000000000     
   0.0000000000000000        0.0000000000000000     
   0.0000000000000000        0.0000000000000000     
   0.0000000000000000        0.0000000000000000     
   0.0000000000000000        0.0000000000000000     
   0.0000000000000000        0.0000000000000000     
   0.0000000000000000        0.0000000000000000     
 comp:           3
  0.99999981690670658        276.26276260234698        276.26281318421530     
  0.99999998252395561        276.26280835623413        276.26281318421530     
  0.99999999826031594        276.26281270360528        276.26281318421530     
  0.99999999982611065        276.26281313617613        276.26281318421530     
  0.99999999998261180        276.26281317941158        276.26281318421530     
  0.99999999999826117        276.26281318373492        276.26281318421530     
  0.99999999999982614        276.26281318416727        276.26281318421530     
  0.99999999999998246        276.26281318421047        276.26281318421530     
  0.99999999999999789        276.26281318421474        276.26281318421530     
  0.99999999999999978        276.26281318421525        276.26281318421530     
 
 part:           2
 comp:           0
   1.0000024314976066        276.25067170121383        276.25000000000000     
   1.0000002329850302        276.25006436211459        276.25000000000000     
   1.0000000232014772        276.25000640940806        276.25000000000000     
   1.0000000023191820        276.25000064067405        276.25000000000000     
   1.0000000002319085        276.25000006406475        276.25000000000000     
   1.0000000000231908        276.25000000640642        276.25000000000000     
   1.0000000000023190        276.25000000064063        276.25000000000000     
   1.0000000000002318        276.25000000006406        276.25000000000000     
   1.0000000000000231        276.25000000000637        276.25000000000000     
   1.0000000000000022        276.25000000000063        276.25000000000000     
 comp:           1
   0.0000000000000000        0.0000000000000000     
   0.0000000000000000        0.0000000000000000     
   0.0000000000000000        0.0000000000000000     
   0.0000000000000000        0.0000000000000000     
   0.0000000000000000        0.0000000000000000     
   0.0000000000000000        0.0000000000000000     
   0.0000000000000000        0.0000000000000000     
   0.0000000000000000        0.0000000000000000     
   0.0000000000000000        0.0000000000000000     
   0.0000000000000000        0.0000000000000000     
 comp:           2
   0.0000000000000000        0.0000000000000000     
   0.0000000000000000        0.0000000000000000     
   0.0000000000000000        0.0000000000000000     
   0.0000000000000000        0.0000000000000000     
   0.0000000000000000        0.0000000000000000     
   0.0000000000000000        0.0000000000000000     
   0.0000000000000000        0.0000000000000000     
   0.0000000000000000        0.0000000000000000     
   0.0000000000000000        0.0000000000000000     
   0.0000000000000000        0.0000000000000000     
 comp:           3
   1.0000024314976066       -276.25067170121383       -276.25000000000000     
   1.0000002329850302       -276.25006436211459       -276.25000000000000     
   1.0000000232014772       -276.25000640940806       -276.25000000000000     
   1.0000000023191820       -276.25000064067405       -276.25000000000000     
   1.0000000002319085       -276.25000006406475       -276.25000000000000     
   1.0000000000231908       -276.25000000640642       -276.25000000000000     
   1.0000000000023190       -276.25000000064063       -276.25000000000000     
   1.0000000000002318       -276.25000000006406       -276.25000000000000     
   1.0000000000000231       -276.25000000000637       -276.25000000000000     
   1.0000000000000022       -276.25000000000063       -276.25000000000000     
 
 part:           3
 comp:           0
   1.0000040606695910        50.155391471597667        50.155187807951698     
   1.0000012592092213        50.155250963826688        50.155187807951698     
   1.0000003974331968        50.155207741288329        50.155187807951698     
   1.0000001256552551        50.155194110214616        50.155187807951698     
   1.0000000397349091        50.155189800863525        50.155187807951698     
   1.0000000125652564        50.155188438164494        50.155187807951698     
   1.0000000039734824        50.155188007242451        50.155187807951698     
   1.0000000012565253        50.155187870972959        50.155187807951698     
   1.0000000003973482        50.155187827880773        50.155187807951698     
   1.0000000001256524        50.155187814253821        50.155187807951698     
 comp:           1
   1.0000088778016232        44.430352986187941        44.429958545829841     
   1.0000027530190367        44.430080862351517        44.429958545829841     
   1.0000008689135043        44.429997151620817        44.429958545829841     
   1.0000002747219789        44.429970751715977        44.429958545829841     
   1.0000000868730523        44.429962405595958        44.429958545829841     
   1.0000000274716183        44.429959766392706        44.429958545829841     
   1.0000000086872869        44.429958931805636        44.429958545829841     
   1.0000000027471614        44.429958667886105        44.429958545829841     
   1.0000000008687286        44.429958584427418        44.429958545829841     
   1.0000000002747160        44.429958558035466        44.429958545829841     
 comp:           2
  0.99998262837642637        20.513505257121405        20.513861616203442     
  0.99999461303457493        20.513751108740180        20.513861616203442     
  0.99999829975494448        20.513826737611659        20.513861616203442     
  0.99999946243822413        20.513850588735561        20.513861616203442     
  0.99999983001129911        20.513858129078756        20.513861616203442     
  0.99999994624495636        20.513860513479916        20.513861616203442     
  0.99999998300116588        20.513861267491713        20.513861616203442     
  0.99999999462449685        20.513861505931114        20.513861616203442     
  0.99999999830011665        20.513861581332272        20.513861616203442     
  0.99999999946244966        20.513861605176210        20.513861616203442     
 comp:           3
   1.0000000000000000        10.986497588312684        10.986497588312684     
   1.0000000000000000        10.986497588312684        10.986497588312684     
   1.0000000000000000        10.986497588312684        10.986497588312684     
   1.0000000000000000        10.986497588312684        10.986497588312684     
   1.0000000000000000        10.986497588312684        10.986497588312684     
   1.0000000000000000        10.986497588312684        10.986497588312684     
   1.0000000000000000        10.986497588312684        10.986497588312684     
   1.0000000000000000        10.986497588312684        10.986497588312684     
   1.0000000000000000        10.986497588312684        10.986497588312684     
   1.0000000000000000        10.986497588312684        10.986497588312684     
 
 part:           4
 comp:           0
   1.0000022460348004        151.22437520481603        151.22403555036954     
   1.0000006964875778        151.22414087603175        151.22403555036954     
   1.0000002198257631        151.22406879330856        151.22403555036954     
   1.0000000695015965        151.22404606068145        151.22403555036954     
   1.0000000219779026        151.22403887395666        151.22403555036954     
   1.0000000069500088        151.22403660137792        151.22403555036954     
   1.0000000021977853        151.22403588272749        151.22403555036954     
   1.0000000006950007        151.22403565547035        151.22403555036954     
   1.0000000002197784        151.22403558360531        151.22403555036954     
   1.0000000000695002        151.22403556087963        151.22403555036954     
 comp:           1
   1.0000122576340718        97.025208352640334        97.024019067718427     
   1.0000038011123136        97.024387866912008        97.024019067718427     
   1.0000011997150808        97.024135468897313        97.024019067718427     
   1.0000003793106216        97.024055869959398        97.024019067718427     
   1.0000001199462534        97.024030705386011        97.024019067718427     
   1.0000000379302629        97.024022747864990        97.024019067718427     
   1.0000000119946000        97.024020231482723        97.024019067718427     
   1.0000000037930254        97.024019435733010        97.024019067718427     
   1.0000000011994599        97.024019184094854        97.024019067718427     
   1.0000000003793026        97.024019104519880        97.024019067718427     
 comp:           2
  0.99998196878691292        59.588111707734932        59.589186173048503     
  0.99999440849141930        59.588852979602699        59.589186173048503     
  0.99999823519627506        59.589081009830778        59.589186173048503     
  0.99999944202685431        59.589152923882843        59.589186173048503     
  0.99999982355677763        59.589175658940476        59.589186173048503     
  0.99999994420386107        59.589182848201993        59.589186173048503     
  0.99999998235571508        59.589185121639922        59.589186173048503     
  0.99999999442038723        59.589185840563921        59.589186173048503     
  0.99999999823557151        59.589186067907647        59.589186173048503     
  0.99999999944203866        59.589186139800042        59.589186173048503     
 comp:           3
   1.0000000000000000       -99.519734441567948       -99.519734441567948     
   1.0000000000000000       -99.519734441567948       -99.519734441567948     
   1.0000000000000000       -99.519734441567948       -99.519734441567948     
   1.0000000000000000       -99.519734441567948       -99.519734441567948     
   1.0000000000000000       -99.519734441567948       -99.519734441567948     
   1.0000000000000000       -99.519734441567948       -99.519734441567948     
   1.0000000000000000       -99.519734441567948       -99.519734441567948     
   1.0000000000000000       -99.519734441567948       -99.519734441567948     
   1.0000000000000000       -99.519734441567948       -99.519734441567948     
   1.0000000000000000       -99.519734441567948       -99.519734441567948     
 
 part:           5
 comp:           0
   1.0000066665157541        141.24631524850130        141.24537363399278     
   1.0000020672869918        141.24566562871635        141.24537363399278     
   1.0000006524804670        141.24546579384014        141.24537363399278     
   1.0000002062928559        141.24540277190431        141.24537363399278     
   1.0000000652342695        141.24538284803157        141.24537363399278     
   1.0000000206288466        141.24537654772195        141.24537363399278     
   1.0000000065234129        141.24537455539468        141.24537363399278     
   1.0000000020628843        141.24537392536564        141.24537363399278     
   1.0000000006523411        141.24537372613295        141.24537363399278     
   1.0000000002062883        141.24537366313007        141.24537363399278     
 comp:           1
   1.0000480386303912        23.124402847794723        23.123292036515153     
   1.0000148968349032        23.123636500379039        23.123292036515153     
   1.0000047017682283        23.123400756874986        23.123292036515153     
   1.0000014865449249        23.123326410327579        23.123292036515153     
   1.0000004700777565        23.123302906260395        23.123292036515153     
   1.0000001486513515        23.123295473823767        23.123292036515153     
   1.0000000470076758        23.123293123487368        23.123292036515153     
   1.0000000148651318        23.123292380245939        23.123292036515153     
   1.0000000047007673        23.123292145212368        23.123292036515153     
   1.0000000014865134        23.123292070888233        23.123292036515153     
 comp:           2
   1.0000093852018923       -106.93188548699776       -106.93088191908242     
   1.0000029103619730       -106.93119312665489       -106.93088191908242     
   1.0000009185741499       -106.93098014302637       -106.93088191908242     
   1.0000002904230225       -106.93091297427236       -106.93088191908242     
   1.0000000918380607       -106.93089173940724       -106.93088191908242     
   1.0000000290416886       -106.93088502453580       -106.93088191908242     
   1.0000000091837866       -106.93088290111282       -106.93088191908242     
   1.0000000029041682       -106.93088222962770       -106.93088191908242     
   1.0000000009183785       -106.93088201728546       -106.93088191908242     
   1.0000000002904168       -106.93088195013695       -106.93088191908242     
 comp:           3
   1.0000000000000000       -38.911945158742412       -38.911945158742412     
   1.0000000000000000       -38.911945158742412       -38.911945158742412     
   1.0000000000000000       -38.911945158742412       -38.911945158742412     
   1.0000000000000000       -38.911945158742412       -38.911945158742412     
   1.0000000000000000       -38.911945158742412       -38.911945158742412     
   1.0000000000000000       -38.911945158742412       -38.911945158742412     
   1.0000000000000000       -38.911945158742412       -38.911945158742412     
   1.0000000000000000       -38.911945158742412       -38.911945158742412     
   1.0000000000000000       -38.911945158742412       -38.911945158742412     
   1.0000000000000000       -38.911945158742412       -38.911945158742412     
 
 part:           6
 comp:           0
   1.0484725969515818        1.3434272529433227E-002   1.2813184215298685E-002
   1.0046460855029284        1.2872715364727736E-002   1.2813184215298685E-002
   1.0004626875437630        1.2819112716031044E-002   1.2813184215298685E-002
   1.0000462496309552        1.2813776820340005E-002   1.2813184215298685E-002
   1.0000046247719483        1.2813243473353612E-002   1.2813184215298685E-002
   1.0000004624752832        1.2813190141079683E-002   1.2813184215298685E-002
   1.0000000462475096        1.2813184807876545E-002   1.2813184215298685E-002
   1.0000000046247515        1.2813184274556477E-002   1.2813184215298685E-002
   1.0000000004624747        1.2813184221224459E-002   1.2813184215298685E-002
   1.0000000000462472        1.2813184215891258E-002   1.2813184215298685E-002
 comp:           1
  -4.3450710667051464E-003  -0.0000000000000000     
  -1.3474146669408707E-003  -0.0000000000000000     
  -4.2527395883175753E-004  -0.0000000000000000     
  -1.3445770943540410E-004  -0.0000000000000000     
  -4.2518447846194206E-005  -0.0000000000000000     
  -1.3445488061330871E-005  -0.0000000000000000     
  -4.2518358383171455E-006  -0.0000000000000000     
  -1.3445485262400761E-006  -0.0000000000000000     
  -4.2518356908365549E-007  -0.0000000000000000     
  -1.3445485760616566E-007  -0.0000000000000000     
 comp:           2
   3.9255758314614307E-003   0.0000000000000000     
   1.2173284096618135E-003   0.0000000000000000     
   3.8421585030732448E-004   0.0000000000000000     
   1.2147647907483666E-004   0.0000000000000000     
   3.8413500882700211E-005   0.0000000000000000     
   1.2147392336159778E-005   0.0000000000000000     
   3.8413420056892186E-006   0.0000000000000000     
   1.2147389807452598E-006   0.0000000000000000     
   3.8413418724471537E-007   0.0000000000000000     
   1.2147390257568119E-007   0.0000000000000000     
 comp:           3
  0.94362969656848772        1.2090901133158435E-002   1.2813184215298685E-002
  0.99460008577369452        1.2743994119570222E-002   1.2813184215298685E-002
  0.99946227120995601        1.2806294197253982E-002   1.2813184215298685E-002
  0.99994624964376699        1.2812495502082634E-002   1.2813184215298685E-002
  0.99999462518950233        1.2813115346861656E-002   1.2813184215298685E-002
  0.99999946252120131        1.2813177328483825E-002   1.2813184215298685E-002
  0.99999994625214295        1.2813183526617491E-002   1.2813184215298685E-002
  0.99999999462521505        1.2813184146430576E-002   1.2813184215298685E-002
  0.99999999946252116        1.2813184208411869E-002   1.2813184215298685E-002
  0.99999999994625199        1.2813184214610002E-002   1.2813184215298685E-002
 
 part:           7
 comp:           0
  0.99999292484232016        209.87391810611658        209.87540300768597     
  0.99999780596835086        209.87494253440940        209.87540300768597     
  0.99999930751377419        209.87525767186025        209.87540300768597     
  0.99999978105839948        209.87535705722934        209.87540300768597     
  0.99999993076589921        209.87538847715118        209.87540300768597     
  0.99999997810629582        209.87539841273599        209.87540300768597     
  0.99999999307660414        209.87540155463549        209.87540300768597     
  0.99999999781062998        209.87540254819106        209.87540300768597     
  0.99999999930766037        209.87540286238092        209.87540300768597     
  0.99999999978106302        209.87540296173648        209.87540300768597     
 comp:           1
  0.99998997106641374       -164.57561911555629       -164.57726965006341     
  0.99999689000134173       -164.57675781497562       -164.57726965006341     
  0.99999901841469685       -164.57710810343428       -164.57726965006341     
  0.99999968965477426       -164.57721857429351       -164.57726965006341     
  0.99999990186209220       -164.57725349879451       -164.57726965006341     
  0.99999996896612731       -164.57726454259338       -164.57726965006341     
  0.99999999018622965       -164.57726803493989       -164.57726965006341     
  0.99999999689661334       -164.57726913931651       -164.57726965006341     
  0.99999999901862291       -164.57726948855105       -164.57726965006341     
  0.99999999968966136       -164.57726959898872       -164.57726965006341     
 comp:           2
  0.99994441655210398        26.826342946309961        26.827834129830478     
  0.99998276342674974        26.827371709902355        26.827834129830478     
  0.99999455975103557        26.827688179733634        26.827834129830478     
  0.99999827997089275        26.827787985174890        26.827834129830478     
  0.99999945608940022        26.827819537887127        26.827834129830478     
  0.99999982800069154        26.827829515461559        26.827834129830478     
  0.99999994560905336        26.827832670639182        26.827834129830478     
  0.99999998280007252        26.827833668393676        26.827834129830478     
  0.99999999456090538        26.827833983911351        26.827834129830478     
  0.99999999828000719        26.827834083686795        26.827834129830478     
 comp:           3
   1.0000000000000000        127.44518201199767        127.44518201199767     
   1.0000000000000000        127.44518201199767        127.44518201199767     
   1.0000000000000000        127.44518201199767        127.44518201199767     
   1.0000000000000000        127.44518201199767        127.44518201199767     
   1.0000000000000000        127.44518201199767        127.44518201199767     
   1.0000000000000000        127.44518201199767        127.44518201199767     
   1.0000000000000000        127.44518201199767        127.44518201199767     
   1.0000000000000000        127.44518201199767        127.44518201199767     
   1.0000000000000000        127.44518201199767        127.44518201199767     
   1.0000000000000000        127.44518201199767        127.44518201199767     
 
 part: i_fks+j_fks
 comp:           0
   1.0000020649901451        276.27619687487640        276.27562636843061     
   1.0000001980021509        276.27568107159885        276.27562636843061     
   1.0000000197190422        276.27563181632132        276.27562636843061     
   1.0000000019710964        276.27562691299647        276.27562636843061     
   1.0000000001971014        276.27562642288495        276.27562636843061     
   1.0000000000197100        276.27562637387598        276.27562636843061     
   1.0000000000019711        276.27562636897517        276.27562636843061     
   1.0000000000001970        276.27562636848501        276.27562636843061     
   1.0000000000000193        276.27562636843595        276.27562636843061     
   1.0000000000000018        276.27562636843112        276.27562636843061     
 comp:           1
  -4.3450710667051464E-003   0.0000000000000000     
  -1.3474146669408707E-003   0.0000000000000000     
  -4.2527395883175753E-004   0.0000000000000000     
  -1.3445770943540410E-004   0.0000000000000000     
  -4.2518447846194206E-005   0.0000000000000000     
  -1.3445488061330871E-005   0.0000000000000000     
  -4.2518358383171455E-006   0.0000000000000000     
  -1.3445485262400761E-006   0.0000000000000000     
  -4.2518356908365549E-007   0.0000000000000000     
  -1.3445485760616566E-007   0.0000000000000000     
 comp:           2
   3.9255758314614307E-003   0.0000000000000000     
   1.2173284096618135E-003   0.0000000000000000     
   3.8421585030732448E-004   0.0000000000000000     
   1.2147647907483666E-004   0.0000000000000000     
   3.8413500882700211E-005   0.0000000000000000     
   1.2147392336159778E-005   0.0000000000000000     
   3.8413420056892186E-006   0.0000000000000000     
   1.2147389807452598E-006   0.0000000000000000     
   3.8413418724471537E-007   0.0000000000000000     
   1.2147390257568119E-007   0.0000000000000000     
 comp:           3
  0.99999720255832680        276.27485350348013        276.27562636843061     
  0.99999973208611304        276.27555235035368        276.27562636843061     
  0.99999997332146828        276.27561899780255        276.27562636843061     
  0.99999999733327039        276.27562563167822        276.27562636843061     
  0.99999999973333831        276.27562629475847        276.27562636843061     
  0.99999999997333389        276.27562636106342        276.27562636843061     
  0.99999999999733347        276.27562636769392        276.27562636843061     
  0.99999999999973310        276.27562636835688        276.27562636843061     
  0.99999999999997302        276.27562636842316        276.27562636843061     
  0.99999999999999734        276.27562636842987        276.27562636843061     
     
 Collinear #           9
 
 part:           1
 comp:           0
   1.0004720114168455        276.38039315390353        276.24999999999994     
   1.0000452094605212        276.26248911346892        276.24999999999994     
   1.0000045019432688        276.25124366182797        276.24999999999994     
   1.0000004500051711        276.25012431392850        276.24999999999994     
   1.0000000449986266        276.25001243087053        276.24999999999994     
   1.0000000044998438        276.25000124308178        276.24999999999994     
   1.0000000004499845        276.25000012430814        276.24999999999994     
   1.0000000000449987        276.25000001243080        276.24999999999994     
   1.0000000000044997        276.25000000124300        276.24999999999994     
   1.0000000000004505        276.25000000012437        276.24999999999994     
 comp:           1
   0.0000000000000000        0.0000000000000000     
   0.0000000000000000        0.0000000000000000     
   0.0000000000000000        0.0000000000000000     
   0.0000000000000000        0.0000000000000000     
   0.0000000000000000        0.0000000000000000     
   0.0000000000000000        0.0000000000000000     
   0.0000000000000000        0.0000000000000000     
   0.0000000000000000        0.0000000000000000     
   0.0000000000000000        0.0000000000000000     
   0.0000000000000000        0.0000000000000000     
 comp:           2
   0.0000000000000000        0.0000000000000000     
   0.0000000000000000        0.0000000000000000     
   0.0000000000000000        0.0000000000000000     
   0.0000000000000000        0.0000000000000000     
   0.0000000000000000        0.0000000000000000     
   0.0000000000000000        0.0000000000000000     
   0.0000000000000000        0.0000000000000000     
   0.0000000000000000        0.0000000000000000     
   0.0000000000000000        0.0000000000000000     
   0.0000000000000000        0.0000000000000000     
 comp:           3
   1.0004720114168455        276.38039315390353        276.24999999999994     
   1.0000452094605212        276.26248911346892        276.24999999999994     
   1.0000045019432688        276.25124366182797        276.24999999999994     
   1.0000004500051711        276.25012431392850        276.24999999999994     
   1.0000000449986266        276.25001243087053        276.24999999999994     
   1.0000000044998438        276.25000124308178        276.24999999999994     
   1.0000000004499845        276.25000012430814        276.24999999999994     
   1.0000000000449987        276.25000001243080        276.24999999999994     
   1.0000000000044997        276.25000000124300        276.24999999999994     
   1.0000000000004505        276.25000000012437        276.24999999999994     
 
 part:           2
 comp:           0
  0.99996642001639602        278.73798928306991        278.74734961449963     
  0.99999679614961678        278.74645654969675        278.74734961449963     
  0.99999968107952109        278.74726071626139        278.74734961449963     
  0.99999996812252467        278.74734072873787        278.74734961449963     
  0.99999999681239837        278.74734872596412        278.74734961449963     
  0.99999999968124131        278.74734952564648        278.74734961449963     
  0.99999999996812439        278.74734960561437        278.74734961449963     
  0.99999999999681266        278.74734961361116        278.74734961449963     
  0.99999999999968103        278.74734961441072        278.74734961449963     
  0.99999999999996836        278.74734961449082        278.74734961449963     
 comp:           1
   0.0000000000000000        0.0000000000000000     
   0.0000000000000000        0.0000000000000000     
   0.0000000000000000        0.0000000000000000     
   0.0000000000000000        0.0000000000000000     
   0.0000000000000000        0.0000000000000000     
   0.0000000000000000        0.0000000000000000     
   0.0000000000000000        0.0000000000000000     
   0.0000000000000000        0.0000000000000000     
   0.0000000000000000        0.0000000000000000     
   0.0000000000000000        0.0000000000000000     
 comp:           2
   0.0000000000000000        0.0000000000000000     
   0.0000000000000000        0.0000000000000000     
   0.0000000000000000        0.0000000000000000     
   0.0000000000000000        0.0000000000000000     
   0.0000000000000000        0.0000000000000000     
   0.0000000000000000        0.0000000000000000     
   0.0000000000000000        0.0000000000000000     
   0.0000000000000000        0.0000000000000000     
   0.0000000000000000        0.0000000000000000     
   0.0000000000000000        0.0000000000000000     
 comp:           3
  0.99996642001639602       -278.73798928306991       -278.74734961449963     
  0.99999679614961678       -278.74645654969675       -278.74734961449963     
  0.99999968107952109       -278.74726071626139       -278.74734961449963     
  0.99999996812252467       -278.74734072873787       -278.74734961449963     
  0.99999999681239837       -278.74734872596412       -278.74734961449963     
  0.99999999968124131       -278.74734952564648       -278.74734961449963     
  0.99999999996812439       -278.74734960561437       -278.74734961449963     
  0.99999999999681266       -278.74734961361116       -278.74734961449963     
  0.99999999999968103       -278.74734961441072       -278.74734961449963     
  0.99999999999996836       -278.74734961449082       -278.74734961449963     
 
 part:           3
 comp:           0
   1.0018306948350850        158.47318954484101        158.18360363866458     
   1.0005671374466192        158.27331548372925        158.18360363866458     
   1.0001789538663517        158.21191120612917        158.18360363866458     
   1.0000565748709864        158.19255285563261        158.18360363866458     
   1.0000178897617018        158.18643350563880        158.18360363866458     
   1.0000056571846692        158.18449851252200        158.18360363866458     
   1.0000017889541457        158.18388662187809        158.18360363866458     
   1.0000005657165256        158.18369312574325        158.18360363866458     
   1.0000001788952260        158.18363193695609        158.18360363866458     
   1.0000000565716363        158.18361258736988        158.18360363866458     
 comp:           1
   1.0018818470374993       -151.95817055593531       -151.67274564886662     
   1.0005830815377044       -151.76118322662740       -151.67274564886662     
   1.0001839943138313       -151.70065257162921       -151.67274564886662     
   1.0000581693134756       -151.68156834835398       -151.67274564886662     
   1.0000183940410181       -151.67553552357143       -151.67274564886662     
   1.0000058166596895       -151.67362787761223       -151.67274564886662     
   1.0000018393853862       -151.67302463349844       -151.67274564886662     
   1.0000005816643660       -151.67283387149806       -151.67274564886662     
   1.0000001839383841       -151.67277354730638       -151.67274564886662     
   1.0000000581664239       -151.67275447112783       -151.67274564886662     
 comp:           2
   1.0098166720677166        16.132596239408208        15.975767370105753     
   1.0030416501077530        16.024360064648473        15.975767370105753     
   1.0009598079999149        15.991101039432362        15.975767370105753     
   1.0003034407491234        15.980615068924360        15.975767370105753     
   1.0000959526811035        15.977300287817602        15.975767370105753     
   1.0000303426578059        15.976252117348251        15.975767370105753     
   1.0000095951704795        15.975920660317211        15.975767370105753     
   1.0000030342574184        15.975815844696411        15.975767370105753     
   1.0000009595162418        15.975782699114021        15.975767370105753     
   1.0000003034256757        15.975772217563764        15.975767370105753     
 comp:           3
   1.0000000000000000        41.978631997536723        41.978631997536723     
   1.0000000000000000        41.978631997536723        41.978631997536723     
   1.0000000000000000        41.978631997536723        41.978631997536723     
   1.0000000000000000        41.978631997536723        41.978631997536723     
   1.0000000000000000        41.978631997536723        41.978631997536723     
   1.0000000000000000        41.978631997536723        41.978631997536723     
   1.0000000000000000        41.978631997536723        41.978631997536723     
   1.0000000000000000        41.978631997536723        41.978631997536723     
   1.0000000000000000        41.978631997536723        41.978631997536723     
   1.0000000000000000        41.978631997536723        41.978631997536723     
 
 part:           4
 comp:           0
   1.0010271811239004        100.03804300693304        99.935391259421749     
   1.0003180154584974        99.967172258693225        99.935391259421749     
   1.0001003269198645        99.945417469412263        99.935391259421749     
   1.0000317156499929        99.938560775312837        99.935391259421749     
   1.0000100287376079        99.936393485238440        99.935391259421749     
   1.0000031713153825        99.935708186065312        99.935391259421749     
   1.0000010028534065        99.935491479969315        99.935391259421749     
   1.0000003171296492        99.935422951897323        99.935391259421749     
   1.0000001002851548        99.935401281457942        99.935391259421749     
   1.0000000317129478        99.935394428667607        99.935391259421749     
 comp:           1
   1.0021216351440001       -85.138325017751086       -84.958074980106701     
   1.0006575608428574       -85.013940083498156       -84.958074980106701     
   1.0002075143176001       -84.975704997060816       -84.958074980106701     
   1.0000656068637586       -84.963648812957103       -84.958074980106701     
   1.0000207460863328       -84.959837527664916       -84.958074980106701     
   1.0000065604533712       -84.958632343596108       -84.958074980106701     
   1.0000020745948630       -84.958251233692636       -84.958074980106701     
   1.0000006560442629       -84.958130716364380       -84.958074980106701     
   1.0000002074593854       -84.958092605456727       -84.958074980106701     
   1.0000000656044192       -84.958080553731875       -84.958074980106701     
 comp:           2
  0.99806570613822621       -51.102975366706282       -51.202015110244474     
  0.99940050205819853       -51.171319607569792       -51.202015110244474     
  0.99981080928457500       -51.192328164374565       -51.202015110244474     
  0.99994018625011127       -51.198952525718873       -51.202015110244474     
  0.99998108580188116       -51.201046665186595       -51.202015110244474     
  0.99999401883744143       -51.201708862668774       -51.202015110244474     
  0.99999810859274241       -51.201918266381490       -51.202015110244474     
  0.99999940188472347       -51.201984485537047       -51.202015110244474     
  0.99999981085936618       -51.202005425862886       -51.202015110244474     
  0.99999994018847871       -51.202012047774055       -51.202015110244474     
 comp:           3
   1.0000000000000000        12.147492354332908        12.147492354332908     
   1.0000000000000000        12.147492354332908        12.147492354332908     
   1.0000000000000000        12.147492354332908        12.147492354332908     
   1.0000000000000000        12.147492354332908        12.147492354332908     
   1.0000000000000000        12.147492354332908        12.147492354332908     
   1.0000000000000000        12.147492354332908        12.147492354332908     
   1.0000000000000000        12.147492354332908        12.147492354332908     
   1.0000000000000000        12.147492354332908        12.147492354332908     
   1.0000000000000000        12.147492354332908        12.147492354332908     
   1.0000000000000000        12.147492354332908        12.147492354332908     
 
 part:           5
 comp:           0
  0.99890544339134446        184.55671129384712        184.75894041308445     
  0.99966019031519182        184.69615753577719        184.75894041308445     
  0.99989270661813789        184.73911700153826        184.75894041308445     
  0.99996607302753293        184.75267210160001        184.75894041308445     
  0.99998927111865987        184.75695815633622        184.75894041308445     
  0.99999660719259209        184.75831356158272        184.75894041308445     
  0.99999892709592220        184.75874218446387        184.75894041308445     
  0.99999966071750812        184.75887772761075        184.75894041308445     
  0.99999989270941370        184.75892059018940        184.75894041308445     
  0.99999996607173125        184.75893414453347        184.75894041308445     
 comp:           1
  0.99750775926820989        133.23768111736524        133.57057113531715     
  0.99922701133774805        133.46732259821903        133.57057113531715     
  0.99975600383043939        133.53798042759411        133.57057113531715     
  0.99992285370928191        133.56026666120496        133.57057113531715     
  0.99997560438900590        133.56731259962348        133.57057113531715     
  0.99999228541703566        133.56954069406453        133.57057113531715     
  0.99999756043230537        133.57024528086686        133.57057113531715     
  0.99999922854068790        133.57046809105623        133.57057113531715     
  0.99999975604312130        133.57053854985753        133.57057113531715     
  0.99999992285405404        133.57056083088909        133.57057113531715     
 comp:           2
   1.0047461697629305        38.721128557075765        38.538219624377369     
   1.0014720630190623        38.594950312306921        38.538219624377369     
   1.0004646610688399        38.556126834699221        38.538219624377369     
   1.0001469157403848        38.543881495446598        38.538219624377369     
   1.0000464584780160        38.540010051406561        38.538219624377369     
   1.0000146914862325        38.538785808100407        38.538219624377369     
   1.0000046458603613        38.538398667564316        38.538219624377369     
   1.0000014691505574        38.538276242824210        38.538219624377369     
   1.0000004645862444        38.538237528704087        38.538219624377369     
   1.0000001469150837        38.538225286223131        38.538219624377369     
 comp:           3
   1.0000000000000000       -91.336511116659096       -91.336511116659096     
   1.0000000000000000       -91.336511116659096       -91.336511116659096     
   1.0000000000000000       -91.336511116659096       -91.336511116659096     
   1.0000000000000000       -91.336511116659096       -91.336511116659096     
   1.0000000000000000       -91.336511116659096       -91.336511116659096     
   1.0000000000000000       -91.336511116659096       -91.336511116659096     
   1.0000000000000000       -91.336511116659096       -91.336511116659096     
   1.0000000000000000       -91.336511116659096       -91.336511116659096     
   1.0000000000000000       -91.336511116659096       -91.336511116659096     
   1.0000000000000000       -91.336511116659096       -91.336511116659096     
 
 part:           6
 comp:           0
   1.0479964846129857        2.6172136168452460        2.4973496144996670     
   1.0045983531301850        2.5088333099166675        2.4973496144996670     
   1.0004579141298038        2.4984931861752067        2.4973496144996670     
   1.0000457722887339        2.4974639239072913        2.4973496144996670     
   1.0000045770377191        2.4973610449630503        2.4973496144996670     
   1.0000004577018602        2.4973507575412310        2.4973496144996670     
   1.0000000457701674        2.4973497288037771        2.4973496144996670     
   1.0000000045770170        2.4973496259300787        2.4973496144996670     
   1.0000000004577014        2.4973496156427073        2.4973496144996670     
   1.0000000000457703        2.4973496146139711        2.4973496144996670     
 comp:           1
  0.99601481070539533        0.0000000000000000     
  0.30880517206868269        0.0000000000000000     
   9.7463928905932057E-002   0.0000000000000000     
   3.0814847273671619E-002   0.0000000000000000     
   9.7443221138872257E-003   0.0000000000000000     
   3.0814192622820322E-003   0.0000000000000000     
   9.7443014102312057E-004   0.0000000000000000     
   3.0814186144822141E-004   0.0000000000000000     
   9.7443010702307606E-005   0.0000000000000000     
   3.0814187285992101E-005   0.0000000000000000     
 comp:           2
 -0.54726785470702710       -0.0000000000000000     
 -0.16967533235853607       -0.0000000000000000     
  -5.3552291301664584E-002  -0.0000000000000000     
  -1.6931450395445011E-002  -0.0000000000000000     
  -5.3540913262771208E-003  -0.0000000000000000     
  -1.6931090692594087E-003  -0.0000000000000000     
  -5.3540799504970692E-004  -0.0000000000000000     
  -1.6931087133209094E-004  -0.0000000000000000     
  -5.3540797636812589E-005  -0.0000000000000000     
  -1.6931087760233543E-005  -0.0000000000000000     
 comp:           3
  0.94403927887311800       -2.3575961291663248       -2.4973496144996670     
  0.99464144779962849       -2.4839674362277928       -2.4973496144996670     
  0.99946641028612582       -2.4960170544334224       -2.4973496144996670     
  0.99994666357905437       -2.4972164148093796       -2.4973496144996670     
  0.99999466658330693       -2.4973362950935445       -2.4973496144996670     
  0.99999946666058437       -2.4973482825646829       -2.4973496144996670     
  0.99999994666608150       -2.4973494813062262       -2.4973496144996670     
  0.99999999466660894       -2.4973496011803249       -2.4973496144996670     
  0.99999999946666063       -2.4973496131677320       -2.4973496144996670     
  0.99999999994666611       -2.4973496143664735       -2.4973496144996670     
 
 part:           7
 comp:           0
  0.99827735670863338        109.43322497450725        109.62206468882923     
  0.99946545785334107        109.56346707504927        109.62206468882923     
  0.99983124588971040        109.60356551483456        109.62206468882923     
  0.99994664119279086        109.61621538621363        109.62206468882923     
  0.99998312635164843        109.62021496465809        109.62206468882923     
  0.99999466405040005        109.62147975101701        109.62206468882923     
  0.99999831262052652        109.62187971480743        109.62206468882923     
  0.99999946640332982        109.62200619486053        109.62206468882923     
  0.99999983126187630        109.62204619140772        109.62206468882923     
  0.99999994664031278        109.62205883943014        109.62206468882923     
 comp:           1
  0.99808413186451106        102.86279964561572        103.06024949365616     
  0.99940564908275253        102.99899553983785        103.06024949365616     
  0.99981237886031549        103.04091321218999        103.06024949365616     
  0.99994067702286993        103.05413565283243        103.06024949365616     
  0.99998124044753711        103.05831612949895        103.06024949365616     
  0.99999406768586685        103.05963810788153        103.06024949365616     
  0.99999812403449495        103.06005615618317        103.06024949365616     
  0.99999940676728694        103.06018835494474        103.06024949365616     
  0.99999981240331348        103.06023015989484        103.06024949365616     
  0.99999994067671216        103.06024337978332        103.06024949365616     
 comp:           2
  0.96724298606389914       -3.2034815750706653       -3.3119718842386447     
  0.98983794295725824       -3.2783154370270546       -3.3119718842386447     
  0.99679210266431928       -3.3013474184553462       -3.3119718842386447     
  0.99898571120183954       -3.3086125882566391       -3.3119718842386447     
  0.99967925406238745       -3.3109095827112882       -3.3119718842386447     
  0.99989857083943656       -3.3116359537106166       -3.3119718842386447     
  0.99996792523083600       -3.3118656535049800       -3.3119718842386447     
  0.99998985706172139       -3.3119382911122424       -3.3119718842386447     
  0.99999679252075935       -3.3119612611575806       -3.3119718842386447     
  0.99999898570589063       -3.3119685249250721       -3.3119718842386447     
 comp:           3
   1.0000000000000000        37.210386764789455        37.210386764789455     
   1.0000000000000000        37.210386764789455        37.210386764789455     
   1.0000000000000000        37.210386764789455        37.210386764789455     
   1.0000000000000000        37.210386764789455        37.210386764789455     
   1.0000000000000000        37.210386764789455        37.210386764789455     
   1.0000000000000000        37.210386764789455        37.210386764789455     
   1.0000000000000000        37.210386764789455        37.210386764789455     
   1.0000000000000000        37.210386764789455        37.210386764789455     
   1.0000000000000000        37.210386764789455        37.210386764789455     
   1.0000000000000000        37.210386764789455        37.210386764789455     
 
 part: i_fks+j_fks
 comp:           0
   1.0003929093462696        281.35520289991513        281.24469922899931     
   1.0000376562852318        281.25528985961341        281.24469922899931     
   1.0000037500206767        281.24575390243660        281.24469922899931     
   1.0000003748466944        281.24480465264514        281.24469922899931     
   1.0000000374831166        281.24470977092716        281.24469922899931     
   1.0000000037482961        281.24470028318774        281.24469922899931     
   1.0000000003748297        281.24469933441816        281.24469922899931     
   1.0000000000374831        281.24469923954126        281.24469922899931     
   1.0000000000037479        281.24469923005341        281.24469922899931     
   1.0000000000003750        281.24469922910481        281.24469922899931     
 comp:           1
  0.99601481070539533        0.0000000000000000     
  0.30880517206868269        0.0000000000000000     
   9.7463928905932057E-002   0.0000000000000000     
   3.0814847273671619E-002   0.0000000000000000     
   9.7443221138872257E-003   0.0000000000000000     
   3.0814192622820322E-003   0.0000000000000000     
   9.7443014102312057E-004   0.0000000000000000     
   3.0814186144822141E-004   0.0000000000000000     
   9.7443010702307606E-005   0.0000000000000000     
   3.0814187285992101E-005   0.0000000000000000     
 comp:           2
 -0.54726785470702710        0.0000000000000000     
 -0.16967533235853607        0.0000000000000000     
  -5.3552291301664584E-002   0.0000000000000000     
  -1.6931450395445011E-002   0.0000000000000000     
  -5.3540913262771208E-003   0.0000000000000000     
  -1.6931090692594087E-003   0.0000000000000000     
  -5.3540799504970692E-004   0.0000000000000000     
  -1.6931087133209094E-004   0.0000000000000000     
  -5.3540797636812589E-005   0.0000000000000000     
  -1.6931087760233543E-005   0.0000000000000000     
 comp:           3
  0.99946980754776227       -281.09558541223623       -281.24469922899931     
  0.99994924262354479       -281.23042398592452       -281.24469922899931     
  0.99999494583077164       -281.24327777069482       -281.24469922899931     
  0.99999949479775985       -281.24455714354724       -281.24469922899931     
  0.99999994948192195       -281.24468502105765       -281.24469922899931     
  0.99999999494821368       -281.24469780821119       -281.24469922899931     
  0.99999999949482177       -281.24469908692060       -281.24469922899931     
  0.99999999994948230       -281.24469921479147       -281.24469922899931     
  0.99999999999494793       -281.24469922757845       -281.24469922899931     
  0.99999999999949507       -281.24469922885731       -281.24469922899931     
     
 Collinear #          37
 
 part:           1
 comp:           0
   1.0000013311161049        276.25036772082399        276.25000000000000     
   1.0000001275470811        276.25003523488118        276.25000000000000     
   1.0000000127015927        276.25000350881498        276.25000000000000     
   1.0000000012696306        276.25000035073543        276.25000000000000     
   1.0000000001269576        276.25000003507205        276.25000000000000     
   1.0000000000126954        276.25000000350713        276.25000000000000     
   1.0000000000012699        276.25000000035078        276.25000000000000     
   1.0000000000001270        276.25000000003507        276.25000000000000     
   1.0000000000000127        276.25000000000347        276.25000000000000     
   1.0000000000000013        276.25000000000034        276.25000000000000     
 comp:           1
   0.0000000000000000        0.0000000000000000     
   0.0000000000000000        0.0000000000000000     
   0.0000000000000000        0.0000000000000000     
   0.0000000000000000        0.0000000000000000     
   0.0000000000000000        0.0000000000000000     
   0.0000000000000000        0.0000000000000000     
   0.0000000000000000        0.0000000000000000     
   0.0000000000000000        0.0000000000000000     
   0.0000000000000000        0.0000000000000000     
   0.0000000000000000        0.0000000000000000     
 comp:           2
   0.0000000000000000        0.0000000000000000     
   0.0000000000000000        0.0000000000000000     
   0.0000000000000000        0.0000000000000000     
   0.0000000000000000        0.0000000000000000     
   0.0000000000000000        0.0000000000000000     
   0.0000000000000000        0.0000000000000000     
   0.0000000000000000        0.0000000000000000     
   0.0000000000000000        0.0000000000000000     
   0.0000000000000000        0.0000000000000000     
   0.0000000000000000        0.0000000000000000     
 comp:           3
   1.0000013311161049        276.25036772082399        276.25000000000000     
   1.0000001275470811        276.25003523488118        276.25000000000000     
   1.0000000127015927        276.25000350881498        276.25000000000000     
   1.0000000012696306        276.25000035073543        276.25000000000000     
   1.0000000001269576        276.25000003507205        276.25000000000000     
   1.0000000000126954        276.25000000350713        276.25000000000000     
   1.0000000000012699        276.25000000035078        276.25000000000000     
   1.0000000000001270        276.25000000003507        276.25000000000000     
   1.0000000000000127        276.25000000000347        276.25000000000000     
   1.0000000000000013        276.25000000000034        276.25000000000000     
 
 part:           2
 comp:           0
  0.99999989975314607        276.25698677935668        276.25701447325326     
  0.99999999043154408        276.25701182990019        276.25701447325326     
  0.99999999904749104        276.25701421011598        276.25701447325326     
  0.99999999990479227        276.25701444695147        276.25701447325326     
  0.99999999999047973        276.25701447062323        276.25701447325326     
  0.99999999999904776        276.25701447299019        276.25701447325326     
  0.99999999999990496        276.25701447322700        276.25701447325326     
  0.99999999999999056        276.25701447325065        276.25701447325326     
  0.99999999999999922        276.25701447325304        276.25701447325326     
  0.99999999999999978        276.25701447325321        276.25701447325326     
 comp:           1
   0.0000000000000000        0.0000000000000000     
   0.0000000000000000        0.0000000000000000     
   0.0000000000000000        0.0000000000000000     
   0.0000000000000000        0.0000000000000000     
   0.0000000000000000        0.0000000000000000     
   0.0000000000000000        0.0000000000000000     
   0.0000000000000000        0.0000000000000000     
   0.0000000000000000        0.0000000000000000     
   0.0000000000000000        0.0000000000000000     
   0.0000000000000000        0.0000000000000000     
 comp:           2
   0.0000000000000000        0.0000000000000000     
   0.0000000000000000        0.0000000000000000     
   0.0000000000000000        0.0000000000000000     
   0.0000000000000000        0.0000000000000000     
   0.0000000000000000        0.0000000000000000     
   0.0000000000000000        0.0000000000000000     
   0.0000000000000000        0.0000000000000000     
   0.0000000000000000        0.0000000000000000     
   0.0000000000000000        0.0000000000000000     
   0.0000000000000000        0.0000000000000000     
 comp:           3
  0.99999989975314607       -276.25698677935668       -276.25701447325326     
  0.99999999043154408       -276.25701182990019       -276.25701447325326     
  0.99999999904749104       -276.25701421011598       -276.25701447325326     
  0.99999999990479227       -276.25701444695147       -276.25701447325326     
  0.99999999999047973       -276.25701447062323       -276.25701447325326     
  0.99999999999904776       -276.25701447299019       -276.25701447325326     
  0.99999999999990496       -276.25701447322700       -276.25701447325326     
  0.99999999999999056       -276.25701447325065       -276.25701447325326     
  0.99999999999999922       -276.25701447325304       -276.25701447325326     
  0.99999999999999978       -276.25701447325321       -276.25701447325326     
 
 part:           3
 comp:           0
   1.0000053897306829        191.03023890559103        191.02920930960030     
   1.0000016713627360        191.02952858870225        191.02920930960030     
   1.0000005275188293        191.02931008110517        191.02920930960030     
   1.0000001667841574        191.02924117024600        191.02920930960030     
   1.0000000527407695        191.02921938462779        191.02920930960030     
   1.0000000166780634        191.02921249559756        191.02920930960030     
   1.0000000052740656        191.02921031710090        191.02920930960030     
   1.0000000016678059        191.02920962819996        191.02920930960030     
   1.0000000005274066        191.02920941035035        191.02920930960030     
   1.0000000001667806        191.02920934146027        191.02920930960030     
 comp:           1
   1.0000073645285230       -139.21570838885268       -139.21468313834788     
   1.0000022837508777       -139.21500107000270       -139.21468313834788     
   1.0000007208020576       -139.21478348457794       -139.21468313834788     
   1.0000002278939832       -139.21471486453655       -139.21468313834788     
   1.0000000720650231       -139.21469317085723       -139.21468313834788     
   1.0000000227889172       -139.21468631089976       -139.21468313834788     
   1.0000000072064870       -139.21468414159668       -139.21468313834788     
   1.0000000022788913       -139.21468345560299       -139.21468313834788     
   1.0000000007206487       -139.21468323867276       -139.21468313834788     
   1.0000000002278890       -139.21468317007339       -139.21468313834788     
 comp:           2
   1.0000032879477398       -128.09918598450332       -128.09876480245910     
   1.0000010195973190       -128.09889541161627       -128.09876480245910     
   1.0000003218073621       -128.09880602558468       -128.09876480245910     
   1.0000001017449394       -128.09877783586015       -128.09876480245910     
   1.0000000321739577       -128.09876892390335       -128.09876480245910     
   1.0000000101742792       -128.09876610577169       -128.09876480245910     
   1.0000000032173890       -128.09876521460265       -128.09876480245910     
   1.0000000010174277       -128.09876493279035       -128.09876480245910     
   1.0000000003217389       -128.09876484367345       -128.09876480245910     
   1.0000000001017426       -128.09876481549222       -128.09876480245910     
 comp:           3
   1.0000000000000000       -26.497872824525757       -26.497872824525757     
   1.0000000000000000       -26.497872824525757       -26.497872824525757     
   1.0000000000000000       -26.497872824525757       -26.497872824525757     
   1.0000000000000000       -26.497872824525757       -26.497872824525757     
   1.0000000000000000       -26.497872824525757       -26.497872824525757     
   1.0000000000000000       -26.497872824525757       -26.497872824525757     
   1.0000000000000000       -26.497872824525757       -26.497872824525757     
   1.0000000000000000       -26.497872824525757       -26.497872824525757     
   1.0000000000000000       -26.497872824525757       -26.497872824525757     
   1.0000000000000000       -26.497872824525757       -26.497872824525757     
 
 part:           4
 comp:           0
   1.0000016839042367        44.270391441733956        44.270316894759780     
   1.0000005221784931        44.270340011767146        44.270316894759780     
   1.0000001648107739        44.270324190984965        44.270316894759780     
   1.0000000521077388        44.270319201585892        44.270316894759780     
   1.0000000164775953        44.270317624228149        44.270316894759780     
   1.0000000052106628        44.270317125437472        44.270316894759780     
   1.0000000016477559        44.270316967706457        44.270316894759780     
   1.0000000005210661        44.270316917827543        44.270316894759780     
   1.0000000001647755        44.270316902054446        44.270316894759780     
   1.0000000000521065        44.270316897066557        44.270316894759780     
 comp:           1
  0.99942502173729242       0.41299123222036510       0.41322882981503284     
  0.99982169818656075       0.41315515036531142       0.41322882981503284     
  0.99994372399995657       0.41320557494938820       0.41322882981503284     
  0.99998220737125021       0.41322147738787524       0.41322882981503284     
  0.99999437358446475       0.41322650481792517       0.41322882981503284     
  0.99999822077459721       0.41322809458780169       0.41322882981503284     
  0.99999943735963537       0.41322859731581335       0.41322882981503284     
  0.99999982207749738       0.41322875629232531       0.41322882981503284     
  0.99999994373596546       0.41322880656511168       0.41322882981503284     
  0.99999998220774911       0.41322882246276182       0.41322882981503284     
 comp:           2
   1.0000028034519290       -34.816891969997151       -34.816794362787832     
   1.0000008693555831       -34.816824630962394       -34.816794362787832     
   1.0000002743878702       -34.816803916093882       -34.816794362787832     
   1.0000000867524610       -34.816797383230430       -34.816794362787832     
   1.0000000274330119       -34.816795317917361       -34.816794362787832     
   1.0000000086750633       -34.816794664825728       -34.816794362787832     
   1.0000000027432954       -34.816794458300585       -34.816794362787832     
   1.0000000008675063       -34.816794392991618       -34.816794362787832     
   1.0000000002743294       -34.816794372339103       -34.816794362787832     
   1.0000000000867506       -34.816794365808207       -34.816794362787832     
 comp:           3
   1.0000000000000000       -27.340099308451848       -27.340099308451848     
   1.0000000000000000       -27.340099308451848       -27.340099308451848     
   1.0000000000000000       -27.340099308451848       -27.340099308451848     
   1.0000000000000000       -27.340099308451848       -27.340099308451848     
   1.0000000000000000       -27.340099308451848       -27.340099308451848     
   1.0000000000000000       -27.340099308451848       -27.340099308451848     
   1.0000000000000000       -27.340099308451848       -27.340099308451848     
   1.0000000000000000       -27.340099308451848       -27.340099308451848     
   1.0000000000000000       -27.340099308451848       -27.340099308451848     
   1.0000000000000000       -27.340099308451848       -27.340099308451848     
 
 part:           5
 comp:           0
  0.99999625590515095        247.64440598361540        247.64533319123180     
  0.99999883894504726        247.64504566139118        247.64533319123180     
  0.99999963354493548        247.64524244034524        247.64533319123180     
  0.99999988413886465        247.64530449876233        247.64533319123180     
  0.99999996336218944        247.64532411804899        247.64533319123180     
  0.99999998841412885        247.64533032204488        247.64533319123180     
  0.99999999633622649        247.64533228391539        247.64533319123180     
  0.99999999884141311        247.64533290431316        247.64533319123180     
  0.99999999963362263        247.64533310050015        247.64533319123180     
  0.99999999988414134        247.64533316253994        247.64533319123180     
 comp:           1
  0.99998611187890241        95.699320090352700        95.700649192557805     
  0.99999569326012105        95.700237034755489        95.700649192557805     
  0.99999864069675759        95.700519106355060        95.700649192557805     
  0.99999957023273955        95.700608063551982        95.700649192557805     
  0.99999986409825348        95.700636186672440        95.700649192557805     
  0.99999995702417599        95.700645079743552        95.700649192557805     
  0.99999998640985377        95.700647891971983        95.700649192557805     
  0.99999999570241838        95.700648781276456        95.700649192557805     
  0.99999999864098543        95.700649062499224        95.700649192557805     
  0.99999999957024188        95.700649151429673        95.700649192557805     
 comp:           2
  0.99999708929819497        187.58549584454107        187.58604185157168     
  0.99999909738434378        187.58587253347341        187.58604185157168     
  0.99999971511435026        187.58598841100027        187.58604185157168     
  0.99999990992846821        187.58602495540956        187.58604185157168     
  0.99999997151742448        187.58603650863807        187.58604185157168     
  0.99999999099303583        187.58604016199092        187.58604185157168     
  0.99999999715174837        187.58604131727944        187.58604185157168     
  0.99999999909930370        187.58604168261363        187.58604185157168     
  0.99999999971517484        187.58604179814245        187.58604185157168     
  0.99999999990993038        187.58604183467588        187.58604185157168     
 comp:           3
   1.0000000000000000        102.53710422870870        102.53710422870870     
   1.0000000000000000        102.53710422870870        102.53710422870870     
   1.0000000000000000        102.53710422870870        102.53710422870870     
   1.0000000000000000        102.53710422870870        102.53710422870870     
   1.0000000000000000        102.53710422870870        102.53710422870870     
   1.0000000000000000        102.53710422870870        102.53710422870870     
   1.0000000000000000        102.53710422870870        102.53710422870870     
   1.0000000000000000        102.53710422870870        102.53710422870870     
   1.0000000000000000        102.53710422870870        102.53710422870870     
   1.0000000000000000        102.53710422870870        102.53710422870870     
 
 part:           6
 comp:           0
   1.0484737221269271        7.3544908806212573E-003   7.0144732532752309E-003
   1.0046461983120631        7.0470638870646102E-003   7.0144732532752309E-003
   1.0004626988251633        7.0177188418086610E-003   7.0144732532752309E-003
   1.0000462507590977        7.0147976779878652E-003   7.0144732532752309E-003
   1.0000046248847625        7.0145056944056969E-003   7.0144732532752309E-003
   1.0000004624865644        7.0144764973748665E-003   7.0144732532752309E-003
   1.0000000462486376        7.0144735776850623E-003   7.0144732532752309E-003
   1.0000000046248636        7.0144732857162131E-003   7.0144732532752309E-003
   1.0000000004624856        7.0144732565193242E-003   7.0144732532752309E-003
   1.0000000000462481        7.0144732535996372E-003   7.0144732532752309E-003
 comp:           1
   2.9652500758419087E-003   0.0000000000000000     
   9.1953001916403451E-004   0.0000000000000000     
   2.9022408489362984E-004   0.0000000000000000     
   9.1759358968385277E-005   0.0000000000000000     
   2.9016302127892198E-005   0.0000000000000000     
   9.1757428510295273E-006   0.0000000000000000     
   2.9016241076114898E-006   0.0000000000000000     
   9.1757409409709248E-007   0.0000000000000000     
   2.9016240069661850E-007   0.0000000000000000     
   9.1757412809739097E-008   0.0000000000000000     
 comp:           2
   1.2181511569813678E-003   0.0000000000000000     
   3.7775112657428595E-004   0.0000000000000000     
   1.1922664050405797E-004   0.0000000000000000     
   3.7695562408668333E-005   0.0000000000000000     
   1.1920155502694700E-005   0.0000000000000000     
   3.7694769359281028E-006   0.0000000000000000     
   1.1920130422080502E-006   0.0000000000000000     
   3.7694761512590073E-007   0.0000000000000000     
   1.1920130008620622E-007   0.0000000000000000     
   3.7694762909352633E-008   0.0000000000000000     
 comp:           3
  0.94362873643175393       -6.6190585327224405E-003  -7.0144732532752309E-003
  0.99459998877377465       -6.9765950189614873E-003  -7.0144732532752309E-003
  0.99946226150284601       -7.0107013009696878E-003  -7.0144732532752309E-003
  0.99994624867298698       -7.0140962160295701E-003  -7.0144732532752309E-003
  0.99999462509242332       -7.0144355511297957E-003  -7.0144732532752309E-003
  0.99999946251149285       -7.0144694830764735E-003  -7.0144732532752309E-003
  0.99999994625117239       -7.0144728762555168E-003  -7.0144732532752309E-003
  0.99999999462511746       -7.0144732155732609E-003  -7.0144732532752309E-003
  0.99999999946251117       -7.0144732495050297E-003  -7.0144732532752309E-003
  0.99999999994625055       -7.0144732528982070E-003  -7.0144732532752309E-003
 
 part:           7
 comp:           0
  0.99999745631959247        69.554963678359712        69.555140604408109     
  0.99999921119598267        69.555085739033771        69.555140604408109     
  0.99999975103559358        69.555123287653814        69.555140604408109     
  0.99999992128556614        69.555135129414595        69.555140604408109     
  0.99999997510878325        69.555138873096027        69.555140604408109     
  0.99999999212872082        69.555140056920180        69.555140604408109     
  0.99999999751088342        69.555140431277252        69.555140604408109     
  0.99999999921287219        69.555140549659328        69.555140604408109     
  0.99999999975108833        69.555140587095025        69.555140604408109     
  0.99999999992128730        69.555140598933235        69.555140604408109     
 comp:           1
  0.99999133891419711        43.100431816203780        43.100805115975064     
  0.99999731417749638        43.100689354862759        43.100805115975064     
  0.99999915229457192        43.100768579188610        43.100805115975064     
  0.99999973198325909        43.100793564237748        43.100805115975064     
  0.99999991524728371        43.100801463064755        43.100805115975064     
  0.99999997319888878        43.100803960825594        43.100805115975064     
  0.99999999152474606        43.100804750684794        43.100805115975064     
  0.99999999731988942        43.100805000460142        43.100805115975064     
  0.99999999915247473        43.100805079446040        43.100805115975064     
  0.99999999973198894        43.100805104423571        43.100805115975064     
 comp:           2
   1.0000062161277825       -24.670636041197579       -24.670482686324746     
   1.0000019276354331       -24.670530242021325       -24.670482686324746     
   1.0000006084046946       -24.670497695962233       -24.670482686324746     
   1.0000001923576727       -24.670487431881380       -24.670482686324746     
   1.0000000608276753       -24.670484186972857       -24.670482686324746     
   1.0000000192353633       -24.670483160870443       -24.670482686324746     
   1.0000000060827547       -24.670482836389244       -24.670482686324746     
   1.0000000019235360       -24.670482733779306       -24.670482686324746     
   1.0000000006082754       -24.670482701331196       -24.670482686324746     
   1.0000000001923535       -24.670482691070202       -24.670482686324746     
 comp:           3
   1.0000000000000000       -48.699132095731130       -48.699132095731130     
   1.0000000000000000       -48.699132095731130       -48.699132095731130     
   1.0000000000000000       -48.699132095731130       -48.699132095731130     
   1.0000000000000000       -48.699132095731130       -48.699132095731130     
   1.0000000000000000       -48.699132095731130       -48.699132095731130     
   1.0000000000000000       -48.699132095731130       -48.699132095731130     
   1.0000000000000000       -48.699132095731130       -48.699132095731130     
   1.0000000000000000       -48.699132095731130       -48.699132095731130     
   1.0000000000000000       -48.699132095731130       -48.699132095731130     
   1.0000000000000000       -48.699132095731130       -48.699132095731130     
 
 part: i_fks+j_fks
 comp:           0
   1.0000011305262286        276.26434127023731        276.26402894650653     
   1.0000001084009411        276.26405889378725        276.26402894650653     
   1.0000000107956555        276.26403192895782        276.26402894650653     
   1.0000000010791232        276.26402924462946        276.26402894650653     
   1.0000000001079081        276.26402897631766        276.26402894650653     
   1.0000000000107905        276.26402894948757        276.26402894650653     
   1.0000000000010791        276.26402894680467        276.26402894650653     
   1.0000000000001079        276.26402894653637        276.26402894650653     
   1.0000000000000109        276.26402894650954        276.26402894650653     
   1.0000000000000011        276.26402894650681        276.26402894650653     
 comp:           1
   2.9652500758419087E-003   0.0000000000000000     
   9.1953001916403451E-004   0.0000000000000000     
   2.9022408489362984E-004   0.0000000000000000     
   9.1759358968385277E-005   0.0000000000000000     
   2.9016302127892198E-005   0.0000000000000000     
   9.1757428510295273E-006   0.0000000000000000     
   2.9016241076114898E-006   0.0000000000000000     
   9.1757409409709248E-007   0.0000000000000000     
   2.9016240069661850E-007   0.0000000000000000     
   9.1757412809739097E-008   0.0000000000000000     
 comp:           2
   1.2181511569813678E-003   0.0000000000000000     
   3.7775112657428595E-004   0.0000000000000000     
   1.1922664050405797E-004   0.0000000000000000     
   3.7695562408668333E-005   0.0000000000000000     
   1.1920155502694700E-005   0.0000000000000000     
   3.7694769359281028E-006   0.0000000000000000     
   1.1920130422080502E-006   0.0000000000000000     
   3.7694761512590073E-007   0.0000000000000000     
   1.1920130008620622E-007   0.0000000000000000     
   3.7694762909352633E-008   0.0000000000000000     
 comp:           3
  0.99999846846287332       -276.26360583788943       -276.26402894650653     
  0.99999985332296959       -276.26398842491915       -276.26402894650653     
  0.99999998539408252       -276.26402491141693       -276.26402894650653     
  0.99999999854002342       -276.26402854316751       -276.26402894650653     
  0.99999999985400867       -276.26402890617436       -276.26402894650653     
  0.99999999998540068       -276.26402894247326       -276.26402894650653     
  0.99999999999854039       -276.26402894610328       -276.26402894650653     
  0.99999999999985412       -276.26402894646623       -276.26402894650653     
  0.99999999999998557       -276.26402894650255       -276.26402894650653     
  0.99999999999999856       -276.26402894650613       -276.26402894650653     
     
 Collinear #          52
 
 part:           1
 comp:           0
   1.0000042437429963        276.25117233400272        276.25000000000000     
   1.0000004066329444        276.25011233235091        276.25000000000000     
   1.0000000404939471        276.25001118645287        276.25000000000000     
   1.0000000040477091        276.25000111817963        276.25000000000000     
   1.0000000004047540        276.25000011181328        276.25000000000000     
   1.0000000000404752        276.25000001118127        276.25000000000000     
   1.0000000000040474        276.25000000111811        276.25000000000000     
   1.0000000000004048        276.25000000011181        276.25000000000000     
   1.0000000000000406        276.25000000001120        276.25000000000000     
   1.0000000000000038        276.25000000000102        276.25000000000000     
 comp:           1
   0.0000000000000000        0.0000000000000000     
   0.0000000000000000        0.0000000000000000     
   0.0000000000000000        0.0000000000000000     
   0.0000000000000000        0.0000000000000000     
   0.0000000000000000        0.0000000000000000     
   0.0000000000000000        0.0000000000000000     
   0.0000000000000000        0.0000000000000000     
   0.0000000000000000        0.0000000000000000     
   0.0000000000000000        0.0000000000000000     
   0.0000000000000000        0.0000000000000000     
 comp:           2
   0.0000000000000000        0.0000000000000000     
   0.0000000000000000        0.0000000000000000     
   0.0000000000000000        0.0000000000000000     
   0.0000000000000000        0.0000000000000000     
   0.0000000000000000        0.0000000000000000     
   0.0000000000000000        0.0000000000000000     
   0.0000000000000000        0.0000000000000000     
   0.0000000000000000        0.0000000000000000     
   0.0000000000000000        0.0000000000000000     
   0.0000000000000000        0.0000000000000000     
 comp:           3
   1.0000042437429963        276.25117233400272        276.25000000000000     
   1.0000004066329444        276.25011233235091        276.25000000000000     
   1.0000000404939471        276.25001118645287        276.25000000000000     
   1.0000000040477091        276.25000111817963        276.25000000000000     
   1.0000000004047540        276.25000011181328        276.25000000000000     
   1.0000000000404752        276.25000001118127        276.25000000000000     
   1.0000000000040474        276.25000000111811        276.25000000000000     
   1.0000000000004048        276.25000000011181        276.25000000000000     
   1.0000000000000406        276.25000000001120        276.25000000000000     
   1.0000000000000038        276.25000000000102        276.25000000000000     
 
 part:           2
 comp:           0
  0.99999968051163068        276.27227519678792        276.27236346259480     
  0.99999996950525116        276.27235503773846        276.27236346259480     
  0.99999999696434605        276.27236262392751        276.27236346259480     
  0.99999999969657205        276.27236337876604        276.27236346259480     
  0.99999999996965849        276.27236345421227        276.27236346259480     
  0.99999999999696598        276.27236346175658        276.27236346259480     
  0.99999999999969669        276.27236346251101        276.27236346259480     
  0.99999999999996958        276.27236346258638        276.27236346259480     
  0.99999999999999689        276.27236346259394        276.27236346259480     
  0.99999999999999933        276.27236346259463        276.27236346259480     
 comp:           1
   0.0000000000000000        0.0000000000000000     
   0.0000000000000000        0.0000000000000000     
   0.0000000000000000        0.0000000000000000     
   0.0000000000000000        0.0000000000000000     
   0.0000000000000000        0.0000000000000000     
   0.0000000000000000        0.0000000000000000     
   0.0000000000000000        0.0000000000000000     
   0.0000000000000000        0.0000000000000000     
   0.0000000000000000        0.0000000000000000     
   0.0000000000000000        0.0000000000000000     
 comp:           2
   0.0000000000000000        0.0000000000000000     
   0.0000000000000000        0.0000000000000000     
   0.0000000000000000        0.0000000000000000     
   0.0000000000000000        0.0000000000000000     
   0.0000000000000000        0.0000000000000000     
   0.0000000000000000        0.0000000000000000     
   0.0000000000000000        0.0000000000000000     
   0.0000000000000000        0.0000000000000000     
   0.0000000000000000        0.0000000000000000     
   0.0000000000000000        0.0000000000000000     
 comp:           3
  0.99999968051163068       -276.27227519678792       -276.27236346259480     
  0.99999996950525116       -276.27235503773846       -276.27236346259480     
  0.99999999696434605       -276.27236262392751       -276.27236346259480     
  0.99999999969657205       -276.27236337876604       -276.27236346259480     
  0.99999999996965849       -276.27236345421227       -276.27236346259480     
  0.99999999999696598       -276.27236346175658       -276.27236346259480     
  0.99999999999969669       -276.27236346251101       -276.27236346259480     
  0.99999999999996958       -276.27236346258638       -276.27236346259480     
  0.99999999999999689       -276.27236346259394       -276.27236346259480     
  0.99999999999999933       -276.27236346259463       -276.27236346259480     
 
 part:           3
 comp:           0
  0.99998166646634701        115.39241330286887        115.39452889234769     
  0.99999431470461897        115.39387284036559        115.39452889234769     
  0.99999820559123564        115.39432182739370        115.39452889234769     
  0.99999943266631752        115.39446342514468        115.39452889234769     
  0.99999982059673309        115.39450819019223        115.39452889234769     
  0.99999994326781072        115.39452234576343        115.39452889234769     
  0.99999998205970964        115.39452682213634        115.39452889234769     
  0.99999999432678210        115.39452823768939        115.39452889234769     
  0.99999999820597085        115.39452868532655        115.39452889234769     
  0.99999999943267848        115.39452882688190        115.39452889234769     
 comp:           1
  0.99998158480779809       -115.32707665778638       -115.32920046717948     
  0.99999428938265666       -115.32854186624709       -115.32920046717948     
  0.99999819759911068       -115.32899259772599       -115.32920046717948     
  0.99999943013947379       -115.32913474562061       -115.32920046717948     
  0.99999981979769070       -115.32917968459122       -115.32920046717948     
  0.99999994301513195       -115.32919389516020       -115.32920046717948     
  0.99999998197980566       -115.32919838892487       -115.32920046717948     
  0.99999999430151421       -115.32919980997767       -115.32920046717948     
  0.99999999819798058       -115.32920025935401       -115.32920046717948     
  0.99999999943015161       -115.32920040145932       -115.32920046717948     
 comp:           2
   1.0000564798106233       -3.7866291982586016       -3.7864153422371309     
   1.0000175145924386       -3.7864816597586533       -3.7864153422371309     
   1.0000055280042579       -3.7864362735572650       -3.7864153422371309     
   1.0000017477751117       -3.7864219600396285       -3.7864153422371309     
   1.0000005526845548       -3.7864174349304087       -3.7864153422371309     
   1.0000001747738780       -3.7864160040036245       -3.7864153422371309     
   1.0000000552683435       -3.7864155515060345       -3.7864153422371309     
   1.0000000174773847       -3.7864154084137684       -3.7864153422371309     
   1.0000000055268345       -3.7864153631640223       -3.7864153422371309     
   1.0000000017477380       -3.7864153488547925       -3.7864153422371309     
 comp:           3
   1.0000000000000000      -0.85783258510499394      -0.85783258510499394     
   1.0000000000000000      -0.85783258510499394      -0.85783258510499394     
   1.0000000000000000      -0.85783258510499394      -0.85783258510499394     
   1.0000000000000000      -0.85783258510499394      -0.85783258510499394     
   1.0000000000000000      -0.85783258510499394      -0.85783258510499394     
   1.0000000000000000      -0.85783258510499394      -0.85783258510499394     
   1.0000000000000000      -0.85783258510499394      -0.85783258510499394     
   1.0000000000000000      -0.85783258510499394      -0.85783258510499394     
   1.0000000000000000      -0.85783258510499394      -0.85783258510499394     
   1.0000000000000000      -0.85783258510499394      -0.85783258510499394     
 
 part:           4
 comp:           0
  0.99998560795165636        100.03622162913206        100.03766137599077     
  0.99999553696566168        100.03721490447292        100.03766137599077     
  0.99999859136390645        100.03752045933024        100.03766137599077     
  0.99999955463501133        100.03761682271885        100.03766137599077     
  0.99999985916588308        100.03764728727506        100.03766137599077     
  0.99999995546442355        100.03765692075585        100.03766137599077     
  0.99999998591661654        100.03765996712202        100.03766137599077     
  0.99999999554644314        100.03766093046735        100.03766137599077     
  0.99999999859166155        100.03766123510388        100.03766137599077     
  0.99999999955464469        100.03766133143846        100.03766137599077     
 comp:           1
  0.99997466282343217       -72.665034372553052       -72.666875546009393     
  0.99999214286108840       -72.666304592273960       -72.666875546009393     
  0.99999752010905518       -72.666695340082740       -72.666875546009393     
  0.99999921593926144       -72.666818570765287       -72.666875546009393     
  0.99999975206292890       -72.666857529197102       -72.666875546009393     
  0.99999992159556017       -72.666869848603724       -72.666875546009393     
  0.99999997520634365       -72.666873744331852       -72.666875546009393     
  0.99999999215955748       -72.666874976268929       -72.666875546009393     
  0.99999999752063429       -72.666875365841634       -72.666875546009393     
  0.99999999921595595       -72.666875489035363       -72.666875546009393     
 comp:           2
  0.99999664248870024        55.218131903202142        55.218317299326429     
  0.99999895882508416        55.218259807399562        55.218317299326429     
  0.99999967138162194        55.218299153572559        55.218317299326429     
  0.99999989610157303        55.218311562230120        55.218317299326429     
  0.99999996714505590        55.218315485131704        55.218317299326429     
  0.99999998961037384        55.218316725628753        55.218317299326429     
  0.99999999671451223        55.218317117907326        55.218317299326429     
  0.99999999896103764        55.218317241956676        55.218317299326429     
  0.99999999967145126        55.218317281184518        55.218317299326429     
  0.99999999989610378        55.218317293589458        55.218317299326429     
 comp:           3
   1.0000000000000000       -40.963353458781739       -40.963353458781739     
   1.0000000000000000       -40.963353458781739       -40.963353458781739     
   1.0000000000000000       -40.963353458781739       -40.963353458781739     
   1.0000000000000000       -40.963353458781739       -40.963353458781739     
   1.0000000000000000       -40.963353458781739       -40.963353458781739     
   1.0000000000000000       -40.963353458781739       -40.963353458781739     
   1.0000000000000000       -40.963353458781739       -40.963353458781739     
   1.0000000000000000       -40.963353458781739       -40.963353458781739     
   1.0000000000000000       -40.963353458781739       -40.963353458781739     
   1.0000000000000000       -40.963353458781739       -40.963353458781739     
 
 part:           5
 comp:           0
   1.0000163187825142        263.15860024144484        263.15430588355946     
   1.0000050604445523        263.15563756133309        263.15430588355946     
   1.0000015971848879        263.15472618964003        263.15430588355946     
   1.0000005049772387        263.15443877049421        263.15430588355946     
   1.0000001596847341        263.15434790528485        263.15430588355946     
   1.0000000504966466        263.15431917196946        263.15430588355946     
   1.0000000159684383        263.15431008572278        263.15430588355946     
   1.0000000050496634        263.15430721240011        263.15430588355946     
   1.0000000015968435        263.15430630377574        263.15430588355946     
   1.0000000005049665        263.15430601644357        263.15430588355946     
 comp:           1
   1.0000218353508767        221.81843241853912        221.81358904099318     
   1.0000067711399134        221.81509097183925        221.81358904099318     
   1.0000021371181067        221.81406308283064        221.81358904099318     
   1.0000006756864381        221.81373891742709        221.81358904099318     
   1.0000002136666890        221.81363643516835        221.81358904099318     
   1.0000000675672069        221.81360402831785        221.81358904099318     
   1.0000000213666225        221.81359378040040        221.81358904099318     
   1.0000000067567190        221.81359053972528        221.81358904099318     
   1.0000000021366620        221.81358951493385        221.81358904099318     
   1.0000000006756722        221.81358919086645        221.81358904099318     
 comp:           2
   1.0000042664829982       -114.31049448047364       -114.31000677877319     
   1.0000013230359102       -114.31015801501704       -114.31000677877319     
   1.0000004175787292       -114.31005451220054       -114.31000677877319     
   1.0000001320246565       -114.31002187051257       -114.31000677877319     
   1.0000000417490564       -114.31001155110812       -114.31000677877319     
   1.0000000132021849       -114.31000828791504       -114.31000677877319     
   1.0000000041748967       -114.31000725600565       -114.31000677877319     
   1.0000000013202182       -114.31000692968733       -114.31000677877319     
   1.0000000004174896       -114.31000682649643       -114.31000677877319     
   1.0000000001320217       -114.31000679386460       -114.31000677877319     
 comp:           3
   1.0000000000000000        22.691998979324524        22.691998979324524     
   1.0000000000000000        22.691998979324524        22.691998979324524     
   1.0000000000000000        22.691998979324524        22.691998979324524     
   1.0000000000000000        22.691998979324524        22.691998979324524     
   1.0000000000000000        22.691998979324524        22.691998979324524     
   1.0000000000000000        22.691998979324524        22.691998979324524     
   1.0000000000000000        22.691998979324524        22.691998979324524     
   1.0000000000000000        22.691998979324524        22.691998979324524     
   1.0000000000000000        22.691998979324524        22.691998979324524     
   1.0000000000000000        22.691998979324524        22.691998979324524     
 
 part:           6
 comp:           0
   1.0484707439693244        2.3447436264509441E-002   2.2363462594808894E-002
   1.0046458997245411        2.2467360999517901E-002   2.2363462594808894E-002
   1.0004626689651226        2.2373809474904190E-002   2.2363462594808894E-002
   1.0000462477730869        2.2364496855152415E-002   2.2363462594808894E-002
   1.0000046245861616        2.2363566016568533E-002   2.2363462594808894E-002
   1.0000004624567045        2.2363472936942106E-002   2.2363462594808894E-002
   1.0000000462456515        2.2363463629021790E-002   2.2363462594808894E-002
   1.0000000046245654        2.2363462698230190E-002   2.2363462594808894E-002
   1.0000000004624561        2.2363462605151013E-002   2.2363462594808894E-002
   1.0000000000462450        2.2363462595843091E-002   2.2363462594808894E-002
 comp:           1
  -1.0168726866584004E-002  -0.0000000000000000     
  -3.1533388369160260E-003  -0.0000000000000000     
  -9.9526361604722531E-004  -0.0000000000000000     
  -3.1466978486614685E-004  -0.0000000000000000     
  -9.9505419831690859E-005  -0.0000000000000000     
  -3.1466316435824592E-005  -0.0000000000000000     
  -9.9505210454562957E-006  -0.0000000000000000     
  -3.1466309885272558E-006  -0.0000000000000000     
  -9.9505207003013383E-007  -0.0000000000000000     
  -3.1466311051238621E-007  -0.0000000000000000     
 comp:           2
   1.0239353296862253E-003   0.0000000000000000     
   3.1752402084870337E-004   0.0000000000000000     
   1.0021761742572632E-004   0.0000000000000000     
   3.1685530955503901E-005   0.0000000000000000     
   1.0019653020256186E-005   0.0000000000000000     
   3.1684864306470141E-006   0.0000000000000000     
   1.0019631937121464E-006   0.0000000000000000     
   3.1684857710421545E-007   0.0000000000000000     
   1.0019631589569249E-007   0.0000000000000000     
   3.1684858884485770E-008   0.0000000000000000     
 comp:           3
  0.94363127783775114       -2.1102862785216267E-002  -2.2363462594808894E-002
  0.99460024552448567       -2.2242705387574578E-002  -2.2363462594808894E-002
  0.99946228719675334       -2.2351437474646737E-002  -2.2363462594808894E-002
  0.99994625124255976       -2.2362260586482361E-002  -2.2363462594808894E-002
  0.99999462534938266       -2.2363342399010853E-002  -2.2363462594808894E-002
  0.99999946253718919       -2.2363450575279428E-002  -2.2363462594808894E-002
  0.99999994625374167       -2.2363461392856457E-002  -2.2363462594808894E-002
  0.99999999462537470       -2.2363462474613661E-002  -2.2363462594808894E-002
  0.99999999946253715       -2.2363462582789363E-002  -2.2363462594808894E-002
  0.99999999994625299       -2.2363462593606925E-002  -2.2363462594808894E-002
 
 part:           7
 comp:           0
  0.99999000281432637        73.912764921080282        73.913503848102039     
  0.99999689981976525        73.913274702918329        73.913503848102039     
  0.99999902151086284        73.913431524541437        73.913503848102039     
  0.99999969063340211        73.913480981732818        73.913503848102039     
  0.99999990217152757        73.913496617256868        73.913503848102039     
  0.99999996906397648        73.913501561512149        73.913503848102039     
  0.99999999021717190        73.913503125018934        73.913503848102039     
  0.99999999690639818        73.913503619443091        73.913503848102039     
  0.99999999902171699        73.913503775793714        73.913503848102039     
  0.99999999969064002        73.913503825236162        73.913503848102039     
 comp:           1
  0.99995977331419672       -33.816152661333113       -33.817513027804331     
  0.99998752559590431       -33.817091174481313       -33.817513027804331     
  0.99999606279745323       -33.817379881405913       -33.817513027804331     
  0.99999875518498549       -33.817470931256359       -33.817513027804331     
  0.99999960636241658       -33.817499715960224       -33.817513027804331     
  0.99999987552110037       -33.817508818237521       -33.817513027804331     
  0.99999996063632290       -33.817511696622667       -33.817513027804331     
  0.99999998755211239       -33.817512606847728       -33.817513027804331     
  0.99999999606363221       -33.817512894686161       -33.817513027804331     
  0.99999999875521151       -33.817512985708682       -33.817513027804331     
 comp:           2
  0.99999782147563354        62.877967840200412        62.878104821683884     
  0.99999932443370021        62.878062343355275        62.878104821683884     
  0.99999978677607881        62.878091414567820        62.878104821683884     
  0.99999993258555142        62.878100582791120        62.878104821683884     
  0.99999997868208512        62.878103481253795        62.878104821683884     
  0.99999999325869604        62.878104397803469        62.878104821683884     
  0.99999999786821281        62.878104687641148        62.878104821683884     
  0.99999999932586980        62.878104779295853        62.878104821683884     
  0.99999999978682130        62.878104808279609        62.878104821683884     
  0.99999999993258704        62.878104817445085        62.878104821683884     
 comp:           3
   1.0000000000000000        19.129187064562160        19.129187064562160     
   1.0000000000000000        19.129187064562160        19.129187064562160     
   1.0000000000000000        19.129187064562160        19.129187064562160     
   1.0000000000000000        19.129187064562160        19.129187064562160     
   1.0000000000000000        19.129187064562160        19.129187064562160     
   1.0000000000000000        19.129187064562160        19.129187064562160     
   1.0000000000000000        19.129187064562160        19.129187064562160     
   1.0000000000000000        19.129187064562160        19.129187064562160     
   1.0000000000000000        19.129187064562160        19.129187064562160     
   1.0000000000000000        19.129187064562160        19.129187064562160     
 
 part: i_fks+j_fks
 comp:           0
   1.0000036037888740        276.29572263305243        276.29472692518959     
   1.0000003455496580        276.29482239873801        276.29472692518959     
   1.0000000344132982        276.29473643340242        276.29472692518959     
   1.0000000034399195        276.29472787562122        276.29472692518959     
   1.0000000003439777        276.29472702022883        276.29472692518959     
   1.0000000000343978        276.29472693469353        276.29472692518959     
   1.0000000000034399        276.29472692614002        276.29472692518959     
   1.0000000000003439        276.29472692528464        276.29472692518959     
   1.0000000000000344        276.29472692519909        276.29472692518959     
   1.0000000000000031        276.29472692519045        276.29472692518959     
 comp:           1
  -1.0168726866584004E-002   0.0000000000000000     
  -3.1533388369160260E-003   0.0000000000000000     
  -9.9526361604722531E-004   0.0000000000000000     
  -3.1466978486614685E-004   0.0000000000000000     
  -9.9505419831690859E-005   0.0000000000000000     
  -3.1466316435824592E-005   0.0000000000000000     
  -9.9505210454562957E-006   0.0000000000000000     
  -3.1466309885272558E-006   0.0000000000000000     
  -9.9505207003013383E-007   0.0000000000000000     
  -3.1466311051238621E-007   0.0000000000000000     
 comp:           2
   1.0239353296862253E-003   0.0000000000000000     
   3.1752402084870337E-004   0.0000000000000000     
   1.0021761742572632E-004   0.0000000000000000     
   3.1685530955503901E-005   0.0000000000000000     
   1.0019653020256186E-005   0.0000000000000000     
   3.1684864306470141E-006   0.0000000000000000     
   1.0019631937121464E-006   0.0000000000000000     
   3.1684857710421545E-007   0.0000000000000000     
   1.0019631589569249E-007   0.0000000000000000     
   3.1684858884485770E-008   0.0000000000000000     
 comp:           3
  0.99999511801896657       -276.29337805957312       -276.29472692518959     
  0.99999953244832063       -276.29459774312602       -276.29472692518959     
  0.99999995344179171       -276.29471406140215       -276.29472692518959     
  0.99999999534613970       -276.29472563935252       -276.29472692518959     
  0.99999999953463337       -276.29472679661126       -276.29472692518959     
  0.99999999995346367       -276.29472691233184       -276.29472692518959     
  0.99999999999534650       -276.29472692390385       -276.29472692518959     
  0.99999999999953459       -276.29472692506101       -276.29472692518959     
  0.99999999999995348       -276.29472692517675       -276.29472692518959     
  0.99999999999999512       -276.29472692518823       -276.29472692518959     
     
 Collinear #          69
 
 part:           1
 comp:           0
   1.0000129786451355        276.25358535071871        276.25000000000000     
   1.0000012435966505        276.25034354357473        276.25000000000000     
   1.0000001238416643        276.25003421125973        276.25000000000000     
   1.0000000123790100        276.25000341970150        276.25000000000000     
   1.0000000012378492        276.25000034195585        276.25000000000000     
   1.0000000001237845        276.25000003419547        276.25000000000000     
   1.0000000000123783        276.25000000341953        276.25000000000000     
   1.0000000000012377        276.25000000034191        276.25000000000000     
   1.0000000000001235        276.25000000003411        276.25000000000000     
   1.0000000000000124        276.25000000000341        276.25000000000000     
 comp:           1
   0.0000000000000000        0.0000000000000000     
   0.0000000000000000        0.0000000000000000     
   0.0000000000000000        0.0000000000000000     
   0.0000000000000000        0.0000000000000000     
   0.0000000000000000        0.0000000000000000     
   0.0000000000000000        0.0000000000000000     
   0.0000000000000000        0.0000000000000000     
   0.0000000000000000        0.0000000000000000     
   0.0000000000000000        0.0000000000000000     
   0.0000000000000000        0.0000000000000000     
 comp:           2
   0.0000000000000000        0.0000000000000000     
   0.0000000000000000        0.0000000000000000     
   0.0000000000000000        0.0000000000000000     
   0.0000000000000000        0.0000000000000000     
   0.0000000000000000        0.0000000000000000     
   0.0000000000000000        0.0000000000000000     
   0.0000000000000000        0.0000000000000000     
   0.0000000000000000        0.0000000000000000     
   0.0000000000000000        0.0000000000000000     
   0.0000000000000000        0.0000000000000000     
 comp:           3
   1.0000129786451355        276.25358535071871        276.25000000000000     
   1.0000012435966505        276.25034354357473        276.25000000000000     
   1.0000001238416643        276.25003421125973        276.25000000000000     
   1.0000000123790100        276.25000341970150        276.25000000000000     
   1.0000000012378492        276.25000034195585        276.25000000000000     
   1.0000000001237845        276.25000003419547        276.25000000000000     
   1.0000000000123783        276.25000000341953        276.25000000000000     
   1.0000000000012377        276.25000000034191        276.25000000000000     
   1.0000000000001235        276.25000000003411        276.25000000000000     
   1.0000000000000124        276.25000000000341        276.25000000000000     
 
 part:           2
 comp:           0
  0.99999902391266282        276.31812962069500        276.31839933158562     
  0.99999990683444728        276.31837358822924        276.31839933158562     
  0.99999999072567669        276.31839676891946        276.31839933158562     
  0.99999999907298776        276.31839907543508        276.31839933158562     
  0.99999999990730259        276.31839930597164        276.31839933158562     
  0.99999999999073019        276.31839932902420        276.31839933158562     
  0.99999999999907263        276.31839933132937        276.31839933158562     
  0.99999999999990696        276.31839933155993        276.31839933158562     
  0.99999999999999034        276.31839933158295        276.31839933158562     
  0.99999999999999900        276.31839933158534        276.31839933158562     
 comp:           1
   0.0000000000000000        0.0000000000000000     
   0.0000000000000000        0.0000000000000000     
   0.0000000000000000        0.0000000000000000     
   0.0000000000000000        0.0000000000000000     
   0.0000000000000000        0.0000000000000000     
   0.0000000000000000        0.0000000000000000     
   0.0000000000000000        0.0000000000000000     
   0.0000000000000000        0.0000000000000000     
   0.0000000000000000        0.0000000000000000     
   0.0000000000000000        0.0000000000000000     
 comp:           2
   0.0000000000000000        0.0000000000000000     
   0.0000000000000000        0.0000000000000000     
   0.0000000000000000        0.0000000000000000     
   0.0000000000000000        0.0000000000000000     
   0.0000000000000000        0.0000000000000000     
   0.0000000000000000        0.0000000000000000     
   0.0000000000000000        0.0000000000000000     
   0.0000000000000000        0.0000000000000000     
   0.0000000000000000        0.0000000000000000     
   0.0000000000000000        0.0000000000000000     
 comp:           3
  0.99999902391266282       -276.31812962069500       -276.31839933158562     
  0.99999990683444728       -276.31837358822924       -276.31839933158562     
  0.99999999072567669       -276.31839676891946       -276.31839933158562     
  0.99999999907298776       -276.31839907543508       -276.31839933158562     
  0.99999999990730259       -276.31839930597164       -276.31839933158562     
  0.99999999999073019       -276.31839932902420       -276.31839933158562     
  0.99999999999907263       -276.31839933132937       -276.31839933158562     
  0.99999999999990696       -276.31839933155993       -276.31839933158562     
  0.99999999999999034       -276.31839933158295       -276.31839933158562     
  0.99999999999999900       -276.31839933158534       -276.31839933158562     
 
 part:           3
 comp:           0
  0.99998822340827043        100.88538980686897        100.88657790690797     
  0.99999634773062962        100.88620944194960        100.88657790690797     
  0.99999884723001420        100.88646160788899        100.88657790690797     
  0.99999963552855387        100.88654113663102        100.88657790690797     
  0.99999988474588264        100.88656627931448        100.88657790690797     
  0.99999996355348453        100.88657422994375        100.88657790690797     
  0.99999998847459870        100.88657674414968        100.88657790690797     
  0.99999999635534798        100.88657753921150        100.88657790690797     
  0.99999999884745971        100.88657779063213        100.88657790690797     
  0.99999999963553476        100.88657787013832        100.88657790690797     
 comp:           1
  0.91092474504933152        5.5850921576214560E-002   6.1312333296193344E-002
  0.97237760636568116        5.9618739891247337E-002   6.1312333296193344E-002
  0.99128175258974838        6.0777797205217324E-002   6.1312333296193344E-002
  0.99724357448732537        6.1143330416454110E-002   6.1312333296193344E-002
  0.99912835828455693        6.1258890908821230E-002   6.1312333296193344E-002
  0.99972436320396818        6.1295433361086345E-002   6.1312333296193344E-002
  0.99991283600737768        6.1306989068426257E-002   6.1312333296193344E-002
  0.99997243632570654        6.1310643303008193E-002   6.1312333296193344E-002
  0.99999128360098921        6.1311798873432050E-002   6.1312333296193344E-002
  0.99999724363246123        6.1312164296868123E-002   6.1312333296193344E-002
 comp:           2
  0.99997702290411872       -72.128430680954466       -72.130088020902846     
  0.99999287476204979       -72.129574076862326       -72.130088020902846     
  0.99999775111497835       -72.129925808628286       -72.130088020902846     
  0.99999928897589652       -72.130036734671677       -72.130088020902846     
  0.99999977515870964       -72.130071803080781       -72.130088020902846     
  0.99999992889907419       -72.130082892386810       -72.130088020902846     
  0.99999997751591707       -72.130086399123968       -72.130088020902846     
  0.99999999288990882       -72.130087508051346       -72.130088020902846     
  0.99999999775159176       -72.130087858724963       -72.130088020902846     
  0.99999999928899086       -72.130087969617691       -72.130088020902846     
 comp:           3
   1.0000000000000000       -70.536148496081125       -70.536148496081125     
   1.0000000000000000       -70.536148496081125       -70.536148496081125     
   1.0000000000000000       -70.536148496081125       -70.536148496081125     
   1.0000000000000000       -70.536148496081125       -70.536148496081125     
   1.0000000000000000       -70.536148496081125       -70.536148496081125     
   1.0000000000000000       -70.536148496081125       -70.536148496081125     
   1.0000000000000000       -70.536148496081125       -70.536148496081125     
   1.0000000000000000       -70.536148496081125       -70.536148496081125     
   1.0000000000000000       -70.536148496081125       -70.536148496081125     
   1.0000000000000000       -70.536148496081125       -70.536148496081125     
 
 part:           4
 comp:           0
  0.99996103067539133        100.65892582875641        100.66284859197923     
  0.99998791525047281        100.66163210666730        100.66284859197923     
  0.99999618575333771        100.66246463904497        100.66284859197923     
  0.99999879405675618        100.66272719829706        100.66284859197923     
  0.99999961865422649        100.66281020462736        100.66284859197923     
  0.99999987940807544        100.66283645285259        100.66284859197923     
  0.99999996186548901        100.66284475325072        100.66284859197923     
  0.99999998794080880        100.66284737806669        100.66284859197923     
  0.99999999618654878        100.66284820810637        100.66284859197923     
  0.99999999879408075        100.66284847058796        100.66284859197923     
 comp:           1
  0.99991719578029681        65.803107950920847        65.808557177147691     
  0.99997432202458880        65.806867346634647        65.808557177147691     
  0.99999189543123723        65.808023827170871        65.808557177147691     
  0.99999743759733062        65.808388549125112        65.808557177147691     
  0.99999918971229573        65.808503853282971        65.808557177147691     
  0.99999974376498613        65.808540314691129        65.808557177147691     
  0.99999991897138618        65.808551844771529        65.808557177147691     
  0.99999997437650257        65.808555490902293        65.808557177147691     
  0.99999999189713873        65.808556643910080        65.808557177147691     
  0.99999999743765011        65.808557008523138        65.808557177147691     
 comp:           2
  0.99992462560472828       -21.937389293713306       -21.939042935807432     
  0.99997662604785886       -21.938530133667829       -21.939042935807432     
  0.99999262263479294       -21.938881083475401       -21.939042935807432     
  0.99999766751558872       -21.938991763331785       -21.939042935807432     
  0.99999926241747206       -21.939026753952682       -21.939042935807432     
  0.99999976675634072       -21.939037818664776       -21.939042935807432     
  0.99999992624188971       -21.939041317625083       -21.939042935807432     
  0.99999997667563778       -21.939042424093248       -21.939042935807432     
  0.99999999262418915       -21.939042773989200       -21.939042935807432     
  0.99999999766756353       -21.939042884636009       -21.939042935807432     
 comp:           3
   1.0000000000000000       -72.944645341345066       -72.944645341345066     
   1.0000000000000000       -72.944645341345066       -72.944645341345066     
   1.0000000000000000       -72.944645341345066       -72.944645341345066     
   1.0000000000000000       -72.944645341345066       -72.944645341345066     
   1.0000000000000000       -72.944645341345066       -72.944645341345066     
   1.0000000000000000       -72.944645341345066       -72.944645341345066     
   1.0000000000000000       -72.944645341345066       -72.944645341345066     
   1.0000000000000000       -72.944645341345066       -72.944645341345066     
   1.0000000000000000       -72.944645341345066       -72.944645341345066     
   1.0000000000000000       -72.944645341345066       -72.944645341345066     
 
 part:           5
 comp:           0
   1.0000425046455472        250.77872723128007        250.76806842341716     
   1.0000131803696386        250.77137363925252        250.76806842341716     
   1.0000041599820506        250.76911161408069        250.76806842341716     
   1.0000013152468270        250.76839824532345        250.76806842341716     
   1.0000004159092781        250.76817272018346        250.76806842341716     
   1.0000001315217770        250.76810140487916        250.76806842341716     
   1.0000000415908266        250.76807885306840        250.76806842341716     
   1.0000000131521736        250.76807172156234        250.76806842341716     
   1.0000000041590824        250.76806946638220        250.76806842341716     
   1.0000000013152175        250.76806875323169        250.76806842341716     
 comp:           1
   1.0000822186523133       -165.12806834740016       -165.11449285632011     
   1.0000254956716774       -165.11870256121915       -165.11449285632011     
   1.0000080469598769       -165.11582152601920       -165.11449285632011     
   1.0000025441816651       -165.11491293758547       -165.11449285632011     
   1.0000008045251314       -165.11462569507918       -165.11449285632011     
   1.0000002544126620       -165.11453486353778       -165.11449285632011     
   1.0000000804523288       -165.11450614016559       -165.11449285632011     
   1.0000000254412595       -165.11449705704078       -165.11449285632011     
   1.0000000080452325       -165.11449418470460       -165.11449285632011     
   1.0000000025441260       -165.11449327639218       -165.11449285632011     
 comp:           2
   1.0000393468759168        104.70539548019418        104.70127581208648     
   1.0000122013071449        104.70255330451111        104.70127581208648     
   1.0000038509842095        104.70167901504634        104.70127581208648     
   1.0000012175534074        104.70140329148161        104.70127581208648     
   1.0000003850166552        104.70131612382150        104.70127581208648     
   1.0000001217527066        104.70128855975018        104.70127581208648     
   1.0000000385015773        104.70127984325075        104.70127581208648     
   1.0000000121752675        104.70127708685251        104.70127581208648     
   1.0000000038501575        104.70127621520288        104.70127581208648     
   1.0000000012175267        104.70127593956309        104.70127581208648     
 comp:           3
   1.0000000000000000        134.87866873068816        134.87866873068816     
   1.0000000000000000        134.87866873068816        134.87866873068816     
   1.0000000000000000        134.87866873068816        134.87866873068816     
   1.0000000000000000        134.87866873068816        134.87866873068816     
   1.0000000000000000        134.87866873068816        134.87866873068816     
   1.0000000000000000        134.87866873068816        134.87866873068816     
   1.0000000000000000        134.87866873068816        134.87866873068816     
   1.0000000000000000        134.87866873068816        134.87866873068816     
   1.0000000000000000        134.87866873068816        134.87866873068816     
   1.0000000000000000        134.87866873068816        134.87866873068816     
 
 part:           6
 comp:           0
   1.0484618144063940        7.1714087298407961E-002   6.8399331585585893E-002
   1.0046450044553412        6.8717046785543301E-002   6.8399331585585893E-002
   1.0004625794343536        6.8430971709700916E-002   6.8399331585585893E-002
   1.0000462388199887        6.8402494289966420E-002   6.8399331585585893E-002
   1.0000046236908513        6.8399647842949579E-002   6.8399331585585893E-002
   1.0000004623671734        6.8399363211191500E-002   6.8399331585585893E-002
   1.0000000462366982        6.8399334748145149E-002   6.8399331585585893E-002
   1.0000000046236701        6.8399331901841831E-002   6.8399331585585893E-002
   1.0000000004623666        6.8399331617211456E-002   6.8399331585585893E-002
   1.0000000000462361        6.8399331588748419E-002   6.8399331585585893E-002
 comp:           1
   2.9909308135236280E-002   0.0000000000000000     
   9.2748915113790367E-003   0.0000000000000000     
   2.9273602754512720E-003   0.0000000000000000     
   9.2553548756842065E-004   0.0000000000000000     
   2.9267442051789816E-004   0.0000000000000000     
   9.2551601119526364E-005   0.0000000000000000     
   2.9267380456712446E-005   0.0000000000000000     
   9.2551581848914029E-006   0.0000000000000000     
   2.9267379441399547E-006   0.0000000000000000     
   9.2551585278324489E-007   0.0000000000000000     
 comp:           2
  -9.0763878906126669E-003  -0.0000000000000000     
  -2.8145924546295726E-003  -0.0000000000000000     
  -8.8834744138612930E-004  -0.0000000000000000     
  -2.8086637958039620E-004  -0.0000000000000000     
  -8.8816048645110033E-005  -0.0000000000000000     
  -2.8086046920906039E-005  -0.0000000000000000     
  -8.8815861726438476E-006  -0.0000000000000000     
  -2.8086041072975634E-006  -0.0000000000000000     
  -8.8815858645332868E-007  -0.0000000000000000     
  -2.8086042113677060E-007  -0.0000000000000000     
 comp:           3
  0.94363889938813295       -6.4544269976306232E-002  -6.8399331585585893E-002
  0.99460101549931856       -6.8030044654498342E-002  -6.8399331585585893E-002
  0.99946236425065149       -6.8362557659693943E-002  -6.8399331585585893E-002
  0.99994625894849343       -6.8395655733584138E-002  -6.8399331585585893E-002
  0.99999462611998102       -6.8398964015784575E-002  -6.8399331585585893E-002
  0.99999946261424888       -6.8399294828759713E-002  -6.8399331585585893E-002
  0.99999994626144739       -6.8399327909904814E-002  -6.8399331585585893E-002
  0.99999999462614508       -6.8399331218017806E-002  -6.8399331585585893E-002
  0.99999999946261398       -6.8399331548829045E-002  -6.8399331585585893E-002
  0.99999999994626099       -6.8399331581910180E-002  -6.8399331585585893E-002
 
 part:           7
 comp:           0
  0.99994463044738824        100.17695801720997        100.18250507769565     
  0.99998282953151196        100.18078489714917        100.18250507769565     
  0.99999458058829183        100.18196214745468        100.18250507769565     
  0.99999828655611611        100.18233342059506        100.18250507769565     
  0.99999945817150293        100.18245079595950        100.18250507769565     
  0.99999982865907944        100.18248791233300        100.18250507769565     
  0.99999994581725049        100.18249964953208        100.18250507769565     
  0.99999998286591030        100.18250336115962        100.18250507769565     
  0.99999999458172506        100.18250453487930        100.18250507769565     
  0.99999999828659092        100.18250490604204        100.18250507769565     
 comp:           1
  0.99994535543664220        99.239200166767887        99.244623345876235     
  0.99998305436972168        99.242941583181903        99.244623345876235     
  0.99999465155400191        99.244092541367664        99.244623345876235     
  0.99999830899333142        99.244455522556336        99.244623345876235     
  0.99999946526665573        99.244570276466888        99.244623345876235     
  0.99999983090276123        99.244606563884460        99.244623345876235     
  0.99999994652676505        99.244618038945177        99.244623345876235     
  0.99999998309027838        99.244621667677279        99.244623345876235     
  0.99999999465267653        99.244622815183135        99.244623345876235     
  0.99999999830902775        99.244623178056329        99.244623345876235     
 comp:           2
  0.99984521112505587       -10.630499117635786       -10.632144855376193     
  0.99995199897510700       -10.631634501526324       -10.632144855376193     
  0.99998484972908797       -10.631983775501258       -10.632144855376193     
  0.99999520997142866       -10.632093927098561       -10.632144855376193     
  0.99999848528805646       -10.632128750739396       -10.632144855376193     
  0.99999952100685341       -10.632139762651674       -10.632144855376193     
  0.99999984852908741       -10.632143244915509       -10.632144855376193     
  0.99999995210069192       -10.632144346103811       -10.632144855376193     
  0.99999998485290886       -10.632144694330126       -10.632144855376193     
  0.99999999521006888       -10.632144804448952       -10.632144855376193     
 comp:           3
   1.0000000000000000        8.6021251067379989        8.6021251067379989     
   1.0000000000000000        8.6021251067379989        8.6021251067379989     
   1.0000000000000000        8.6021251067379989        8.6021251067379989     
   1.0000000000000000        8.6021251067379989        8.6021251067379989     
   1.0000000000000000        8.6021251067379989        8.6021251067379989     
   1.0000000000000000        8.6021251067379989        8.6021251067379989     
   1.0000000000000000        8.6021251067379989        8.6021251067379989     
   1.0000000000000000        8.6021251067379989        8.6021251067379989     
   1.0000000000000000        8.6021251067379989        8.6021251067379989     
   1.0000000000000000        8.6021251067379989        8.6021251067379989     
 
 part: i_fks+j_fks
 comp:           0
   1.0000110173309180        276.38984370799341        276.38679866317119     
   1.0000010563885287        276.38709063501477        276.38679866317119     
   1.0000001052056686        276.38682774062914        276.38679866317119     
   1.0000000105162543        276.38680156972504        276.38679866317119     
   1.0000000010515822        276.38679895381460        276.38679866317119     
   1.0000000001051577        276.38679869223540        276.38679866317119     
   1.0000000000105156        276.38679866607754        276.38679866317119     
   1.0000000000010514        276.38679866346178        276.38679866317119     
   1.0000000000001048        276.38679866320018        276.38679866317119     
   1.0000000000000104        276.38679866317409        276.38679866317119     
 comp:           1
   2.9909308135236280E-002   0.0000000000000000     
   9.2748915113790367E-003   0.0000000000000000     
   2.9273602754512720E-003   0.0000000000000000     
   9.2553548756842065E-004   0.0000000000000000     
   2.9267442051789816E-004   0.0000000000000000     
   9.2551601119526364E-005   0.0000000000000000     
   2.9267380456712446E-005   0.0000000000000000     
   9.2551581848914029E-006   0.0000000000000000     
   2.9267379441399547E-006   0.0000000000000000     
   9.2551585278324489E-007   0.0000000000000000     
 comp:           2
  -9.0763878906126669E-003   0.0000000000000000     
  -2.8145924546295726E-003   0.0000000000000000     
  -8.8834744138612930E-004   0.0000000000000000     
  -2.8086637958039620E-004   0.0000000000000000     
  -8.8816048645110033E-005   0.0000000000000000     
  -2.8086046920906039E-005   0.0000000000000000     
  -8.8815861726438476E-006   0.0000000000000000     
  -2.8086041072975634E-006   0.0000000000000000     
  -8.8815858645332868E-007   0.0000000000000000     
  -2.8086042113677060E-007   0.0000000000000000     
 comp:           3
  0.99998507608713638       -276.38267389067130       -276.38679866317119     
  0.99999857073387965       -276.38640363288374       -276.38679866317119     
  0.99999985767557542       -276.38675932657912       -276.38679866317119     
  0.99999998577355165       -276.38679473116866       -276.38679866317119     
  0.99999999857741484       -276.38679826998742       -276.38679866317119     
  0.99999999985774191       -276.38679862385294       -276.38679866317119     
  0.99999999998577382       -276.38679865923928       -276.38679866317119     
  0.99999999999857725       -276.38679866277795       -276.38679866317119     
  0.99999999999985745       -276.38679866313180       -276.38679866317119     
  0.99999999999998579       -276.38679866316727       -276.38679866317119     
     
 Collinear #          32
 
 part:           1
 comp:           0
   1.0000000000000000        325.00000000000000        325.00000000000000     
   1.0000000000000000        325.00000000000000        325.00000000000000     
   1.0000000000000000        325.00000000000000        325.00000000000000     
   1.0000000000000000        325.00000000000000        325.00000000000000     
   1.0000000000000000        325.00000000000000        325.00000000000000     
   1.0000000000000000        325.00000000000000        325.00000000000000     
   1.0000000000000000        325.00000000000000        325.00000000000000     
   1.0000000000000000        325.00000000000000        325.00000000000000     
   1.0000000000000000        325.00000000000000        325.00000000000000     
   1.0000000000000000        325.00000000000000        325.00000000000000     
 comp:           1
   0.0000000000000000        0.0000000000000000     
   0.0000000000000000        0.0000000000000000     
   0.0000000000000000        0.0000000000000000     
   0.0000000000000000        0.0000000000000000     
   0.0000000000000000        0.0000000000000000     
   0.0000000000000000        0.0000000000000000     
   0.0000000000000000        0.0000000000000000     
   0.0000000000000000        0.0000000000000000     
   0.0000000000000000        0.0000000000000000     
   0.0000000000000000        0.0000000000000000     
 comp:           2
   0.0000000000000000        0.0000000000000000     
   0.0000000000000000        0.0000000000000000     
   0.0000000000000000        0.0000000000000000     
   0.0000000000000000        0.0000000000000000     
   0.0000000000000000        0.0000000000000000     
   0.0000000000000000        0.0000000000000000     
   0.0000000000000000        0.0000000000000000     
   0.0000000000000000        0.0000000000000000     
   0.0000000000000000        0.0000000000000000     
   0.0000000000000000        0.0000000000000000     
 comp:           3
   1.0000000000000000        325.00000000000000        325.00000000000000     
   1.0000000000000000        325.00000000000000        325.00000000000000     
   1.0000000000000000        325.00000000000000        325.00000000000000     
   1.0000000000000000        325.00000000000000        325.00000000000000     
   1.0000000000000000        325.00000000000000        325.00000000000000     
   1.0000000000000000        325.00000000000000        325.00000000000000     
   1.0000000000000000        325.00000000000000        325.00000000000000     
   1.0000000000000000        325.00000000000000        325.00000000000000     
   1.0000000000000000        325.00000000000000        325.00000000000000     
   1.0000000000000000        325.00000000000000        325.00000000000000     
 
 part:           2
 comp:           0
   1.0000000000000000        325.00000000000000        325.00000000000000     
   1.0000000000000000        325.00000000000000        325.00000000000000     
   1.0000000000000000        325.00000000000000        325.00000000000000     
   1.0000000000000000        325.00000000000000        325.00000000000000     
   1.0000000000000000        325.00000000000000        325.00000000000000     
   1.0000000000000000        325.00000000000000        325.00000000000000     
   1.0000000000000000        325.00000000000000        325.00000000000000     
   1.0000000000000000        325.00000000000000        325.00000000000000     
   1.0000000000000000        325.00000000000000        325.00000000000000     
   1.0000000000000000        325.00000000000000        325.00000000000000     
 comp:           1
  -0.0000000000000000       -0.0000000000000000     
  -0.0000000000000000       -0.0000000000000000     
  -0.0000000000000000       -0.0000000000000000     
  -0.0000000000000000       -0.0000000000000000     
  -0.0000000000000000       -0.0000000000000000     
  -0.0000000000000000       -0.0000000000000000     
  -0.0000000000000000       -0.0000000000000000     
  -0.0000000000000000       -0.0000000000000000     
  -0.0000000000000000       -0.0000000000000000     
  -0.0000000000000000       -0.0000000000000000     
 comp:           2
  -0.0000000000000000       -0.0000000000000000     
  -0.0000000000000000       -0.0000000000000000     
  -0.0000000000000000       -0.0000000000000000     
  -0.0000000000000000       -0.0000000000000000     
  -0.0000000000000000       -0.0000000000000000     
  -0.0000000000000000       -0.0000000000000000     
  -0.0000000000000000       -0.0000000000000000     
  -0.0000000000000000       -0.0000000000000000     
  -0.0000000000000000       -0.0000000000000000     
  -0.0000000000000000       -0.0000000000000000     
 comp:           3
   1.0000000000000000       -325.00000000000000       -325.00000000000000     
   1.0000000000000000       -325.00000000000000       -325.00000000000000     
   1.0000000000000000       -325.00000000000000       -325.00000000000000     
   1.0000000000000000       -325.00000000000000       -325.00000000000000     
   1.0000000000000000       -325.00000000000000       -325.00000000000000     
   1.0000000000000000       -325.00000000000000       -325.00000000000000     
   1.0000000000000000       -325.00000000000000       -325.00000000000000     
   1.0000000000000000       -325.00000000000000       -325.00000000000000     
   1.0000000000000000       -325.00000000000000       -325.00000000000000     
   1.0000000000000000       -325.00000000000000       -325.00000000000000     
 
 part:           3
 comp:           0
  0.99999996124099311        35.011895793857008        35.011897150883371     
  0.99999999617915281        35.011897017108261        35.011897150883371     
  0.99999999961845720        35.011897137524834        35.011897150883371     
  0.99999999996185118        35.011897149547707        35.011897150883371     
  0.99999999999618527        35.011897150749810        35.011897150883371     
  0.99999999999961842        35.011897150870013        35.011897150883371     
  0.99999999999996181        35.011897150882035        35.011897150883371     
  0.99999999999999634        35.011897150883243        35.011897150883371     
  0.99999999999999956        35.011897150883357        35.011897150883371     
  0.99999999999999978        35.011897150883364        35.011897150883371     
 comp:           1
  0.99999970661927340        11.564809766947196        11.564813159840483     
  0.99999997107865035        11.564812825370478        11.564813159840483     
  0.99999999711196774        11.564813126440930        11.564813159840483     
  0.99999999971123776        11.564813156501002        11.564813159840483     
  0.99999999997112443        11.564813159506542        11.564813159840483     
  0.99999999999711198        11.564813159807084        11.564813159840483     
  0.99999999999971123        11.564813159837144        11.564813159840483     
  0.99999999999997125        11.564813159840151        11.564813159840483     
  0.99999999999999722        11.564813159840451        11.564813159840483     
  0.99999999999999933        11.564813159840476        11.564813159840483     
 comp:           2
  0.99999975890531256       -7.7282899866820758       -7.7282918499321838     
  0.99999997623298620       -7.7282916662537646       -7.7282918499321838     
  0.99999999762667013       -7.7282918315903979       -7.7282918499321838     
  0.99999999976270060       -7.7282918480982650       -7.7282918499321838     
  0.99999999997627065       -7.7282918497487962       -7.7282918499321838     
  0.99999999999762679       -7.7282918499138429       -7.7282918499321838     
  0.99999999999976263       -7.7282918499303497       -7.7282918499321838     
  0.99999999999997646       -7.7282918499320017       -7.7282918499321838     
  0.99999999999999767       -7.7282918499321660       -7.7282918499321838     
  0.99999999999999956       -7.7282918499321802       -7.7282918499321838     
 comp:           3
   1.0000000059338159       -32.130383689211904       -32.130383498556121     
   1.0000000005849530       -32.130383517350886       -32.130383498556121     
   1.0000000000584124       -32.130383500432934       -32.130383498556121     
   1.0000000000058404       -32.130383498743775       -32.130383498556121     
   1.0000000000005840       -32.130383498574886       -32.130383498556121     
   1.0000000000000584       -32.130383498557997       -32.130383498556121     
   1.0000000000000058       -32.130383498556306       -32.130383498556121     
   1.0000000000000007       -32.130383498556142       -32.130383498556121     
   1.0000000000000000       -32.130383498556121       -32.130383498556121     
   1.0000000000000000       -32.130383498556121       -32.130383498556121     
 
 part:           4
 comp:           0
  0.99999993363977513        260.58878939690948        260.58880668964127     
  0.99999999345823620        260.58880498493085        260.58880668964127     
  0.99999999934675166        260.58880651941206        260.58880668964127     
  0.99999999993468436        260.58880667262076        260.58880668964127     
  0.99999999999346867        260.58880668793927        260.58880668964127     
  0.99999999999934663        260.58880668947103        260.58880668964127     
  0.99999999999993461        260.58880668962422        260.58880668964127     
  0.99999999999999367        260.58880668963963        260.58880668964127     
  0.99999999999999933        260.58880668964110        260.58880668964127     
  0.99999999999999956        260.58880668964116        260.58880668964127     
 comp:           1
  0.99999988578302423        221.09534611555685        221.09537136840152     
  0.99999998874053808        221.09536887898659        221.09537136840152     
  0.99999999887565105        221.09537111981317        221.09537136840152     
  0.99999999988758093        221.09537134354619        221.09537136840152     
  0.99999999998875833        221.09537136591604        221.09537136840152     
  0.99999999999887568        221.09537136815294        221.09537136840152     
  0.99999999999988753        221.09537136837665        221.09537136840152     
  0.99999999999998879        221.09537136839904        221.09537136840152     
  0.99999999999999900        221.09537136840129        221.09537136840152     
  0.99999999999999978        221.09537136840146        221.09537136840152     
 comp:           2
   1.0000002126145715        65.225637027947243        65.225623160029329     
   1.0000000209594562        65.225624527122918        65.225623160029329     
   1.0000000020929722        65.225623296544754        65.225623160029329     
   1.0000000002092677        65.225623173678940        65.225623160029329     
   1.0000000000209261        65.225623161394253        65.225623160029329     
   1.0000000000020928        65.225623160165838        65.225623160029329     
   1.0000000000002094        65.225623160042986        65.225623160029329     
   1.0000000000000207        65.225623160030679        65.225623160029329     
   1.0000000000000020        65.225623160029457        65.225623160029329     
   1.0000000000000004        65.225623160029357        65.225623160029329     
 comp:           3
   1.0000000116765575       -121.52769791157642       -121.52769649255130     
   1.0000000011510701       -121.52769663243821       -121.52769649255130     
   1.0000000001149436       -121.52769650652014       -121.52769649255130     
   1.0000000000114928       -121.52769649394799       -121.52769649255130     
   1.0000000000011493       -121.52769649269096       -121.52769649255130     
   1.0000000000001150       -121.52769649256527       -121.52769649255130     
   1.0000000000000115       -121.52769649255269       -121.52769649255130     
   1.0000000000000011       -121.52769649255144       -121.52769649255130     
   1.0000000000000002       -121.52769649255131       -121.52769649255130     
   1.0000000000000000       -121.52769649255130       -121.52769649255130     
 
 part:           5
 comp:           0
   1.0000000290200171        251.97627375075294        251.97626643839740     
   1.0000000028607805        251.97626715924619        251.97626643839740     
   1.0000000002856722        251.97626651038001        251.97626643839740     
   1.0000000000285632        251.97626644559463        251.97626643839740     
   1.0000000000028562        251.97626643911710        251.97626643839740     
   1.0000000000002858        251.97626643846939        251.97626643839740     
   1.0000000000000286        251.97626643840459        251.97626643839740     
   1.0000000000000031        251.97626643839817        251.97626643839740     
   1.0000000000000002        251.97626643839746        251.97626643839740     
  0.99999999999999989        251.97626643839737        251.97626643839740     
 comp:           1
   1.0000001707658557       -142.99249475787704       -142.99247033964548     
   1.0000000168340264       -142.99247274678450       -142.99247033964548     
   1.0000000016810147       -142.99247058001791       -142.99247033964548     
   1.0000000001680778       -142.99247036367933       -142.99247033964548     
   1.0000000000168074       -142.99247034204882       -142.99247033964548     
   1.0000000000016809       -142.99247033988584       -142.99247033964548     
   1.0000000000001681       -142.99247033966952       -142.99247033964548     
   1.0000000000000167       -142.99247033964787       -142.99247033964548     
   1.0000000000000016       -142.99247033964571       -142.99247033964548     
   1.0000000000000004       -142.99247033964554       -142.99247033964548     
 comp:           2
  0.99999987437095661       -106.73947319951293       -106.73948660909252     
  0.99999998761554165       -106.73948528718179       -106.73948660909252     
  0.99999999876331103       -106.73948647708897       -106.73948660909252     
  0.99999999987634858       -106.73948659589404       -106.73948660909252     
  0.99999999998763511       -106.73948660777270       -106.73948660909252     
  0.99999999999876332       -106.73948660896052       -106.73948660909252     
  0.99999999999987632       -106.73948660907932       -106.73948660909252     
  0.99999999999998779       -106.73948660909122       -106.73948660909252     
  0.99999999999999878       -106.73948660909240       -106.73948660909252     
  0.99999999999999978       -106.73948660909249       -106.73948660909252     
 comp:           3
  0.99999999135378648        158.69674818014644        158.69674955227242     
  0.99999999914765991        158.69674941700882        158.69674955227242     
  0.99999999991488697        158.69674953876526        158.69674955227242     
  0.99999999999148992        158.69674955092191        158.69674955227242     
  0.99999999999914890        158.69674955213736        158.69674955227242     
  0.99999999999991496        158.69674955225892        158.69674955227242     
  0.99999999999999145        158.69674955227106        158.69674955227242     
  0.99999999999999911        158.69674955227228        158.69674955227242     
   1.0000000000000000        158.69674955227242        158.69674955227242     
   1.0000000000000000        158.69674955227242        158.69674955227242     
 
 part:           6
 comp:           0
   1.0160095471604931        7.1950251369881245E-004   7.0816511095752222E-004
   1.0015782148613228        7.0928274765990566E-004   7.0816511095752222E-004
   1.0001575976354948        7.0827671610454912E-004   7.0816511095752222E-004
   1.0000157575285353        7.0817626988946584E-004   7.0816511095752222E-004
   1.0000015757305070        7.0816622683489156E-004   7.0816511095752222E-004
   1.0000001575728272        7.0816522254510091E-004   7.0816511095752222E-004
   1.0000000157572806        7.0816512211627854E-004   7.0816511095752222E-004
   1.0000000015757280        7.0816511207339784E-004   7.0816511095752222E-004
   1.0000000001575726        7.0816511106910971E-004   7.0816511095752222E-004
   1.0000000000157574        7.0816511096868104E-004   7.0816511095752222E-004
 comp:           1
   1.1527146851649186       -7.1465236147562057E-004  -6.1997332963045879E-004
   1.0675891803550792       -6.6187681882219087E-004  -6.1997332963045879E-004
   1.0231767935386500       -6.3434232349077332E-004  -6.1997332963045879E-004
   1.0076081024083159       -6.2469015021271185E-004  -6.1997332963045879E-004
   1.0025846648557049       -6.2157575290702901E-004  -6.1997332963045879E-004
  0.99999915758108993       -6.1997280735320219E-004  -6.1997332963045879E-004
  0.99999991575810887       -6.1997327740273306E-004  -6.1997332963045879E-004
  0.99999999159186470       -6.1997332441763914E-004  -6.1997332963045879E-004
  0.99999999915717963       -6.1997332910793265E-004  -6.1997332963045879E-004
  0.99999999991973132       -6.1997332958069434E-004  -6.1997332963045879E-004
 comp:           2
  0.11146718410321839        3.7950804949549968E-005   3.4046616728388508E-004
  0.73539889991825702        2.5037844487995438E-004   3.4046616728388508E-004
  0.91822681314540722        3.1262516376891290E-004   3.4046616728388508E-004
  0.97399720920381572        3.3161309676282353E-004   3.4046616728388508E-004
  0.99125443506783451        3.3748859831069834E-004   3.4046616728388508E-004
  0.99999915758109004        3.4046588046874758E-004   3.4046616728388508E-004
  0.99999991575810898        3.4046613860237132E-004   3.4046616728388508E-004
  0.99999999159186459        3.4046616442119946E-004   3.4046616728388508E-004
  0.99999999915717974        3.4046616699693331E-004   3.4046616728388508E-004
  0.99999999991973143        3.4046616725655636E-004   3.4046616728388508E-004
 comp:           3
   2.1325410292595803       -7.4293391075254335E-005  -3.4837965626878959E-005
   1.3801842047775243       -4.8082809884800660E-005  -3.4837965626878959E-005
   1.1219359795118844       -3.9085967089793801E-005  -3.4837965626878959E-005
   1.0392363546506902       -3.6204880401523739E-005  -3.4837965626878959E-005
   1.0132465465115856       -3.5299448358924432E-005  -3.4837965626878959E-005
  0.99999915758108993       -3.4837936278717925E-005  -3.4837965626878959E-005
  0.99999991575810887       -3.4837962692062852E-005  -3.4837965626878959E-005
  0.99999999159186448       -3.4837965333956622E-005  -3.4837965626878959E-005
  0.99999999915717963       -3.4837965597516813E-005  -3.4837965626878959E-005
  0.99999999991973143       -3.4837965624082564E-005  -3.4837965626878959E-005
 
 part:           7
 comp:           0
   1.0000000000000000        102.42232155596707        102.42232155596707     
   1.0000000000000000        102.42232155596707        102.42232155596707     
   1.0000000000000000        102.42232155596707        102.42232155596707     
   1.0000000000000000        102.42232155596707        102.42232155596707     
   1.0000000000000000        102.42232155596707        102.42232155596707     
   1.0000000000000000        102.42232155596707        102.42232155596707     
   1.0000000000000000        102.42232155596707        102.42232155596707     
   1.0000000000000000        102.42232155596707        102.42232155596707     
   1.0000000000000000        102.42232155596707        102.42232155596707     
   1.0000000000000000        102.42232155596707        102.42232155596707     
 comp:           1
  0.99999835231639100       -89.666946472265522       -89.667094215266928     
  0.99999947433879166       -89.667047080753832       -89.667094215266928     
  0.99999983392620895       -89.667079323912660       -89.667094215266928     
  0.99999994681383131       -89.667089446217730       -89.667094215266928     
  0.99999998207094720       -89.667092607620859       -89.667094215266928     
   1.0000000000000000       -89.667094215266928       -89.667094215266928     
   1.0000000000000000       -89.667094215266928       -89.667094215266928     
   1.0000000000000000       -89.667094215266928       -89.667094215266928     
   1.0000000000000000       -89.667094215266928       -89.667094215266928     
   1.0000000000000000       -89.667094215266928       -89.667094215266928     
 comp:           2
   1.0000055516762663        49.242088207442819        49.241814832828105     
   1.0000017711581104        49.241902047867818        49.241814832828105     
   1.0000005595679773        49.241842386970823        49.241814832828105     
   1.0000001792051847        49.241823657216628        49.241814832828105     
   1.0000000604100565        49.241817807528925        49.241814832828105     
   1.0000000000000000        49.241814832828105        49.241814832828105     
   1.0000000000000000        49.241814832828105        49.241814832828105     
   1.0000000000000000        49.241814832828105        49.241814832828105     
   1.0000000000000000        49.241814832828105        49.241814832828105     
   1.0000000000000000        49.241814832828105        49.241814832828105     
 comp:           3
  0.99999157763269753       -5.0385922859670735       -5.0386347231994151     
  0.99999731300435990       -5.0386211844098820       -5.0386347231994151     
  0.99999915108863180       -5.0386304458451185       -5.0386347231994151     
  0.99999972813078997       -5.0386333533497734       -5.0386347231994151     
  0.99999990835290886       -5.0386342614231996       -5.0386347231994151     
   1.0000000000000000       -5.0386347231994151       -5.0386347231994151     
   1.0000000000000000       -5.0386347231994151       -5.0386347231994151     
   1.0000000000000000       -5.0386347231994151       -5.0386347231994151     
   1.0000000000000000       -5.0386347231994151       -5.0386347231994151     
   1.0000000000000000       -5.0386347231994151       -5.0386347231994151     
 
 part: i_fks+j_fks
 comp:           0
   1.0000001106919290        102.42304105848078        102.42302972107804     
   1.0000000109119669        102.42303083871474        102.42302972107804     
   1.0000000010896490        102.42302983268318        102.42302972107804     
   1.0000000001089495        102.42302973223697        102.42302972107804     
   1.0000000000108946        102.42302972219390        102.42302972107804     
   1.0000000000010894        102.42302972118962        102.42302972107804     
   1.0000000000001090        102.42302972108919        102.42302972107804     
   1.0000000000000109        102.42302972107915        102.42302972107804     
   1.0000000000000009        102.42302972107814        102.42302972107804     
   1.0000000000000000        102.42302972107804        102.42302972107804     
 comp:           1
  0.99999940821543143       -89.667661124627003       -89.667714188596563     
  0.99999994166212491       -89.667708957572657       -89.667714188596563     
  0.99999999417448726       -89.667713666236153       -89.667714188596563     
  0.99999999941753159       -89.667714136367948       -89.667714188596563     
  0.99999999994175381       -89.667714183373761       -89.667714188596563     
  0.99999999999417544       -89.667714188074285       -89.667714188596563     
  0.99999999999941758       -89.667714188544338       -89.667714188596563     
  0.99999999999994182       -89.667714188591347       -89.667714188596563     
  0.99999999999999412       -89.667714188596037       -89.667714188596563     
  0.99999999999999933       -89.667714188596506       -89.667714188596563     
 comp:           2
  0.99999940821543176        49.242126158247771        49.242155298995385     
  0.99999994166212536        49.242152426312700        49.242155298995385     
  0.99999999417448748        49.242155012134596        49.242155298995385     
  0.99999999941753170        49.242155270313390        49.242155298995385     
  0.99999999994175426        49.242155296127237        49.242155298995385     
  0.99999999999417555        49.242155298708575        49.242155298995385     
  0.99999999999941758        49.242155298966708        49.242155298995385     
  0.99999999999994205        49.242155298992529        49.242155298995385     
  0.99999999999999423        49.242155298995101        49.242155298995385     
  0.99999999999999956        49.242155298995364        49.242155298995385     
 comp:           3
  0.99999940821543132       -5.0386665793581491       -5.0386695611650421     
  0.99999994166212491       -5.0386692672197668       -5.0386695611650421     
  0.99999999417448726       -5.0386695318122081       -5.0386695611650421     
  0.99999999941753126       -5.0386695582301746       -5.0386695611650421     
  0.99999999994175381       -5.0386695608715586       -5.0386695611650421     
  0.99999999999417544       -5.0386695611356940       -5.0386695611650421     
  0.99999999999941758       -5.0386695611621075       -5.0386695611650421     
  0.99999999999994182       -5.0386695611647490       -5.0386695611650421     
  0.99999999999999423       -5.0386695611650127       -5.0386695611650421     
  0.99999999999999944       -5.0386695611650394       -5.0386695611650421     
     
 Collinear #          24
 
 part:           1
 comp:           0
   1.0000000000000000        325.00000000000000        325.00000000000000     
   1.0000000000000000        325.00000000000000        325.00000000000000     
   1.0000000000000000        325.00000000000000        325.00000000000000     
   1.0000000000000000        325.00000000000000        325.00000000000000     
   1.0000000000000000        325.00000000000000        325.00000000000000     
   1.0000000000000000        325.00000000000000        325.00000000000000     
   1.0000000000000000        325.00000000000000        325.00000000000000     
   1.0000000000000000        325.00000000000000        325.00000000000000     
   1.0000000000000000        325.00000000000000        325.00000000000000     
   1.0000000000000000        325.00000000000000        325.00000000000000     
 comp:           1
   0.0000000000000000        0.0000000000000000     
   0.0000000000000000        0.0000000000000000     
   0.0000000000000000        0.0000000000000000     
   0.0000000000000000        0.0000000000000000     
   0.0000000000000000        0.0000000000000000     
   0.0000000000000000        0.0000000000000000     
   0.0000000000000000        0.0000000000000000     
   0.0000000000000000        0.0000000000000000     
   0.0000000000000000        0.0000000000000000     
   0.0000000000000000        0.0000000000000000     
 comp:           2
   0.0000000000000000        0.0000000000000000     
   0.0000000000000000        0.0000000000000000     
   0.0000000000000000        0.0000000000000000     
   0.0000000000000000        0.0000000000000000     
   0.0000000000000000        0.0000000000000000     
   0.0000000000000000        0.0000000000000000     
   0.0000000000000000        0.0000000000000000     
   0.0000000000000000        0.0000000000000000     
   0.0000000000000000        0.0000000000000000     
   0.0000000000000000        0.0000000000000000     
 comp:           3
   1.0000000000000000        325.00000000000000        325.00000000000000     
   1.0000000000000000        325.00000000000000        325.00000000000000     
   1.0000000000000000        325.00000000000000        325.00000000000000     
   1.0000000000000000        325.00000000000000        325.00000000000000     
   1.0000000000000000        325.00000000000000        325.00000000000000     
   1.0000000000000000        325.00000000000000        325.00000000000000     
   1.0000000000000000        325.00000000000000        325.00000000000000     
   1.0000000000000000        325.00000000000000        325.00000000000000     
   1.0000000000000000        325.00000000000000        325.00000000000000     
   1.0000000000000000        325.00000000000000        325.00000000000000     
 
 part:           2
 comp:           0
   1.0000000000000000        325.00000000000000        325.00000000000000     
   1.0000000000000000        325.00000000000000        325.00000000000000     
   1.0000000000000000        325.00000000000000        325.00000000000000     
   1.0000000000000000        325.00000000000000        325.00000000000000     
   1.0000000000000000        325.00000000000000        325.00000000000000     
   1.0000000000000000        325.00000000000000        325.00000000000000     
   1.0000000000000000        325.00000000000000        325.00000000000000     
   1.0000000000000000        325.00000000000000        325.00000000000000     
   1.0000000000000000        325.00000000000000        325.00000000000000     
   1.0000000000000000        325.00000000000000        325.00000000000000     
 comp:           1
  -0.0000000000000000       -0.0000000000000000     
  -0.0000000000000000       -0.0000000000000000     
  -0.0000000000000000       -0.0000000000000000     
  -0.0000000000000000       -0.0000000000000000     
  -0.0000000000000000       -0.0000000000000000     
  -0.0000000000000000       -0.0000000000000000     
  -0.0000000000000000       -0.0000000000000000     
  -0.0000000000000000       -0.0000000000000000     
  -0.0000000000000000       -0.0000000000000000     
  -0.0000000000000000       -0.0000000000000000     
 comp:           2
  -0.0000000000000000       -0.0000000000000000     
  -0.0000000000000000       -0.0000000000000000     
  -0.0000000000000000       -0.0000000000000000     
  -0.0000000000000000       -0.0000000000000000     
  -0.0000000000000000       -0.0000000000000000     
  -0.0000000000000000       -0.0000000000000000     
  -0.0000000000000000       -0.0000000000000000     
  -0.0000000000000000       -0.0000000000000000     
  -0.0000000000000000       -0.0000000000000000     
  -0.0000000000000000       -0.0000000000000000     
 comp:           3
   1.0000000000000000       -325.00000000000000       -325.00000000000000     
   1.0000000000000000       -325.00000000000000       -325.00000000000000     
   1.0000000000000000       -325.00000000000000       -325.00000000000000     
   1.0000000000000000       -325.00000000000000       -325.00000000000000     
   1.0000000000000000       -325.00000000000000       -325.00000000000000     
   1.0000000000000000       -325.00000000000000       -325.00000000000000     
   1.0000000000000000       -325.00000000000000       -325.00000000000000     
   1.0000000000000000       -325.00000000000000       -325.00000000000000     
   1.0000000000000000       -325.00000000000000       -325.00000000000000     
   1.0000000000000000       -325.00000000000000       -325.00000000000000     
 
 part:           3
 comp:           0
  0.99999996943472325        113.54787501663149        113.54787848725383     
  0.99999999694347241        113.54787814019160        113.54787848725383     
  0.99999999969434750        113.54787845254764        113.54787848725383     
  0.99999999996943467        113.54787848378319        113.54787848725383     
  0.99999999999694333        113.54787848690675        113.54787848725383     
  0.99999999999969436        113.54787848721912        113.54787848725383     
  0.99999999999996947        113.54787848725036        113.54787848725383     
  0.99999999999999689        113.54787848725347        113.54787848725383     
   1.0000000000000000        113.54787848725383        113.54787848725383     
   1.0000000000000000        113.54787848725383        113.54787848725383     
 comp:           1
  0.99999998784300448        33.974042755065042        33.974043168087334     
  0.99999999878430046        33.974043126785105        33.974043168087334     
  0.99999999987843013        33.974043163957113        33.974043168087334     
  0.99999999998784295        33.974043167674310        33.974043168087334     
  0.99999999999878431        33.974043168046030        33.974043168087334     
  0.99999999999987854        33.974043168083206        33.974043168087334     
  0.99999999999998790        33.974043168086922        33.974043168087334     
  0.99999999999999878        33.974043168087292        33.974043168087334     
   1.0000000000000000        33.974043168087334        33.974043168087334     
   1.0000000000000000        33.974043168087334        33.974043168087334     
 comp:           2
  0.99999995533754460        101.70330391495411        101.70330845727358     
  0.99999999553375474        101.70330800304166        101.70330845727358     
  0.99999999955337548        101.70330841185039        101.70330845727358     
  0.99999999995533750        101.70330845273125        101.70330845727358     
  0.99999999999553368        101.70330845681934        101.70330845727358     
  0.99999999999955347        101.70330845722816        101.70330845727358     
  0.99999999999995526        101.70330845726903        101.70330845727358     
  0.99999999999999534        101.70330845727311        101.70330845727358     
  0.99999999999999967        101.70330845727355        101.70330845727358     
   1.0000000000000000        101.70330845727358        101.70330845727358     
 comp:           3
   1.0000000587098437       -37.354013337954179       -37.354011144906025     
   1.0000000058709839       -37.354011364210827       -37.354011144906025     
   1.0000000005870984       -37.354011166836507       -37.354011144906025     
   1.0000000000587099       -37.354011147099072       -37.354011144906025     
   1.0000000000058709       -37.354011145125327       -37.354011144906025     
   1.0000000000005871       -37.354011144927952       -37.354011144906025     
   1.0000000000000588       -37.354011144908220       -37.354011144906025     
   1.0000000000000060       -37.354011144906245       -37.354011144906025     
   1.0000000000000004       -37.354011144906039       -37.354011144906025     
   1.0000000000000000       -37.354011144906025       -37.354011144906025     
 
 part:           4
 comp:           0
  0.99999996945905345        147.74511734531126        147.74512185758712     
  0.99999999694590536        147.74512140635954        147.74512185758712     
  0.99999999969459075        147.74512181246439        147.74512185758712     
  0.99999999996945899        147.74512185307483        147.74512185758712     
  0.99999999999694578        147.74512185713587        147.74512185758712     
  0.99999999999969447        147.74512185754199        147.74512185758712     
  0.99999999999996936        147.74512185758260        147.74512185758712     
  0.99999999999999689        147.74512185758667        147.74512185758712     
   1.0000000000000000        147.74512185758712        147.74512185758712     
   1.0000000000000000        147.74512185758712        147.74512185758712     
 comp:           1
  0.99999999509913551        109.65663715722395        109.65663769463627     
  0.99999999950991358        109.65663764089504        109.65663769463627     
  0.99999999995099143        109.65663768926215        109.65663769463627     
  0.99999999999509914        109.65663769409886        109.65663769463627     
  0.99999999999950984        109.65663769458253        109.65663769463627     
  0.99999999999995104        109.65663769463090        109.65663769463627     
  0.99999999999999512        109.65663769463573        109.65663769463627     
  0.99999999999999944        109.65663769463622        109.65663769463627     
   1.0000000000000000        109.65663769463627        109.65663769463627     
   1.0000000000000000        109.65663769463627        109.65663769463627     
 comp:           2
  0.99999994007811088        98.633916865487592        98.633922775818576     
  0.99999999400781137        98.633922184785504        98.633922775818576     
  0.99999999940078121        98.633922716715276        98.633922775818576     
  0.99999999994007804        98.633922769908239        98.633922775818576     
  0.99999999999400779        98.633922775227546        98.633922775818576     
  0.99999999999940081        98.633922775759473        98.633922775818576     
  0.99999999999994005        98.633922775812664        98.633922775818576     
  0.99999999999999389        98.633922775817979        98.633922775818576     
  0.99999999999999956        98.633922775818533        98.633922775818576     
   1.0000000000000000        98.633922775818576        98.633922775818576     
 comp:           3
  0.99999967136083701        8.6828607336985009        8.6828635872275228     
  0.99999996713608552        8.6828633018746366        8.6828635872275228     
  0.99999999671360862        8.6828635586922349        8.6828635872275228     
  0.99999999967136044        8.6828635843739903        8.6828635872275228     
  0.99999999996713618        8.6828635869421706        8.6828635872275228     
  0.99999999999671385        8.6828635871989892        8.6828635872275228     
  0.99999999999967149        8.6828635872246700        8.6828635872275228     
  0.99999999999996647        8.6828635872272315        8.6828635872275228     
  0.99999999999999756        8.6828635872275015        8.6828635872275228     
   1.0000000000000000        8.6828635872275228        8.6828635872275228     
 
 part:           5
 comp:           0
  0.99999999556148100        190.61782319121843        190.61782403727926     
  0.99999999955614804        190.61782395267318        190.61782403727926     
  0.99999999995561495        190.61782402881869        190.61782403727926     
  0.99999999999556155        190.61782403643321        190.61782403727926     
  0.99999999999955602        190.61782403719462        190.61782403727926     
  0.99999999999995559        190.61782403727079        190.61782403727926     
  0.99999999999999556        190.61782403727841        190.61782403727926     
  0.99999999999999956        190.61782403727918        190.61782403727926     
   1.0000000000000002        190.61782403727929        190.61782403727926     
   1.0000000000000000        190.61782403727926        190.61782403727926     
 comp:           1
   1.0000000054396208       -127.46453765132249       -127.46453695796376     
   1.0000000005439620       -127.46453702729963       -127.46453695796376     
   1.0000000000543963       -127.46453696489735       -127.46453695796376     
   1.0000000000054396       -127.46453695865712       -127.46453695796376     
   1.0000000000005440       -127.46453695803309       -127.46453695796376     
   1.0000000000000544       -127.46453695797069       -127.46453695796376     
   1.0000000000000056       -127.46453695796446       -127.46453695796376     
   1.0000000000000007       -127.46453695796383       -127.46453695796376     
   1.0000000000000000       -127.46453695796376       -127.46453695796376     
   1.0000000000000000       -127.46453695796376       -127.46453695796376     
 comp:           2
   1.0000003382165905       -22.545891083193329       -22.545883457801494     
   1.0000000338216568       -22.545884220340625       -22.545883457801494     
   1.0000000033821654       -22.545883534055402       -22.545883457801494     
   1.0000000003382170       -22.545883465426893       -22.545883457801494     
   1.0000000000338216       -22.545883458564031       -22.545883457801494     
   1.0000000000033822       -22.545883457877746       -22.545883457801494     
   1.0000000000003382       -22.545883457809119       -22.545883457801494     
   1.0000000000000344       -22.545883457802272       -22.545883457801494     
   1.0000000000000027       -22.545883457801555       -22.545883457801494     
   1.0000000000000000       -22.545883457801494       -22.545883457801494     
 comp:           3
  0.99999996784923340        114.50944502698214        114.50944870854869     
  0.99999999678492357        114.50944834039205        114.50944870854869     
  0.99999999967849240        114.50944867173303        114.50944870854869     
  0.99999999996784927        114.50944870486713        114.50944870854869     
  0.99999999999678491        114.50944870818053        114.50944870854869     
  0.99999999999967848        114.50944870851187        114.50944870854869     
  0.99999999999996780        114.50944870854501        114.50944870854869     
  0.99999999999999678        114.50944870854832        114.50944870854869     
  0.99999999999999978        114.50944870854866        114.50944870854869     
   1.0000000000000000        114.50944870854869        114.50944870854869     
 
 part:           6
 comp:           0
   1.0000000445706938        198.08889473734260        198.08888590838353     
   1.0000000044570692        198.08888679127941        198.08888590838353     
   1.0000000004457070        198.08888599667313        198.08888590838353     
   1.0000000000445706        198.08888591721248        198.08888590838353     
   1.0000000000044571        198.08888590926642        198.08888590838353     
   1.0000000000004456        198.08888590847181        198.08888590838353     
   1.0000000000000446        198.08888590839237        198.08888590838353     
   1.0000000000000042        198.08888590838438        198.08888590838353     
   1.0000000000000004        198.08888590838362        198.08888590838353     
   1.0000000000000000        198.08888590838353        198.08888590838353     
 comp:           1
  0.99999394278534837       -16.166022339781151       -16.166120261441659     
  0.99999802973220120       -16.166088409855476       -16.166120261441659     
  0.99999937457235755       -16.166110150703176       -16.166120261441659     
  0.99999980208144479       -16.166117061866494       -16.166120261441659     
  0.99999993740156368       -16.166119249467808       -16.166120261441659     
  0.99999998020360237       -16.166119941410713       -16.166120261441659     
  0.99999999373974646       -16.166120160237647       -16.166120261441659     
  0.99999999802032424       -16.166120229437983       -16.166120261441659     
  0.99999999937397088       -16.166120251321196       -16.166120261441659     
  0.99999999980203225       -16.166120258241289       -16.166120261441659     
 comp:           2
  0.99999989368194531       -177.79106884938275       -177.79108775178534     
  0.99999995562488597       -177.79107986228556       -177.79108775178534     
  0.99999998496873921       -177.79108507936112       -177.79108775178534     
  0.99999999514922144       -177.79108688936014       -177.79108775178534     
  0.99999999845637566       -177.79108747734270       -177.79108775178534     
  0.99999999951089769       -177.79108766482730       -177.79108775178534     
  0.99999999984523624       -177.79108772426972       -177.79108775178534     
  0.99999999995104949       -177.79108774308239       -177.79108775178534     
  0.99999999998451961       -177.79108774903307       -177.79108775178534     
  0.99999999999510458       -177.79108775091498       -177.79108775178534     
 comp:           3
   1.0000009083099888       -85.838253578260378       -85.838175610588053     
   1.0000002839896451       -85.838199987741092       -85.838175610588053     
   1.0000000890413403       -85.838183253734258       -85.838175610588053     
   1.0000000280672832       -85.838178019832426       -85.838175610588053     
   1.0000000088662231       -85.838176371648473       -85.838175610588053     
   1.0000000028027922       -85.838175851174626       -85.838175610588053     
   1.0000000008862227       -85.838175686659781       -85.838175610588053     
   1.0000000002802385       -85.838175634643221       -85.838175610588053     
   1.0000000000886182       -85.838175618194882       -85.838175610588053     
   1.0000000000280236       -85.838175612993538       -85.838175610588053     
 
 part:           7
 comp:           0
   1.0000000000000000        2.8970949624735606E-004   2.8970949624735606E-004
   1.0000000000000000        2.8970949624735606E-004   2.8970949624735606E-004
   1.0000000000000000        2.8970949624735606E-004   2.8970949624735606E-004
   1.0000000000000000        2.8970949624735606E-004   2.8970949624735606E-004
   1.0000000000000000        2.8970949624735606E-004   2.8970949624735606E-004
   1.0000000000000000        2.8970949624735606E-004   2.8970949624735606E-004
   1.0000000000000000        2.8970949624735606E-004   2.8970949624735606E-004
   1.0000000000000000        2.8970949624735606E-004   2.8970949624735606E-004
   1.0000000000000000        2.8970949624735606E-004   2.8970949624735606E-004
   1.0000000000000000        2.8970949624735606E-004   2.8970949624735606E-004
 comp:           1
   5.0720962447927063       -1.1992118534914381E-004  -2.3643318178802604E-005
   2.3402182646930036       -5.5330525039981978E-005  -2.3643318178802604E-005
   1.4269409426370545       -3.3737618729128397E-005  -2.3643318178802604E-005
   1.1352572996042547       -2.6841249549351628E-005  -2.3643318178802604E-005
   1.0427947322707132       -2.4655127650255750E-005  -2.3643318178802604E-005
   1.0135350930776545       -2.3963332691017297E-005  -2.3643318178802604E-005
   1.0042803794102684       -2.3744520551125576E-005  -2.3643318178802604E-005
   1.0013535964788971       -2.3675321691038875E-005  -2.3643318178802604E-005
   1.0004280469540694       -2.3653438629133136E-005  -2.3643318178802604E-005
   1.0001353605257208       -2.3646518550781071E-005  -2.3643318178802604E-005
 comp:           2
   1.0031703299538353       -2.6084786558207838E-004  -2.6002350527460505E-004
   1.0233890227826066       -2.6610520096348602E-004  -2.6002350527460505E-004
   1.0095823790588427       -2.6251514906635529E-004  -2.6002350527460505E-004
   1.0032471954466320       -2.6086785241695004E-004  -2.6002350527460505E-004
   1.0010485006978698       -2.6029614010134803E-004  -2.6002350527460505E-004
   1.0003337284989620       -2.6011028252871519E-004  -2.6002350527460505E-004
   1.0001057502221302       -2.6005100281804692E-004  -2.6002350527460505E-004
   1.0000334627801422       -2.6003220638399387E-004  -2.6002350527460505E-004
   1.0000105840225098       -2.6002625736923796E-004  -2.6002350527460505E-004
   1.0000033471774636       -2.6002437561942194E-004  -2.6002350527460505E-004
 comp:           3
  0.30941834278832553       -3.8844466036065976E-005  -1.2554028208547303E-004
  0.79886959862662110       -1.0029031476109463E-004  -1.2554028208547303E-004
  0.93842273179493008       -1.1780985446495572E-004  -1.2554028208547303E-004
  0.98073946883718766       -1.2312230957017752E-004  -1.2554028208547303E-004
  0.99393076699701444       -1.2477834886223576E-004  -1.2554028208547303E-004
  0.99808289545322759       -1.2529960823988388E-004  -1.2554028208547303E-004
  0.99939397582378386       -1.2546420163944024E-004  -1.2554028208547303E-004
  0.99980837994599792       -1.2551622604984038E-004  -1.2554028208547303E-004
  0.99993940658050218       -1.2553267517049674E-004  -1.2554028208547303E-004
  0.99998083889773515       -1.2553787659528963E-004  -1.2554028208547303E-004
 
 part: i_fks+j_fks
 comp:           0
   1.0000000445706285        198.08918444683886        198.08917561787979     
   1.0000000044570627        198.08917650077566        198.08917561787979     
   1.0000000004457064        198.08917570616939        198.08917561787979     
   1.0000000000445706        198.08917562670874        198.08917561787979     
   1.0000000000044571        198.08917561876268        198.08917561787979     
   1.0000000000004456        198.08917561796807        198.08917561787979     
   1.0000000000000446        198.08917561788863        198.08917561787979     
   1.0000000000000042        198.08917561788064        198.08917561787979     
   1.0000000000000004        198.08917561787987        198.08917561787979     
   1.0000000000000000        198.08917561787979        198.08917561787979     
 comp:           1
  0.99999989831877356       -16.166142260966499       -16.166143904759839     
  0.99999998983187810       -16.166143740380516       -16.166143904759839     
  0.99999999898318770       -16.166143888321905       -16.166143904759839     
  0.99999999989831867       -16.166143903116044       -16.166143904759839     
  0.99999999998983180       -16.166143904595458       -16.166143904759839     
  0.99999999999898337       -16.166143904743404       -16.166143904759839     
  0.99999999999989841       -16.166143904758197       -16.166143904759839     
  0.99999999999998990       -16.166143904759675       -16.166143904759839     
  0.99999999999999911       -16.166143904759824       -16.166143904759839     
   1.0000000000000000       -16.166143904759839       -16.166143904759839     
 comp:           2
  0.99999989831877367       -177.79132969724833       -177.79134777529060     
  0.99999998983187810       -177.79134596748651       -177.79134777529060     
  0.99999999898318781       -177.79134759451020       -177.79134777529060     
  0.99999999989831867       -177.79134775721255       -177.79134777529060     
  0.99999999998983191       -177.79134777348281       -177.79134777529060     
  0.99999999999898326       -177.79134777510984       -177.79134777529060     
  0.99999999999989830       -177.79134777527253       -177.79134777529060     
  0.99999999999998956       -177.79134777528876       -177.79134777529060     
  0.99999999999999900       -177.79134777529043       -177.79134777529060     
   1.0000000000000000       -177.79134777529060       -177.79134777529060     
 comp:           3
  0.99999989831877367       -85.838292422726411       -85.838301150870137     
  0.99999998983187843       -85.838300278055854       -85.838301150870137     
  0.99999999898318792       -85.838301063588716       -85.838301150870137     
  0.99999999989831889       -85.838301142142001       -85.838301150870137     
  0.99999999998983202       -85.838301149997335       -85.838301150870137     
  0.99999999999898337       -85.838301150782868       -85.838301150870137     
  0.99999999999989853       -85.838301150861426       -85.838301150870137     
  0.99999999999998990       -85.838301150869270       -85.838301150870137     
  0.99999999999999900       -85.838301150870052       -85.838301150870137     
   1.0000000000000000       -85.838301150870137       -85.838301150870137     
