     
 Collinear #          56
 
 part:           1
 comp:           0
  0.99999999715832166        276.25019802047581        276.25019880549002     
  0.99999999972876441        276.25019873056112        276.25019880549002     
  0.99999999997299938        276.25019879803108        276.25019880549002     
  0.99999999999730116        276.25019880474446        276.25019880549002     
  0.99999999999973022        276.25019880541549        276.25019880549002     
  0.99999999999997280        276.25019880548251        276.25019880549002     
  0.99999999999999711        276.25019880548922        276.25019880549002     
   1.0000000000000000        276.25019880549002        276.25019880549002     
   1.0000000000000000        276.25019880549002        276.25019880549002     
   1.0000000000000000        276.25019880549002        276.25019880549002     
 comp:           1
   0.0000000000000000        0.0000000000000000     
   0.0000000000000000        0.0000000000000000     
   0.0000000000000000        0.0000000000000000     
   0.0000000000000000        0.0000000000000000     
   0.0000000000000000        0.0000000000000000     
   0.0000000000000000        0.0000000000000000     
   0.0000000000000000        0.0000000000000000     
   0.0000000000000000        0.0000000000000000     
   0.0000000000000000        0.0000000000000000     
   0.0000000000000000        0.0000000000000000     
 comp:           2
   0.0000000000000000        0.0000000000000000     
   0.0000000000000000        0.0000000000000000     
   0.0000000000000000        0.0000000000000000     
   0.0000000000000000        0.0000000000000000     
   0.0000000000000000        0.0000000000000000     
   0.0000000000000000        0.0000000000000000     
   0.0000000000000000        0.0000000000000000     
   0.0000000000000000        0.0000000000000000     
   0.0000000000000000        0.0000000000000000     
   0.0000000000000000        0.0000000000000000     
 comp:           3
  0.99999999715832166        276.25019802047581        276.25019880549002     
  0.99999999972876441        276.25019873056112        276.25019880549002     
  0.99999999997299938        276.25019879803108        276.25019880549002     
  0.99999999999730116        276.25019880474446        276.25019880549002     
  0.99999999999973022        276.25019880541549        276.25019880549002     
  0.99999999999997280        276.25019880548251        276.25019880549002     
  0.99999999999999711        276.25019880548922        276.25019880549002     
   1.0000000000000000        276.25019880549002        276.25019880549002     
   1.0000000000000000        276.25019880549002        276.25019880549002     
   1.0000000000000000        276.25019880549002        276.25019880549002     
 
 part:           2
 comp:           0
   1.0000000377271554        276.25001042212676        276.25000000000006     
   1.0000000036150070        276.25000099864570        276.25000000000006     
   1.0000000003599951        276.25000009944870        276.25000000000006     
   1.0000000000359843        276.25000000994072        276.25000000000006     
   1.0000000000035982        276.25000000099408        276.25000000000006     
   1.0000000000003595        276.25000000009936        276.25000000000006     
   1.0000000000000355        276.25000000000989        276.25000000000006     
   1.0000000000000036        276.25000000000102        276.25000000000006     
   1.0000000000000002        276.25000000000011        276.25000000000006     
   1.0000000000000000        276.25000000000006        276.25000000000006     
 comp:           1
   0.0000000000000000        0.0000000000000000     
   0.0000000000000000        0.0000000000000000     
   0.0000000000000000        0.0000000000000000     
   0.0000000000000000        0.0000000000000000     
   0.0000000000000000        0.0000000000000000     
   0.0000000000000000        0.0000000000000000     
   0.0000000000000000        0.0000000000000000     
   0.0000000000000000        0.0000000000000000     
   0.0000000000000000        0.0000000000000000     
   0.0000000000000000        0.0000000000000000     
 comp:           2
   0.0000000000000000        0.0000000000000000     
   0.0000000000000000        0.0000000000000000     
   0.0000000000000000        0.0000000000000000     
   0.0000000000000000        0.0000000000000000     
   0.0000000000000000        0.0000000000000000     
   0.0000000000000000        0.0000000000000000     
   0.0000000000000000        0.0000000000000000     
   0.0000000000000000        0.0000000000000000     
   0.0000000000000000        0.0000000000000000     
   0.0000000000000000        0.0000000000000000     
 comp:           3
   1.0000000377271554       -276.25001042212676       -276.25000000000006     
   1.0000000036150070       -276.25000099864570       -276.25000000000006     
   1.0000000003599951       -276.25000009944870       -276.25000000000006     
   1.0000000000359843       -276.25000000994072       -276.25000000000006     
   1.0000000000035982       -276.25000000099408       -276.25000000000006     
   1.0000000000003595       -276.25000000009936       -276.25000000000006     
   1.0000000000000355       -276.25000000000989       -276.25000000000006     
   1.0000000000000036       -276.25000000000102       -276.25000000000006     
   1.0000000000000002       -276.25000000000011       -276.25000000000006     
   1.0000000000000000       -276.25000000000006       -276.25000000000006     
 
 part:           3
 comp:           0
   1.0000001480421936        172.39705380480419        172.39702828276995     
   1.0000000459082041        172.39703619720791        172.39702828276995     
   1.0000000144896488        172.39703078074234        172.39702828276995     
   1.0000000045811528        172.39702907254707        172.39702828276995     
   1.0000000014486601        172.39702853251464        172.39702828276995     
   1.0000000004581058        172.39702836174601        172.39702828276995     
   1.0000000001448657        172.39702830774436        172.39702828276995     
   1.0000000000458105        172.39702829066755        172.39702828276995     
   1.0000000000144866        172.39702828526740        172.39702828276995     
   1.0000000000045810        172.39702828355971        172.39702828276995     
 comp:           1
   1.0000001903672988        147.90365245396649        147.90362429795306     
   1.0000000590333116        147.90363302919380        147.90362429795306     
   1.0000000186322242        147.90362705372655        147.90362429795306     
   1.0000000058908995        147.90362516923847        147.90362429795306     
   1.0000000018628303        147.90362457347243        147.90362429795306     
   1.0000000005890775        147.90362438507975        147.90362429795306     
   1.0000000001862828        147.90362432550495        147.90362429795306     
   1.0000000000589078        147.90362430666573        147.90362429795306     
   1.0000000000186284        147.90362430070826        147.90362429795306     
   1.0000000000058908        147.90362429882433        147.90362429795306     
 comp:           2
   1.0000000466555456       -71.053678731553731       -71.053675416505740     
   1.0000000144679857       -71.053676444509293       -71.053675416505740     
   1.0000000045664177       -71.053675740966497       -71.053675416505740     
   1.0000000014437518       -71.053675519089609       -71.053675416505740     
   1.0000000004565457       -71.053675448944986       -71.053675416505740     
   1.0000000001443723       -71.053675426763917       -71.053675416505740     
   1.0000000000456544       -71.053675419749652       -71.053675416505740     
   1.0000000000144371       -71.053675417531551       -71.053675416505740     
   1.0000000000045655       -71.053675416830131       -71.053675416505740     
   1.0000000000014437       -71.053675416608328       -71.053675416505740     
 comp:           3
   1.0000000000000000       -52.853294703982044       -52.853294703982044     
   1.0000000000000000       -52.853294703982044       -52.853294703982044     
   1.0000000000000000       -52.853294703982044       -52.853294703982044     
   1.0000000000000000       -52.853294703982044       -52.853294703982044     
   1.0000000000000000       -52.853294703982044       -52.853294703982044     
   1.0000000000000000       -52.853294703982044       -52.853294703982044     
   1.0000000000000000       -52.853294703982044       -52.853294703982044     
   1.0000000000000000       -52.853294703982044       -52.853294703982044     
   1.0000000000000000       -52.853294703982044       -52.853294703982044     
   1.0000000000000000       -52.853294703982044       -52.853294703982044     
 
 part:           4
 comp:           0
  0.99999998952210356        15.205586769681238        15.205586929003804     
  0.99999999675077844        15.205586879597483        15.205586929003804     
  0.99999999897447334        15.205586913410070        15.205586929003804     
  0.99999999967576192        15.205586924073573        15.205586929003804     
  0.99999999989746891        15.205586927444758        15.205586929003804     
  0.99999999996757694        15.205586928510792        15.205586929003804     
  0.99999999998974698        15.205586928847900        15.205586929003804     
  0.99999999999675770        15.205586928954503        15.205586929003804     
  0.99999999999897460        15.205586928988213        15.205586929003804     
  0.99999999999967581        15.205586928998875        15.205586929003804     
 comp:           1
  0.99999656941050108      -0.72389286834758015      -0.72389535173537212     
  0.99999893616670965      -0.72389458163139819      -0.72389535173537212     
  0.99999966423058206      -0.72389510867345119      -0.72389535173537212     
  0.99999989384069632      -0.72389527488714567      -0.72389535173537212     
  0.99999996643012268      -0.72389532743429397      -0.72389535173537212     
  0.99999998938429291      -0.72389534405071110      -0.72389535173537212     
  0.99999999664301942      -0.72389534930526944      -0.72389535173537212     
  0.99999999893842950      -0.72389535096690616      -0.72389535173537212     
  0.99999999966430198      -0.72389535149236184      -0.72389535173537212     
  0.99999999989384292      -0.72389535165852548      -0.72389535173537212     
 comp:           2
  0.99999986318699041        2.1371536244385405        2.1371539168289999     
  0.99999995757398707        2.1371538261580802        2.1371539168289999     
  0.99999998660940803        2.1371538882112437        2.1371539168289999     
  0.99999999576633281        2.1371539077810016        2.1371539168289999     
  0.99999999866122258        2.1371539139678264        2.1371539168289999     
  0.99999999957664221        2.1371539159242192        2.1371539168289999     
  0.99999999986612242        2.1371539165428830        2.1371539168289999     
  0.99999999995766431        2.1371539167385221        2.1371539168289999     
  0.99999999998661215        2.1371539168003881        2.1371539168289999     
  0.99999999999576639        2.1371539168199520        2.1371539168289999     
 comp:           3
   1.0000000000000000        15.037234536676275        15.037234536676275     
   1.0000000000000000        15.037234536676275        15.037234536676275     
   1.0000000000000000        15.037234536676275        15.037234536676275     
   1.0000000000000000        15.037234536676275        15.037234536676275     
   1.0000000000000000        15.037234536676275        15.037234536676275     
   1.0000000000000000        15.037234536676275        15.037234536676275     
   1.0000000000000000        15.037234536676275        15.037234536676275     
   1.0000000000000000        15.037234536676275        15.037234536676275     
   1.0000000000000000        15.037234536676275        15.037234536676275     
   1.0000000000000000        15.037234536676275        15.037234536676275     
 
 part:           5
 comp:           0
  0.99999994678634618        208.25731349828666        208.25732458041983     
  0.99999998349832697        208.25732114382555        208.25732458041983     
  0.99999999479170532        208.25732349575432        208.25732458041983     
  0.99999999835330744        208.25732423748406        208.25732458041983     
  0.99999999947928009        208.25732447197609        208.25732458041983     
  0.99999999983533416        208.25732454612697        208.25732458041983     
  0.99999999994792810        208.25732456957547        208.25732458041983     
  0.99999999998353351        208.25732457699056        208.25732458041983     
  0.99999999999479283        208.25732457933540        208.25732458041983     
  0.99999999999835332        208.25732458007690        208.25732458041983     
 comp:           1
  0.99999942551862853       -59.205960192149512       -59.205994204890260     
  0.99999982185207037       -59.205983657464969       -59.205994204890260     
  0.99999994377255597       -59.205990875888531       -59.205994204890260     
  0.99999998222272191       -59.205993152368833       -59.205994204890260     
  0.99999999437843856       -59.205993872060127       -59.205994204890260     
  0.99999999822230956       -59.205994099640328       -59.205994204890260     
  0.99999999943784501       -59.205994171607315       -59.205994204890260     
  0.99999999982223098       -59.205994194365267       -59.205994204890260     
  0.99999999994378452       -59.205994201561964       -59.205994204890260     
  0.99999999998222311       -59.205994203837761       -59.205994204890260     
 comp:           2
  0.99999994548567217        73.459776006983574        73.459780011594106     
  0.99999998309498783        73.459778769755630        73.459780011594106     
  0.99999999466440259        73.459779619642291        73.459780011594106     
  0.99999999831305875        73.459779887671772        73.459780011594106     
  0.99999999946655260        73.459779972407176        73.459780011594106     
  0.99999999983130938        73.459779999202127        73.459780011594106     
  0.99999999994665534        73.459780007675420        73.459780011594106     
  0.99999999998313094        73.459780010354905        73.459780011594106     
  0.99999999999466560        73.459780011202241        73.459780011594106     
  0.99999999999831313        73.459780011470187        73.459780011594106     
 comp:           3
   1.0000000000000000        167.33860360921656        167.33860360921656     
   1.0000000000000000        167.33860360921656        167.33860360921656     
   1.0000000000000000        167.33860360921656        167.33860360921656     
   1.0000000000000000        167.33860360921656        167.33860360921656     
   1.0000000000000000        167.33860360921656        167.33860360921656     
   1.0000000000000000        167.33860360921656        167.33860360921656     
   1.0000000000000000        167.33860360921656        167.33860360921656     
   1.0000000000000000        167.33860360921656        167.33860360921656     
   1.0000000000000000        167.33860360921656        167.33860360921656     
   1.0000000000000000        167.33860360921656        167.33860360921656     
 
 part:           6
 comp:           0
   1.0484750447153075        2.0844259503293469E-004   1.9880549001481779E-004
   1.0046463309136973        1.9972920610888639E-004   1.9880549001481779E-004
   1.0004627120859000        1.9889747971779090E-004   1.9880549001481779E-004
   1.0000462520851745        1.9881468518327509E-004   1.9880549001481779E-004
   1.0000046250173706        1.9880640949366250E-004   1.9880549001481779E-004
   1.0000004624998253        1.9880558196232220E-004   1.9880549001481779E-004
   1.0000000462499636        1.9880549920956448E-004   1.9880549001481779E-004
   1.0000000046249966        1.9880549093429249E-004   1.9880549001481779E-004
   1.0000000004624992        1.9880549010676518E-004   1.9880549001481779E-004
   1.0000000000462499        1.9880549002401250E-004   1.9880549001481779E-004
 comp:           1
  -9.0234712331529554E-005  -0.0000000000000000     
  -2.7981981114208904E-005  -0.0000000000000000     
  -8.8317348126244176E-006  -0.0000000000000000     
  -2.7923055712126306E-006  -0.0000000000000000     
  -8.8298766512987376E-007  -0.0000000000000000     
  -2.7922468275137421E-007  -0.0000000000000000     
  -8.8298580732873513E-008  -0.0000000000000000     
  -2.7922462462844685E-008  -0.0000000000000000     
  -8.8298577670211904E-009  -0.0000000000000000     
  -2.7922463497500651E-009  -0.0000000000000000     
 comp:           2
   1.0624103520744421E-005   0.0000000000000000     
   3.2945576751065323E-006   0.0000000000000000     
   1.0398355853604089E-006   0.0000000000000000     
   3.2876198841439260E-007   0.0000000000000000     
   1.0396168081540302E-007   0.0000000000000000     
   3.2875507201689928E-008   0.0000000000000000     
   1.0396146208060456E-008   0.0000000000000000     
   3.2875500358381173E-009   0.0000000000000000     
   1.0396145847467141E-009   0.0000000000000000     
   3.2875501576570024E-010   0.0000000000000000     
 comp:           3
  0.94362760788448286        1.8759834897698495E-004   1.9880549001481779E-004
  0.99459987475957390        1.9773191547025349E-004   1.9880549001481779E-004
  0.99946225009305711        1.9869858238106259E-004   1.9880549001481779E-004
  0.99994624753192751        1.9879480372906314E-004   1.9880549001481779E-004
  0.99999462497831715        1.9880442143099830E-004   1.9880549001481779E-004
  0.99999946250008243        1.9880538315688329E-004   1.9880549001481779E-004
  0.99999994625003119        1.9880547932902889E-004   1.9880549001481779E-004
  0.99999999462500355        1.9880548894623900E-004   1.9880549001481779E-004
  0.99999999946249996        1.9880548990795983E-004   1.9880549001481779E-004
  0.99999999994624988        1.9880549000413197E-004   1.9880549001481779E-004
 
 part:           7
 comp:           0
  0.99999990883193712        156.64004592723555        156.64006020780641     
  0.99999997172858179        156.64005577936976        156.64006020780641     
  0.99999999107691218        156.64005881009339        156.64006020780641     
  0.99999999717881149        156.64005976589527        156.64006020780641     
  0.99999999910787896        156.64006006806451        156.64006020780641     
  0.99999999971788711        156.64006016361623        156.64006020780641     
  0.99999999991078814        156.64006019383226        156.64006020780641     
  0.99999999997178879        156.64006020338741        156.64006020780641     
  0.99999999999107880        156.64006020640900        156.64006020780641     
  0.99999999999717892        156.64006020736451        156.64006020780641     
 comp:           1
  0.99999970920217929       -87.973709158757089       -87.973734741327434     
  0.99999990982295861       -87.973726808116311       -87.973734741327434     
  0.99999997153812237       -87.973732237429758       -87.973734741327434     
  0.99999999100128556       -87.973733949676912       -87.973734741327434     
  0.99999999715441112       -87.973734490990353       -87.973734741327434     
  0.99999999910014747       -87.973734662164048       -87.973734741327434     
  0.99999999971544173       -87.973734716293777       -87.973734741327434     
  0.99999999991001476       -87.973734733411092       -87.973734741327434     
  0.99999999997154410       -87.973734738824064       -87.973734741327434     
  0.99999999999100153       -87.973734740535804       -87.973734741327434     
 comp:           2
   1.0000006629723006       -4.5432615239719061       -4.5432585119173581     
   1.0000002055891630       -4.5432594459620734       -4.5432585119173581     
   1.0000000648885070       -4.5432588067226201       -4.5432585119173581     
   1.0000000205156230       -4.5432586051251365       -4.5432585119173581     
   1.0000000064874857       -4.5432585413916824       -4.5432585119173581     
   1.0000000020515192       -4.5432585212379397       -4.5432585119173581     
   1.0000000006487473       -4.5432585148647844       -4.5432585119173581     
   1.0000000002051519       -4.5432585128494161       -4.5432585119173581     
   1.0000000000648748       -4.5432585122121010       -4.5432585119173581     
   1.0000000000205151       -4.5432585120105635       -4.5432585119173581     
 comp:           3
   1.0000000000000000       -129.52254344191078       -129.52254344191078     
   1.0000000000000000       -129.52254344191078       -129.52254344191078     
   1.0000000000000000       -129.52254344191078       -129.52254344191078     
   1.0000000000000000       -129.52254344191078       -129.52254344191078     
   1.0000000000000000       -129.52254344191078       -129.52254344191078     
   1.0000000000000000       -129.52254344191078       -129.52254344191078     
   1.0000000000000000       -129.52254344191078       -129.52254344191078     
   1.0000000000000000       -129.52254344191078       -129.52254344191078     
   1.0000000000000000       -129.52254344191078       -129.52254344191078     
   1.0000000000000000       -129.52254344191078       -129.52254344191078     
 
 part: i_fks+j_fks
 comp:           0
   1.0000000320437215        276.25040646307082        276.25039761098003     
   1.0000000030725285        276.25039845976721        276.25039761098003     
   1.0000000003059932        276.25039769551080        276.25039761098003     
   1.0000000000305869        276.25039761942963        276.25039761098003     
   1.0000000000030587        276.25039761182501        276.25039761098003     
   1.0000000000003058        276.25039761106450        276.25039761098003     
   1.0000000000000304        276.25039761098844        276.25039761098003     
   1.0000000000000033        276.25039761098094        276.25039761098003     
   1.0000000000000004        276.25039761098014        276.25039761098003     
   1.0000000000000000        276.25039761098003        276.25039761098003     
 comp:           1
  -9.0234712331529554E-005   0.0000000000000000     
  -2.7981981114208904E-005   0.0000000000000000     
  -8.8317348126244176E-006   0.0000000000000000     
  -2.7923055712126306E-006   0.0000000000000000     
  -8.8298766512987376E-007   0.0000000000000000     
  -2.7922468275137421E-007   0.0000000000000000     
  -8.8298580732873513E-008   0.0000000000000000     
  -2.7922462462844685E-008   0.0000000000000000     
  -8.8298577670211904E-009   0.0000000000000000     
  -2.7922463497500651E-009   0.0000000000000000     
 comp:           2
   1.0624103520744421E-005   0.0000000000000000     
   3.2945576751065323E-006   0.0000000000000000     
   1.0398355853604089E-006   0.0000000000000000     
   3.2876198841439260E-007   0.0000000000000000     
   1.0396168081540302E-007   0.0000000000000000     
   3.2875507201689928E-008   0.0000000000000000     
   1.0396146208060456E-008   0.0000000000000000     
   3.2875500358381173E-009   0.0000000000000000     
   1.0396145847467141E-009   0.0000000000000000     
   3.2875501576570024E-010   0.0000000000000000     
 comp:           3
  0.99999995658954577        276.25038561882479        276.25039761098003     
  0.99999999584252752        276.25039646247660        276.25039761098003     
  0.99999999958600394        276.25039749661346        276.25039761098003     
  0.99999999995861788        276.25039759954819        276.25039761098003     
  0.99999999999586198        276.25039760983691        276.25039761098003     
  0.99999999999958600        276.25039761086566        276.25039761098003     
  0.99999999999995848        276.25039761096855        276.25039761098003     
  0.99999999999999611        276.25039761097895        276.25039761098003     
  0.99999999999999956        276.25039761097992        276.25039761098003     
   1.0000000000000000        276.25039761098003        276.25039761098003     
     
 Collinear #          76
 
 part:           1
 comp:           0
   1.0000206531886833        276.25570544337370        276.24999999999994     
   1.0000019789480723        276.25054668440492        276.24999999999994     
   1.0000001970703813        276.25005444069279        276.24999999999994     
   1.0000000196988315        276.25000544180210        276.24999999999994     
   1.0000000019698012        276.25000054415756        276.24999999999994     
   1.0000000001969795        276.25000005441552        276.24999999999994     
   1.0000000000196978        276.25000000544145        276.24999999999994     
   1.0000000000019700        276.25000000054416        276.24999999999994     
   1.0000000000001974        276.25000000005446        276.24999999999994     
   1.0000000000000200        276.25000000000546        276.24999999999994     
 comp:           1
   0.0000000000000000        0.0000000000000000     
   0.0000000000000000        0.0000000000000000     
   0.0000000000000000        0.0000000000000000     
   0.0000000000000000        0.0000000000000000     
   0.0000000000000000        0.0000000000000000     
   0.0000000000000000        0.0000000000000000     
   0.0000000000000000        0.0000000000000000     
   0.0000000000000000        0.0000000000000000     
   0.0000000000000000        0.0000000000000000     
   0.0000000000000000        0.0000000000000000     
 comp:           2
   0.0000000000000000        0.0000000000000000     
   0.0000000000000000        0.0000000000000000     
   0.0000000000000000        0.0000000000000000     
   0.0000000000000000        0.0000000000000000     
   0.0000000000000000        0.0000000000000000     
   0.0000000000000000        0.0000000000000000     
   0.0000000000000000        0.0000000000000000     
   0.0000000000000000        0.0000000000000000     
   0.0000000000000000        0.0000000000000000     
   0.0000000000000000        0.0000000000000000     
 comp:           3
   1.0000206531886833        276.25570544337370        276.24999999999994     
   1.0000019789480723        276.25054668440492        276.24999999999994     
   1.0000001970703813        276.25005444069279        276.24999999999994     
   1.0000000196988315        276.25000544180210        276.24999999999994     
   1.0000000019698012        276.25000054415756        276.24999999999994     
   1.0000000001969795        276.25000005441552        276.24999999999994     
   1.0000000000196978        276.25000000544145        276.24999999999994     
   1.0000000000019700        276.25000000054416        276.24999999999994     
   1.0000000000001974        276.25000000005446        276.24999999999994     
   1.0000000000000200        276.25000000000546        276.24999999999994     
 
 part:           2
 comp:           0
  0.99999844813612260        276.35842357357080        276.35885244489111     
  0.99999985187874307        276.35881151027053        276.35885244489111     
  0.99999998525502698        276.35884836998730        276.35885244489111     
  0.99999999852617094        276.35885203758539        276.35885244489111     
  0.99999999985262400        276.35885240416246        276.35885244489111     
  0.99999999998526279        276.35885244081834        276.35885244489111     
  0.99999999999852629        276.35885244448383        276.35885244489111     
  0.99999999999985290        276.35885244485047        276.35885244489111     
  0.99999999999998557        276.35885244488713        276.35885244489111     
  0.99999999999999878        276.35885244489077        276.35885244489111     
 comp:           1
   0.0000000000000000        0.0000000000000000     
   0.0000000000000000        0.0000000000000000     
   0.0000000000000000        0.0000000000000000     
   0.0000000000000000        0.0000000000000000     
   0.0000000000000000        0.0000000000000000     
   0.0000000000000000        0.0000000000000000     
   0.0000000000000000        0.0000000000000000     
   0.0000000000000000        0.0000000000000000     
   0.0000000000000000        0.0000000000000000     
   0.0000000000000000        0.0000000000000000     
 comp:           2
   0.0000000000000000        0.0000000000000000     
   0.0000000000000000        0.0000000000000000     
   0.0000000000000000        0.0000000000000000     
   0.0000000000000000        0.0000000000000000     
   0.0000000000000000        0.0000000000000000     
   0.0000000000000000        0.0000000000000000     
   0.0000000000000000        0.0000000000000000     
   0.0000000000000000        0.0000000000000000     
   0.0000000000000000        0.0000000000000000     
   0.0000000000000000        0.0000000000000000     
 comp:           3
  0.99999844813612260       -276.35842357357080       -276.35885244489111     
  0.99999985187874307       -276.35881151027053       -276.35885244489111     
  0.99999998525502698       -276.35884836998730       -276.35885244489111     
  0.99999999852617094       -276.35885203758539       -276.35885244489111     
  0.99999999985262400       -276.35885240416246       -276.35885244489111     
  0.99999999998526279       -276.35885244081834       -276.35885244489111     
  0.99999999999852629       -276.35885244448383       -276.35885244489111     
  0.99999999999985290       -276.35885244485047       -276.35885244489111     
  0.99999999999998557       -276.35885244488713       -276.35885244489111     
  0.99999999999999878       -276.35885244489077       -276.35885244489111     
 
 part:           3
 comp:           0
   1.0000485689718071        21.713075767981771        21.712021237434413     
   1.0000150603473628        21.712348228016197        21.712021237434413     
   1.0000047532920877        21.712124441013170        21.712021237434413     
   1.0000015028269138        21.712053866844283        21.712021237434413     
   1.0000004752256657        21.712031555544161        21.712021237434413     
   1.0000001502791791        21.712024500299144        21.712021237434413     
   1.0000000475224318        21.712022269242460        21.712021237434413     
   1.0000000150279116        21.712021563720747        21.712021237434413     
   1.0000000047522428        21.712021340615209        21.712021237434413     
   1.0000000015027912        21.712021270063047        21.712021237434413     
 comp:           1
   1.0001593484555151        12.262756921756074        12.260803181705695     
   1.0000494130499231        12.261409025385412        12.260803181705695     
   1.0000155957629824        12.260994398286091        12.260803181705695     
   1.0000049308615402        12.260863638028557        12.260803181705695     
   1.0000015592446940        12.260822299298001        12.260803181705695     
   1.0000004930754429        12.260809227206654        12.260803181705695     
   1.0000001559241078        12.260805093460494        12.260803181705695     
   1.0000000493075307        12.260803786255625        12.260803181705695     
   1.0000000155924103        12.260803372881167        12.260803181705695     
   1.0000000049307531        12.260803242160689        12.260803181705695     
 comp:           2
  0.99999662397653089        17.717607657737272        17.717667472998478     
  0.99999895311432008        17.717648924626118        17.717667472998478     
  0.99999966958159925        17.717661618755127        17.717667472998478     
  0.99999989553269131        17.717665622081441        17.717667472998478     
  0.99999996696518545        17.717666887698620        17.717667472998478     
  0.99999998955349612        17.717667287910796        17.717667472998478     
  0.99999999669652628        17.717667414468629        17.717667472998478     
  0.99999999895534986        17.717667454489714        17.717667472998478     
  0.99999999966965258        17.717667467145493        17.717667472998478     
  0.99999999989553512        17.717667471147603        17.717667472998478     
 comp:           3
   1.0000000000000000        2.0027735444949926        2.0027735444949926     
   1.0000000000000000        2.0027735444949926        2.0027735444949926     
   1.0000000000000000        2.0027735444949926        2.0027735444949926     
   1.0000000000000000        2.0027735444949926        2.0027735444949926     
   1.0000000000000000        2.0027735444949926        2.0027735444949926     
   1.0000000000000000        2.0027735444949926        2.0027735444949926     
   1.0000000000000000        2.0027735444949926        2.0027735444949926     
   1.0000000000000000        2.0027735444949926        2.0027735444949926     
   1.0000000000000000        2.0027735444949926        2.0027735444949926     
   1.0000000000000000        2.0027735444949926        2.0027735444949926     
 
 part:           4
 comp:           0
   1.0000171443263002        149.95344869766058        149.95087789088100     
   1.0000053155802417        149.95167496680475        149.95087789088100     
   1.0000016776296512        149.95112945291999        149.95087789088100     
   1.0000005304031674        149.95095742530160        149.95087789088100     
   1.0000001677241608        149.95090304126614        149.95087789088100     
   1.0000000530388513        149.95088584410331        149.95087789088100     
   1.0000000167723460        149.95088040590900        149.95087789088100     
   1.0000000053038804        149.95087868620254        149.95087789088100     
   1.0000000016772344        149.95087814238377        149.95087789088100     
   1.0000000005303882        149.95087797041316        149.95087789088100     
 comp:           1
   1.0004912469736453        27.480341082045051        27.466848076052113     
   1.0001523345443133        27.471032225837501        27.466848076052113     
   1.0000480800390370        27.468168683179833        27.466848076052113     
   1.0000152013251884        27.467265608541616        27.466848076052113     
   1.0000048069882572        27.466980108868277        27.466848076052113     
   1.0000015201001622        27.466889828412331        27.466848076052113     
   1.0000004806977778        27.466861279304943        27.466848076052113     
   1.0000001520099810        27.466852251287168        27.466848076052113     
   1.0000000480697759        27.466849396377345        27.466848076052113     
   1.0000000152009987        27.466848493575633        27.466848076052113     
 comp:           2
   1.0000115331153188       -35.818905541013848       -35.818492442209966     
   1.0000035763922444       -35.818620543188537       -35.818492442209966     
   1.0000011287858541       -35.818532873617549       -35.818492442209966     
   1.0000003568849190       -35.818505225289741       -35.818492442209966     
   1.0000001128547409       -35.818496484496649       -35.818492442209966     
   1.0000000356877323       -35.818493720490736       -35.818492442209966     
   1.0000000112854495       -35.818492846437749       -35.818492442209966     
   1.0000000035687724       -35.818492570038011       -35.818492442209966     
   1.0000000011285448       -35.818492482632742       -35.818492442209966     
   1.0000000003568772       -35.818492454992771       -35.818492442209966     
 comp:           3
   1.0000000000000000        142.99606161073220        142.99606161073220     
   1.0000000000000000        142.99606161073220        142.99606161073220     
   1.0000000000000000        142.99606161073220        142.99606161073220     
   1.0000000000000000        142.99606161073220        142.99606161073220     
   1.0000000000000000        142.99606161073220        142.99606161073220     
   1.0000000000000000        142.99606161073220        142.99606161073220     
   1.0000000000000000        142.99606161073220        142.99606161073220     
   1.0000000000000000        142.99606161073220        142.99606161073220     
   1.0000000000000000        142.99606161073220        142.99606161073220     
   1.0000000000000000        142.99606161073220        142.99606161073220     
 
 part:           5
 comp:           0
   1.0000259488180894        173.86022685335993        173.85571550302456     
   1.0000080458488165        173.85711431982739        173.85571550302456     
   1.0000025393623528        173.85615698568333        173.85571550302456     
   1.0000008028548291        173.85585508392532        173.85571550302456     
   1.0000002538792925        173.85575964139059        173.85571550302456     
   1.0000000802834441        173.85572946076016        173.85571550302456     
   1.0000000253878409        173.85571991684580        173.85571550302456     
   1.0000000080283393        173.85571689879723        173.85571550302456     
   1.0000000025387838        173.85571594440663        173.85571550302456     
   1.0000000008028338        173.85571564260181        173.85571550302456     
 comp:           1
   1.0003414047132666        45.838386006291252        45.822741906229666     
   1.0001058684862425        45.827593090550764        45.822741906229666     
   1.0000334143264664        45.824273042287302        45.822741906229666     
   1.0000105645066659        45.823226000891985        45.822741906229666     
   1.0000033407255045        45.822894987432235        45.822741906229666     
   1.0000010564280502        45.822790314659549        45.822741906229666     
   1.0000003340718091        45.822757214315956        45.822741906229666     
   1.0000001056427794        45.822746747071477        45.822741906229666     
   1.0000000334071797        45.822743437038234        45.822741906229666     
   1.0000000105642783        45.822742390313863        45.822741906229666     
 comp:           2
   1.0000034057613438       -140.63165139080823       -140.63117243459740     
   1.0000010561154664       -140.63132095735367       -140.63117243459740     
   1.0000003333323091       -140.63121931151085       -140.63117243459740     
   1.0000001053886693       -140.63118725552954       -140.63117243459740     
   1.0000000333261767       -140.63117712129670       -140.63117243459740     
   1.0000000105386413       -140.63117391665889       -140.63117243459740     
   1.0000000033326104       -140.63117290326630       -140.63117243459740     
   1.0000000010538639       -140.63117258280352       -140.63117243459740     
   1.0000000003332610       -140.63117248146429       -140.63117243459740     
   1.0000000001053864       -140.63117244941802       -140.63117243459740     
 comp:           3
   1.0000000000000000       -43.379067792700091       -43.379067792700091     
   1.0000000000000000       -43.379067792700091       -43.379067792700091     
   1.0000000000000000       -43.379067792700091       -43.379067792700091     
   1.0000000000000000       -43.379067792700091       -43.379067792700091     
   1.0000000000000000       -43.379067792700091       -43.379067792700091     
   1.0000000000000000       -43.379067792700091       -43.379067792700091     
   1.0000000000000000       -43.379067792700091       -43.379067792700091     
   1.0000000000000000       -43.379067792700091       -43.379067792700091     
   1.0000000000000000       -43.379067792700091       -43.379067792700091     
   1.0000000000000000       -43.379067792700091       -43.379067792700091     
 
 part:           6
 comp:           0
   1.0484539711402148       0.11412677811448450       0.10885244489118520     
   1.0046442180985535       0.10935797938582065       0.10885244489118520     
   1.0004625007953118       0.10890278923351901       0.10885244489118520     
   1.0000462309560665       0.10885747724378270       0.10885244489118520     
   1.0000046229044595       0.10885294810563811       0.10885244489118520     
   1.0000004622885346       0.10885249521242243       0.10885244489118520     
   1.0000000462288345       0.10885244992330687       0.10885244489118520     
   1.0000000046228839       0.10885244539439742       0.10885244489118520     
   1.0000000004622884       0.10885244494150642       0.10885244489118520     
   1.0000000000462286       0.10885244489621730       0.10885244489118520     
 comp:           1
  -4.9715093550020170E-002  -0.0000000000000000     
  -1.5416626066353419E-002  -0.0000000000000000     
  -4.8658256378110330E-003  -0.0000000000000000     
  -1.5384147296653463E-003  -0.0000000000000000     
  -4.8648014495003702E-004  -0.0000000000000000     
  -1.5383823510982066E-004  -0.0000000000000000     
  -4.8647912096046508E-005  -0.0000000000000000     
  -1.5383820307326719E-005  -0.0000000000000000     
  -4.8647910408241682E-006  -0.0000000000000000     
  -1.5383820877354329E-006  -0.0000000000000000     
 comp:           2
   1.5220660015294394E-003   0.0000000000000000     
   4.7199191871740033E-004   0.0000000000000000     
   1.4897101149434461E-004   0.0000000000000000     
   4.7099755608823094E-005   0.0000000000000000     
   1.4893965517787193E-005   0.0000000000000000     
   4.7098764313972722E-006   0.0000000000000000     
   1.4893934167555262E-006   0.0000000000000000     
   4.7098754505734355E-007   0.0000000000000000     
   1.4893933650820773E-007   0.0000000000000000     
   4.7098756250917919E-008   0.0000000000000000     
 comp:           3
  0.94364559564833561      -0.10271813019712009      -0.10885244489118520     
  0.99460169198612292      -0.10826482586559900      -0.10885244489118520     
  0.99946243194880502      -0.10879392929451724      -0.10885244489118520     
  0.99994626571878631      -0.10884659578330062      -0.10885244489118520     
  0.99999462679701590      -0.10885186000490349      -0.10885244489118520     
  0.99999946268195283      -0.10885238640280208      -0.10885244489118520     
  0.99999994626821798      -0.10885243904234936      -0.10885244489118520     
  0.99999999462682265      -0.10885244430630171      -0.10885244489118520     
  0.99999999946268214      -0.10885244483269683      -0.10885244489118520     
  0.99999999994626809      -0.10885244488533635      -0.10885244489118520     
 
 part:           7
 comp:           0
  0.99996069961162048        206.97325091982771        206.98138536866003     
  0.99998781210197174        206.97886270064140        206.98138536866003     
  0.99999615314764378        206.98058914183002        206.98138536866003     
  0.99999878374286200        206.98113362607265        206.98138536866003     
  0.99999961539224247        206.98130576201356        206.98138536866003     
  0.99999987837649695        206.98136019485887        206.98138536866003     
  0.99999996153927040        206.98137740800493        206.98138536866003     
  0.99999998783764865        206.98138285127970        206.98138536866003     
  0.99999999615392710        206.98138457259452        206.98138536866003     
  0.99999999878376478        206.98138511692198        206.98138536866003     
 comp:           1
  0.99978230085501285       -85.531768916542362       -85.550393163987479     
  0.99993249068687418       -85.544617715707332       -85.550393163987479     
  0.99997869248983384       -85.548570298115422       -85.550393163987479     
  0.99999326325416327       -85.549816832732503       -85.550393163987479     
  0.99999786969378890       -85.550210915453562       -85.550393163987479     
  0.99999932633922639       -85.550335532043434       -85.550393163987479     
  0.99999978696979053       -85.550374939169302       -85.550393163987479     
  0.99999993263393305       -85.550387400793966       -85.550393163987479     
  0.99999997869697965       -85.550391341505716       -85.550393163987479     
  0.99999999326339295       -85.550392587668100       -85.550393163987479     
 comp:           2
  0.99999640780853938        158.73142720808329        158.73199740380889     
  0.99999888604809106        158.73182058399738        158.73199740380889     
  0.99999964841085587        158.73194159536177        158.73199740380889     
  0.99999988883887958        158.73197975898222        158.73199740380889     
  0.99999996484842524        158.73199182412921        158.73199740380889     
  0.99999998888411590        158.73199563936240        158.73199740380889     
  0.99999999648484927        158.73199684584199        158.73199740380889     
  0.99999999888841185        158.73199722736427        158.73199740380889     
  0.99999999964848496        158.73199734801221        158.73199740380889     
  0.99999999988884125        158.73199738616444        158.73199740380889     
 comp:           3
   1.0000000000000000       -101.61976736252711       -101.61976736252711     
   1.0000000000000000       -101.61976736252711       -101.61976736252711     
   1.0000000000000000       -101.61976736252711       -101.61976736252711     
   1.0000000000000000       -101.61976736252711       -101.61976736252711     
   1.0000000000000000       -101.61976736252711       -101.61976736252711     
   1.0000000000000000       -101.61976736252711       -101.61976736252711     
   1.0000000000000000       -101.61976736252711       -101.61976736252711     
   1.0000000000000000       -101.61976736252711       -101.61976736252711     
   1.0000000000000000       -101.61976736252711       -101.61976736252711     
   1.0000000000000000       -101.61976736252711       -101.61976736252711     
 
 part: i_fks+j_fks
 comp:           0
   1.0000175263215823        276.47255035168530        276.46770488978228     
   1.0000016804851557        276.46816948965636        276.46770488978228     
   1.0000001673592891        276.46775115922082        276.46770488978228     
   1.0000000167290675        276.46770951482915        276.46770488978228     
   1.0000000016728385        276.46770535226813        276.46770488978228     
   1.0000000001672835        276.46770493603077        276.46770488978228     
   1.0000000000167284        276.46770489440712        276.46770488978228     
   1.0000000000016733        276.46770489024487        276.46770488978228     
   1.0000000000001679        276.46770488982867        276.46770488978228     
   1.0000000000000171        276.46770488978700        276.46770488978228     
 comp:           1
  -4.9715093550020170E-002   0.0000000000000000     
  -1.5416626066353419E-002   0.0000000000000000     
  -4.8658256378110330E-003   0.0000000000000000     
  -1.5384147296653463E-003   0.0000000000000000     
  -4.8648014495003702E-004   0.0000000000000000     
  -1.5383823510982066E-004   0.0000000000000000     
  -4.8647912096046508E-005   0.0000000000000000     
  -1.5383820307326719E-005   0.0000000000000000     
  -4.8647910408241682E-006   0.0000000000000000     
  -1.5383820877354329E-006   0.0000000000000000     
 comp:           2
   1.5220660015294394E-003   0.0000000000000000     
   4.7199191871740033E-004   0.0000000000000000     
   1.4897101149434461E-004   0.0000000000000000     
   4.7099755608823094E-005   0.0000000000000000     
   1.4893965517787193E-005   0.0000000000000000     
   4.7098764313972722E-006   0.0000000000000000     
   1.4893934167555262E-006   0.0000000000000000     
   4.7098754505734355E-007   0.0000000000000000     
   1.4893933650820773E-007   0.0000000000000000     
   4.7098756250917919E-008   0.0000000000000000     
 comp:           3
  0.99997626056896227       -276.46114170376791       -276.46770488978228     
  0.99999772648437757       -276.46707633613613       -276.46770488978228     
  0.99999977360646697       -276.46764229928181       -276.46770488978228     
  0.99999997737018287       -276.46769863336868       -276.46770488978228     
  0.99999999773711390       -276.46770426416737       -276.46770488978228     
  0.99999999977371268       -276.46770482722116       -276.46770488978228     
  0.99999999997737121       -276.46770488352615       -276.46770488978228     
  0.99999999999773748       -276.46770488915678       -276.46770488978228     
  0.99999999999977407       -276.46770488971981       -276.46770488978228     
  0.99999999999997757       -276.46770488977609       -276.46770488978228     
     
 Collinear #          80
 
 part:           1
 comp:           0
   1.0000063341673802        276.25174981373880        276.25000000000006     
   1.0000006069350684        276.25016766581274        276.25000000000006     
   1.0000000604407306        276.25001669675191        276.25000000000006     
   1.0000000060415564        276.25000166898002        276.25000000000006     
   1.0000000006041301        276.25000016689097        276.25000000000006     
   1.0000000000604126        276.25000001668900        276.25000000000006     
   1.0000000000060409        276.25000000166887        276.25000000000006     
   1.0000000000006040        276.25000000016689        276.25000000000006     
   1.0000000000000602        276.25000000001666        276.25000000000006     
   1.0000000000000056        276.25000000000159        276.25000000000006     
 comp:           1
   0.0000000000000000        0.0000000000000000     
   0.0000000000000000        0.0000000000000000     
   0.0000000000000000        0.0000000000000000     
   0.0000000000000000        0.0000000000000000     
   0.0000000000000000        0.0000000000000000     
   0.0000000000000000        0.0000000000000000     
   0.0000000000000000        0.0000000000000000     
   0.0000000000000000        0.0000000000000000     
   0.0000000000000000        0.0000000000000000     
   0.0000000000000000        0.0000000000000000     
 comp:           2
   0.0000000000000000        0.0000000000000000     
   0.0000000000000000        0.0000000000000000     
   0.0000000000000000        0.0000000000000000     
   0.0000000000000000        0.0000000000000000     
   0.0000000000000000        0.0000000000000000     
   0.0000000000000000        0.0000000000000000     
   0.0000000000000000        0.0000000000000000     
   0.0000000000000000        0.0000000000000000     
   0.0000000000000000        0.0000000000000000     
   0.0000000000000000        0.0000000000000000     
 comp:           3
   1.0000063341673802        276.25174981373880        276.25000000000006     
   1.0000006069350684        276.25016766581274        276.25000000000006     
   1.0000000604407306        276.25001669675191        276.25000000000006     
   1.0000000060415564        276.25000166898002        276.25000000000006     
   1.0000000006041301        276.25000016689097        276.25000000000006     
   1.0000000000604126        276.25000001668900        276.25000000000006     
   1.0000000000060409        276.25000000166887        276.25000000000006     
   1.0000000000006040        276.25000000016689        276.25000000000006     
   1.0000000000000602        276.25000000001666        276.25000000000006     
   1.0000000000000056        276.25000000000159        276.25000000000006     
 
 part:           2
 comp:           0
  0.99999952325224062        276.28324835632156        276.28338007380398     
  0.99999995449513035        276.28336750156478        276.28338007380398     
  0.99999999547013774        276.28337882227834        276.28338007380398     
  0.99999999954721874        276.28337994870805        276.28338007380398     
  0.99999999995472355        276.28338006129485        276.28338007380398     
  0.99999999999547218        276.28338007255303        276.28338007380398     
  0.99999999999954692        276.28338007367881        276.28338007380398     
  0.99999999999995448        276.28338007379142        276.28338007380398     
  0.99999999999999523        276.28338007380268        276.28338007380398     
  0.99999999999999922        276.28338007380376        276.28338007380398     
 comp:           1
   0.0000000000000000        0.0000000000000000     
   0.0000000000000000        0.0000000000000000     
   0.0000000000000000        0.0000000000000000     
   0.0000000000000000        0.0000000000000000     
   0.0000000000000000        0.0000000000000000     
   0.0000000000000000        0.0000000000000000     
   0.0000000000000000        0.0000000000000000     
   0.0000000000000000        0.0000000000000000     
   0.0000000000000000        0.0000000000000000     
   0.0000000000000000        0.0000000000000000     
 comp:           2
   0.0000000000000000        0.0000000000000000     
   0.0000000000000000        0.0000000000000000     
   0.0000000000000000        0.0000000000000000     
   0.0000000000000000        0.0000000000000000     
   0.0000000000000000        0.0000000000000000     
   0.0000000000000000        0.0000000000000000     
   0.0000000000000000        0.0000000000000000     
   0.0000000000000000        0.0000000000000000     
   0.0000000000000000        0.0000000000000000     
   0.0000000000000000        0.0000000000000000     
 comp:           3
  0.99999952325224062       -276.28324835632156       -276.28338007380398     
  0.99999995449513035       -276.28336750156478       -276.28338007380398     
  0.99999999547013774       -276.28337882227834       -276.28338007380398     
  0.99999999954721874       -276.28337994870805       -276.28338007380398     
  0.99999999995472355       -276.28338006129485       -276.28338007380398     
  0.99999999999547218       -276.28338007255303       -276.28338007380398     
  0.99999999999954692       -276.28338007367881       -276.28338007380398     
  0.99999999999995448       -276.28338007379142       -276.28338007380398     
  0.99999999999999523       -276.28338007380268       -276.28338007380398     
  0.99999999999999922       -276.28338007380376       -276.28338007380398     
 
 part:           3
 comp:           0
   1.0000037237664150        222.97545573820736        222.97462543278576     
   1.0000011546635046        222.97488289344821        222.97462543278576     
   1.0000003644294422        222.97470669130414        222.97462543278576     
   1.0000001152198732        222.97465112389384        222.97462543278576     
   1.0000000364349473        222.97463355685449        222.97462543278576     
   1.0000000115217123        222.97462800183521        222.97462543278576     
   1.0000000036434837        222.97462624519019        222.97462543278576     
   1.0000000011521706        222.97462568969055        222.97462543278576     
   1.0000000003643483        222.97462551402620        222.97462543278576     
   1.0000000001152169        222.97462545847623        222.97462543278576     
 comp:           1
  0.99986781586223827       -16.962775883982570       -16.965018390310604     
  0.99995900957110284       -16.964322986930537       -16.965018390310604     
  0.99998706251846825       -16.964798905698494       -16.965018390310604     
  0.99999590959226914       -16.964948996468227       -16.965018390310604     
  0.99999870652429379       -16.964996446471460       -16.965018390310604     
  0.99999959096785451       -16.965011451072733       -16.965018390310604     
  0.99999987065270379       -16.965016195931344       -16.965018390310604     
  0.99999995909679418       -16.965017696386965       -16.965018390310604     
  0.99999998706527082       -16.965018170872685       -16.965018390310604     
  0.99999999590967925       -16.965018320918237       -16.965018390310604     
 comp:           2
   1.0001472981866641        38.929243860078678        38.923510497563782     
   1.0000456773100721        38.925288418821879        38.923510497563782     
   1.0000144167643856        38.924071648643690        38.923510497563782     
   1.0000045581084966        38.923687915147703        38.923510497563782     
   1.0000014413728397        38.923566600854642        38.923510497563782     
   1.0000004558012356        38.923528238947966        38.923510497563782     
   1.0000001441369784        38.923516107880971        38.923510497563782     
   1.0000000455801137        38.923512271701817        38.923510497563782     
   1.0000000144136973        38.923511058595480        38.923510497563782     
   1.0000000045580115        38.923510674977592        38.923510497563782     
 comp:           3
   1.0000000000000000        218.88735536675836        218.88735536675836     
   1.0000000000000000        218.88735536675836        218.88735536675836     
   1.0000000000000000        218.88735536675836        218.88735536675836     
   1.0000000000000000        218.88735536675836        218.88735536675836     
   1.0000000000000000        218.88735536675836        218.88735536675836     
   1.0000000000000000        218.88735536675836        218.88735536675836     
   1.0000000000000000        218.88735536675836        218.88735536675836     
   1.0000000000000000        218.88735536675836        218.88735536675836     
   1.0000000000000000        218.88735536675836        218.88735536675836     
   1.0000000000000000        218.88735536675836        218.88735536675836     
 
 part:           4
 comp:           0
  0.99998909017642945        29.143056290231264        29.143374239302467     
  0.99999661676727614        29.143275640485058        29.143374239302467     
  0.99999893216895064        29.143343119102571        29.143374239302467     
  0.99999966238598093        29.143364400090761        29.143374239302467     
  0.99999989323903637        29.143371127927750        29.143374239302467     
  0.99999996623927567        29.143373255401045        29.143374239302467     
  0.99999998932392298        29.143373928165559        29.143374239302467     
  0.99999999662392791        29.143374140912336        29.143374239302467     
  0.99999999893239222        29.143374208188774        29.143374239302467     
  0.99999999966239284        29.143374229463454        29.143374239302467     
 comp:           1
  0.99998876395351988       -26.085338869754867       -26.085631969128137     
  0.99999651567353676       -26.085541078270357       -26.085631969128137     
  0.99999890026817284       -26.085603281928428       -26.085631969128137     
  0.99999965230066146       -26.085622899171156       -26.085631969128137     
  0.99999989004990530       -26.085629101010433       -26.085631969128137     
  0.99999996523079249       -26.085631062151386       -26.085631969128137     
  0.99999998900501319       -26.085631682316958       -26.085631969128137     
  0.99999999652307991       -26.085631878430480       -26.085631969128137     
  0.99999999890050129       -26.085631940447019       -26.085631969128137     
  0.99999999965230801       -26.085631960058372       -26.085631969128137     
 comp:           2
  0.99965351956646575       -2.1620284298804751       -2.1627777900668157     
  0.99989255554026912       -2.1625454115756439       -2.1627777900668157     
  0.99996608811106991       -2.1627044461866185       -2.1627777900668157     
  0.99998927816667937       -2.1627546011238410       -2.1627777900668157     
  0.99999660952306402       -2.1627704572186008       -2.1627777900668157     
  0.99999892783906486       -2.1627754712209577       -2.1627777900668157     
  0.99999966095300374       -2.1627770567835025       -2.1627777900668157     
  0.99999989278392698       -2.1627775581822744       -2.1627777900668157     
  0.99999996609530140       -2.1627777167384865       -2.1627777900668157     
  0.99999998927839218       -2.1627777668783605       -2.1627777900668157     
 comp:           3
   1.0000000000000000        12.813994656391607        12.813994656391607     
   1.0000000000000000        12.813994656391607        12.813994656391607     
   1.0000000000000000        12.813994656391607        12.813994656391607     
   1.0000000000000000        12.813994656391607        12.813994656391607     
   1.0000000000000000        12.813994656391607        12.813994656391607     
   1.0000000000000000        12.813994656391607        12.813994656391607     
   1.0000000000000000        12.813994656391607        12.813994656391607     
   1.0000000000000000        12.813994656391607        12.813994656391607     
   1.0000000000000000        12.813994656391607        12.813994656391607     
   1.0000000000000000        12.813994656391607        12.813994656391607     
 
 part:           5
 comp:           0
  0.99999625059446551        268.86815502966391        268.86916312919220     
  0.99999883722268257        268.86885049422796        268.86916312919220     
  0.99999963299382466        268.86906445254897        268.86916312919220     
  0.99999988396386941        268.86913193065487        268.86916312919220     
  0.99999996330677665        268.86915326351595        268.86916312919220     
  0.99999998839659843        268.86916000939533        268.86916312919220     
  0.99999999633068215        268.86916214262578        268.86916312919220     
  0.99999999883965973        268.86916281721250        268.86916312919220     
  0.99999999963306818        268.86916303053556        268.86916312919220     
  0.99999999988396582        268.86916309799420        268.86916312919220     
 comp:           1
   1.0001303018958076        20.755034426270207        20.752330358282094     
   1.0000404068480111        20.753168894540757        20.752330358282094     
   1.0000127533006733        20.752595018990824        20.752330358282094     
   1.0000040321767869        20.752414035346838        20.752330358282094     
   1.0000012750619185        20.752356818788254        20.752330358282094     
   1.0000004032092158        20.752338725812944        20.752330358282094     
   1.0000001275059256        20.752333004327184        20.752330358282094     
   1.0000000403209133        20.752331195035008        20.752330358282094     
   1.0000000127505921        20.752330622886596        20.752330358282094     
   1.0000000040320915        20.752330441957390        20.752330358282094     
 comp:           2
  0.99985392122167449       -47.319784514356826       -47.326697940574164     
  0.99995470071285730       -47.324554074894635       -47.326697940574164     
  0.99998570253663310       -47.326021288844082       -47.326697940574164     
  0.99999547960944568       -47.326484005415828       -47.326697940574164     
  0.99999857055427943       -47.326630289628326       -47.326697940574164     
  0.99999954797043222       -47.326676547507347       -47.326697940574164     
  0.99999985705572647       -47.326691175493707       -47.326697940574164     
  0.99999995479705239       -47.326695801267917       -47.326697940574164     
  0.99999998570557314       -47.326697264066141       -47.326697940574164     
  0.99999999547970508       -47.326697726643530       -47.326697940574164     
 comp:           3
   1.0000000000000000       -251.30247785122216       -251.30247785122216     
   1.0000000000000000       -251.30247785122216       -251.30247785122216     
   1.0000000000000000       -251.30247785122216       -251.30247785122216     
   1.0000000000000000       -251.30247785122216       -251.30247785122216     
   1.0000000000000000       -251.30247785122216       -251.30247785122216     
   1.0000000000000000       -251.30247785122216       -251.30247785122216     
   1.0000000000000000       -251.30247785122216       -251.30247785122216     
   1.0000000000000000       -251.30247785122216       -251.30247785122216     
   1.0000000000000000       -251.30247785122216       -251.30247785122216     
   1.0000000000000000       -251.30247785122216       -251.30247785122216     
 
 part:           6
 comp:           0
   1.0484686067044755        3.4997959472920177E-002   3.3380073803950153E-002
   1.0046456854443171        3.3535147126951395E-002   3.3380073803950153E-002
   1.0004626475361769        3.3395517012852954E-002   3.3380073803950153E-002
   1.0000462456301866        3.3381617486498892E-002   3.3380073803950153E-002
   1.0000046243718708        3.3380228165824498E-002   3.3380073803950153E-002
   1.0000004624352750        3.3380089240073761E-002   3.3380073803950153E-002
   1.0000000462435084        3.3380075347561877E-002   3.3380073803950153E-002
   1.0000000046243509        3.3380073958311329E-002   3.3380073803950153E-002
   1.0000000004624343        3.3380073819386243E-002   3.3380073803950153E-002
   1.0000000000462428        3.3380073805493737E-002   3.3380073803950153E-002
 comp:           1
  -5.5566073369538458E-003  -0.0000000000000000     
  -1.7231115196725251E-003  -0.0000000000000000     
  -5.4385213500829181E-004  -0.0000000000000000     
  -1.7194824581312867E-004  -0.0000000000000000     
  -5.4373769575730557E-005  -0.0000000000000000     
  -1.7194462794393802E-005  -0.0000000000000000     
  -5.4373655158669714E-006  -0.0000000000000000     
  -1.7194459214751330E-006  -0.0000000000000000     
  -5.4373653272554358E-007  -0.0000000000000000     
  -1.7194459851880582E-007  -0.0000000000000000     
 comp:           2
  -1.4206445626228583E-002  -0.0000000000000000     
  -4.4054381797608670E-003  -0.0000000000000000     
  -1.3904537996271588E-003  -0.0000000000000000     
  -4.3961598445585632E-004  -0.0000000000000000     
  -1.3901612155199771E-004  -0.0000000000000000     
  -4.3960673473587017E-005  -0.0000000000000000     
  -1.3901582902462355E-005  -0.0000000000000000     
  -4.3960664321600371E-006  -0.0000000000000000     
  -1.3901582420243734E-006  -0.0000000000000000     
  -4.3960665950533552E-007  -0.0000000000000000     
 comp:           3
  0.94363310182575055       -3.1498542582793963E-002  -3.3380073803950153E-002
  0.99460042979578178       -3.3199835752023739E-002  -3.3380073803950153E-002
  0.99946230563739435       -3.3362125526442410E-002  -3.3380073803950153E-002
  0.99994625308675356       -3.3378279728019253E-002  -3.3380073803950153E-002
  0.99999462553380292       -3.3379894403871839E-002  -3.3380073803950153E-002
  0.99999946255563066       -3.3380055864017440E-002  -3.3380073803950153E-002
  0.99999994625558564       -3.3380072009957636E-002  -3.3380073803950153E-002
  0.99999999462555900       -3.3380073624550914E-002  -3.3380073803950153E-002
  0.99999999946255491       -3.3380073786010198E-002  -3.3380073803950153E-002
  0.99999999994625488       -3.3380073802156136E-002  -3.3380073803950153E-002
 
 part:           7
 comp:           0
   1.0000157381502057        31.513333152484826        31.512837198719581     
   1.0000048803403172        31.512990992089470        31.512837198719581     
   1.0000015403355085        31.512885739061691        31.512837198719581     
   1.0000004870028862        31.512852545562247        31.512837198719581     
   1.0000001540008101        31.512842051722039        31.512837198719581     
   1.0000000486992311        31.512838733370522        31.512837198719581     
   1.0000000154000452        31.512837684018702        31.512837198719581     
   1.0000000048699218        31.512837352184633        31.512837198719581     
   1.0000000015400043        31.512837247249490        31.512837198719581     
   1.0000000004869922        31.512837214066085        31.512837198719581     
 comp:           1
   1.0000142133419700        22.298636934804183        22.298320001156647     
   1.0000044075528181        22.298418282179806        22.298320001156647     
   1.0000013911189032        22.298351020771108        22.298320001156647     
   1.0000004398260367        22.298329808538359        22.298320001156647     
   1.0000001390825215        22.298323102463218        22.298320001156647     
   1.0000000439816685        22.298320981873967        22.298320001156647     
   1.0000000139082219        22.298320311286631        22.298320001156647     
   1.0000000043981658        22.298320099228356        22.298320001156647     
   1.0000000013908221        22.298320032169645        22.298320001156647     
   1.0000000004398166        22.298320010963817        22.298320001156647     
 comp:           2
   1.0000766893217776        10.566775529784843        10.565965233077193     
   1.0000237813342581        10.566216505828161        10.565965233077193     
   1.0000075059029339        10.566044540186637        10.565965233077193     
   1.0000023731196035        10.565990307376419        10.565965233077193     
   1.0000007504318316        10.565973162113837        10.565965233077193     
   1.0000002373069155        10.565967740453811        10.565965233077193     
   1.0000000750430200        10.565966025979135        10.565965233077193     
   1.0000000237306861        10.565965483814796        10.565965233077193     
   1.0000000075043016        10.565965312367384        10.565965233077193     
   1.0000000023730686        10.565965258150955        10.565965233077193     
 comp:           3
   1.0000000000000000        19.601127828072208        19.601127828072208     
   1.0000000000000000        19.601127828072208        19.601127828072208     
   1.0000000000000000        19.601127828072208        19.601127828072208     
   1.0000000000000000        19.601127828072208        19.601127828072208     
   1.0000000000000000        19.601127828072208        19.601127828072208     
   1.0000000000000000        19.601127828072208        19.601127828072208     
   1.0000000000000000        19.601127828072208        19.601127828072208     
   1.0000000000000000        19.601127828072208        19.601127828072208     
   1.0000000000000000        19.601127828072208        19.601127828072208     
   1.0000000000000000        19.601127828072208        19.601127828072208     
 
 part: i_fks+j_fks
 comp:           0
   1.0000053784945431        276.31824631579451        276.31676014760791     
   1.0000005157163965        276.31690264869172        276.31676014760791     
   1.0000000513601972        276.31677433929121        276.31676014760791     
   1.0000000051339146        276.31676156619454        276.31676014760791     
   1.0000000005133700        276.31676028946066        276.31676014760791     
   1.0000000000513367        276.31676016179313        276.31676014760791     
   1.0000000000051334        276.31676014902638        276.31676014760791     
   1.0000000000005134        276.31676014774973        276.31676014760791     
   1.0000000000000513        276.31676014762206        276.31676014760791     
   1.0000000000000049        276.31676014760927        276.31676014760791     
 comp:           1
  -5.5566073369538458E-003   0.0000000000000000     
  -1.7231115196725251E-003   0.0000000000000000     
  -5.4385213500829181E-004   0.0000000000000000     
  -1.7194824581312867E-004   0.0000000000000000     
  -5.4373769575730557E-005   0.0000000000000000     
  -1.7194462794393802E-005   0.0000000000000000     
  -5.4373655158669714E-006   0.0000000000000000     
  -1.7194459214751330E-006   0.0000000000000000     
  -5.4373653272554358E-007   0.0000000000000000     
  -1.7194459851880582E-007   0.0000000000000000     
 comp:           2
  -1.4206445626228583E-002   0.0000000000000000     
  -4.4054381797608670E-003   0.0000000000000000     
  -1.3904537996271588E-003   0.0000000000000000     
  -4.3961598445585632E-004   0.0000000000000000     
  -1.3901612155199771E-004   0.0000000000000000     
  -4.3960673473587017E-005   0.0000000000000000     
  -1.3901582902462355E-005   0.0000000000000000     
  -4.3960664321600371E-006   0.0000000000000000     
  -1.3901582420243734E-006   0.0000000000000000     
  -4.3960665950533552E-007   0.0000000000000000     
 comp:           3
  0.99999271398266798       -276.31474689890433       -276.31676014760791     
  0.99999930221282640       -276.31656733731683       -276.31676014760791     
  0.99999993051524227       -276.31674094780476       -276.31676014760791     
  0.99999999305445009       -276.31675822843607       -276.31676014760791     
  0.99999999930547401       -276.31675995569873       -276.31676014760791     
  0.99999999993054767       -276.31676012841706       -276.31676014760791     
  0.99999999999305456       -276.31676014568876       -276.31676014760791     
  0.99999999999930533       -276.31676014741595       -276.31676014760791     
  0.99999999999993050       -276.31676014758870       -276.31676014760791     
  0.99999999999999278       -276.31676014760592       -276.31676014760791     
     
 Collinear #          84
 
 part:           1
 comp:           0
   1.0000510760311556        276.26410975360676        276.25000000000000     
   1.0000048938756900        276.25135193315936        276.25000000000000     
   1.0000004873475583        276.25013462976295        276.25000000000000     
   1.0000000487144487        276.25001345736644        276.25000000000000     
   1.0000000048712419        276.25000134568057        276.25000000000000     
   1.0000000004871219        276.25000013456741        276.25000000000000     
   1.0000000000487121        276.25000001345671        276.25000000000000     
   1.0000000000048712        276.25000000134565        276.25000000000000     
   1.0000000000004869        276.25000000013455        276.25000000000000     
   1.0000000000000488        276.25000000001347        276.25000000000000     
 comp:           1
   0.0000000000000000        0.0000000000000000     
   0.0000000000000000        0.0000000000000000     
   0.0000000000000000        0.0000000000000000     
   0.0000000000000000        0.0000000000000000     
   0.0000000000000000        0.0000000000000000     
   0.0000000000000000        0.0000000000000000     
   0.0000000000000000        0.0000000000000000     
   0.0000000000000000        0.0000000000000000     
   0.0000000000000000        0.0000000000000000     
   0.0000000000000000        0.0000000000000000     
 comp:           2
   0.0000000000000000        0.0000000000000000     
   0.0000000000000000        0.0000000000000000     
   0.0000000000000000        0.0000000000000000     
   0.0000000000000000        0.0000000000000000     
   0.0000000000000000        0.0000000000000000     
   0.0000000000000000        0.0000000000000000     
   0.0000000000000000        0.0000000000000000     
   0.0000000000000000        0.0000000000000000     
   0.0000000000000000        0.0000000000000000     
   0.0000000000000000        0.0000000000000000     
 comp:           3
   1.0000510760311556        276.26410975360676        276.25000000000000     
   1.0000048938756900        276.25135193315936        276.25000000000000     
   1.0000004873475583        276.25013462976295        276.25000000000000     
   1.0000000487144487        276.25001345736644        276.25000000000000     
   1.0000000048712419        276.25000134568057        276.25000000000000     
   1.0000000004871219        276.25000013456741        276.25000000000000     
   1.0000000000487121        276.25000001345671        276.25000000000000     
   1.0000000000048712        276.25000000134565        276.25000000000000     
   1.0000000000004869        276.25000000013455        276.25000000000000     
   1.0000000000000488        276.25000000001347        276.25000000000000     
 
 part:           2
 comp:           0
  0.99999617595436474        276.51820854681165        276.51926596910374     
  0.99999963501479749        276.51916504366346        276.51926596910374     
  0.99999996366704191        276.51925592234085        276.51926596910374     
  0.99999999636835146        276.51926496488295        276.51926596910374     
  0.99999999963685138        276.51926586868615        276.51926596910374     
  0.99999999996368483        276.51926595906190        276.51926596910374     
  0.99999999999636824        276.51926596809949        276.51926596910374     
  0.99999999999963674        276.51926596900330        276.51926596910374     
  0.99999999999996336        276.51926596909362        276.51926596910374     
  0.99999999999999611        276.51926596910266        276.51926596910374     
 comp:           1
   0.0000000000000000        0.0000000000000000     
   0.0000000000000000        0.0000000000000000     
   0.0000000000000000        0.0000000000000000     
   0.0000000000000000        0.0000000000000000     
   0.0000000000000000        0.0000000000000000     
   0.0000000000000000        0.0000000000000000     
   0.0000000000000000        0.0000000000000000     
   0.0000000000000000        0.0000000000000000     
   0.0000000000000000        0.0000000000000000     
   0.0000000000000000        0.0000000000000000     
 comp:           2
   0.0000000000000000        0.0000000000000000     
   0.0000000000000000        0.0000000000000000     
   0.0000000000000000        0.0000000000000000     
   0.0000000000000000        0.0000000000000000     
   0.0000000000000000        0.0000000000000000     
   0.0000000000000000        0.0000000000000000     
   0.0000000000000000        0.0000000000000000     
   0.0000000000000000        0.0000000000000000     
   0.0000000000000000        0.0000000000000000     
   0.0000000000000000        0.0000000000000000     
 comp:           3
  0.99999617595436474       -276.51820854681165       -276.51926596910374     
  0.99999963501479749       -276.51916504366346       -276.51926596910374     
  0.99999996366704191       -276.51925592234085       -276.51926596910374     
  0.99999999636835146       -276.51926496488295       -276.51926596910374     
  0.99999999963685138       -276.51926586868615       -276.51926596910374     
  0.99999999996368483       -276.51926595906190       -276.51926596910374     
  0.99999999999636824       -276.51926596809949       -276.51926596910374     
  0.99999999999963674       -276.51926596900330       -276.51926596910374     
  0.99999999999996336       -276.51926596909362       -276.51926596910374     
  0.99999999999999611       -276.51926596910266       -276.51926596910374     
 
 part:           3
 comp:           0
  0.99999413064656550        75.303954832968614        75.304396821088730     
  0.99999817463778695        75.304259363288296        75.304396821088730     
  0.99999942336156999        75.304353397679577        75.304396821088730     
  0.99999981763450851        75.304383088165395        75.304396821088730     
  0.99999994232694123        75.304392478053828        75.304396821088730     
  0.99999998176169935        75.304395447664504        75.304396821088730     
  0.99999999423249286        75.304396386770080        75.304396821088730     
  0.99999999817614893        75.304396683744727        75.304396821088730     
  0.99999999942324713        75.304396777656706        75.304396821088730     
  0.99999999981761456        75.304396807354308        75.304396821088730     
 comp:           1
   1.0004281038636325        34.373655517680270        34.358946320010332     
   1.0001327533781452        34.363507586203824        34.358946320010332     
   1.0000418998558749        34.360385954909155        34.358946320010332     
   1.0000132473633803        34.359401485457596        34.358946320010332     
   1.0000041891041844        34.359090253216131        34.358946320010332     
   1.0000013247085477        34.358991835600214        34.358946320010332     
   1.0000004189095471        34.358960713300974        34.358946320010332     
   1.0000001324708283        34.358950871568410        34.358946320010332     
   1.0000000418909534        34.358947759339351        34.358946320010332     
   1.0000000132470834        34.358946775166160        34.358946320010332     
 comp:           2
  0.99987991733828163        66.977384273260569        66.985428061758569     
  0.99996276282380514        66.982933713571342        66.985428061758569     
  0.99998824713662626        66.984640791174527        66.985428061758569     
  0.99999628412917863        66.985179152560974        66.985428061758569     
  0.99999882496089532        66.985349351261149        66.985428061758569     
  0.99999962842071299        66.985403171360971        66.985428061758569     
  0.99999988249633387        66.985420190725193        66.985428061758569     
  0.99999996284207870        66.985425572719308        66.985428061758569     
  0.99999998824963365        66.985427274655251        66.985428061758569     
  0.99999999628420777        66.985427812854638        66.985428061758569     
 comp:           3
   1.0000000000000000        9.8421286403843844E-002   9.8421286403843844E-002
   1.0000000000000000        9.8421286403843844E-002   9.8421286403843844E-002
   1.0000000000000000        9.8421286403843844E-002   9.8421286403843844E-002
   1.0000000000000000        9.8421286403843844E-002   9.8421286403843844E-002
   1.0000000000000000        9.8421286403843844E-002   9.8421286403843844E-002
   1.0000000000000000        9.8421286403843844E-002   9.8421286403843844E-002
   1.0000000000000000        9.8421286403843844E-002   9.8421286403843844E-002
   1.0000000000000000        9.8421286403843844E-002   9.8421286403843844E-002
   1.0000000000000000        9.8421286403843844E-002   9.8421286403843844E-002
   1.0000000000000000        9.8421286403843844E-002   9.8421286403843844E-002
 
 part:           4
 comp:           0
   1.0001554464641924        134.44958177156900        134.42868530775186     
   1.0000481979569302        134.43516449573650        134.42868530775186     
   1.0000152118001082        134.43073021004159        134.42868530775186     
   1.0000048094211602        134.42933183191553        134.42868530775186     
   1.0000015208382604        134.42888975203979        134.42868530775186     
   1.0000004809298519        134.42874995851957        134.42868530775186     
   1.0000001520832920        134.42870575210887        134.42868530775186     
   1.0000000480929541        134.42869177282444        134.42868530775186     
   1.0000000152083266        134.42868735218721        134.42868530775186     
   1.0000000048092954        134.42868595425912        134.42868530775186     
 comp:           1
   1.0002058954264919        127.56699918682685        127.54073913194820     
   1.0000638438352321        127.54888182188270        127.54073913194820     
   1.0000201501592143        127.54330909814801        127.54073913194820     
   1.0000063707865985        127.54155166677981        127.54073913194820     
   1.0000020145777304        127.54099607268097        127.54073913194820     
   1.0000006370638641        127.54082038354431        127.54073913194820     
   1.0000002014572109        127.54076482594978        127.54073913194820     
   1.0000000637063595        127.54074725710437        127.54073913194820     
   1.0000000201457191        127.54074170134810        127.54073913194820     
   1.0000000063706360        127.54073994446382        127.54073913194820     
 comp:           2
  0.99961837083496841        37.614904164564770        37.629264589390772     
  0.99988166483371121        37.624811724108262        37.629264589390772     
  0.99996265148494468        37.627859192235732        37.629264589390772     
  0.99998819168540276        37.628820251196437        37.629264589390772     
  0.99999626596068580        37.629124080237432        37.629264589390772     
  0.99999881919596401        37.629220156603274        37.629264589390772     
  0.99999962659711061        37.629250538514647        37.629264589390772     
  0.99999988191964650        37.629260146113907        37.629264589390772     
  0.99999996265971491        37.629263184303305        37.629264589390772     
  0.99999998819196456        37.629264145063082        37.629264589390772     
 comp:           3
   1.0000000000000000       -19.709635757886243       -19.709635757886243     
   1.0000000000000000       -19.709635757886243       -19.709635757886243     
   1.0000000000000000       -19.709635757886243       -19.709635757886243     
   1.0000000000000000       -19.709635757886243       -19.709635757886243     
   1.0000000000000000       -19.709635757886243       -19.709635757886243     
   1.0000000000000000       -19.709635757886243       -19.709635757886243     
   1.0000000000000000       -19.709635757886243       -19.709635757886243     
   1.0000000000000000       -19.709635757886243       -19.709635757886243     
   1.0000000000000000       -19.709635757886243       -19.709635757886243     
   1.0000000000000000       -19.709635757886243       -19.709635757886243     
 
 part:           5
 comp:           0
   1.0000768676558838        132.18557028777761        132.17541027382438     
   1.0000238310171985        132.17856014829982        132.17541027382438     
   1.0000075210683275        132.17640437411626        132.17541027382438     
   1.0000023778639071        132.17572456896187        132.17541027382438     
   1.0000007519270639        132.17550966009256        132.17541027382438     
   1.0000002377792474        132.17544170239395        132.17541027382438     
   1.0000000751923344        132.17542021240203        132.17541027382438     
   1.0000000237778983        132.17541341667786        132.17541027382438     
   1.0000000075192310        132.17541126768182        132.17541027382438     
   1.0000000023777897        132.17541058810971        132.17541027382438     
 comp:           1
   1.0014616976226816        17.689440062807531        17.663621189706589     
   1.0004532539316171        17.671627295457419        17.663621189706589     
   1.0001430555511732        17.666148068771598        17.663621189706589     
   1.0000452293589881        17.664420103970407        17.663621189706589     
   1.0000143024936896        17.663873823537191        17.663621189706589     
   1.0000045228358063        17.663701079364976        17.663621189706589     
   1.0000014302458726        17.663646453027891        17.663621189706589     
   1.0000004522834383        17.663629178669911        17.663621189706589     
   1.0000001430245775        17.663623716038547        17.663621189706589     
   1.0000000452283448        17.663621988602941        17.663621189706589     
 comp:           2
   1.0002248821030355       -62.798851554075696       -62.784732391416988     
   1.0000697330937462       -62.789110565046670       -62.784732391416988     
   1.0000220090890890       -62.786114226185617       -62.784732391416988     
   1.0000069585345219       -62.785169281144789       -62.784732391416988     
   1.0000022004379086       -62.784870545322214       -62.784732391416988     
   1.0000006958380530       -62.784776079422933       -62.784732391416988     
   1.0000002200432530       -62.784746206773740       -62.784732391416988     
   1.0000000695837834       -62.784736760216205       -62.784732391416988     
   1.0000000220043239       -62.784733772952571       -62.784732391416988     
   1.0000000069583785       -62.784732828296917       -62.784732391416988     
 comp:           3
   1.0000000000000000       -82.153496527463588       -82.153496527463588     
   1.0000000000000000       -82.153496527463588       -82.153496527463588     
   1.0000000000000000       -82.153496527463588       -82.153496527463588     
   1.0000000000000000       -82.153496527463588       -82.153496527463588     
   1.0000000000000000       -82.153496527463588       -82.153496527463588     
   1.0000000000000000       -82.153496527463588       -82.153496527463588     
   1.0000000000000000       -82.153496527463588       -82.153496527463588     
   1.0000000000000000       -82.153496527463588       -82.153496527463588     
   1.0000000000000000       -82.153496527463588       -82.153496527463588     
   1.0000000000000000       -82.153496527463588       -82.153496527463588     
 
 part:           6
 comp:           0
   1.0484229006974732       0.28230460838679738       0.26926596910368095     
   1.0046411030244324       0.27051566020726475       0.26926596910368095     
   1.0004621892747365       0.26939042094665222       0.26926596910368095     
   1.0000461998039383       0.26927840913866080       0.26926596910368095     
   1.0000046197892454       0.26926721305570916       0.26926596910368095     
   1.0000004619770126       0.26926609349836894       0.26926596910368095     
   1.0000000461976823       0.26926598154314463       0.26926596910368095     
   1.0000000046197683       0.26926597034762734       0.26926596910368095     
   1.0000000004619760       0.26926596922807539       0.26926596910368095     
   1.0000000000461970       0.26926596911612022       0.26926596910368095     
 comp:           1
 -0.10792006849666708       -0.0000000000000000     
  -3.3465534302666432E-002  -0.0000000000000000     
  -1.0562444486650854E-002  -0.0000000000000000     
  -3.3394986635890238E-003  -0.0000000000000000     
  -1.0560219835139171E-003  -0.0000000000000000     
  -3.3394283337360216E-004  -0.0000000000000000     
  -1.0560197592947599E-004  -0.0000000000000000     
  -3.3394276378617494E-005  -0.0000000000000000     
  -1.0560197226428640E-005  -0.0000000000000000     
  -3.3394277615954917E-006  -0.0000000000000000     
 comp:           2
   5.9016557201616478E-002   0.0000000000000000     
   1.8300772478818124E-002   0.0000000000000000     
   5.7761185469835021E-003   0.0000000000000000     
   1.8262193181475793E-003   0.0000000000000000     
   5.7749019866623142E-004   0.0000000000000000     
   1.8261808579626430E-004   0.0000000000000000     
   5.7748898234234520E-005   0.0000000000000000     
   1.8261804774207819E-005   0.0000000000000000     
   5.7748896229909703E-006   0.0000000000000000     
   1.8261805450851146E-006   0.0000000000000000     
 comp:           3
  0.94367213967175667      -0.25409879320485973      -0.26926596910368095     
  0.99460437349582365      -0.26781311050411238      -0.26926596910368095     
  0.99946270029503015      -0.26912129257792311      -0.26926596910368095     
  0.99994629255529166      -0.26925150751653348      -0.26926596910368095     
  0.99999462948068485      -0.26926452300559295      -0.26926596910368095     
  0.99999946295031916      -0.26926582449447817      -0.26926596910368095     
  0.99999994629505451      -0.26926595464276676      -0.26926596910368095     
  0.99999999462950584      -0.26926596765758964      -0.26926596910368095     
  0.99999999946295004      -0.26926596895907168      -0.26926596910368095     
  0.99999999994629463      -0.26926596908921990      -0.26926596910368095     
 
 part:           7
 comp:           0
  0.99985469120779047        210.56090679971646        210.59150759733501     
  0.99995493508664079        210.58201730929096        210.59150759733501     
  0.99998577602653926        210.58851214931988        210.59150759733501     
  0.99999550279459104        210.59056052406797        210.59150759733501     
  0.99999857788087698        210.59120811112490        210.59150759733501     
  0.99999955028679466        210.59141289155312        210.59150759733501     
  0.99999985778817368        210.59147764873211        210.59150759733501     
  0.99999995502866756        210.59149812675432        210.59150759733501     
  0.99999998577881577        210.59150460247437        210.59150759733501     
  0.99999999550286633        210.59150665027684        210.59150759733501     
 comp:           1
  0.99977093347401313       -179.52217469881799       -179.56330664166512     
  0.99992896392552355       -179.55055116924129       -179.56330664166512     
  0.99997757913686092       -179.55928067734212       -179.56330664166512     
  0.99999291122365319       -179.56203375754424       -179.56330664166512     
  0.99999775837156324       -179.56290412745076       -179.56330664166512     
  0.99999929113585972       -179.56317935567614       -179.56330664166512     
  0.99999977583748512       -179.56326639030272       -179.56330664166512     
  0.99999992911358637       -179.56329391306630       -179.56330664166512     
  0.99999997758374792       -179.56330261652877       -179.56330664166512     
  0.99999999291135833       -179.56330536880517       -179.56330664166512     
 comp:           2
   1.0005377289645803       -41.852453440951251       -41.829960259732353     
   1.0001667557257068       -41.836935645111751       -41.829960259732353     
   1.0000526325156800       -41.832161875771618       -41.829960259732353     
   1.0000166407568662       -41.830656341930762       -41.829960259732353     
   1.0000052621767106       -41.830180376375033       -41.829960259732353     
   1.0000016640440088       -41.830029866627108       -41.829960259732353     
   1.0000005262168994       -41.829982271364344       -41.829960259732353     
   1.0000001664043998       -41.829967220421786       -41.829960259732353     
   1.0000000526216914       -41.829962460895615       -41.829960259732353     
   1.0000000166404410       -41.829960955801340       -41.829960259732353     
 comp:           3
   1.0000000000000000        101.76471099894599        101.76471099894599     
   1.0000000000000000        101.76471099894599        101.76471099894599     
   1.0000000000000000        101.76471099894599        101.76471099894599     
   1.0000000000000000        101.76471099894599        101.76471099894599     
   1.0000000000000000        101.76471099894599        101.76471099894599     
   1.0000000000000000        101.76471099894599        101.76471099894599     
   1.0000000000000000        101.76471099894599        101.76471099894599     
   1.0000000000000000        101.76471099894599        101.76471099894599     
   1.0000000000000000        101.76471099894599        101.76471099894599     
   1.0000000000000000        101.76471099894599        101.76471099894599     
 
 part: i_fks+j_fks
 comp:           0
   1.0000432865368631        276.80051315519847        276.78853193820743     
   1.0000041503369206        276.78968070387072        276.78853193820743     
   1.0000004133302751        276.78864634328750        276.78853193820743     
   1.0000000413160695        276.78854337402163        276.78853193820743     
   1.0000000041314372        276.78853308174183        276.78853193820743     
   1.0000000004131415        276.78853205256024        276.78853193820743     
   1.0000000000413138        276.78853194964262        276.78853193820743     
   1.0000000000041314        276.78853193935095        276.78853193820743     
   1.0000000000004128        276.78853193832168        276.78853193820743     
   1.0000000000000411        276.78853193821880        276.78853193820743     
 comp:           1
 -0.10792006849666708        0.0000000000000000     
  -3.3465534302666432E-002   0.0000000000000000     
  -1.0562444486650854E-002   0.0000000000000000     
  -3.3394986635890238E-003   0.0000000000000000     
  -1.0560219835139171E-003   0.0000000000000000     
  -3.3394283337360216E-004   0.0000000000000000     
  -1.0560197592947599E-004   0.0000000000000000     
  -3.3394276378617494E-005   0.0000000000000000     
  -1.0560197226428640E-005   0.0000000000000000     
  -3.3394277615954917E-006   0.0000000000000000     
 comp:           2
   5.9016557201616478E-002   0.0000000000000000     
   1.8300772478818124E-002   0.0000000000000000     
   5.7761185469835021E-003   0.0000000000000000     
   1.8262193181475793E-003   0.0000000000000000     
   5.7749019866623142E-004   0.0000000000000000     
   1.8261808579626430E-004   0.0000000000000000     
   5.7748898234234520E-005   0.0000000000000000     
   1.8261804774207819E-005   0.0000000000000000     
   5.7748896229909703E-006   0.0000000000000000     
   1.8261805450851146E-006   0.0000000000000000     
 comp:           3
  0.99994138269357713       -276.77230734001648       -276.78853193820743     
  0.99999438638577631       -276.78697815416757       -276.78853193820743     
  0.99999944100542193       -276.78837721491880       -276.78853193820743     
  0.99999994412410131       -276.78851647239946       -276.78853193820743     
  0.99999999441264531       -276.78853039169172       -276.78853193820743     
  0.99999999944126639       -276.78853178355638       -276.78853193820743     
  0.99999999994412647       -276.78853192274227       -276.78853193820743     
  0.99999999999441258       -276.78853193666089       -276.78853193820743     
  0.99999999999944100       -276.78853193805270       -276.78853193820743     
  0.99999999999994393       -276.78853193819191       -276.78853193820743     
     
 Collinear #          81
 
 part:           1
 comp:           0
   1.0000000000000000        325.00000000000000        325.00000000000000     
   1.0000000000000000        325.00000000000000        325.00000000000000     
   1.0000000000000000        325.00000000000000        325.00000000000000     
   1.0000000000000000        325.00000000000000        325.00000000000000     
   1.0000000000000000        325.00000000000000        325.00000000000000     
   1.0000000000000000        325.00000000000000        325.00000000000000     
   1.0000000000000000        325.00000000000000        325.00000000000000     
   1.0000000000000000        325.00000000000000        325.00000000000000     
   1.0000000000000000        325.00000000000000        325.00000000000000     
   1.0000000000000000        325.00000000000000        325.00000000000000     
 comp:           1
   0.0000000000000000        0.0000000000000000     
   0.0000000000000000        0.0000000000000000     
   0.0000000000000000        0.0000000000000000     
   0.0000000000000000        0.0000000000000000     
   0.0000000000000000        0.0000000000000000     
   0.0000000000000000        0.0000000000000000     
   0.0000000000000000        0.0000000000000000     
   0.0000000000000000        0.0000000000000000     
   0.0000000000000000        0.0000000000000000     
   0.0000000000000000        0.0000000000000000     
 comp:           2
   0.0000000000000000        0.0000000000000000     
   0.0000000000000000        0.0000000000000000     
   0.0000000000000000        0.0000000000000000     
   0.0000000000000000        0.0000000000000000     
   0.0000000000000000        0.0000000000000000     
   0.0000000000000000        0.0000000000000000     
   0.0000000000000000        0.0000000000000000     
   0.0000000000000000        0.0000000000000000     
   0.0000000000000000        0.0000000000000000     
   0.0000000000000000        0.0000000000000000     
 comp:           3
   1.0000000000000000        325.00000000000000        325.00000000000000     
   1.0000000000000000        325.00000000000000        325.00000000000000     
   1.0000000000000000        325.00000000000000        325.00000000000000     
   1.0000000000000000        325.00000000000000        325.00000000000000     
   1.0000000000000000        325.00000000000000        325.00000000000000     
   1.0000000000000000        325.00000000000000        325.00000000000000     
   1.0000000000000000        325.00000000000000        325.00000000000000     
   1.0000000000000000        325.00000000000000        325.00000000000000     
   1.0000000000000000        325.00000000000000        325.00000000000000     
   1.0000000000000000        325.00000000000000        325.00000000000000     
 
 part:           2
 comp:           0
   1.0000000000000000        325.00000000000000        325.00000000000000     
   1.0000000000000000        325.00000000000000        325.00000000000000     
   1.0000000000000000        325.00000000000000        325.00000000000000     
   1.0000000000000000        325.00000000000000        325.00000000000000     
   1.0000000000000000        325.00000000000000        325.00000000000000     
   1.0000000000000000        325.00000000000000        325.00000000000000     
   1.0000000000000000        325.00000000000000        325.00000000000000     
   1.0000000000000000        325.00000000000000        325.00000000000000     
   1.0000000000000000        325.00000000000000        325.00000000000000     
   1.0000000000000000        325.00000000000000        325.00000000000000     
 comp:           1
  -0.0000000000000000       -0.0000000000000000     
  -0.0000000000000000       -0.0000000000000000     
  -0.0000000000000000       -0.0000000000000000     
  -0.0000000000000000       -0.0000000000000000     
  -0.0000000000000000       -0.0000000000000000     
  -0.0000000000000000       -0.0000000000000000     
  -0.0000000000000000       -0.0000000000000000     
  -0.0000000000000000       -0.0000000000000000     
  -0.0000000000000000       -0.0000000000000000     
  -0.0000000000000000       -0.0000000000000000     
 comp:           2
  -0.0000000000000000       -0.0000000000000000     
  -0.0000000000000000       -0.0000000000000000     
  -0.0000000000000000       -0.0000000000000000     
  -0.0000000000000000       -0.0000000000000000     
  -0.0000000000000000       -0.0000000000000000     
  -0.0000000000000000       -0.0000000000000000     
  -0.0000000000000000       -0.0000000000000000     
  -0.0000000000000000       -0.0000000000000000     
  -0.0000000000000000       -0.0000000000000000     
  -0.0000000000000000       -0.0000000000000000     
 comp:           3
   1.0000000000000000       -325.00000000000000       -325.00000000000000     
   1.0000000000000000       -325.00000000000000       -325.00000000000000     
   1.0000000000000000       -325.00000000000000       -325.00000000000000     
   1.0000000000000000       -325.00000000000000       -325.00000000000000     
   1.0000000000000000       -325.00000000000000       -325.00000000000000     
   1.0000000000000000       -325.00000000000000       -325.00000000000000     
   1.0000000000000000       -325.00000000000000       -325.00000000000000     
   1.0000000000000000       -325.00000000000000       -325.00000000000000     
   1.0000000000000000       -325.00000000000000       -325.00000000000000     
   1.0000000000000000       -325.00000000000000       -325.00000000000000     
 
 part:           3
 comp:           0
   1.0000000103901932        10.710902531725168        10.710902420436822     
   1.0000000010390164        10.710902431565627        10.710902420436822     
   1.0000000001039016        10.710902421549701        10.710902420436822     
   1.0000000000103901        10.710902420548109        10.710902420436822     
   1.0000000000010389        10.710902420447949        10.710902420436822     
   1.0000000000001039        10.710902420437934        10.710902420436822     
   1.0000000000000104        10.710902420436934        10.710902420436822     
   1.0000000000000009        10.710902420436833        10.710902420436822     
   1.0000000000000000        10.710902420436822        10.710902420436822     
  0.99999999999999967        10.710902420436819        10.710902420436822     
 comp:           1
  0.99999944065848134       -1.9996566842205261       -1.9996578027121583     
  0.99999994406587045       -1.9996576908630397       -1.9996578027121583     
  0.99999999440658682       -1.9996577915272460       -1.9996578027121583     
  0.99999999944065809       -1.9996578015936659       -1.9996578027121583     
  0.99999999994406530       -1.9996578026003080       -1.9996578027121583     
  0.99999999999440592       -1.9996578027009722       -1.9996578027121583     
  0.99999999999944023       -1.9996578027110390       -1.9996578027121583     
  0.99999999999994382       -1.9996578027120460       -1.9996578027121583     
  0.99999999999999423       -1.9996578027121468       -1.9996578027121583     
  0.99999999999999889       -1.9996578027121561       -1.9996578027121583     
 comp:           2
  0.99999984204233727        7.4705008457863089        7.4705020258093482     
  0.99999998420424008        7.4705019078070913        7.4705020258093482     
  0.99999999842042397        7.4705020140091225        7.4705020258093482     
  0.99999999984204235        7.4705020246293250        7.4705020258093482     
  0.99999999998420408        7.4705020256913448        7.4705020258093482     
  0.99999999999842026        7.4705020257975470        7.4705020258093482     
  0.99999999999984202        7.4705020258081678        7.4705020258093482     
  0.99999999999998423        7.4705020258092301        7.4705020258093482     
  0.99999999999999845        7.4705020258093366        7.4705020258093482     
  0.99999999999999978        7.4705020258093464        7.4705020258093482     
 comp:           3
   1.0000002365586467       -7.1943515553853015       -7.1943498534996362     
   1.0000000236558553       -7.1943500236881350       -7.1943498534996362     
   1.0000000023655855       -7.1943498705184865       -7.1943498534996362     
   1.0000000002365588       -7.1943498552015228       -7.1943498534996362     
   1.0000000000236560       -7.1943498536698263       -7.1943498534996362     
   1.0000000000023659       -7.1943498535166572       -7.1943498534996362     
   1.0000000000002367       -7.1943498535013397       -7.1943498534996362     
   1.0000000000000238       -7.1943498534998067       -7.1943498534996362     
   1.0000000000000024       -7.1943498534996539       -7.1943498534996362     
   1.0000000000000004       -7.1943498534996397       -7.1943498534996362     
 
 part:           4
 comp:           0
  0.99999984870567360        237.55351698601166        237.55355292651643     
  0.99999998487057096        237.55354933246682        237.55355292651643     
  0.99999999848705690        237.55355256711141        237.55355292651643     
  0.99999999984870536        237.55355289057584        237.55355292651643     
  0.99999999998487010        237.55355292292228        237.55355292651643     
  0.99999999999848665        237.55355292615693        237.55355292651643     
  0.99999999999984868        237.55355292648048        237.55355292651643     
  0.99999999999998479        237.55355292651282        237.55355292651643     
  0.99999999999999822        237.55355292651601        237.55355292651643     
  0.99999999999999944        237.55355292651629        237.55355292651643     
 comp:           1
   1.0000004183179843        59.300972721210350        59.300947914557348     
   1.0000000418317847        59.300950395221832        59.300947914557348     
   1.0000000041831787        59.300948162623804        59.300947914557348     
   1.0000000004183183        59.300947939364015        59.300947914557348     
   1.0000000000418323        59.300947917038037        59.300947914557348     
   1.0000000000041835        59.300947914805441        59.300947914557348     
   1.0000000000004186        59.300947914582167        59.300947914557348     
   1.0000000000000420        59.300947914559835        59.300947914557348     
   1.0000000000000042        59.300947914557604        59.300947914557348     
   1.0000000000000007        59.300947914557391        59.300947914557348     
 comp:           2
  0.99999958854390725        63.606608988654678        63.606635159992251     
  0.99999995885440418        63.606632542859352        63.606635159992251     
  0.99999999588544031        63.606634898278955        63.606635159992251     
  0.99999999958854369        63.606635133820902        63.606635159992251     
  0.99999999995885402        63.606635157375095        63.606635159992251     
  0.99999999999588507        63.606635159730516        63.606635159992251     
  0.99999999999958833        63.606635159966068        63.606635159992251     
  0.99999999999995881        63.606635159989629        63.606635159992251     
  0.99999999999999578        63.606635159991981        63.606635159992251     
  0.99999999999999933        63.606635159992209        63.606635159992251     
 comp:           3
  0.99999982925506703        221.06394405172901        221.06398179728376     
  0.99999998292551229        221.06397802272951        221.06398179728376     
  0.99999999829255126        221.06398141982834        221.06398179728376     
  0.99999999982925503        221.06398175953819        221.06398179728376     
  0.99999999998292544        221.06398179350919        221.06398179728376     
  0.99999999999829237        221.06398179690626        221.06398179728376     
  0.99999999999982914        221.06398179724599        221.06398179728376     
  0.99999999999998290        221.06398179727998        221.06398179728376     
  0.99999999999999833        221.06398179728339        221.06398179728376     
  0.99999999999999978        221.06398179728370        221.06398179728376     
 
 part:           5
 comp:           0
  0.99999994438391393        190.47988164980870        190.47989224355479     
  0.99999999443839127        190.47989118418016        190.47989224355479     
  0.99999999944383899        190.47989213761730        190.47989224355479     
  0.99999999994438382        190.47989223296102        190.47989224355479     
  0.99999999999443834        190.47989224249540        190.47989224355479     
  0.99999999999944378        190.47989224344883        190.47989224355479     
  0.99999999999994438        190.47989224354419        190.47989224355479     
  0.99999999999999445        190.47989224355373        190.47989224355479     
  0.99999999999999922        190.47989224355464        190.47989224355479     
  0.99999999999999967        190.47989224355473        190.47989224355479     
 comp:           1
  0.99999987386136480       -157.69125763358352       -157.69127752454605     
  0.99999998738614115       -157.69127553545053       -157.69127752454605     
  0.99999999873861400       -157.69127732563649       -157.69127752454605     
  0.99999999987386123       -157.69127750465506       -157.69127752454605     
  0.99999999998738598       -157.69127752255693       -157.69127752454605     
  0.99999999999873834       -157.69127752434710       -157.69127752454605     
  0.99999999999987366       -157.69127752452613       -157.69127752454605     
  0.99999999999998723       -157.69127752454403       -157.69127752454605     
  0.99999999999999856       -157.69127752454582       -157.69127752454605     
  0.99999999999999967       -157.69127752454600       -157.69127752454605     
 comp:           2
  0.99999939759247636        34.835568126837522        34.835589112058493     
  0.99999993975926993        34.835587013537172        34.835589112058493     
  0.99999999397592676        34.835588902206354        34.835589112058493     
  0.99999999939759210        34.835589091073260        34.835589112058493     
  0.99999999993975863        34.835589109959948        34.835589112058493     
  0.99999999999397537        34.835589111848620        34.835589112058493     
  0.99999999999939726        34.835589112037496        34.835589112058493     
  0.99999999999993960        34.835589112056390        34.835589112058493     
  0.99999999999999367        34.835589112058273        34.835589112058493     
  0.99999999999999878        34.835589112058450        34.835589112058493     
 comp:           3
   1.0000004952104022       -61.117262849164263       -61.117232583274927     
   1.0000000495210219       -61.117235609862739       -61.117232583274927     
   1.0000000049521023       -61.117232885933717       -61.117232583274927     
   1.0000000004952108       -61.117232613540835       -61.117232583274927     
   1.0000000000495215       -61.117232586301547       -61.117232583274927     
   1.0000000000049527       -61.117232583577618       -61.117232583274927     
   1.0000000000004956       -61.117232583305210       -61.117232583274927     
   1.0000000000000497       -61.117232583277961       -61.117232583274927     
   1.0000000000000051       -61.117232583275239       -61.117232583274927     
   1.0000000000000009       -61.117232583274983       -61.117232583274927     
 
 part:           6
 comp:           0
   1.0000002197492743        211.25427046248561        211.25422403952317     
   1.0000000219749230        211.25422868181849        211.25422403952317     
   1.0000000021974922        211.25422450375268        211.25422403952317     
   1.0000000002197493        211.25422408594613        211.25422403952317     
   1.0000000000219751        211.25422404416548        211.25422403952317     
   1.0000000000021976        211.25422403998741        211.25422403952317     
   1.0000000000002196        211.25422403956958        211.25422403952317     
   1.0000000000000220        211.25422403952783        211.25422403952317     
   1.0000000000000022        211.25422403952365        211.25422403952317     
   1.0000000000000002        211.25422403952322        211.25422403952317     
 comp:           1
  0.99999571428296719        100.38887840232255        100.38930864249251     
  0.99999856386946184        100.38916447034066        100.38930864249251     
  0.99999954006268899        100.38926246970384        100.38930864249251     
  0.99999985404701697        100.38929399037345        100.38930864249251     
  0.99999995379707263        100.38930400421258        100.38930864249251     
  0.99999998538460966        100.38930717526358        100.38930864249251     
  0.99999999537771622        100.38930817846463        100.38930864249251     
  0.99999999853825794        100.38930849574923        100.38930864249251     
  0.99999999953775176        100.38930859608773        100.38930864249251     
  0.99999999985382371        100.38930862781797        100.38930864249251     
 comp:           2
   1.0000042595246208       -105.91246132138605       -105.91201018657102     
   1.0000013293704768       -105.91215098287051       -105.91201018657102     
   1.0000004165661887       -105.91205430593344       -105.91201018657102     
   1.0000001312841329       -105.91202409113744       -105.91201018657102     
   1.0000000414690937       -105.91201457864609       -105.91201018657102     
   1.0000000131089186       -105.91201157496295       -105.91201018657102     
   1.0000000041449431       -105.91201062557028       -105.91201018657102     
   1.0000000013106987       -105.91201032538974       -105.91201018657102     
   1.0000000004144747       -105.91201023046887       -105.91201018657102     
   1.0000000001310680       -105.91201020045270       -105.91201018657102     
 comp:           3
   1.0000002236221508       -152.75140070914776       -152.75136655055863     
   1.0000000232292545       -152.75137009885901       -152.75136655055863     
   1.0000000025951410       -152.75136694696997       -152.75136655055863     
   1.0000000003455349       -152.75136660333956       -152.75136655055863     
   1.0000000000617537       -152.75136655999160       -152.75136655055863     
   1.0000000000147768       -152.75136655281580       -152.75136655055863     
   1.0000000000041975       -152.75136655119979       -152.75136655055863     
   1.0000000000012799       -152.75136655075414       -152.75136655055863     
   1.0000000000004001       -152.75136655061974       -152.75136655055863     
   1.0000000000001261       -152.75136655057790       -152.75136655055863     
 
 part:           7
 comp:           0
   1.0000000000000000        1.4283699689296824E-003   1.4283699689296824E-003
   1.0000000000000000        1.4283699689296824E-003   1.4283699689296824E-003
   1.0000000000000000        1.4283699689296824E-003   1.4283699689296824E-003
   1.0000000000000000        1.4283699689296824E-003   1.4283699689296824E-003
   1.0000000000000000        1.4283699689296824E-003   1.4283699689296824E-003
   1.0000000000000000        1.4283699689296824E-003   1.4283699689296824E-003
   1.0000000000000000        1.4283699689296824E-003   1.4283699689296824E-003
   1.0000000000000000        1.4283699689296824E-003   1.4283699689296824E-003
   1.0000000000000000        1.4283699689296824E-003   1.4283699689296824E-003
   1.0000000000000000        1.4283699689296824E-003   1.4283699689296824E-003
 comp:           1
   1.5663537646469643        1.0631942711823749E-003   6.7877020835200978E-004
   1.2056521353322340        8.1836075109950601E-004   6.7877020835200978E-004
   1.0673491959574668        7.2448483612439982E-004   6.7877020835200978E-004
   1.0215187743883030        6.9337651132703800E-004   6.7877020835200978E-004
   1.0068266082698385        6.8340390666966563E-004   6.7877020835200978E-004
   1.0021609238974907        6.8023697911614230E-004   6.7877020835200978E-004
   1.0006835627412329        6.7923419037629819E-004   6.7877020835200978E-004
   1.0002161831464773        6.7891694703138637E-004   6.7877020835200978E-004
   1.0000683652740017        6.7881661266328789E-004   6.7877020835200978E-004
   1.0000216192176958        6.7878488283290963E-004   6.7877020835200978E-004
 comp:           2
  0.30252266064684691       -2.1663989249019923E-004  -7.1611128907495675E-004
  0.79663781571999059       -5.7048133314110028E-004  -7.1611128907495675E-004
  0.93771536807269384       -6.7150856101593436E-004  -7.1611128907495675E-004
  0.98051573380470969       -7.0215838609316778E-004  -7.1611128907495675E-004
  0.99386002037958898       -7.1171438035409025E-004  -7.1611128907495675E-004
  0.99806053150330454       -7.1472241378966789E-004  -7.1611128907495675E-004
  0.99938690029717769       -7.1567224145643719E-004  -7.1611128907495675E-004
  0.99980614246827249       -7.1597246550801445E-004  -7.1611128907495675E-004
  0.99993869902959598       -7.1606739075801918E-004  -7.1611128907495675E-004
  0.99998061514407088       -7.1609740736078883E-004  -7.1611128907495675E-004
 comp:           3
  0.89942784848348412       -9.2893803175830619E-004  -1.0328099505975703E-003
  0.98981455310467026       -1.0222903196927906E-003  -1.0328099505975703E-003
  0.99894119495623257       -1.0317164062126243E-003  -1.0328099505975703E-003
  0.99988139711522472       -1.0326874563580048E-003  -1.0328099505975703E-003
  0.99998411683182276       -1.0327935463034297E-003  -1.0328099505975703E-003
  0.99999713955520997       -1.0328069963017280E-003  -1.0328099505975703E-003
  0.99999931166866540       -1.0328092396821185E-003  -1.0328099505975703E-003
  0.99999980395299914       -1.0328097481182769E-003  -1.0328099505975703E-003
  0.99999994016674476       -1.0328098888011889E-003  -1.0328099505975703E-003
  0.99999998129528500       -1.0328099312791545E-003  -1.0328099505975703E-003
 
 part: i_fks+j_fks
 comp:           0
   1.0000002197477886        211.25569883245453        211.25565240949209     
   1.0000000219747744        211.25565705178741        211.25565240949209     
   1.0000000021974773        211.25565287372160        211.25565240949209     
   1.0000000002197478        211.25565245591505        211.25565240949209     
   1.0000000000219749        211.25565241413440        211.25565240949209     
   1.0000000000021976        211.25565240995633        211.25565240949209     
   1.0000000000002196        211.25565240953850        211.25565240949209     
   1.0000000000000220        211.25565240949675        211.25565240949209     
   1.0000000000000022        211.25565240949257        211.25565240949209     
   1.0000000000000002        211.25565240949214        211.25565240949209     
 comp:           1
  0.99999954361875809        100.38994159659373        100.38998741270086     
  0.99999995436189182        100.38998283109176        100.38998741270086     
  0.99999999543618934        100.38998695453996        100.38998741270086     
  0.99999999954361884        100.38998736688477        100.38998741270086     
  0.99999999995436173        100.38998740811924        100.38998741270086     
  0.99999999999543621        100.38998741224270        100.38998741270086     
  0.99999999999954314        100.38998741265500        100.38998741270086     
  0.99999999999995426        100.38998741269627        100.38998741270086     
  0.99999999999999534        100.38998741270039        100.38998741270086     
  0.99999999999999944        100.38998741270080        100.38998741270086     
 comp:           2
  0.99999954361875798       -105.91267796127853       -105.91272629786010     
  0.99999995436189193       -105.91272146420366       -105.91272629786010     
  0.99999999543618912       -105.91272581449445       -105.91272629786010     
  0.99999999954361884       -105.91272624952353       -105.91272629786010     
  0.99999999995436195       -105.91272629302645       -105.91272629786010     
  0.99999999999543621       -105.91272629737674       -105.91272629786010     
  0.99999999999954325       -105.91272629781173       -105.91272629786010     
  0.99999999999995426       -105.91272629785526       -105.91272629786010     
  0.99999999999999545       -105.91272629785962       -105.91272629786010     
  0.99999999999999956       -105.91272629786006       -105.91272629786010     
 comp:           3
  0.99999954361875820       -152.75232964717952       -152.75239936050923     
  0.99999995436189182       -152.75239238917871       -152.75239936050923     
  0.99999999543618912       -152.75239866337617       -152.75239936050923     
  0.99999999954361884       -152.75239929079592       -152.75239936050923     
  0.99999999995436184       -152.75239935353790       -152.75239936050923     
  0.99999999999543621       -152.75239935981210       -152.75239936050923     
  0.99999999999954337       -152.75239936043948       -152.75239936050923     
  0.99999999999995437       -152.75239936050227       -152.75239936050923     
  0.99999999999999556       -152.75239936050855       -152.75239936050923     
  0.99999999999999967       -152.75239936050917       -152.75239936050923     
     
 Collinear #          52
 
 part:           1
 comp:           0
   1.0000000000000000        325.00000000000000        325.00000000000000     
   1.0000000000000000        325.00000000000000        325.00000000000000     
   1.0000000000000000        325.00000000000000        325.00000000000000     
   1.0000000000000000        325.00000000000000        325.00000000000000     
   1.0000000000000000        325.00000000000000        325.00000000000000     
   1.0000000000000000        325.00000000000000        325.00000000000000     
   1.0000000000000000        325.00000000000000        325.00000000000000     
   1.0000000000000000        325.00000000000000        325.00000000000000     
   1.0000000000000000        325.00000000000000        325.00000000000000     
   1.0000000000000000        325.00000000000000        325.00000000000000     
 comp:           1
   0.0000000000000000        0.0000000000000000     
   0.0000000000000000        0.0000000000000000     
   0.0000000000000000        0.0000000000000000     
   0.0000000000000000        0.0000000000000000     
   0.0000000000000000        0.0000000000000000     
   0.0000000000000000        0.0000000000000000     
   0.0000000000000000        0.0000000000000000     
   0.0000000000000000        0.0000000000000000     
   0.0000000000000000        0.0000000000000000     
   0.0000000000000000        0.0000000000000000     
 comp:           2
   0.0000000000000000        0.0000000000000000     
   0.0000000000000000        0.0000000000000000     
   0.0000000000000000        0.0000000000000000     
   0.0000000000000000        0.0000000000000000     
   0.0000000000000000        0.0000000000000000     
   0.0000000000000000        0.0000000000000000     
   0.0000000000000000        0.0000000000000000     
   0.0000000000000000        0.0000000000000000     
   0.0000000000000000        0.0000000000000000     
   0.0000000000000000        0.0000000000000000     
 comp:           3
   1.0000000000000000        325.00000000000000        325.00000000000000     
   1.0000000000000000        325.00000000000000        325.00000000000000     
   1.0000000000000000        325.00000000000000        325.00000000000000     
   1.0000000000000000        325.00000000000000        325.00000000000000     
   1.0000000000000000        325.00000000000000        325.00000000000000     
   1.0000000000000000        325.00000000000000        325.00000000000000     
   1.0000000000000000        325.00000000000000        325.00000000000000     
   1.0000000000000000        325.00000000000000        325.00000000000000     
   1.0000000000000000        325.00000000000000        325.00000000000000     
   1.0000000000000000        325.00000000000000        325.00000000000000     
 
 part:           2
 comp:           0
   1.0000000000000000        325.00000000000000        325.00000000000000     
   1.0000000000000000        325.00000000000000        325.00000000000000     
   1.0000000000000000        325.00000000000000        325.00000000000000     
   1.0000000000000000        325.00000000000000        325.00000000000000     
   1.0000000000000000        325.00000000000000        325.00000000000000     
   1.0000000000000000        325.00000000000000        325.00000000000000     
   1.0000000000000000        325.00000000000000        325.00000000000000     
   1.0000000000000000        325.00000000000000        325.00000000000000     
   1.0000000000000000        325.00000000000000        325.00000000000000     
   1.0000000000000000        325.00000000000000        325.00000000000000     
 comp:           1
  -0.0000000000000000       -0.0000000000000000     
  -0.0000000000000000       -0.0000000000000000     
  -0.0000000000000000       -0.0000000000000000     
  -0.0000000000000000       -0.0000000000000000     
  -0.0000000000000000       -0.0000000000000000     
  -0.0000000000000000       -0.0000000000000000     
  -0.0000000000000000       -0.0000000000000000     
  -0.0000000000000000       -0.0000000000000000     
  -0.0000000000000000       -0.0000000000000000     
  -0.0000000000000000       -0.0000000000000000     
 comp:           2
  -0.0000000000000000       -0.0000000000000000     
  -0.0000000000000000       -0.0000000000000000     
  -0.0000000000000000       -0.0000000000000000     
  -0.0000000000000000       -0.0000000000000000     
  -0.0000000000000000       -0.0000000000000000     
  -0.0000000000000000       -0.0000000000000000     
  -0.0000000000000000       -0.0000000000000000     
  -0.0000000000000000       -0.0000000000000000     
  -0.0000000000000000       -0.0000000000000000     
  -0.0000000000000000       -0.0000000000000000     
 comp:           3
   1.0000000000000000       -325.00000000000000       -325.00000000000000     
   1.0000000000000000       -325.00000000000000       -325.00000000000000     
   1.0000000000000000       -325.00000000000000       -325.00000000000000     
   1.0000000000000000       -325.00000000000000       -325.00000000000000     
   1.0000000000000000       -325.00000000000000       -325.00000000000000     
   1.0000000000000000       -325.00000000000000       -325.00000000000000     
   1.0000000000000000       -325.00000000000000       -325.00000000000000     
   1.0000000000000000       -325.00000000000000       -325.00000000000000     
   1.0000000000000000       -325.00000000000000       -325.00000000000000     
   1.0000000000000000       -325.00000000000000       -325.00000000000000     
 
 part:           3
 comp:           0
  0.99999987538196222        242.89035643613511        242.89038670465848     
  0.99999998753820085        242.89038367780728        242.89038670465848     
  0.99999999875382006        242.89038640197336        242.89038670465848     
  0.99999999987538191        242.89038667438996        242.89038670465848     
  0.99999999998753808        242.89038670163160        242.89038670465848     
  0.99999999999875377        242.89038670435579        242.89038670465848     
  0.99999999999987543        242.89038670462821        242.89038670465848     
  0.99999999999998779        242.89038670465553        242.89038670465848     
  0.99999999999999878        242.89038670465820        242.89038670465848     
  0.99999999999999978        242.89038670465843        242.89038670465848     
 comp:           1
  0.99999952251536972        90.057208379445782        90.057251380399165     
  0.99999995225156058        90.057247080305956        90.057251380399165     
  0.99999999522515626        90.057250950389857        90.057251380399165     
  0.99999999952251550        90.057251337398228        90.057251380399165     
  0.99999999995225142        90.057251376099060        90.057251380399165     
  0.99999999999522515        90.057251379969159        90.057251380399165     
  0.99999999999952272        90.057251380356178        90.057251380399165     
  0.99999999999995248        90.057251380394888        90.057251380399165     
  0.99999999999999545        90.057251380398753        90.057251380399165     
  0.99999999999999956        90.057251380399123        90.057251380399165     
 comp:           2
   1.0000009561780219        26.593140925308777        26.593115497556205     
   1.0000000956177548        26.593118040330200        26.593115497556205     
   1.0000000095617751        26.593115751833594        26.593115497556205     
   1.0000000009561776        26.593115522983947        26.593115497556205     
   1.0000000000956182        26.593115500098989        26.593115497556205     
   1.0000000000095617        26.593115497810480        26.593115497556205     
   1.0000000000009559        26.593115497581625        26.593115497556205     
   1.0000000000000950        26.593115497558735        26.593115497556205     
   1.0000000000000089        26.593115497556443        26.593115497556205     
   1.0000000000000009        26.593115497556230        26.593115497556205     
 comp:           3
  0.99999991717821268        223.99792765849534        223.99794621040562     
  0.99999999171782539        223.99794435521551        223.99794621040562     
  0.99999999917178251        223.99794602488660        223.99794621040562     
  0.99999999991717825        223.99794619185371        223.99794621040562     
  0.99999999999171774        223.99794620855042        223.99794621040562     
  0.99999999999917188        223.99794621022011        223.99794621040562     
  0.99999999999991718        223.99794621038706        223.99794621040562     
  0.99999999999999178        223.99794621040377        223.99794621040562     
  0.99999999999999922        223.99794621040544        223.99794621040562     
  0.99999999999999989        223.99794621040559        223.99794621040562     
 
 part:           4
 comp:           0
   1.0000000940856131        26.073319662970469        26.073317209846437     
   1.0000000094085539        26.073317455158648        26.073317209846437     
   1.0000000009408552        26.073317234377654        26.073317209846437     
   1.0000000000940854        26.073317212299557        26.073317209846437     
   1.0000000000094085        26.073317210091748        26.073317209846437     
   1.0000000000009408        26.073317209870968        26.073317209846437     
   1.0000000000000939        26.073317209848888        26.073317209846437     
   1.0000000000000098        26.073317209846689        26.073317209846437     
   1.0000000000000009        26.073317209846461        26.073317209846437     
   1.0000000000000000        26.073317209846437        26.073317209846437     
 comp:           1
   1.0000004486172935       -10.289357999765532       -10.289353383783665     
   1.0000000448617026       -10.289353845381576       -10.289353383783665     
   1.0000000044861701       -10.289353429943453       -10.289353383783665     
   1.0000000004486169       -10.289353388399643       -10.289353383783665     
   1.0000000000448619       -10.289353384245265       -10.289353383783665     
   1.0000000000044862       -10.289353383829825       -10.289353383783665     
   1.0000000000004485       -10.289353383788280       -10.289353383783665     
   1.0000000000000446       -10.289353383784125       -10.289353383783665     
   1.0000000000000042       -10.289353383783707       -10.289353383783665     
   1.0000000000000004       -10.289353383783668       -10.289353383783665     
 comp:           2
   1.0000001536759784        17.761844598815479        17.761841869247050     
   1.0000000153675888        17.761842142203729        17.761841869247050     
   1.0000000015367587        17.761841896542716        17.761841869247050     
   1.0000000001536760        17.761841871976618        17.761841869247050     
   1.0000000000153677        17.761841869520008        17.761841869247050     
   1.0000000000015368        17.761841869274345        17.761841869247050     
   1.0000000000001537        17.761841869249778        17.761841869247050     
   1.0000000000000151        17.761841869247320        17.761841869247050     
   1.0000000000000013        17.761841869247075        17.761841869247050     
   1.0000000000000002        17.761841869247053        17.761841869247050     
 comp:           3
  0.99999987612759444        16.076815189820206        16.076817181294224     
  0.99999998761276676        16.076816982146941        16.076817181294224     
  0.99999999876127688        16.076817161379498        16.076817181294224     
  0.99999999987612764        16.076817179302751        16.076817181294224     
  0.99999999998761280        16.076817181095077        16.076817181294224     
  0.99999999999876144        16.076817181274311        16.076817181294224     
  0.99999999999987621        16.076817181292235        16.076817181294224     
  0.99999999999998768        16.076817181294025        16.076817181294224     
  0.99999999999999889        16.076817181294206        16.076817181294224     
  0.99999999999999978        16.076817181294221        16.076817181294224     
 
 part:           5
 comp:           0
  0.99999998497631981        237.96177244632304        237.96177602138465     
  0.99999999849763066        237.96177566387817        237.96177602138465     
  0.99999999984976307        237.96177598563401        237.96177602138465     
  0.99999999998497635        237.96177601780960        237.96177602138465     
  0.99999999999849742        237.96177602102711        237.96177602138465     
  0.99999999999984979        237.96177602134890        237.96177602138465     
  0.99999999999998490        237.96177602138107        237.96177602138465     
  0.99999999999999867        237.96177602138434        237.96177602138465     
  0.99999999999999989        237.96177602138462        237.96177602138465     
  0.99999999999999989        237.96177602138462        237.96177602138465     
 comp:           1
  0.99999881934592583        35.682214599721249        35.682256728123029     
  0.99999988193465705        35.682252515285150        35.682256728123029     
  0.99999998819346636        35.682256306839264        35.682256728123029     
  0.99999999881934665        35.682256685994652        35.682256728123029     
  0.99999999988193433        35.682256723910179        35.682256728123029     
  0.99999999998819356        35.682256727701748        35.682256728123029     
  0.99999999999881972        35.682256728080915        35.682256728123029     
  0.99999999999988254        35.682256728118837        35.682256728123029     
  0.99999999999998890        35.682256728122631        35.682256728123029     
  0.99999999999999878        35.682256728122987        35.682256728123029     
 comp:           2
  0.99999977880588664       -112.62406923736820       -112.62409414915486     
  0.99999997788060069       -112.62409165797754       -112.62409414915486     
  0.99999999778806015       -112.62409390003714       -112.62409414915486     
  0.99999999977880605       -112.62409412424309       -112.62409414915486     
  0.99999999997788047       -112.62409414666367       -112.62409414915486     
  0.99999999999778810       -112.62409414890574       -112.62409414915486     
  0.99999999999977895       -112.62409414912996       -112.62409414915486     
  0.99999999999997802       -112.62409414915238       -112.62409414915486     
  0.99999999999999789       -112.62409414915462       -112.62409414915486     
  0.99999999999999978       -112.62409414915483       -112.62409414915486     
 comp:           3
   1.0000000955265658       -190.26609729823397       -190.26607912276884     
   1.0000000095526513       -190.26608094031437       -190.26607912276884     
   1.0000000009552650       -190.26607930452337       -190.26607912276884     
   1.0000000000955265       -190.26607914094430       -190.26607912276884     
   1.0000000000095526       -190.26607912458638       -190.26607912276884     
   1.0000000000009552       -190.26607912295060       -190.26607912276884     
   1.0000000000000955       -190.26607912278700       -190.26607912276884     
   1.0000000000000095       -190.26607912277066       -190.26607912276884     
   1.0000000000000009       -190.26607912276901       -190.26607912276884     
   1.0000000000000002       -190.26607912276887       -190.26607912276884     
 
 part:           6
 comp:           0
   1.0000002194015662        143.07312534470270        143.07309395424181     
   1.0000000219401524        143.07309709328729        143.07309395424181     
   1.0000000021940152        143.07309426814635        143.07309395424181     
   1.0000000002194014        143.07309398563225        143.07309395424181     
   1.0000000000219400        143.07309395738085        143.07309395424181     
   1.0000000000021938        143.07309395455570        143.07309395424181     
   1.0000000000002194        143.07309395427319        143.07309395424181     
   1.0000000000000218        143.07309395424494        143.07309395424181     
   1.0000000000000022        143.07309395424213        143.07309395424181     
   1.0000000000000000        143.07309395424181        143.07309395424181     
 comp:           1
  0.99999876663994902       -115.44886157335895       -115.44900396354836     
  0.99999955178435385       -115.44895221749846       -115.44900396354836     
  0.99999985318210094       -115.44898701356816       -115.44900396354836     
  0.99999995308711020       -115.44899854750196       -115.44900396354836     
  0.99999998511707955       -115.44900224533002       -115.44900396354836     
  0.99999999528885886       -115.44900341965182       -115.44900396354836     
  0.99999999850972832       -115.44900379149799       -115.44900396354836     
  0.99999999952868746       -115.44900390913580       -115.44900396354836     
  0.99999999985095300       -115.44900394634104       -115.44900396354836     
  0.99999999995286659       -115.44900395810686       -115.44900396354836     
 comp:           2
   1.0000077048838278        68.268982303293967        68.268456302769053     
   1.0000024444720488        68.268623183102292        68.268456302769053     
   1.0000007699963802        68.268508869233287        68.268456302769053     
   1.0000002430745085        68.268472897090518        68.268456302769053     
   1.0000000768211363        68.268461547229450        68.268456302769053     
   1.0000000242882543        68.268457960890686        68.268456302769053     
   1.0000000076801636        68.268456827081963        68.268456302769053     
   1.0000000024286337        68.268456468568132        68.268456302769053     
   1.0000000007679966        68.268456355198992        68.268456302769053     
   1.0000000002428613        68.268456319348815        68.268456302769053     
 comp:           3
  0.99999396196161960       -49.807887052041742       -49.808187795791312     
  0.99999799684424817       -49.808088022233441       -49.808187795791312     
  0.99999936035624404       -49.808155936294995       -49.808187795791312     
  0.99999979720680665       -49.808177695029855       -49.808187795791312     
  0.99999993582232993       -49.808184599217867       -49.808187795791312     
  0.99999997970047616       -49.808186784708816       -49.808187795791312     
  0.99999999358023750       -49.808187476034576       -49.808187795791312     
  0.99999999796984551       -49.808187694672995       -49.808187795791312     
  0.99999999935800388       -49.808187763814651       -49.808187795791312     
  0.99999999979698240       -49.808187785679372       -49.808187795791312     
 
 part:           7
 comp:           0
   1.0000000000000000        1.4261098686505450E-003   1.4261098686505450E-003
   1.0000000000000000        1.4261098686505450E-003   1.4261098686505450E-003
   1.0000000000000000        1.4261098686505450E-003   1.4261098686505450E-003
   1.0000000000000000        1.4261098686505450E-003   1.4261098686505450E-003
   1.0000000000000000        1.4261098686505450E-003   1.4261098686505450E-003
   1.0000000000000000        1.4261098686505450E-003   1.4261098686505450E-003
   1.0000000000000000        1.4261098686505450E-003   1.4261098686505450E-003
   1.0000000000000000        1.4261098686505450E-003   1.4261098686505450E-003
   1.0000000000000000        1.4261098686505450E-003   1.4261098686505450E-003
   1.0000000000000000        1.4261098686505450E-003   1.4261098686505450E-003
 comp:           1
   1.0457478517688019       -1.2034060425060648E-003  -1.1507611901574516E-003
   1.0371680251504751       -1.1935327110154145E-003  -1.1507611901574516E-003
   1.0139494861893990       -1.1668137174868493E-003  -1.1507611901574516E-003
   1.0046285025428268       -1.1560874912522818E-003  -1.1507611901574516E-003
   1.0014853158261627       -1.1524704339653262E-003  -1.1507611901574516E-003
   1.0004718607690113       -1.1513041892175877E-003  -1.1507611901574516E-003
   1.0001494320469086       -1.1509331507575998E-003  -1.1507611901574516E-003
   1.0000472761857870       -1.1508155937572739E-003  -1.1507611901574516E-003
   1.0000149522043125       -1.1507783965738817E-003  -1.1507611901574516E-003
   1.0000047285186526       -1.1507666315532039E-003  -1.1507611901574516E-003
 comp:           2
  0.14902717522328332        1.0140994998746001E-004   6.8047958256955672E-004
  0.74696192851649190        5.0829234131225345E-004   6.8047958256955672E-004
  0.92197097992431398        6.2738242756014235E-004   6.8047958256955672E-004
  0.97553579712901850        6.6383219201201430E-004   6.8047958256955672E-004
  0.99228519497246115        6.7522981526481156E-004   6.8047958256955672E-004
  0.99756252446165172        6.7882093023269795E-004   6.8047958256955672E-004
  0.99922941698517576        6.7995521656129395E-004   6.8047958256955672E-004
  0.99975634187149176        6.8031377818797976E-004   6.8047958256955672E-004
  0.99992295069936488        6.8042715209362323E-004   6.8047958256955672E-004
  0.99997563508665788        6.8046300274349637E-004   6.8047958256955672E-004
 comp:           3
   1.5277725605099077       -7.5849803979041806E-004  -4.9647313965192738E-004
   1.1931658881012668       -5.9237481459121621E-004  -4.9647313965192738E-004
   1.0633917638713044       -5.2794544768918752E-004  -4.9647313965192738E-004
   1.0202670433062726       -5.0653518227365408E-004  -4.9647313965192738E-004
   1.0064307639360155       -4.9966584121360143E-004  -4.9647313965192738E-004
   1.0020357501973085       -4.9748383494393220E-004  -4.9647313965192738E-004
   1.0006439784578127       -4.9679285765874591E-004  -4.9647313965192738E-004
   1.0002036654960584       -4.9657425410019429E-004  -4.9647313965192738E-004
   1.0000644068447440       -4.9650511592035248E-004  -4.9647313965192738E-004
   1.0000203674499837       -4.9648325154376751E-004  -4.9647313965192738E-004
 
 part: i_fks+j_fks
 comp:           0
   1.0000002193993793        143.07455145457135        143.07452006411046     
   1.0000000219399336        143.07452320315593        143.07452006411046     
   1.0000000021939932        143.07452037801500        143.07452006411046     
   1.0000000002193992        143.07452009550090        143.07452006411046     
   1.0000000000219398        143.07452006724949        143.07452006411046     
   1.0000000000021938        143.07452006442435        143.07452006411046     
   1.0000000000002194        143.07452006414184        143.07452006411046     
   1.0000000000000218        143.07452006411359        143.07452006411046     
   1.0000000000000022        143.07452006411077        143.07452006411046     
   1.0000000000000000        143.07452006411046        143.07452006411046     
 comp:           1
  0.99999922264862029       -115.45006497940146       -115.45015472473852     
  0.99999992226490231       -115.45014575020947       -115.45015472473852     
  0.99999999222649050       -115.45015382728565       -115.45015472473852     
  0.99999999922264882       -115.45015463499321       -115.45015472473852     
  0.99999999992226485       -115.45015471576399       -115.45015472473852     
  0.99999999999222622       -115.45015472384104       -115.45015472473852     
  0.99999999999922229       -115.45015472464874       -115.45015472473852     
  0.99999999999992228       -115.45015472472956       -115.45015472473852     
  0.99999999999999212       -115.45015472473762       -115.45015472473852     
  0.99999999999999900       -115.45015472473841       -115.45015472473852     
 comp:           2
  0.99999922264862040        68.269083713243958        68.269136782351623     
  0.99999992226490220        68.269131475443601        68.269136782351623     
  0.99999999222649072        68.269136251660854        68.269136782351623     
  0.99999999922264893        68.269136729282536        68.269136782351623     
  0.99999999992226496        68.269136777044721        68.269136782351623     
  0.99999999999222633        68.269136781820919        68.269136782351623     
  0.99999999999922207        68.269136782298517        68.269136782351623     
  0.99999999999992240        68.269136782346322        68.269136782351623     
  0.99999999999999212        68.269136782351083        68.269136782351623     
  0.99999999999999900        68.269136782351552        68.269136782351623     
 comp:           3
  0.99999922264862051       -49.808645550081536       -49.808684268930961     
  0.99999992226490253       -49.808680397048036       -49.808684268930961     
  0.99999999222649050       -49.808683881742681       -49.808684268930961     
  0.99999999922264904       -49.808684230212130       -49.808684268930961     
  0.99999999992226496       -49.808684265059078       -49.808684268930961     
  0.99999999999222622       -49.808684268543757       -49.808684268930961     
  0.99999999999922251       -49.808684268892236       -49.808684268930961     
  0.99999999999992240       -49.808684268927095       -49.808684268930961     
  0.99999999999999212       -49.808684268930570       -49.808684268930961     
  0.99999999999999911       -49.808684268930918       -49.808684268930961     
     
 Collinear #          62
 
 part:           1
 comp:           0
   1.0000000000000000        325.00000000000000        325.00000000000000     
   1.0000000000000000        325.00000000000000        325.00000000000000     
   1.0000000000000000        325.00000000000000        325.00000000000000     
   1.0000000000000000        325.00000000000000        325.00000000000000     
   1.0000000000000000        325.00000000000000        325.00000000000000     
   1.0000000000000000        325.00000000000000        325.00000000000000     
   1.0000000000000000        325.00000000000000        325.00000000000000     
   1.0000000000000000        325.00000000000000        325.00000000000000     
   1.0000000000000000        325.00000000000000        325.00000000000000     
   1.0000000000000000        325.00000000000000        325.00000000000000     
 comp:           1
   0.0000000000000000        0.0000000000000000     
   0.0000000000000000        0.0000000000000000     
   0.0000000000000000        0.0000000000000000     
   0.0000000000000000        0.0000000000000000     
   0.0000000000000000        0.0000000000000000     
   0.0000000000000000        0.0000000000000000     
   0.0000000000000000        0.0000000000000000     
   0.0000000000000000        0.0000000000000000     
   0.0000000000000000        0.0000000000000000     
   0.0000000000000000        0.0000000000000000     
 comp:           2
   0.0000000000000000        0.0000000000000000     
   0.0000000000000000        0.0000000000000000     
   0.0000000000000000        0.0000000000000000     
   0.0000000000000000        0.0000000000000000     
   0.0000000000000000        0.0000000000000000     
   0.0000000000000000        0.0000000000000000     
   0.0000000000000000        0.0000000000000000     
   0.0000000000000000        0.0000000000000000     
   0.0000000000000000        0.0000000000000000     
   0.0000000000000000        0.0000000000000000     
 comp:           3
   1.0000000000000000        325.00000000000000        325.00000000000000     
   1.0000000000000000        325.00000000000000        325.00000000000000     
   1.0000000000000000        325.00000000000000        325.00000000000000     
   1.0000000000000000        325.00000000000000        325.00000000000000     
   1.0000000000000000        325.00000000000000        325.00000000000000     
   1.0000000000000000        325.00000000000000        325.00000000000000     
   1.0000000000000000        325.00000000000000        325.00000000000000     
   1.0000000000000000        325.00000000000000        325.00000000000000     
   1.0000000000000000        325.00000000000000        325.00000000000000     
   1.0000000000000000        325.00000000000000        325.00000000000000     
 
 part:           2
 comp:           0
   1.0000000000000000        325.00000000000000        325.00000000000000     
   1.0000000000000000        325.00000000000000        325.00000000000000     
   1.0000000000000000        325.00000000000000        325.00000000000000     
   1.0000000000000000        325.00000000000000        325.00000000000000     
   1.0000000000000000        325.00000000000000        325.00000000000000     
   1.0000000000000000        325.00000000000000        325.00000000000000     
   1.0000000000000000        325.00000000000000        325.00000000000000     
   1.0000000000000000        325.00000000000000        325.00000000000000     
   1.0000000000000000        325.00000000000000        325.00000000000000     
   1.0000000000000000        325.00000000000000        325.00000000000000     
 comp:           1
  -0.0000000000000000       -0.0000000000000000     
  -0.0000000000000000       -0.0000000000000000     
  -0.0000000000000000       -0.0000000000000000     
  -0.0000000000000000       -0.0000000000000000     
  -0.0000000000000000       -0.0000000000000000     
  -0.0000000000000000       -0.0000000000000000     
  -0.0000000000000000       -0.0000000000000000     
  -0.0000000000000000       -0.0000000000000000     
  -0.0000000000000000       -0.0000000000000000     
  -0.0000000000000000       -0.0000000000000000     
 comp:           2
  -0.0000000000000000       -0.0000000000000000     
  -0.0000000000000000       -0.0000000000000000     
  -0.0000000000000000       -0.0000000000000000     
  -0.0000000000000000       -0.0000000000000000     
  -0.0000000000000000       -0.0000000000000000     
  -0.0000000000000000       -0.0000000000000000     
  -0.0000000000000000       -0.0000000000000000     
  -0.0000000000000000       -0.0000000000000000     
  -0.0000000000000000       -0.0000000000000000     
  -0.0000000000000000       -0.0000000000000000     
 comp:           3
   1.0000000000000000       -325.00000000000000       -325.00000000000000     
   1.0000000000000000       -325.00000000000000       -325.00000000000000     
   1.0000000000000000       -325.00000000000000       -325.00000000000000     
   1.0000000000000000       -325.00000000000000       -325.00000000000000     
   1.0000000000000000       -325.00000000000000       -325.00000000000000     
   1.0000000000000000       -325.00000000000000       -325.00000000000000     
   1.0000000000000000       -325.00000000000000       -325.00000000000000     
   1.0000000000000000       -325.00000000000000       -325.00000000000000     
   1.0000000000000000       -325.00000000000000       -325.00000000000000     
   1.0000000000000000       -325.00000000000000       -325.00000000000000     
 
 part:           3
 comp:           0
  0.99999944237673910        129.14007708488217        129.14014909643322     
  0.99999994423771543        129.14014189528348        129.14014909643322     
  0.99999999442377185        129.14014837631828        129.14014909643322     
  0.99999999944237750        129.14014902442176        129.14014909643322     
  0.99999999994423772        129.14014908923207        129.14014909643322     
  0.99999999999442368        129.14014909571310        129.14014909643322     
  0.99999999999944256        129.14014909636123        129.14014909643322     
  0.99999999999994427        129.14014909642603        129.14014909643322     
  0.99999999999999445        129.14014909643251        129.14014909643322     
  0.99999999999999933        129.14014909643313        129.14014909643322     
 comp:           1
  0.99999860263610774        58.875136616154045        58.875218886259063     
  0.99999986026378507        58.875210659258819        58.875218886259063     
  0.99999998602638007        58.875218063559132        58.875218886259063     
  0.99999999860263777        58.875218803989057        58.875218886259063     
  0.99999999986026367        58.875218878032058        58.875218886259063     
  0.99999999998602640        58.875218885436361        58.875218886259063     
  0.99999999999860278        58.875218886176803        58.875218886259063     
  0.99999999999986033        58.875218886250842        58.875218886259063     
  0.99999999999998601        58.875218886258239        58.875218886259063     
  0.99999999999999856        58.875218886258978        58.875218886259063     
 comp:           2
  0.99999889675747899        79.883031064198860        79.883119194652664     
  0.99999988967588538        79.883110381618266        79.883119194652664     
  0.99999998896758979        79.883118313349328        79.883119194652664     
  0.99999999889675883        79.883119106522315        79.883119194652664     
  0.99999999988967569        79.883119185839618        79.883119194652664     
  0.99999999998896760        79.883119193771364        79.883119194652664     
  0.99999999999889688        79.883119194564543        79.883119194652664     
  0.99999999999988975        79.883119194643854        79.883119194652664     
  0.99999999999998901        79.883119194651783        79.883119194652664     
  0.99999999999999878        79.883119194652565        79.883119194652664     
 comp:           3
   1.0000003785615010        82.622160567941748        82.622129290384464     
   1.0000000378561029        82.622132418136289        82.622129290384464     
   1.0000000037856098        82.622129603159607        82.622129290384464     
   1.0000000003785612        82.622129321661987        82.622129290384464     
   1.0000000000378562        82.622129293512216        82.622129290384464     
   1.0000000000037856        82.622129290697245        82.622129290384464     
   1.0000000000003786        82.622129290415742        82.622129290384464     
   1.0000000000000377        82.622129290387591        82.622129290384464     
   1.0000000000000038        82.622129290384777        82.622129290384464     
   1.0000000000000004        82.622129290384493        82.622129290384464     
 
 part:           4
 comp:           0
  0.99999906522289461        58.921619005417746        58.921674084049691     
  0.99999990652238768        58.921668576192282        58.921674084049691     
  0.99999999065223955        58.921673533263998        58.921674084049691     
  0.99999999906522419        58.921674028971132        58.921674084049691     
  0.99999999990652222        58.921674078541827        58.921674084049691     
  0.99999999999065226        58.921674083498907        58.921674084049691     
  0.99999999999906530        58.921674083994617        58.921674084049691     
  0.99999999999990652        58.921674084044184        58.921674084049691     
  0.99999999999999056        58.921674084049137        58.921674084049691     
  0.99999999999999900        58.921674084049634        58.921674084049691     
 comp:           1
  0.99999898011035071        36.804602935307948        36.804640471979809     
  0.99999989801114486        36.804636718316665        36.804640471979809     
  0.99999998980111549        36.804640096613532        36.804640471979809     
  0.99999999898011149        36.804640434443179        36.804640471979809     
  0.99999999989801114        36.804640468226147        36.804640471979809     
  0.99999999998980116        36.804640471604444        36.804640471979809     
  0.99999999999898026        36.804640471942278        36.804640471979809     
  0.99999999999989808        36.804640471976057        36.804640471979809     
  0.99999999999998979        36.804640471979432        36.804640471979809     
  0.99999999999999889        36.804640471979766        36.804640471979809     
 comp:           2
  0.99999912590292828        46.002313529196279        46.002353739718977     
  0.99999991259038701        46.002349718671042        46.002353739718977     
  0.99999999125903960        46.002353337614224        46.002353739718977     
  0.99999999912590387        46.002353699508497        46.002353739718977     
  0.99999999991259025        46.002353735697923        46.002353739718977     
  0.99999999999125910        46.002353739316874        46.002353739718977     
  0.99999999999912592        46.002353739678767        46.002353739718977     
  0.99999999999991274        46.002353739714962        46.002353739718977     
  0.99999999999999123        46.002353739718572        46.002353739718977     
  0.99999999999999911        46.002353739718934        46.002353739718977     
 comp:           3
  0.99998547703359419      -0.98261841802949479      -0.98263268877102306     
  0.99999854770492369      -0.98263126169840731      -0.98263268877102306     
  0.99999985477050668      -0.98263254606377559      -0.98263268877102306     
  0.99999998547704883      -0.98263267450029645      -0.98263268877102306     
  0.99999999854770394      -0.98263268734394948      -0.98263268877102306     
  0.99999999985477050      -0.98263268862831576      -0.98263268877102306     
  0.99999999998547850      -0.98263268875675380      -0.98263268877102306     
  0.99999999999854894      -0.98263268876959720      -0.98263268877102306     
  0.99999999999985478      -0.98263268877088039      -0.98263268877102306     
  0.99999999999998446      -0.98263268877100773      -0.98263268877102306     
 
 part:           5
 comp:           0
  0.99999934423372761        196.53861285956677        196.53874174304482     
  0.99999993442342916        196.53872885470810        196.53874174304482     
  0.99999999344234347        196.53874045421125        196.53874174304482     
  0.99999999934423445        196.53874161416149        196.53874174304482     
  0.99999999993442346        196.53874173015649        196.53874174304482     
  0.99999999999344236        196.53874174175598        196.53874174304482     
  0.99999999999934430        196.53874174291596        196.53874174304482     
  0.99999999999993450        196.53874174303195        196.53874174304482     
  0.99999999999999345        196.53874174304354        196.53874174304482     
  0.99999999999999922        196.53874174304468        196.53874174304482     
 comp:           1
  0.99999842747144341        79.621378891424754        79.621504098513668     
  0.99999984274733356        79.621491577819839        79.621504098513668     
  0.99999998427473513        79.621502846444429        79.621504098513668     
  0.99999999842747334        79.621503973306730        79.621504098513668     
  0.99999999984274723        79.621504085992967        79.621504098513668     
  0.99999999998427469        79.621504097261592        79.621504098513668     
  0.99999999999842759        79.621504098388471        79.621504098513668     
  0.99999999999984290        79.621504098501163        79.621504098513668     
  0.99999999999998435        79.621504098512418        79.621504098513668     
  0.99999999999999845        79.621504098513540        79.621504098513668     
 comp:           2
  0.99999783329287928        61.903003509971562        61.903137635940674     
  0.99999978332954853        61.903124223359896        61.903137635940674     
  0.99999997833295728        61.903136294682746        61.903137635940674     
  0.99999999783329541        61.903137501814861        61.903137635940674     
  0.99999999978332943        61.903137622528085        61.903137635940674     
  0.99999999997833300        61.903137634599418        61.903137635940674     
  0.99999999999783351        61.903137635806559        61.903137635940674     
  0.99999999999978351        61.903137635927273        61.903137635940674     
  0.99999999999997835        61.903137635939331        61.903137635940674     
  0.99999999999999767        61.903137635940531        61.903137635940674     
 comp:           3
  0.99999967898884212       -148.28575309268501       -148.28580069408159     
  0.99999996789892287       -148.28579593394767       -148.28580069408159     
  0.99999999678989271       -148.28580021806826       -148.28580069408159     
  0.99999999967898923       -148.28580064648025       -148.28580069408159     
  0.99999999996789901       -148.28580068932146       -148.28580069408159     
  0.99999999999678990       -148.28580069360558       -148.28580069408159     
  0.99999999999967892       -148.28580069403398       -148.28580069408159     
  0.99999999999996803       -148.28580069407684       -148.28580069408159     
  0.99999999999999678       -148.28580069408110       -148.28580069408159     
  0.99999999999999967       -148.28580069408153       -148.28580069408159     
 
 part:           6
 comp:           0
   1.0000009645073578        265.39342175835418        265.39316578469305     
   1.0000000964506521        265.39319138203695        265.39316578469305     
   1.0000000096450645        265.39316834442724        265.39316578469305     
   1.0000000009645065        265.39316604066647        265.39316578469305     
   1.0000000000964508        265.39316581029044        265.39316578469305     
   1.0000000000096450        265.39316578725277        265.39316578469305     
   1.0000000000009648        265.39316578494908        265.39316578469305     
   1.0000000000000964        265.39316578471863        265.39316578469305     
   1.0000000000000095        265.39316578469561        265.39316578469305     
   1.0000000000000011        265.39316578469334        265.39316578469305     
 comp:           1
   1.0000072307592069       -175.29849000256297       -175.29722247055764     
   1.0000021244095334       -175.29759487364825       -175.29722247055764     
   1.0000006523915705       -175.29733683298792       -175.29722247055764     
   1.0000002042646652       -175.29725827758608       -175.29722247055764     
   1.0000000643870630       -175.29723375743094       -175.29722247055764     
   1.0000000203401289       -175.29722603612575       -175.29722247055764     
   1.0000000064300423       -175.29722359772620       -175.29722247055764     
   1.0000000020331492       -175.29722282696306       -175.29722247055764     
   1.0000000006429173       -175.29722258325924       -175.29722247055764     
   1.0000000002033063       -175.29722250619665       -175.29722247055764     
 comp:           2
  0.99999200386125098       -187.78267306081244       -187.78417460912749     
  0.99999719652808161       -187.78364816146726       -187.78417460912749     
  0.99999909053906333       -187.78400382675616       -187.78417460912749     
  0.99999971025237333       -187.78412019910857       -187.78417460912749     
  0.99999990816314799       -187.78415736362004       -187.78417460912749     
  0.99999997093777415       -187.78416915170141       -187.78417460912749     
  0.99999999080761204       -187.78417288294250       -187.78417460912749     
  0.99999999709290288       -187.78417406322066       -187.78417460912749     
  0.99999999908067427       -187.78417443649266       -187.78417460912749     
  0.99999999970928166       -187.78417455453518       -187.78417460912749     
 comp:           3
   1.0000287518906679        66.646645928846368        66.644729766862525     
   1.0000090892939675        66.645335520402753        66.644729766862525     
   1.0000028598558373        66.644920361181974        66.644729766862525     
   1.0000009024832719        66.644789912616304        66.644729766862525     
   1.0000002851881367        66.644748773148820        66.644729766862525     
   1.0000000901635806        66.644735775789982        66.644729766862525     
   1.0000000285102046        66.644731666917409        66.644729766862525     
   1.0000000090155097        66.644730367698727        66.644729766862525     
   1.0000000028509335        66.644729956862221        66.644729766862525     
   1.0000000009015420        66.644729826945550        66.644729766862525     
 
 part:           7
 comp:           0
   1.0000000000000000        6.2692917792030378E-003   6.2692917792030378E-003
   1.0000000000000000        6.2692917792030378E-003   6.2692917792030378E-003
   1.0000000000000000        6.2692917792030378E-003   6.2692917792030378E-003
   1.0000000000000000        6.2692917792030378E-003   6.2692917792030378E-003
   1.0000000000000000        6.2692917792030378E-003   6.2692917792030378E-003
   1.0000000000000000        6.2692917792030378E-003   6.2692917792030378E-003
   1.0000000000000000        6.2692917792030378E-003   6.2692917792030378E-003
   1.0000000000000000        6.2692917792030378E-003   6.2692917792030378E-003
   1.0000000000000000        6.2692917792030378E-003   6.2692917792030378E-003
   1.0000000000000000        6.2692917792030378E-003   6.2692917792030378E-003
 comp:           1
  0.63473776536491233       -2.6284403237974117E-003  -4.1409861949624422E-003
  0.90415219245372080       -3.7440817470958832E-003  -4.1409861949624422E-003
  0.97179112408137713       -4.0241736292080162E-003  -4.1409861949624422E-003
  0.99129385118858104       -4.1049341529230676E-003  -4.1409861949624422E-003
  0.99726843458849124       -4.1296748203027474E-003  -4.1409861949624422E-003
  0.99913836509014131       -4.1374181766956194E-003  -4.1409861949624422E-003
  0.99972774273930731       -4.1398587814044357E-003  -4.1409861949624422E-003
  0.99991392631413079       -4.1406297650175084E-003  -4.1409861949624422E-003
  0.99997278327391370       -4.1408734908754468E-003  -4.1409861949624422E-003
  0.99999139353316235       -4.1409505557020799E-003  -4.1409861949624422E-003
 comp:           2
   1.2793264678852783       -5.6750425542714056E-003  -4.4359611848351962E-003
   1.1127604539964144       -4.9361621819476852E-003  -4.4359611848351962E-003
   1.0379078396476806       -4.6041188901132643E-003  -4.4359611848351962E-003
   1.0122064982096681       -4.4901087370960444E-003  -4.4359611848351962E-003
   1.0038817428979807       -4.4531804456601487E-003  -4.4359611848351962E-003
   1.0012296774380050       -4.4414159862200542E-003  -4.4359611848351962E-003
   1.0003890752153357       -4.4376871073884064E-003  -4.4359611848351962E-003
   1.0001230580111924       -4.4365070653963291E-003  -4.4359611848351962E-003
   1.0000389165205250       -4.4361338170096944E-003  -4.4359611848351962E-003
   1.0000123066985147       -4.4360157768721211E-003  -4.4359611848351962E-003
 comp:           3
 -0.27629994204841490       -4.3498607360147653E-004   1.5743256056320696E-003
  0.60931303129524406        9.5925710701339720E-004   1.5743256056320696E-003
  0.87834421640877258        1.3827997904511664E-003   1.5743256056320696E-003
  0.96173669338618650        1.5140867022737921E-003   1.5743256056320696E-003
  0.98792143049559100        1.5553100043818719E-003   1.5743256056320696E-003
  0.99618258196916265        1.5683157466787208E-003   1.5743256056320696E-003
  0.99879304000492297        1.5724254576068462E-003   1.5743256056320696E-003
  0.99961834734867050        1.5737247600906242E-003   1.5743256056320696E-003
  0.99987931300187627        1.5741356050006565E-003   1.5743256056320696E-003
  0.99996183564276953        1.5742655225072591E-003   1.5743256056320696E-003
 
 part: i_fks+j_fks
 comp:           0
   1.0000009644845742        265.39969105013336        265.39943507647223     
   1.0000000964483737        265.39946067381612        265.39943507647223     
   1.0000000096448367        265.39943763620641        265.39943507647223     
   1.0000000009644836        265.39943533244565        265.39943507647223     
   1.0000000000964486        265.39943510206962        265.39943507647223     
   1.0000000000096447        265.39943507903195        265.39943507647223     
   1.0000000000009646        265.39943507672825        265.39943507647223     
   1.0000000000000964        265.39943507649781        265.39943507647223     
   1.0000000000000095        265.39943507647479        265.39943507647223     
   1.0000000000000011        265.39943507647251        265.39943507647223     
 comp:           1
  0.99999860232766602       -175.30111844288678       -175.30136345675260     
  0.99999986023293397       -175.30133895539535       -175.30136345675260     
  0.99999998602329487       -175.30136100661713       -175.30136345675260     
  0.99999999860232924       -175.30136321173902       -175.30136345675260     
  0.99999999986023291       -175.30136343225124       -175.30136345675260     
  0.99999999998602318       -175.30136345430245       -175.30136345675260     
  0.99999999999860245       -175.30136345650760       -175.30136345675260     
  0.99999999999986011       -175.30136345672807       -175.30136345675260     
  0.99999999999998590       -175.30136345675012       -175.30136345675260     
  0.99999999999999856       -175.30136345675234       -175.30136345675260     
 comp:           2
  0.99999860232766602       -187.78834810336670       -187.78861057031233     
  0.99999986023293397       -187.78858432364919       -187.78861057031233     
  0.99999998602329476       -187.78860794564628       -187.78861057031233     
  0.99999999860232913       -187.78861030784566       -187.78861057031233     
  0.99999999986023314       -187.78861054406570       -187.78861057031233     
  0.99999999998602307       -187.78861056768761       -187.78861057031233     
  0.99999999999860245       -187.78861057004988       -187.78861057031233     
  0.99999999999986011       -187.78861057028607       -187.78861057031233     
  0.99999999999998590       -187.78861057030969       -187.78861057031233     
  0.99999999999999845       -187.78861057031204       -187.78861057031233     
 comp:           3
  0.99999860232766613        66.646210942772768        66.646304092468156     
  0.99999986023293386        66.646294777509766        66.646304092468156     
  0.99999998602329498        66.646303160972423        66.646304092468156     
  0.99999999860232935        66.646303999318576        66.646304092468156     
  0.99999999986023291        66.646304083153197        66.646304092468156     
  0.99999999998602329        66.646304091536663        66.646304092468156     
  0.99999999999860245        66.646304092375019        66.646304092468156     
  0.99999999999985989        66.646304092458820        66.646304092468156     
  0.99999999999998590        66.646304092467219        66.646304092468156     
  0.99999999999999856        66.646304092468057        66.646304092468156     
     
 Collinear #          69
 
 part:           1
 comp:           0
   1.0000000000000000        325.00000000000000        325.00000000000000     
   1.0000000000000000        325.00000000000000        325.00000000000000     
   1.0000000000000000        325.00000000000000        325.00000000000000     
   1.0000000000000000        325.00000000000000        325.00000000000000     
   1.0000000000000000        325.00000000000000        325.00000000000000     
   1.0000000000000000        325.00000000000000        325.00000000000000     
   1.0000000000000000        325.00000000000000        325.00000000000000     
   1.0000000000000000        325.00000000000000        325.00000000000000     
   1.0000000000000000        325.00000000000000        325.00000000000000     
   1.0000000000000000        325.00000000000000        325.00000000000000     
 comp:           1
   0.0000000000000000        0.0000000000000000     
   0.0000000000000000        0.0000000000000000     
   0.0000000000000000        0.0000000000000000     
   0.0000000000000000        0.0000000000000000     
   0.0000000000000000        0.0000000000000000     
   0.0000000000000000        0.0000000000000000     
   0.0000000000000000        0.0000000000000000     
   0.0000000000000000        0.0000000000000000     
   0.0000000000000000        0.0000000000000000     
   0.0000000000000000        0.0000000000000000     
 comp:           2
   0.0000000000000000        0.0000000000000000     
   0.0000000000000000        0.0000000000000000     
   0.0000000000000000        0.0000000000000000     
   0.0000000000000000        0.0000000000000000     
   0.0000000000000000        0.0000000000000000     
   0.0000000000000000        0.0000000000000000     
   0.0000000000000000        0.0000000000000000     
   0.0000000000000000        0.0000000000000000     
   0.0000000000000000        0.0000000000000000     
   0.0000000000000000        0.0000000000000000     
 comp:           3
   1.0000000000000000        325.00000000000000        325.00000000000000     
   1.0000000000000000        325.00000000000000        325.00000000000000     
   1.0000000000000000        325.00000000000000        325.00000000000000     
   1.0000000000000000        325.00000000000000        325.00000000000000     
   1.0000000000000000        325.00000000000000        325.00000000000000     
   1.0000000000000000        325.00000000000000        325.00000000000000     
   1.0000000000000000        325.00000000000000        325.00000000000000     
   1.0000000000000000        325.00000000000000        325.00000000000000     
   1.0000000000000000        325.00000000000000        325.00000000000000     
   1.0000000000000000        325.00000000000000        325.00000000000000     
 
 part:           2
 comp:           0
   1.0000000000000000        325.00000000000000        325.00000000000000     
   1.0000000000000000        325.00000000000000        325.00000000000000     
   1.0000000000000000        325.00000000000000        325.00000000000000     
   1.0000000000000000        325.00000000000000        325.00000000000000     
   1.0000000000000000        325.00000000000000        325.00000000000000     
   1.0000000000000000        325.00000000000000        325.00000000000000     
   1.0000000000000000        325.00000000000000        325.00000000000000     
   1.0000000000000000        325.00000000000000        325.00000000000000     
   1.0000000000000000        325.00000000000000        325.00000000000000     
   1.0000000000000000        325.00000000000000        325.00000000000000     
 comp:           1
  -0.0000000000000000       -0.0000000000000000     
  -0.0000000000000000       -0.0000000000000000     
  -0.0000000000000000       -0.0000000000000000     
  -0.0000000000000000       -0.0000000000000000     
  -0.0000000000000000       -0.0000000000000000     
  -0.0000000000000000       -0.0000000000000000     
  -0.0000000000000000       -0.0000000000000000     
  -0.0000000000000000       -0.0000000000000000     
  -0.0000000000000000       -0.0000000000000000     
  -0.0000000000000000       -0.0000000000000000     
 comp:           2
  -0.0000000000000000       -0.0000000000000000     
  -0.0000000000000000       -0.0000000000000000     
  -0.0000000000000000       -0.0000000000000000     
  -0.0000000000000000       -0.0000000000000000     
  -0.0000000000000000       -0.0000000000000000     
  -0.0000000000000000       -0.0000000000000000     
  -0.0000000000000000       -0.0000000000000000     
  -0.0000000000000000       -0.0000000000000000     
  -0.0000000000000000       -0.0000000000000000     
  -0.0000000000000000       -0.0000000000000000     
 comp:           3
   1.0000000000000000       -325.00000000000000       -325.00000000000000     
   1.0000000000000000       -325.00000000000000       -325.00000000000000     
   1.0000000000000000       -325.00000000000000       -325.00000000000000     
   1.0000000000000000       -325.00000000000000       -325.00000000000000     
   1.0000000000000000       -325.00000000000000       -325.00000000000000     
   1.0000000000000000       -325.00000000000000       -325.00000000000000     
   1.0000000000000000       -325.00000000000000       -325.00000000000000     
   1.0000000000000000       -325.00000000000000       -325.00000000000000     
   1.0000000000000000       -325.00000000000000       -325.00000000000000     
   1.0000000000000000       -325.00000000000000       -325.00000000000000     
 
 part:           3
 comp:           0
  0.99990729176662074        181.08300980525638        181.09979924770997     
  0.99999101630894605        181.09817230306359        181.09979924770997     
  0.99999910440469642        181.09963705558027        181.09979924770997     
  0.99999991046811343        181.09978303350329        181.09979924770997     
  0.99999999104708792        181.09979762633938        181.09979924770997     
  0.99999999910471138        181.09979908557338        181.09979924770997     
  0.99999999991047106        181.09979923149629        181.09979924770997     
  0.99999999999104727        181.09979924608862        181.09979924770997     
  0.99999999999910461        181.09979924754782        181.09979924770997     
  0.99999999999991052        181.09979924769377        181.09979924770997     
 comp:           1
   1.0003541287557853        35.000489119498788        34.988098827593674     
   1.0000343146399531        34.989299431607584        34.988098827593674     
   1.0000034208551325        34.988218516811123        34.988098827593674     
   1.0000003419797854        34.988110792816201        34.988098827593674     
   1.0000000341969213        34.988100024078939        34.988098827593674     
   1.0000000034196816        34.988098947241838        34.988098827593674     
   1.0000000003419682        34.988098839558489        34.988098827593674     
   1.0000000000341966        34.988098828790150        34.988098827593674     
   1.0000000000034199        34.988098827713330        34.988098827593674     
   1.0000000000003415        34.988098827605626        34.988098827593674     
 comp:           2
  0.99988277462111286       -172.87739230009754       -172.89766029383418     
  0.99998864100527229       -172.89569635022247       -172.89766029383418     
  0.99999886761232326       -172.89746450665433       -172.89766029383418     
  0.99999988679623086       -172.89764072116736       -172.89766029383418     
  0.99999998867997308       -172.89765833662801       -172.89766029383418     
  0.99999999886800073       -172.89766009811416       -172.89766029383418     
  0.99999999988680022       -172.89766027426219       -172.89766029383418     
  0.99999999998868017       -172.89766029187700       -172.89766029383418     
  0.99999999999886791       -172.89766029363844       -172.89766029383418     
  0.99999999999988687       -172.89766029381462       -172.89766029383418     
 comp:           3
   1.0000179391424004       -40.942297249233853       -40.941562792708815     
   1.0000017382807878       -40.941633960640836       -40.941562792708815     
   1.0000001732906645       -40.941569887499433       -40.941562792708815     
   1.0000000173237107       -40.941563501968602       -40.941562792708815     
   1.0000000017323174       -40.941562863632598       -40.941562792708815     
   1.0000000001732312       -40.941562799801176       -40.941562792708815     
   1.0000000000173230       -40.941562793418051       -40.941562792708815     
   1.0000000000017324       -40.941562792779742       -40.941562792708815     
   1.0000000000001732       -40.941562792715906       -40.941562792708815     
   1.0000000000000173       -40.941562792709526       -40.941562792708815     
 
 part:           4
 comp:           0
  0.99987196410114876        84.326057833201162        84.336855978362635     
  0.99998759324502351        84.335809631655025        84.336855978362635     
  0.99999876315797365        84.336751666994786        84.336855978362635     
  0.99999987635400178        84.336845550447890        84.336855978362635     
  0.99999998763578224        84.336854935603384        84.336855978362635     
  0.99999999876358192        84.336855874087021        84.336855978362635     
  0.99999999987635813        84.336855967935065        84.336855978362635     
  0.99999999998763589        84.336855977319885        84.336855978362635     
  0.99999999999876354        84.336855978258356        84.336855978362635     
  0.99999999999987654        84.336855978352219        84.336855978362635     
 comp:           1
  0.99985587016130140       -40.027346835264929       -40.033116801932195     
  0.99998603377347273       -40.032557690354345       -40.033116801932195     
  0.99999860769306093       -40.033061063545880       -40.033116801932195     
  0.99999986081231662       -40.033111229815411       -40.033116801932195     
  0.99999998608166174       -40.033116244737734       -40.033116801932195     
  0.99999999860817046       -40.033116746212919       -40.033116801932195     
  0.99999999986081711       -40.033116796360268       -40.033116801932195     
  0.99999999998608191       -40.033116801375009       -40.033116801932195     
  0.99999999999860811       -40.033116801876474       -40.033116801932195     
  0.99999999999986100       -40.033116801926631       -40.033116801932195     
 comp:           2
  0.99986995288268832       -72.568026961468078       -72.577465451631852     
  0.99998739839358730       -72.576550858977797       -72.577465451631852     
  0.99999874373339026       -72.577374274985388       -72.577465451631852     
  0.99999987441214711       -72.577456336783797       -72.577465451631852     
  0.99999998744160279       -72.577464540175214       -72.577465451631852     
  0.99999999874416401       -72.577465360486457       -72.577465451631852     
  0.99999999987441657       -72.577465442517322       -72.577465451631852     
  0.99999999998744182       -72.577465450720410       -72.577465451631852     
  0.99999999999874412       -72.577465451540704       -72.577465451631852     
  0.99999999999987454       -72.577465451622743       -72.577465451631852     
 comp:           3
   1.0000219605184268       -15.574883560959234       -15.574541535952843     
   1.0000021279811160       -15.574574678283122       -15.574541535952843     
   1.0000002121405425       -15.574544839944535       -15.574541535952843     
   1.0000000212075009       -15.574541866249946       -15.574541535952843     
   1.0000000021206845       -15.574541568981532       -15.574541535952843     
   1.0000000002120677       -15.574541539255701       -15.574541535952843     
   1.0000000000212068       -15.574541536283128       -15.574541535952843     
   1.0000000000021205       -15.574541535985871       -15.574541535952843     
   1.0000000000002121       -15.574541535956145       -15.574541535952843     
   1.0000000000000213       -15.574541535953173       -15.574541535952843     
 
 part:           5
 comp:           0
  0.99998915432526847        161.02089854562109        161.02264494485257     
  0.99999894835787617        161.02247560665626        161.02264494485257     
  0.99999989515408505        161.02262806228603        161.02264494485257     
  0.99999998951858071        161.02264325710672        161.02264494485257     
  0.99999999895188996        161.02264477608313        161.02264494485257     
  0.99999999989518928        161.02264492797568        161.02264494485257     
  0.99999999998951883        161.02264494316486        161.02264494485257     
  0.99999999999895195        161.02264494468380        161.02264494485257     
  0.99999999999989519        161.02264494483569        161.02264494485257     
  0.99999999999998956        161.02264494485090        161.02264494485257     
 comp:           1
  0.99990118640403824       -111.48300884609914       -111.49402597173366     
  0.99999042543828709       -111.49295846530137       -111.49402597173366     
  0.99999904550734986       -111.49391955150534       -111.49402597173366     
  0.99999990458026933       -111.49401533300373       -111.49402597173366     
  0.99999999045832222       -111.49402490789359       -111.49402597173366     
  0.99999999904583514       -111.49402586534998       -111.49402597173366     
  0.99999999990458355       -111.49402596109530       -111.49402597173366     
  0.99999999999045841       -111.49402597066984       -111.49402597173366     
  0.99999999999904587       -111.49402597162728       -111.49402597173366     
  0.99999999999990463       -111.49402597172303       -111.49402597173366     
 comp:           2
   1.0003286186856633        54.859009851889716        54.840988078466900     
   1.0000318415685139        54.842734301546173        54.840988078466900     
   1.0000031743012396        54.841162160283339        54.840988078466900     
   1.0000003173319032        54.841005481262023        54.840988078466900     
   1.0000000317322082        54.840989818692556        54.840988078466900     
   1.0000000031732112        54.840988252488941        54.840988078466900     
   1.0000000003173208        54.840988095869093        54.840988078466900     
   1.0000000000317320        54.840988080207111        54.840988078466900     
   1.0000000000031735        54.840988078640933        54.840988078466900     
   1.0000000000003171        54.840988078484287        54.840988078466900     
 comp:           3
  0.99998970329870873        63.423509763805335        63.424162823464577     
  0.99999900229921812        63.424099545127739        63.424162823464577     
  0.99999990053873045        63.424156515216822        63.424162823464577     
  0.99999999005695062        63.424162192834991        63.424162823464577     
  0.99999999900572578        63.424162760403568        63.424162823464577     
  0.99999999990057287        63.424162817158496        63.424162823464577     
  0.99999999999005729        63.424162822833971        63.424162823464577     
  0.99999999999900568        63.424162823401517        63.424162823464577     
  0.99999999999990052        63.424162823458268        63.424162823464577     
  0.99999999999999001        63.424162823463945        63.424162823464577     
 
 part:           6
 comp:           0
   1.0354793306731567       0.85612486170004731       0.82679087485356906     
   1.0034381481904195       0.82963350440380224       0.82679087485356906     
   1.0003427542232108       0.82707426091763736       0.82679087485356906     
   1.0000342648523406       0.82681920472081238       0.82679087485356906     
   1.0000034263795701       0.82679370775293137       0.82679087485356906     
   1.0000003426369004       0.82679115814263171       0.82679087485356906     
   1.0000000342636794       0.82679090318246651       0.82679087485356906     
   1.0000000034263679       0.82679087768645876       0.82679087485356906     
   1.0000000003426366       0.82679087513685789       0.82679087485356906     
   1.0000000000342635       0.82679087488189784       0.82679087485356906     
 comp:           1
  0.19719439749938705        8.4997292410384451E-002  0.43103299834189585     
  0.76286828908240156       0.32882140598313969       0.43103299834189585     
  0.92648702225491064       0.39934647912738891       0.43103299834189585     
  0.97689573854312395       0.42107429925166345       0.43103299834189585     
  0.99270790726230063       0.42788986574497812       0.43103299834189585     
  0.99769544792183940       0.43003966034981123       0.43103299834189585     
  0.99927136536279249       0.43071893276952455       0.43103299834189585     
  0.99976961824931887       0.43093369620513650       0.43103299834189585     
  0.99992720745541885       0.43100162235314810       0.43103299834189585     
  0.99997726356694172       0.43102319818898316       0.43103299834189585     
 comp:           2
   1.2080617107524283       0.85178279272219237       0.70508218673007073     
   1.0798212803734657       0.76136274964338801       0.70508218673007073     
   1.0266306805252727       0.72385900518893986       0.70508218673007073     
   1.0085612348440021       0.71111856091498937       0.70508218673007073     
   1.0027213323064361       0.70700094966351190       0.70508218673007073     
   1.0008619645290031       0.70568994256506401       0.70508218673007073     
   1.0002727220888157       0.70527447821682243       0.70508218673007073     
   1.0000862493502418       0.70514299961054328       0.70508218673007073     
   1.0000272536957460       0.70510140282546374       0.70508218673007073     
   1.0000085127623712       0.70508818892717851       0.70508218673007073     
 comp:           3
  0.54134896613610106       -1.3831598905022831E-002  -2.5550245350510960E-002
  0.87077643742767030       -2.2248551621720829E-002  -2.5550245350510960E-002
  0.96058140542655424       -2.4543090587787100E-002  -2.5550245350510960E-002
  0.98767640686350533       -2.5235374522273649E-002  -2.5550245350510960E-002
  0.99611702528546675       -2.5451034393864806E-002  -2.5550245350510960E-002
  0.99877350351106653       -2.5518908064297168E-002  -2.5550245350510960E-002
  0.99961228200692354       -2.5540339060661048E-002  -2.5550245350510960E-002
  0.99987741680856235       -2.5547113319893879E-002  -2.5550245350510960E-002
  0.99996126867218993       -2.5549255755582662E-002  -2.5550245350510960E-002
  0.99998790250365710       -2.5549936256511273E-002  -2.5550245350510960E-002
 
 part:           7
 comp:           0
   1.0000000000000000        222.71390895422127        222.71390895422127     
   1.0000000000000000        222.71390895422127        222.71390895422127     
   1.0000000000000000        222.71390895422127        222.71390895422127     
   1.0000000000000000        222.71390895422127        222.71390895422127     
   1.0000000000000000        222.71390895422127        222.71390895422127     
   1.0000000000000000        222.71390895422127        222.71390895422127     
   1.0000000000000000        222.71390895422127        222.71390895422127     
   1.0000000000000000        222.71390895422127        222.71390895422127     
   1.0000000000000000        222.71390895422127        222.71390895422127     
   1.0000000000000000        222.71390895422127        222.71390895422127     
 comp:           1
   1.0027289962091184        116.42486926945492        116.10801094773028     
   1.0008559647997024        116.20739531806500        116.10801094773028     
   1.0002704780757685        116.13941561911274        116.10801094773028     
   1.0000855283191912        116.11794147075126        116.10801094773028     
   1.0000270464979244        116.11115126280738        116.10801094773028     
   1.0000085528658433        116.10900400397125        116.10801094773028     
   1.0000027047005173        116.10832498512755        116.10801094773028     
   1.0000008552322828        116.10811024704954        116.10801094773028     
   1.0000002702286150        116.10804232343726        116.10801094773028     
   1.0000000844052417        116.10802074785501        116.10801094773028     
 comp:           2
  0.99897630795444292        189.73462661695373        189.92905548026906     
  0.99967932593512709        189.86815015801074        189.92905548026906     
  0.99989871026287724        189.90981761616749        189.92905548026906     
  0.99996797507111523        189.92297301577415        189.92905548026906     
  0.99998987320914612        189.92713210844713        189.92905548026906     
  0.99999679766362815        189.92844726354662        189.92905548026906     
  0.99999898731884396        189.92886314269359        189.92905548026906     
  0.99999967978838622        189.92899466277970        189.92905548026906     
  0.99999989882245111        189.92903626371276        189.92905548026906     
  0.99999996839744620        189.92904947802586        189.92905548026906     
 comp:           3
   1.0014513757038517       -6.8924973547072614       -6.8825082494524477     
   1.0004553725206067       -6.8856423545820977       -6.8825082494524477     
   1.0001439079615693       -6.8834986971851100       -6.8825082494524477     
   1.0000455067586431       -6.8828214500942142       -6.8825082494524477     
   1.0000143906755463       -6.8826072933956102       -6.8825082494524477     
   1.0000045507515256       -6.8825395700373644       -6.8825082494524477     
   1.0000014391003049       -6.8825181540721685       -6.8825082494524477     
   1.0000004550468362       -6.8825113813160517       -6.8825082494524477     
   1.0000001437816259       -6.8825092390306741       -6.8825082494524477     
   1.0000000449098376       -6.8825085585447763       -6.8825082494524477     
 
 part: i_fks+j_fks
 comp:           0
   1.0001312243670566        223.57003381592131        223.54069982907484     
   1.0000127163847676        223.54354245862507        223.54069982907484     
   1.0000012677157417        223.54098321513891        223.54069982907484     
   1.0000001267324798        223.54072815894207        223.54069982907484     
   1.0000000126728572        223.54070266197419        223.54069982907484     
   1.0000000012672818        223.54070011236391        223.54069982907484     
   1.0000000001267282        223.54069985740372        223.54069982907484     
   1.0000000000126728        223.54069983190772        223.54069982907484     
   1.0000000000012672        223.54069982935812        223.54069982907484     
   1.0000000000001268        223.54069982910318        223.54069982907484     
 comp:           1
  0.99974963425802277        116.50986656186529        116.53904394607217     
  0.99997574013027479        116.53621672404813        116.53904394607217     
  0.99999758151583795        116.53876209824013        116.53904394607217     
  0.99999975822635667        116.53901577000292        116.53904394607217     
  0.99999997582338318        116.53904112855236        116.53904394607217     
  0.99999999758234581        116.53904366432106        116.53904394607217     
  0.99999999975823473        116.53904391789708        116.53904394607217     
  0.99999999997582356        116.53904394325467        116.53904394607217     
  0.99999999999758227        116.53904394579041        116.53904394607217     
  0.99999999999975819        116.53904394604399        116.53904394607217     
 comp:           2
  0.99974963425802266        190.58640940967592        190.63413766699912     
  0.99997574013027468        190.62951290765412        190.63413766699912     
  0.99999758151583784        190.63367662135641        190.63413766699912     
  0.99999975822635678        190.63409157668914        190.63413766699912     
  0.99999997582338329        190.63413305811065        190.63413766699912     
  0.99999999758234570        190.63413720611169        190.63413766699912     
  0.99999999975823484        190.63413762091042        190.63413766699912     
  0.99999999997582334        190.63413766239023        190.63413766699912     
  0.99999999999758238        190.63413766653824        190.63413766699912     
  0.99999999999975830        190.63413766695305        190.63413766699912     
 comp:           3
  0.99974963425802277       -6.9063289536122845       -6.9080584948029582     
  0.99997574013027457       -6.9078909062038187       -6.9080584948029582     
  0.99999758151583784       -6.9080417877728975       -6.9080584948029582     
  0.99999975822635678       -6.9080568246164882       -6.9080584948029582     
  0.99999997582338318       -6.9080583277894752       -6.9080584948029582     
  0.99999999758234581       -6.9080584781016618       -6.9080584948029582     
  0.99999999975823473       -6.9080584931328293       -6.9080584948029582     
  0.99999999997582345       -6.9080584946359451       -6.9080584948029582     
  0.99999999999758238       -6.9080584947862569       -6.9080584948029582     
  0.99999999999975819       -6.9080584948012875       -6.9080584948029582     
     
 Collinear #          74
 
 part:           1
 comp:           0
   1.0000000000000000        325.00000000000000        325.00000000000000     
   1.0000000000000000        325.00000000000000        325.00000000000000     
   1.0000000000000000        325.00000000000000        325.00000000000000     
   1.0000000000000000        325.00000000000000        325.00000000000000     
   1.0000000000000000        325.00000000000000        325.00000000000000     
   1.0000000000000000        325.00000000000000        325.00000000000000     
   1.0000000000000000        325.00000000000000        325.00000000000000     
   1.0000000000000000        325.00000000000000        325.00000000000000     
   1.0000000000000000        325.00000000000000        325.00000000000000     
   1.0000000000000000        325.00000000000000        325.00000000000000     
 comp:           1
   0.0000000000000000        0.0000000000000000     
   0.0000000000000000        0.0000000000000000     
   0.0000000000000000        0.0000000000000000     
   0.0000000000000000        0.0000000000000000     
   0.0000000000000000        0.0000000000000000     
   0.0000000000000000        0.0000000000000000     
   0.0000000000000000        0.0000000000000000     
   0.0000000000000000        0.0000000000000000     
   0.0000000000000000        0.0000000000000000     
   0.0000000000000000        0.0000000000000000     
 comp:           2
   0.0000000000000000        0.0000000000000000     
   0.0000000000000000        0.0000000000000000     
   0.0000000000000000        0.0000000000000000     
   0.0000000000000000        0.0000000000000000     
   0.0000000000000000        0.0000000000000000     
   0.0000000000000000        0.0000000000000000     
   0.0000000000000000        0.0000000000000000     
   0.0000000000000000        0.0000000000000000     
   0.0000000000000000        0.0000000000000000     
   0.0000000000000000        0.0000000000000000     
 comp:           3
   1.0000000000000000        325.00000000000000        325.00000000000000     
   1.0000000000000000        325.00000000000000        325.00000000000000     
   1.0000000000000000        325.00000000000000        325.00000000000000     
   1.0000000000000000        325.00000000000000        325.00000000000000     
   1.0000000000000000        325.00000000000000        325.00000000000000     
   1.0000000000000000        325.00000000000000        325.00000000000000     
   1.0000000000000000        325.00000000000000        325.00000000000000     
   1.0000000000000000        325.00000000000000        325.00000000000000     
   1.0000000000000000        325.00000000000000        325.00000000000000     
   1.0000000000000000        325.00000000000000        325.00000000000000     
 
 part:           2
 comp:           0
   1.0000000000000000        325.00000000000000        325.00000000000000     
   1.0000000000000000        325.00000000000000        325.00000000000000     
   1.0000000000000000        325.00000000000000        325.00000000000000     
   1.0000000000000000        325.00000000000000        325.00000000000000     
   1.0000000000000000        325.00000000000000        325.00000000000000     
   1.0000000000000000        325.00000000000000        325.00000000000000     
   1.0000000000000000        325.00000000000000        325.00000000000000     
   1.0000000000000000        325.00000000000000        325.00000000000000     
   1.0000000000000000        325.00000000000000        325.00000000000000     
   1.0000000000000000        325.00000000000000        325.00000000000000     
 comp:           1
  -0.0000000000000000       -0.0000000000000000     
  -0.0000000000000000       -0.0000000000000000     
  -0.0000000000000000       -0.0000000000000000     
  -0.0000000000000000       -0.0000000000000000     
  -0.0000000000000000       -0.0000000000000000     
  -0.0000000000000000       -0.0000000000000000     
  -0.0000000000000000       -0.0000000000000000     
  -0.0000000000000000       -0.0000000000000000     
  -0.0000000000000000       -0.0000000000000000     
  -0.0000000000000000       -0.0000000000000000     
 comp:           2
  -0.0000000000000000       -0.0000000000000000     
  -0.0000000000000000       -0.0000000000000000     
  -0.0000000000000000       -0.0000000000000000     
  -0.0000000000000000       -0.0000000000000000     
  -0.0000000000000000       -0.0000000000000000     
  -0.0000000000000000       -0.0000000000000000     
  -0.0000000000000000       -0.0000000000000000     
  -0.0000000000000000       -0.0000000000000000     
  -0.0000000000000000       -0.0000000000000000     
  -0.0000000000000000       -0.0000000000000000     
 comp:           3
   1.0000000000000000       -325.00000000000000       -325.00000000000000     
   1.0000000000000000       -325.00000000000000       -325.00000000000000     
   1.0000000000000000       -325.00000000000000       -325.00000000000000     
   1.0000000000000000       -325.00000000000000       -325.00000000000000     
   1.0000000000000000       -325.00000000000000       -325.00000000000000     
   1.0000000000000000       -325.00000000000000       -325.00000000000000     
   1.0000000000000000       -325.00000000000000       -325.00000000000000     
   1.0000000000000000       -325.00000000000000       -325.00000000000000     
   1.0000000000000000       -325.00000000000000       -325.00000000000000     
   1.0000000000000000       -325.00000000000000       -325.00000000000000     
 
 part:           3
 comp:           0
  0.99999990356311053        235.22864249643519        235.22866518115598     
  0.99999999035631881        235.22866291268573        235.22866518115598     
  0.99999999903563186        235.22866495430895        235.22866518115598     
  0.99999999990356314        235.22866515847127        235.22866518115598     
  0.99999999999035627        235.22866517888750        235.22866518115598     
  0.99999999999903566        235.22866518092914        235.22866518115598     
  0.99999999999990363        235.22866518113329        235.22866518115598     
  0.99999999999999045        235.22866518115373        235.22866518115598     
  0.99999999999999900        235.22866518115575        235.22866518115598     
  0.99999999999999978        235.22866518115592        235.22866518115598     
 comp:           1
  0.99999973108400297       -123.76041567833295       -123.76044895949747     
  0.99999997310842381       -123.76044563138393       -123.76044895949747     
  0.99999999731084233       -123.76044862668610       -123.76044895949747     
  0.99999999973108411       -123.76044892621631       -123.76044895949747     
  0.99999999997310862       -123.76044895616938       -123.76044895949747     
  0.99999999999731115       -123.76044895916469       -123.76044895949747     
  0.99999999999973099       -123.76044895946417       -123.76044895949747     
  0.99999999999997324       -123.76044895949416       -123.76044895949747     
  0.99999999999999745       -123.76044895949715       -123.76044895949747     
  0.99999999999999967       -123.76044895949742       -123.76044895949747     
 comp:           2
  0.99999997408681485        159.93913695642084        159.93914110095341     
  0.99999999740868373        159.93914068650051        159.93914110095341     
  0.99999999974086828        159.93914105950810        159.93914110095341     
  0.99999999997408673        159.93914109680887        159.93914110095341     
  0.99999999999740874        159.93914110053896        159.93914110095341     
  0.99999999999974087        159.93914110091197        159.93914110095341     
  0.99999999999997402        159.93914110094926        159.93914110095341     
  0.99999999999999734        159.93914110095298        159.93914110095341     
  0.99999999999999978        159.93914110095338        159.93914110095341     
   1.0000000000000000        159.93914110095341        159.93914110095341     
 comp:           3
  0.99999996159057758       -120.13404389463142       -120.13404850891084     
  0.99999999615906121       -120.13404804748330       -120.13404850891084     
  0.99999999961590602       -120.13404846276808       -120.13404850891084     
  0.99999999996159061       -120.13404850429656       -120.13404850891084     
  0.99999999999615907       -120.13404850844941       -120.13404850891084     
  0.99999999999961586       -120.13404850886469       -120.13404850891084     
  0.99999999999996159       -120.13404850890622       -120.13404850891084     
  0.99999999999999623       -120.13404850891038       -120.13404850891084     
  0.99999999999999967       -120.13404850891079       -120.13404850891084     
   1.0000000000000000       -120.13404850891084       -120.13404850891084     
 
 part:           4
 comp:           0
  0.99999986335695357        82.231099631693169        82.231110868002673     
  0.99999998633570686        82.231109744372674        82.231110868002673     
  0.99999999863357070        82.231110755639676        82.231110868002673     
  0.99999999986335697        82.231110856766364        82.231110868002673     
  0.99999999998633560        82.231110866879035        82.231110868002673     
  0.99999999999863376        82.231110867890322        82.231110868002673     
  0.99999999999986333        82.231110867991433        82.231110868002673     
  0.99999999999998634        82.231110868001551        82.231110868002673     
  0.99999999999999867        82.231110868002560        82.231110868002673     
  0.99999999999999967        82.231110868002645        82.231110868002673     
 comp:           1
  0.99999984120309848       -73.265973659396096       -73.265985293807546     
  0.99999998412032354       -73.265984130367400       -73.265985293807546     
  0.99999999841203235       -73.265985177463534       -73.265985293807546     
  0.99999999984120314       -73.265985282173133       -73.265985293807546     
  0.99999999998412048       -73.265985292644118       -73.265985293807546     
  0.99999999999841227       -73.265985293691216       -73.265985293807546     
  0.99999999999984113       -73.265985293795907       -73.265985293807546     
  0.99999999999998412       -73.265985293806381       -73.265985293807546     
  0.99999999999999845       -73.265985293807432       -73.265985293807546     
  0.99999999999999978       -73.265985293807532       -73.265985293807546     
 comp:           2
  0.99999995865103175        35.039408444498562        35.039409893342011     
  0.99999999586510679        35.039409748457793        35.039409893342011     
  0.99999999958651065        35.039409878853590        35.039409893342011     
  0.99999999995865096        35.039409891893165        35.039409893342011     
  0.99999999999586520        35.039409893197131        35.039409893342011     
  0.99999999999958655        35.039409893327523        35.039409893342011     
  0.99999999999995859        35.039409893340562        35.039409893342011     
  0.99999999999999589        35.039409893341869        35.039409893342011     
  0.99999999999999956        35.039409893341997        35.039409893342011     
   1.0000000000000000        35.039409893342011        35.039409893342011     
 comp:           3
  0.99999987491197062       -12.895375381807668       -12.895376994864964     
  0.99999998749120778       -12.895376833559373       -12.895376994864964     
  0.99999999874912071       -12.895376978734404       -12.895376994864964     
  0.99999999987491206       -12.895376993251908       -12.895376994864964     
  0.99999999998749134       -12.895376994703661       -12.895376994864964     
  0.99999999999874922       -12.895376994848835       -12.895376994864964     
  0.99999999999987488       -12.895376994863351       -12.895376994864964     
  0.99999999999998757       -12.895376994864804       -12.895376994864964     
  0.99999999999999878       -12.895376994864948       -12.895376994864964     
  0.99999999999999989       -12.895376994864963       -12.895376994864964     
 
 part:           5
 comp:           0
   1.0000000946799734        283.06577516543803        283.06574836478052     
   1.0000000094679877        283.06575104484352        283.06574836478052     
   1.0000000009467989        283.06574863278684        283.06574836478052     
   1.0000000000946800        283.06574839158117        283.06574836478052     
   1.0000000000094678        283.06574836746051        283.06574836478052     
   1.0000000000009466        283.06574836504848        283.06574836478052     
   1.0000000000000948        283.06574836480735        283.06574836478052     
   1.0000000000000095        283.06574836478319        283.06574836478052     
   1.0000000000000011        283.06574836478080        283.06574836478052     
   1.0000000000000000        283.06574836478052        283.06574836478052     
 comp:           1
   1.0000002698938051        148.38938475456860        148.38934470520371     
   1.0000000269893545        148.38934871013635        148.38934470520371     
   1.0000000026989355        148.38934510569698        148.38934470520371     
   1.0000000002698937        148.38934474525306        148.38934470520371     
   1.0000000000269891        148.38934470920861        148.38934470520371     
   1.0000000000026987        148.38934470560417        148.38934470520371     
   1.0000000000002700        148.38934470524379        148.38934470520371     
   1.0000000000000269        148.38934470520769        148.38934470520371     
   1.0000000000000024        148.38934470520408        148.38934470520371     
   1.0000000000000004        148.38934470520377        148.38934470520371     
 comp:           2
   1.0000000263991995       -188.92173661773438       -188.92173163035190     
   1.0000000026399174       -188.92173212908966       -188.92173163035190     
   1.0000000002639917       -188.92173168022569       -188.92173163035190     
   1.0000000000263991       -188.92173163533928       -188.92173163035190     
   1.0000000000026399       -188.92173163085064       -188.92173163035190     
   1.0000000000002640       -188.92173163040178       -188.92173163035190     
   1.0000000000000264       -188.92173163035690       -188.92173163035190     
   1.0000000000000027       -188.92173163035238       -188.92173163035190     
   1.0000000000000002       -188.92173163035196       -188.92173163035190     
   1.0000000000000000       -188.92173163035190       -188.92173163035190     
 comp:           3
   1.0000000439688792        126.28612370779227        126.28611815513320     
   1.0000000043968837        126.28611871039857        126.28611815513320     
   1.0000000004396885        126.28611821065974        126.28611815513320     
   1.0000000000439688        126.28611816068585        126.28611815513320     
   1.0000000000043969        126.28611815568846        126.28611815513320     
   1.0000000000004396        126.28611815518872        126.28611815513320     
   1.0000000000000440        126.28611815513875        126.28611815513320     
   1.0000000000000044        126.28611815513375        126.28611815513320     
   1.0000000000000004        126.28611815513325        126.28611815513320     
   1.0000000000000002        126.28611815513321        126.28611815513320     
 
 part:           6
 comp:           0
   1.0000001439228479        49.473547208057752        49.473540087684974     
   1.0000000143922827        49.473540799722151        49.473540087684974     
   1.0000000014392283        49.473540158888689        49.473540087684974     
   1.0000000001439229        49.473540094805344        49.473540087684974     
   1.0000000000143923        49.473540088397009        49.473540087684974     
   1.0000000000014393        49.473540087756177        49.473540087684974     
   1.0000000000001439        49.473540087692093        49.473540087684974     
   1.0000000000000142        49.473540087685677        49.473540087684974     
   1.0000000000000013        49.473540087685038        49.473540087684974     
   1.0000000000000002        49.473540087684981        49.473540087684974     
 comp:           1
  0.99999986845528976        48.636163485782092        48.636169883612965     
  0.99999992525010584        48.636166248064413        48.636169883612965     
  0.99999997318709910        48.636168579536161        48.636169883612965     
  0.99999999120788163        48.636169455998001        48.636169883612965     
  0.99999999718851218        48.636169746872966        48.636169883612965     
  0.99999999910781556        48.636169840220532        48.636169883612965     
  0.99999999971755560        48.636169869875950        48.636169883612965     
  0.99999999991065180        48.636169879267413        48.636169883612965     
  0.99999999997174249        48.636169882238626        48.636169883612965     
  0.99999999999106393        48.636169883178347        48.636169883612965     
 comp:           2
  0.99995879922085795       -6.0564552963608822       -6.0567048373192129     
  0.99998663400687160       -6.0566238834439767       -6.0567048373192129     
  0.99999576063397400       -6.0566791607304964       -6.0567048373192129     
  0.99999865878180927       -6.0566967139565095       -6.0567048373192129     
  0.99999957582890542       -6.0567022682400928       -6.0567048373192129     
  0.99999986586179057       -6.0567040248836710       -6.0567048373192129     
  0.99999995758149085       -6.0567045804028234       -6.0567048373192129     
  0.99999998658605793       -6.0567047560749252       -6.0567048373192129     
  0.99999999575813603       -6.0567048116274949       -6.0567048373192129     
  0.99999999865860445       -6.0567048291947758       -6.0567048373192129     
 comp:           3
   1.0000478277136935        6.7435023522927944        6.7431798414179553     
   1.0000154463129547        6.7432839986840962        6.7431798414179553     
   1.0000048924636977        6.7432128321805367        6.7431798414179553     
   1.0000015471698369        6.7431902742624112        6.7431798414179553     
   1.0000004892379630        6.7431831404375258        6.7431798414179553     
   1.0000001547080022        6.7431808846418377        6.7431798414179553     
   1.0000000489226222        6.7431801713119954        6.7431798414179553     
   1.0000000154706605        6.7431799457394019        6.7431798414179553     
   1.0000000048922491        6.7431798744072706        6.7431798414179553     
   1.0000000015470649        6.7431798518500923        6.7431798414179553     
 
 part:           7
 comp:           0
   1.0000000000000000        9.3549837591249644E-004   9.3549837591249644E-004
   1.0000000000000000        9.3549837591249644E-004   9.3549837591249644E-004
   1.0000000000000000        9.3549837591249644E-004   9.3549837591249644E-004
   1.0000000000000000        9.3549837591249644E-004   9.3549837591249644E-004
   1.0000000000000000        9.3549837591249644E-004   9.3549837591249644E-004
   1.0000000000000000        9.3549837591249644E-004   9.3549837591249644E-004
   1.0000000000000000        9.3549837591249644E-004   9.3549837591249644E-004
   1.0000000000000000        9.3549837591249644E-004   9.3549837591249644E-004
   1.0000000000000000        9.3549837591249644E-004   9.3549837591249644E-004
   1.0000000000000000        9.3549837591249644E-004   9.3549837591249644E-004
 comp:           1
  0.91456981229614431        8.4109737858034097E-004   9.1966448845349331E-004
  0.99471444440211099        9.1480355066836817E-004   9.1966448845349331E-004
   1.0004941239439005        9.2011891669759320E-004   9.1966448845349331E-004
   1.0003725816420914        9.2000713855877451E-004   9.1966448845349331E-004
   1.0001394459831212        9.1979273197222730E-004   9.1966448845349331E-004
   1.0000462590340979        9.1970703124442336E-004   9.1966448845349331E-004
   1.0000148446011923        9.1967814050605520E-004   9.1966448845349331E-004
   1.0000047158971572        9.1966882549664002E-004   9.1966448845349331E-004
   1.0000014934597647        9.1966586193540398E-004   9.1966448845349331E-004
   1.0000004724897174        9.1966492298550752E-004   9.1966448845349331E-004
 comp:           2
   3.0865034771183084       -3.5348682414205291E-004  -1.1452662430566361E-004
   1.6976177009898628       -1.9442242465591040E-004  -1.1452662430566361E-004
   1.2232736832375899       -1.4009740554315681E-004  -1.1452662430566361E-004
   1.0708375192668462       -1.2263940626148291E-004  -1.1452662430566361E-004
   1.0224229174745354       -1.1709464535110662E-004  -1.1452662430566361E-004
   1.0070929335464232       -1.1533895404115985E-004  -1.1452662430566361E-004
   1.0022431972532235       -1.1478353011472703E-004  -1.1452662430566361E-004
   1.0007093828969835       -1.1460786753419530E-004  -1.1452662430566361E-004
   1.0002243287228649       -1.1455231591702813E-004  -1.1452662430566361E-004
   1.0000709391949807       -1.1453474873219572E-004  -1.1452662430566361E-004
 comp:           3
  -1.6217406231963110       -2.0678364596399403E-004   1.2750722464881055E-004
  0.17388787234788627        2.2171960003165627E-005   1.2750722464881055E-004
  0.74033971398071197        9.4398662226974795E-005   1.2750722464881055E-004
  0.91808601850774973        1.1706260020879969E-004   1.2750722464881055E-004
  0.97411756410060024        1.2420702708012735E-004   1.2750722464881055E-004
  0.99181739164712268        1.2646388296734700E-004   1.2750722464881055E-004
  0.99741264998685186        1.2717731882943897E-004   1.2750722464881055E-004
  0.99918182968559643        1.2740290202273091E-004   1.2750722464881055E-004
  0.99974127400078661        1.2747423521470636E-004   1.2750722464881055E-004
  0.99991818386239406        1.2749679250017294E-004   1.2750722464881055E-004
 
 part: i_fks+j_fks
 comp:           0
   1.0000001439201263        49.474482706433662        49.474475586060883     
   1.0000000143920107        49.474476298098061        49.474475586060883     
   1.0000000014392010        49.474475657264598        49.474475586060883     
   1.0000000001439200        49.474475593181253        49.474475586060883     
   1.0000000000143920        49.474475586772918        49.474475586060883     
   1.0000000000014393        49.474475586132087        49.474475586060883     
   1.0000000000001439        49.474475586068003        49.474475586060883     
   1.0000000000000142        49.474475586061587        49.474475586060883     
   1.0000000000000013        49.474475586060947        49.474475586060883     
   1.0000000000000002        49.474475586060890        49.474475586060883     
 comp:           1
  0.99999825308336632        48.637004583160675        48.637089548101422     
  0.99999982530849574        48.637081051615084        48.637089548101422     
  0.99999998253085098        48.637088698452857        48.637089548101422     
  0.99999999825308505        48.637089463136562        48.637089548101422     
  0.99999999982530852        48.637089539604936        48.637089548101422     
  0.99999999998253086        48.637089547251776        48.637089548101422     
  0.99999999999825306        48.637089548016455        48.637089548101422     
  0.99999999999982503        48.637089548092909        48.637089548101422     
  0.99999999999998235        48.637089548100562        48.637089548101422     
  0.99999999999999811        48.637089548101329        48.637089548101422     
 comp:           2
  0.99999825308336632       -6.0568087831850246       -6.0568193639435188     
  0.99999982530849563       -6.0568183058686325       -6.0568193639435188     
  0.99999998253085109       -6.0568192581360396       -6.0568193639435188     
  0.99999999825308516       -6.0568193533627710       -6.0568193639435188     
  0.99999999982530852       -6.0568193628854443       -6.0568193639435188     
  0.99999999998253097       -6.0568193638377119       -6.0568193639435188     
  0.99999999999825306       -6.0568193639329380       -6.0568193639435188     
  0.99999999999982503       -6.0568193639424592       -6.0568193639435188     
  0.99999999999998246       -6.0568193639434122       -6.0568193639435188     
  0.99999999999999822       -6.0568193639435082       -6.0568193639435188     
 comp:           3
  0.99999825308336632        6.7432955686468308        6.7433073486426043     
  0.99999982530849563        6.7433061706440993        6.7433073486426043     
  0.99999998253085098        6.7433072308427633        6.7433073486426043     
  0.99999999825308505        6.7433073368626202        6.7433073486426043     
  0.99999999982530852        6.7433073474646061        6.7433073486426043     
  0.99999999998253097        6.7433073485248052        6.7433073486426043     
  0.99999999999825318        6.7433073486308253        6.7433073486426043     
  0.99999999999982514        6.7433073486414248        6.7433073486426043     
  0.99999999999998235        6.7433073486424853        6.7433073486426043     
  0.99999999999999833        6.7433073486425927        6.7433073486426043     
