     
 Soft #          81
 
 part:           1
 comp:           0
   1.1110381253031536        306.92428211499617        276.25000000000000     
   1.0100946922858092        279.03865874395478        276.25000000000000     
   1.0010003777438283        276.52635435173255        276.25000000000000     
   1.0000999477594019        276.27761056853478        276.25000000000000     
   1.0000099938766811        276.25276080843315        276.25000000000000     
   1.0000009993786763        276.25027607835932        276.25000000000000     
   1.0000000999377776        276.25002760781109        276.25000000000000     
   1.0000000099937769        276.25000276078089        276.25000000000000     
   1.0000000009993775        276.25000027607803        276.25000000000000     
   1.0000000000999378        276.25000002760783        276.25000000000000     
 comp:           1
   0.0000000000000000        0.0000000000000000     
   0.0000000000000000        0.0000000000000000     
   0.0000000000000000        0.0000000000000000     
   0.0000000000000000        0.0000000000000000     
   0.0000000000000000        0.0000000000000000     
   0.0000000000000000        0.0000000000000000     
   0.0000000000000000        0.0000000000000000     
   0.0000000000000000        0.0000000000000000     
   0.0000000000000000        0.0000000000000000     
   0.0000000000000000        0.0000000000000000     
 comp:           2
   0.0000000000000000        0.0000000000000000     
   0.0000000000000000        0.0000000000000000     
   0.0000000000000000        0.0000000000000000     
   0.0000000000000000        0.0000000000000000     
   0.0000000000000000        0.0000000000000000     
   0.0000000000000000        0.0000000000000000     
   0.0000000000000000        0.0000000000000000     
   0.0000000000000000        0.0000000000000000     
   0.0000000000000000        0.0000000000000000     
   0.0000000000000000        0.0000000000000000     
 comp:           3
   1.1110381253031536        306.92428211499617        276.25000000000000     
   1.0100946922858092        279.03865874395478        276.25000000000000     
   1.0010003777438283        276.52635435173255        276.25000000000000     
   1.0000999477594019        276.27761056853478        276.25000000000000     
   1.0000099938766811        276.25276080843315        276.25000000000000     
   1.0000009993786763        276.25027607835932        276.25000000000000     
   1.0000000999377776        276.25002760781109        276.25000000000000     
   1.0000000099937769        276.25000276078089        276.25000000000000     
   1.0000000009993775        276.25000027607803        276.25000000000000     
   1.0000000000999378        276.25000002760783        276.25000000000000     
 
 part:           2
 comp:           0
   1.0000656915422570        276.26814728854851        276.25000000000000     
   1.0000062546761697        276.25172785429186        276.25000000000000     
   1.0000006226343034        276.25017200272634        276.25000000000000     
   1.0000000622353773        276.25001719252299        276.25000000000000     
   1.0000000062232575        276.25000171917486        276.25000000000000     
   1.0000000006223231        276.25000017191672        276.25000000000000     
   1.0000000000622322        276.25000001719167        276.25000000000000     
   1.0000000000062235        276.25000000171923        276.25000000000000     
   1.0000000000006222        276.25000000017189        276.25000000000000     
   1.0000000000000624        276.25000000001722        276.25000000000000     
 comp:           1
   0.0000000000000000        0.0000000000000000     
   0.0000000000000000        0.0000000000000000     
   0.0000000000000000        0.0000000000000000     
   0.0000000000000000        0.0000000000000000     
   0.0000000000000000        0.0000000000000000     
   0.0000000000000000        0.0000000000000000     
   0.0000000000000000        0.0000000000000000     
   0.0000000000000000        0.0000000000000000     
   0.0000000000000000        0.0000000000000000     
   0.0000000000000000        0.0000000000000000     
 comp:           2
   0.0000000000000000        0.0000000000000000     
   0.0000000000000000        0.0000000000000000     
   0.0000000000000000        0.0000000000000000     
   0.0000000000000000        0.0000000000000000     
   0.0000000000000000        0.0000000000000000     
   0.0000000000000000        0.0000000000000000     
   0.0000000000000000        0.0000000000000000     
   0.0000000000000000        0.0000000000000000     
   0.0000000000000000        0.0000000000000000     
   0.0000000000000000        0.0000000000000000     
 comp:           3
   1.0000656915422570       -276.26814728854851       -276.25000000000000     
   1.0000062546761697       -276.25172785429186       -276.25000000000000     
   1.0000006226343034       -276.25017200272634       -276.25000000000000     
   1.0000000622353773       -276.25001719252299       -276.25000000000000     
   1.0000000062232575       -276.25000171917486       -276.25000000000000     
   1.0000000006223231       -276.25000017191672       -276.25000000000000     
   1.0000000000622322       -276.25000001719167       -276.25000000000000     
   1.0000000000062235       -276.25000000171923       -276.25000000000000     
   1.0000000000006222       -276.25000000017189       -276.25000000000000     
   1.0000000000000624       -276.25000000001722       -276.25000000000000     
 
 part:           3
 comp:           0
   1.0017569212052480        23.658606469003065        23.617113062257246     
   1.0001672178355403        23.621062264785227        23.617113062257246     
   1.0000166434741613        23.617506133068265        23.617113062257246     
   1.0000016635702123        23.617152350983037        23.617113062257246     
   1.0000001663492550        23.617116990946410        23.617113062257246     
   1.0000000166348479        23.617113455124333        23.617113062257246     
   1.0000000016634840        23.617113101543936        23.617113062257246     
   1.0000000001663485        23.617113066185915        23.617113062257246     
   1.0000000000166349        23.617113062650112        23.617113062257246     
   1.0000000000016636        23.617113062296532        23.617113062257246     
 comp:           1
   1.0013689960090302        4.0565221949165524        4.0509764243589297     
   1.0001304252113623        4.0515047738153003        4.0509764243589297     
   1.0000129826609039        4.0510290168121763        4.0509764243589297     
   1.0000012976719612        4.0509816811974515        4.0509764243589297     
   1.0000001297612593        4.0509769500187316        4.0509764243589297     
   1.0000000129760667        4.0509764769246699        4.0509764243589297     
   1.0000000012976060        4.0509764296155009        4.0509764243589297     
   1.0000000001297604        4.0509764248845865        4.0509764243589297     
   1.0000000000129761        4.0509764244114956        4.0509764243589297     
   1.0000000000012976        4.0509764243641859        4.0509764243589297     
 comp:           2
   1.0040049416031434       -15.515359613327968       -15.453469370931423     
   1.0003815535996001       -15.459365697796210       -15.453469370931423     
   1.0000379802413080       -15.454056297427176       -15.453469370931423     
   1.0000037962860309       -15.453528036721323       -15.453469370931423     
   1.0000003796112349       -15.453475237242015       -15.453469370931423     
   1.0000000379609499       -15.453469957559800       -15.453469370931423     
   1.0000000037960932       -15.453469429594234       -15.453469370931423     
   1.0000000003796095       -15.453469376797704       -15.453469370931423     
   1.0000000000379610       -15.453469371518050       -15.453469370931423     
   1.0000000000037961       -15.453469370990085       -15.453469370931423     
 comp:           3
   1.0000000000000000        17.393904214017461        17.393904214017461     
   1.0000000000000000        17.393904214017461        17.393904214017461     
   1.0000000000000000        17.393904214017461        17.393904214017461     
   1.0000000000000000        17.393904214017461        17.393904214017461     
   1.0000000000000000        17.393904214017461        17.393904214017461     
   1.0000000000000000        17.393904214017461        17.393904214017461     
   1.0000000000000000        17.393904214017461        17.393904214017461     
   1.0000000000000000        17.393904214017461        17.393904214017461     
   1.0000000000000000        17.393904214017461        17.393904214017461     
   1.0000000000000000        17.393904214017461        17.393904214017461     
 
 part:           4
 comp:           0
  0.99917382462523707        72.017896474518224        72.077445084723053     
  0.99992092924019527        72.071745866375423        72.077445084723053     
  0.99999212580643437        72.076877532968737        72.077445084723053     
  0.99999921290709359        72.077388353077311        72.077445084723053     
  0.99999992129397153        72.077439411793605        72.077445084723053     
  0.99999999212942992        72.077444517432468        72.077445084723053     
  0.99999999921294336        72.077445027994017        72.077445084723053     
  0.99999999992129440        72.077445079050150        72.077445084723053     
  0.99999999999212930        72.077445084155755        72.077445084723053     
  0.99999999999921296        72.077445084666323        72.077445084723053     
 comp:           1
   1.0006176057010459        27.386121762493282        27.369218377190361     
   1.0000589085001683        27.370830656795743        27.369218377190361     
   1.0000058644634782        27.369378882971962        27.369218377190361     
   1.0000005861844383        27.369234420600264        27.369218377190361     
   1.0000000586158266        27.369219981459722        27.369218377190361     
   1.0000000058615564        27.369218537616579        27.369218377190361     
   1.0000000005861553        27.369218393232977        27.369218377190361     
   1.0000000000586156        27.369218378794621        27.369218377190361     
   1.0000000000058615        27.369218377350787        27.369218377190361     
   1.0000000000005862        27.369218377206405        27.369218377190361     
 comp:           2
  0.99254123288063689        25.102413942885676        25.291054025061843     
  0.99928856747377315        25.273061146605855        25.291054025061843     
  0.99992917541517234        25.289262796660665        25.291054025061843     
  0.99999292070457280        25.290874982218735        25.291054025061843     
  0.99999929210206440        25.291036121576909        25.291054025061843     
  0.99999992921052261        25.291052234721345        25.291054025061843     
  0.99999999292105535        25.291053846027872        25.291054025061843     
  0.99999999929210559        25.291054007158447        25.291054025061843     
  0.99999999992921051        25.291054023271503        25.291054025061843     
  0.99999999999292100        25.291054024882808        25.291054025061843     
 comp:           3
   1.0000000000000000       -61.696406391817781       -61.696406391817781     
   1.0000000000000000       -61.696406391817781       -61.696406391817781     
   1.0000000000000000       -61.696406391817781       -61.696406391817781     
   1.0000000000000000       -61.696406391817781       -61.696406391817781     
   1.0000000000000000       -61.696406391817781       -61.696406391817781     
   1.0000000000000000       -61.696406391817781       -61.696406391817781     
   1.0000000000000000       -61.696406391817781       -61.696406391817781     
   1.0000000000000000       -61.696406391817781       -61.696406391817781     
   1.0000000000000000       -61.696406391817781       -61.696406391817781     
   1.0000000000000000       -61.696406391817781       -61.696406391817781     
 
 part:           5
 comp:           0
  0.99985171600539213        261.46390124327962        261.50267790496002     
  0.99998556364725055        261.49890276005686        261.50267790496002     
  0.99999856006667143        261.50230135853860        261.50267790496002     
  0.99999985604348129        261.50264025994488        261.50267790496002     
  0.99999998560471615        261.50267414055475        261.50267790496002     
  0.99999999856047550        261.50267752852051        261.50267790496002     
  0.99999999985604759        261.50267786731609        261.50267790496002     
  0.99999999998560474        261.50267790119563        261.50267790496002     
  0.99999999999856060        261.50267790458361        261.50267790496002     
  0.99999999999985612        261.50267790492239        261.50267790496002     
 comp:           1
  0.99950403371148100       -123.63176776656856       -123.69311538191988     
  0.99995270822391502       -123.68726571480398       -123.69311538191988     
  0.99999529214252358       -123.69253305236185       -123.69311538191988     
  0.99999952942586978       -123.69305717513970       -123.69311538191988     
  0.99999995294470156       -123.69310956150342       -123.69311538191988     
  0.99999999529449124       -123.69311479988085       -123.69311538191988     
  0.99999999952944929       -123.69311532371600       -123.69311538191988     
  0.99999999995294497       -123.69311537609950       -123.69311538191988     
  0.99999999999529454       -123.69311538133785       -123.69311538191988     
  0.99999999999952938       -123.69311538186167       -123.69311538191988     
 comp:           2
  0.83184321658909022        3.3867649755249492        4.0713982009880674     
  0.98396577926298534        4.0061165035251403        4.0713982009880674     
  0.99840380649188165        4.0648994616106853        4.0713982009880674     
  0.99984045239784192        4.0707486191676692        4.0713982009880674     
  0.99998404595673807        4.0713332457250324        4.0713982009880674     
  0.99999840460284328        4.0713917054909539        4.0713982009880674     
  0.99999984046035595        4.0713975514386478        4.0713982009880674     
  0.99999998404603629        4.0713981360331282        4.0713982009880674     
  0.99999999840460363        4.0713981944925735        4.0713982009880674     
  0.99999999984046029        4.0713982003385176        4.0713982009880674     
 comp:           3
   1.0000000000000000        215.87003386505216        215.87003386505216     
   1.0000000000000000        215.87003386505216        215.87003386505216     
   1.0000000000000000        215.87003386505216        215.87003386505216     
   1.0000000000000000        215.87003386505216        215.87003386505216     
   1.0000000000000000        215.87003386505216        215.87003386505216     
   1.0000000000000000        215.87003386505216        215.87003386505216     
   1.0000000000000000        215.87003386505216        215.87003386505216     
   1.0000000000000000        215.87003386505216        215.87003386505216     
   1.0000000000000000        215.87003386505216        215.87003386505216     
   1.0000000000000000        215.87003386505216        215.87003386505216     
 
 part:           6
 comp:           0
   1.0003007681850651        195.36150480591053        195.30276394805969     
   1.0000283790926443        195.30830646329144        195.30276394805969     
   1.0000028222813400        195.30331514740601        195.30276394805969     
   1.0000002820730860        195.30281903771302        195.30276394805969     
   1.0000000282057595        195.30276945672247        195.30276394805969     
   1.0000000028205605        195.30276449892295        195.30276394805969     
   1.0000000002820559        195.30276400314600        195.30276394805969     
   1.0000000000282057        195.30276395356833        195.30276394805969     
   1.0000000000028206        195.30276394861056        195.30276394805969     
   1.0000000000002820        195.30276394811477        195.30276394805969     
 comp:           1
   1.0004966531274824        92.318748214958759        92.272920580370595     
   1.0000473476503533        92.277289486351307        92.272920580370595     
   1.0000047133288563        92.273355492989822        92.272920580370595     
   1.0000004711201185        92.272964051999878        92.272920580370595     
   1.0000000471098858        92.272924927337343        92.272920580370595     
   1.0000000047109674        92.272921015065307        92.272920580370595     
   1.0000000004710965        92.272920623840051        92.272920580370595     
   1.0000000000471096        92.272920584717539        92.272920580370595     
   1.0000000000047109        92.272920580805291        92.272920580370595     
   1.0000000000004712        92.272920580414066        92.272920580370595     
 comp:           2
   1.0367698921140702       -14.420414654117650       -13.908982855118490     
   1.0035054002461805       -13.957739407042942       -13.908982855118490     
   1.0003489529894307       -13.913836436265724       -13.908982855118490     
   1.0000348795466574       -13.909467994134941       -13.908982855118490     
   1.0000034877972599       -13.909031366830780       -13.908982855118490     
   1.0000003487781524       -13.908987706267830       -13.908982855118490     
   1.0000000348777995       -13.908983340233204       -13.908982855118490     
   1.0000000034877798       -13.908982903629958       -13.908982855118490     
   1.0000000003487779       -13.908982859969637       -13.908982855118490     
   1.0000000000348777       -13.908982855603604       -13.908982855118490     
 comp:           3
   1.0000000000000000       -171.56753168725186       -171.56753168725186     
   1.0000000000000000       -171.56753168725186       -171.56753168725186     
   1.0000000000000000       -171.56753168725186       -171.56753168725186     
   1.0000000000000000       -171.56753168725186       -171.56753168725186     
   1.0000000000000000       -171.56753168725186       -171.56753168725186     
   1.0000000000000000       -171.56753168725186       -171.56753168725186     
   1.0000000000000000       -171.56753168725186       -171.56753168725186     
   1.0000000000000000       -171.56753168725186       -171.56753168725186     
   1.0000000000000000       -171.56753168725186       -171.56753168725186     
   1.0000000000000000       -171.56753168725186       -171.56753168725186     
 
 part:           7
 comp:           0
   30.690520410833212        0.0000000000000000     
   2.7903692437377448        0.0000000000000000     
  0.27652618247720490        0.0000000000000000     
   2.7627759339655229E-002   0.0000000000000000     
   2.7625275909138945E-003   0.0000000000000000     
   2.7625027590665659E-004   0.0000000000000000     
   2.7625002759064089E-005   0.0000000000000000     
   2.7625000275906391E-006   0.0000000000000000     
   2.7625000027590643E-007   0.0000000000000000     
   2.7625000002759072E-008   0.0000000000000000     
 comp:           1
 -0.12962440580002560       -0.0000000000000000     
  -1.2359202158351380E-002  -0.0000000000000000     
  -1.2303404120976094E-003  -0.0000000000000000     
  -1.2297865788883191E-004  -0.0000000000000000     
  -1.2297312366936197E-005  -0.0000000000000000     
  -1.2297257028850697E-006  -0.0000000000000000     
  -1.2297251495083237E-007  -0.0000000000000000     
  -1.2297250941706903E-008  -0.0000000000000000     
  -1.2297250886369272E-009  -0.0000000000000000     
  -1.2297250880835511E-010  -0.0000000000000000     
 comp:           2
   1.4465953490349908        0.0000000000000000     
  0.13792745470815337        0.0000000000000000     
   1.3730475421549388E-002   0.0000000000000000     
   1.3724294698561645E-003   0.0000000000000000     
   1.3723677085227464E-004   0.0000000000000000     
   1.3723615328479873E-005   0.0000000000000000     
   1.3723609152850969E-006   0.0000000000000000     
   1.3723608535288538E-007   0.0000000000000000     
   1.3723608473532299E-008   0.0000000000000000     
   1.3723608467356676E-009   0.0000000000000000     
 comp:           3
   30.656134826447726        0.0000000000000000     
   2.7869308896629086        0.0000000000000000     
  0.27618234900620459        0.0000000000000000     
   2.7593376011823583E-002   0.0000000000000000     
   2.7590892583233178E-003   0.0000000000000000     
   2.7590644264952470E-004   0.0000000000000000     
   2.7590619433370159E-005   0.0000000000000000     
   2.7590616950214389E-006   0.0000000000000000     
   2.7590616701898826E-007   0.0000000000000000     
   2.7590616677067275E-008   0.0000000000000000     
 
 part: i_fks reduced
 comp:           0
   1.0540925533894596        291.19306787383823        276.25000000000000     
   1.0050378152592121        277.64169646535731        276.25000000000000     
   1.0005003753127737        276.38822868015376        276.25000000000000     
   1.0000500037503124        276.26381353602380        276.25000000000000     
   1.0000050000375003        276.25138126035944        276.25000000000000     
   1.0000005000003749        276.25013812510355        276.25000000000000     
   1.0000000500000037        276.25001381250104        276.25000000000000     
   1.0000000050000000        276.25000138125000        276.25000000000000     
   1.0000000004999998        276.25000013812496        276.25000000000000     
   1.0000000000500000        276.25000001381250        276.25000000000000     
 comp:           1
   1.0540925533894598       -1.2962440580002561       -1.2297250880220645     
   1.0050378152592121       -1.2359202158351379       -1.2297250880220645     
   1.0005003753127739       -1.2303404120976094       -1.2297250880220645     
   1.0000500037503124       -1.2297865788883189       -1.2297250880220645     
   1.0000050000375003       -1.2297312366936197       -1.2297250880220645     
   1.0000005000003749       -1.2297257028850694       -1.2297250880220645     
   1.0000000500000039       -1.2297251495083237       -1.2297250880220645     
   1.0000000050000002       -1.2297250941706901       -1.2297250880220645     
   1.0000000004999998       -1.2297250886369269       -1.2297250880220645     
   1.0000000000500000       -1.2297250880835509       -1.2297250880220645     
 comp:           2
   1.0540925533894596        14.465953490349907        13.723608466670493     
   1.0050378152592119        13.792745470815335        13.723608466670493     
   1.0005003753127737        13.730475421549388        13.723608466670493     
   1.0000500037503124        13.724294698561645        13.723608466670493     
   1.0000050000375003        13.723677085227465        13.723608466670493     
   1.0000005000003749        13.723615328479870        13.723608466670493     
   1.0000000500000037        13.723609152850967        13.723608466670493     
   1.0000000050000000        13.723608535288534        13.723608466670493     
   1.0000000004999998        13.723608473532295        13.723608466670493     
   1.0000000000500000        13.723608467356673        13.723608466670493     
 comp:           3
   1.1111072720239001        306.56134826447726        275.90616674308211     
   1.0101009783728534        278.69308896629087        275.90616674308211     
   1.0010010006894106        276.18234900620456        275.90616674308211     
   1.0001000099978896        275.93376011823580        275.90616674308211     
   1.0000100000999697        275.90892583233176        275.90616674308211     
   1.0000010000009996        275.90644264952465        275.90616674308211     
   1.0000001000000101        275.90619433370154        275.90616674308211     
   1.0000000100000002        275.90616950214383        275.90616674308211     
   1.0000000009999996        275.90616701898819        275.90616674308211     
   1.0000000001000000        275.90616677067271        275.90616674308211     
 
 part: i_fks full/reduced
 comp:           0
  0.10539577962800313        30.690520410833212        291.19306787383823     
   1.0050252823195497E-002   2.7903692437377448        277.64169646535731     
   1.0004991305082344E-003  0.27652618247720490        276.38822868015376     
   1.0000498793539122E-004   2.7627759339655229E-002   276.26381353602380     
   1.0000049875986998E-005   2.7625275909138945E-003   276.25138126035944     
   1.0000004987565038E-006   2.7625027590665659E-004   276.25013812510355     
   1.0000000498756169E-007   2.7625002759064089E-005   276.25001381250104     
   1.0000000049875616E-008   2.7625000275906391E-006   276.25000138125000     
   1.0000000004987565E-009   2.7625000027590643E-007   276.25000013812496     
   1.0000000000498759E-010   2.7625000002759072E-008   276.25000001381250     
 comp:           1
   9.9999999999999992E-002 -0.12962440580002560       -1.2962440580002561     
   1.0000000000000002E-002  -1.2359202158351380E-002  -1.2359202158351379     
   1.0000000000000000E-003  -1.2303404120976094E-003  -1.2303404120976094     
   1.0000000000000002E-004  -1.2297865788883191E-004  -1.2297865788883189     
   9.9999999999999991E-006  -1.2297312366936197E-005  -1.2297312366936197     
   1.0000000000000002E-006  -1.2297257028850697E-006  -1.2297257028850694     
   1.0000000000000001E-007  -1.2297251495083237E-007  -1.2297251495083237     
   1.0000000000000002E-008  -1.2297250941706903E-008  -1.2297250941706901     
   1.0000000000000003E-009  -1.2297250886369272E-009  -1.2297250886369269     
   1.0000000000000002E-010  -1.2297250880835511E-010  -1.2297250880835509     
 comp:           2
  0.10000000000000001        1.4465953490349908        14.465953490349907     
   1.0000000000000002E-002  0.13792745470815337        13.792745470815335     
   1.0000000000000000E-003   1.3730475421549388E-002   13.730475421549388     
   1.0000000000000000E-004   1.3724294698561645E-003   13.724294698561645     
   9.9999999999999991E-006   1.3723677085227464E-004   13.723677085227465     
   1.0000000000000002E-006   1.3723615328479873E-005   13.723615328479870     
   1.0000000000000001E-007   1.3723609152850969E-006   13.723609152850967     
   1.0000000000000004E-008   1.3723608535288538E-007   13.723608535288534     
   1.0000000000000003E-009   1.3723608473532299E-008   13.723608473532295     
   1.0000000000000003E-010   1.3723608467356676E-009   13.723608467356673     
 comp:           3
  0.10000000000000001        30.656134826447726        306.56134826447726     
   1.0000000000000000E-002   2.7869308896629086        278.69308896629087     
   1.0000000000000000E-003  0.27618234900620459        276.18234900620456     
   1.0000000000000002E-004   2.7593376011823583E-002   275.93376011823580     
   1.0000000000000001E-005   2.7590892583233178E-003   275.90892583233176     
   1.0000000000000002E-006   2.7590644264952470E-004   275.90644264952465     
   1.0000000000000002E-007   2.7590619433370159E-005   275.90619433370154     
   1.0000000000000002E-008   2.7590616950214389E-006   275.90616950214383     
   1.0000000000000003E-009   2.7590616701898826E-007   275.90616701898819     
   1.0000000000000002E-010   2.7590616677067275E-008   275.90616677067271     
     
 Soft #          67
 
 part:           1
 comp:           0
   1.0051392942668718        277.66973004122332        276.25000000000000     
   1.0004883318420814        276.38490167137496        276.25000000000000     
   1.0000486015392236        276.26342617521050        276.25000000000000     
   1.0000048578594039        276.25134198366032        276.25000000000000     
   1.0000004857630167        276.25013419203339        276.25000000000000     
   1.0000000485760723        276.25001341913998        276.25000000000000     
   1.0000000048576050        276.25000134191339        276.25000000000000     
   1.0000000004857605        276.25000013419134        276.25000000000000     
   1.0000000000485758        276.25000001341908        276.25000000000000     
   1.0000000000048577        276.25000000134190        276.25000000000000     
 comp:           1
   0.0000000000000000        0.0000000000000000     
   0.0000000000000000        0.0000000000000000     
   0.0000000000000000        0.0000000000000000     
   0.0000000000000000        0.0000000000000000     
   0.0000000000000000        0.0000000000000000     
   0.0000000000000000        0.0000000000000000     
   0.0000000000000000        0.0000000000000000     
   0.0000000000000000        0.0000000000000000     
   0.0000000000000000        0.0000000000000000     
   0.0000000000000000        0.0000000000000000     
 comp:           2
   0.0000000000000000        0.0000000000000000     
   0.0000000000000000        0.0000000000000000     
   0.0000000000000000        0.0000000000000000     
   0.0000000000000000        0.0000000000000000     
   0.0000000000000000        0.0000000000000000     
   0.0000000000000000        0.0000000000000000     
   0.0000000000000000        0.0000000000000000     
   0.0000000000000000        0.0000000000000000     
   0.0000000000000000        0.0000000000000000     
   0.0000000000000000        0.0000000000000000     
 comp:           3
   1.0051392942668718        277.66973004122332        276.25000000000000     
   1.0004883318420814        276.38490167137496        276.25000000000000     
   1.0000486015392236        276.26342617521050        276.25000000000000     
   1.0000048578594039        276.25134198366032        276.25000000000000     
   1.0000004857630167        276.25013419203339        276.25000000000000     
   1.0000000485760723        276.25001341913998        276.25000000000000     
   1.0000000048576050        276.25000134191339        276.25000000000000     
   1.0000000004857605        276.25000013419134        276.25000000000000     
   1.0000000000485758        276.25000001341908        276.25000000000000     
   1.0000000000048577        276.25000000134190        276.25000000000000     
 
 part:           2
 comp:           0
   1.1054299811465762        305.37503229174166        276.25000000000000     
   1.0096079863732437        278.90420623560857        276.25000000000000     
   1.0009523531759474        276.51308756485548        276.25000000000000     
   1.0000951516793621        276.27628565142379        276.25000000000000     
   1.0000095143323622        276.25262833431503        276.25000000000000     
   1.0000009514248813        276.25026283112345        276.25000000000000     
   1.0000000951424048        276.25002628308931        276.25000000000000     
   1.0000000095142396        276.25000262830872        276.25000000000000     
   1.0000000009514238        276.25000026283084        276.25000000000000     
   1.0000000000951423        276.25000002628309        276.25000000000000     
 comp:           1
   0.0000000000000000        0.0000000000000000     
   0.0000000000000000        0.0000000000000000     
   0.0000000000000000        0.0000000000000000     
   0.0000000000000000        0.0000000000000000     
   0.0000000000000000        0.0000000000000000     
   0.0000000000000000        0.0000000000000000     
   0.0000000000000000        0.0000000000000000     
   0.0000000000000000        0.0000000000000000     
   0.0000000000000000        0.0000000000000000     
   0.0000000000000000        0.0000000000000000     
 comp:           2
   0.0000000000000000        0.0000000000000000     
   0.0000000000000000        0.0000000000000000     
   0.0000000000000000        0.0000000000000000     
   0.0000000000000000        0.0000000000000000     
   0.0000000000000000        0.0000000000000000     
   0.0000000000000000        0.0000000000000000     
   0.0000000000000000        0.0000000000000000     
   0.0000000000000000        0.0000000000000000     
   0.0000000000000000        0.0000000000000000     
   0.0000000000000000        0.0000000000000000     
 comp:           3
   1.1054299811465762       -305.37503229174166       -276.25000000000000     
   1.0096079863732437       -278.90420623560857       -276.25000000000000     
   1.0009523531759474       -276.51308756485548       -276.25000000000000     
   1.0000951516793621       -276.27628565142379       -276.25000000000000     
   1.0000095143323622       -276.25262833431503       -276.25000000000000     
   1.0000009514248813       -276.25026283112345       -276.25000000000000     
   1.0000000951424048       -276.25002628308931       -276.25000000000000     
   1.0000000095142396       -276.25000262830872       -276.25000000000000     
   1.0000000009514238       -276.25000026283084       -276.25000000000000     
   1.0000000000951423       -276.25000002628309       -276.25000000000000     
 
 part:           3
 comp:           0
  0.98082616413907153        83.504345975635232        85.136743929472843     
  0.99814970288175286        84.979215657523199        85.136743929472843     
  0.99981559641020479        85.121044408268773        85.136743929472843     
  0.99998156586089282        85.135174506892113        85.136743929472843     
  0.99999815664824687        85.136586992506665        85.136743929472843     
  0.99999981566544616        85.136728235829139        85.136743929472843     
  0.99999998156655079        85.136742360108997        85.136743929472843     
  0.99999999815665530        85.136743772536477        85.136743929472843     
  0.99999999981566545        85.136743913779199        85.136743929472843     
  0.99999999998156652        85.136743927903481        85.136743929472843     
 comp:           1
  0.91764270487113941        10.895490760678012        11.873347548933022     
  0.99207785790892145        11.779285202553616        11.873347548933022     
  0.99921070398354206        11.863975963010629        11.873347548933022     
  0.99992109937971374        11.872410734446538        11.873347548933022     
  0.99999211022758594        11.873253870923069        11.873347548933022     
  0.99999921102565448        11.873338181166410        11.873347548933022     
  0.99999992110259439        11.873346612156706        11.873347548933022     
  0.99999999211026036        11.873347455255402        11.873347548933022     
  0.99999999921102589        11.873347539565259        11.873347548933022     
  0.99999999992110267        11.873347547996246        11.873347548933022     
 comp:           2
  0.97893049751472161        76.258966092035749        77.900286369297561     
  0.99797327495742139        77.742403908088860        77.900286369297561     
  0.99979807405823173        77.884556280608422        77.900286369297561     
  0.99997981482013698        77.898713938005812        77.900286369297561     
  0.99999798155610586        77.900129131940190        77.900286369297561     
  0.99999979815635154        77.900270645619543        77.900286369297561     
  0.99999997981564259        77.900284796930336        77.900286369297561     
  0.99999999798156458        77.900286212060863        77.900286369297561     
  0.99999999979815646        77.900286353573890        77.900286369297561     
  0.99999999997981559        77.900286367725187        77.900286369297561     
 comp:           3
   1.0000000000000000        32.230950474292591        32.230950474292591     
   1.0000000000000000        32.230950474292591        32.230950474292591     
   1.0000000000000000        32.230950474292591        32.230950474292591     
   1.0000000000000000        32.230950474292591        32.230950474292591     
   1.0000000000000000        32.230950474292591        32.230950474292591     
   1.0000000000000000        32.230950474292591        32.230950474292591     
   1.0000000000000000        32.230950474292591        32.230950474292591     
   1.0000000000000000        32.230950474292591        32.230950474292591     
   1.0000000000000000        32.230950474292591        32.230950474292591     
   1.0000000000000000        32.230950474292591        32.230950474292591     
 
 part:           4
 comp:           0
  0.99193226291910652        123.06128668477055        124.06218779760204     
  0.99920862785167586        123.96400843751886        124.06218779760204     
  0.99992101083479168        124.05238822895399        124.06218779760204     
  0.99999210255815985        124.06120802368935        124.06218779760204     
  0.99999921027055694        124.06208982203957        124.06218779760204     
  0.99999992102720314        124.06217800006408        124.06218779760204     
  0.99999999210272184        124.06218681784843        124.06218779760204     
  0.99999999921027238        124.06218769962670        124.06218779760204     
  0.99999999992102728        124.06218778780450        124.06218779760204     
  0.99999999999210276        124.06218779662228        124.06218779760204     
 comp:           1
  0.88618699065892181        11.157305366926639        12.590238273110574     
  0.98910732985641980        12.453096960572502        12.590238273110574     
  0.99891526305248246        12.576581176477681        12.590238273110574     
  0.99989157127883377        12.588873129675441        12.590238273110574     
  0.99998915757729467        12.590101764425256        12.590238273110574     
  0.99999891576222322        12.590224622298619        12.590238273110574     
  0.99999989157626723        12.590236908029944        12.590238273110574     
  0.99999998915762756        12.590238136602521        12.590238273110574     
  0.99999999891576274        12.590238259459769        12.590238273110574     
  0.99999999989157629        12.590238271745493        12.590238273110574     
 comp:           2
  0.94719550467032543        43.143231159258249        45.548390956811389     
  0.99494625479939081        45.318200994617932        45.548390956811389     
  0.99949672724224814        45.525467692483396        45.548390956811389     
  0.99994969359009500        45.546099580785402        45.548390956811389     
  0.99999496956751766        45.548161828706000        45.548390956811389     
  0.99999949695883672        45.548368044095817        45.548390956811389     
  0.99999994969590444        45.548388665540777        45.548390956811389     
  0.99999999496959091        45.548390727684350        45.548390956811389     
  0.99999999949695895        45.548390933898681        45.548390956811389     
  0.99999999994969591        45.548390954520116        45.548390956811389     
 comp:           3
   1.0000000000000000        114.70944347611157        114.70944347611157     
   1.0000000000000000        114.70944347611157        114.70944347611157     
   1.0000000000000000        114.70944347611157        114.70944347611157     
   1.0000000000000000        114.70944347611157        114.70944347611157     
   1.0000000000000000        114.70944347611157        114.70944347611157     
   1.0000000000000000        114.70944347611157        114.70944347611157     
   1.0000000000000000        114.70944347611157        114.70944347611157     
   1.0000000000000000        114.70944347611157        114.70944347611157     
   1.0000000000000000        114.70944347611157        114.70944347611157     
   1.0000000000000000        114.70944347611157        114.70944347611157     
 
 part:           5
 comp:           0
   1.0132789682432184        277.62768702269318        273.98939060585923     
   1.0012439563446949        274.33022144668246        273.98939060585923     
   1.0001236247952052        274.02326248816127        273.98939060585923     
   1.0000123548336082        273.99277569919059        273.98939060585923     
   1.0000012354069636        273.98972909426033        273.98939060585923     
   1.0000001235399323        273.98942445449001        273.98939060585923     
   1.0000000123539856        273.98939399072020        273.98939060585923     
   1.0000000012353987        273.98939094434536        273.98939060585923     
   1.0000000001235398        273.98939063970784        273.98939060585923     
   1.0000000000123539        273.98939060924408        273.98939060585923     
 comp:           1
   1.1517435049250218       -24.277011190870827       -21.078487603410672     
   1.0143835166967885       -21.381670381797377       -21.078487603410672     
   1.0014310580238714       -21.108652142226607       -21.078487603410672     
   1.0001430334278616       -21.081502531746725       -21.078487603410672     
   1.0000143026195980       -21.078789081000565       -21.078487603410672     
   1.0000014302547284       -21.078517751017234       -21.078487603410672     
   1.0000001430254004       -21.078490618169802       -21.078487603410672     
   1.0000000143025400       -21.078487904886586       -21.078487603410672     
   1.0000000014302539       -21.078487633558261       -21.078487603410672     
   1.0000000001430254       -21.078487606425430       -21.078487603410672     
 comp:           2
   1.0314477974712166       -176.08593049204873       -170.71724902002376     
   1.0029808848835273       -171.22613748698492       -170.71724902002376     
   1.0002965769304359       -170.76787981771059       -170.71724902002376     
   1.0000296426939210       -170.72230953918350       -170.71724902002376     
   1.0000029641195163       -170.71775504635335       -170.71724902002376     
   1.0000002964104531       -170.71729962240087       -170.71724902002376     
   1.0000000296410303       -170.71725408025890       -170.71724902002376     
   1.0000000029641032       -170.71724952604728       -170.71724902002376     
   1.0000000002964102       -170.71724907062611       -170.71724902002376     
   1.0000000000296410       -170.71724902508399       -170.71724902002376     
 comp:           3
   1.0000000000000000       -197.52034947718070       -197.52034947718070     
   1.0000000000000000       -197.52034947718070       -197.52034947718070     
   1.0000000000000000       -197.52034947718070       -197.52034947718070     
   1.0000000000000000       -197.52034947718070       -197.52034947718070     
   1.0000000000000000       -197.52034947718070       -197.52034947718070     
   1.0000000000000000       -197.52034947718070       -197.52034947718070     
   1.0000000000000000       -197.52034947718070       -197.52034947718070     
   1.0000000000000000       -197.52034947718070       -197.52034947718070     
   1.0000000000000000       -197.52034947718070       -197.52034947718070     
   1.0000000000000000       -197.52034947718070       -197.52034947718070     
 
 part:           6
 comp:           0
  0.98754673283118066        68.448520827158859        69.311677667065922     
  0.99879048396439118        69.227844081472654        69.311677667065922     
  0.99987938522530595        69.303317654680441        69.311677667065922     
  0.99998794187097295        69.310841897913534        69.311677667065922     
  0.99999879422056193        69.311594092470173        69.311677667065922     
  0.99999987942239099        69.311669309629551        69.311677667065922     
  0.99999998794224243        69.311676831322515        69.311677667065922     
  0.99999999879422452        69.311677583491601        69.311677667065922     
  0.99999999987942245        69.311677658708490        69.311677667065922     
  0.99999999998794231        69.311677666230182        69.311677667065922     
 comp:           1
   1.2359741010179088       -4.1838937276321557       -3.3850982186329261     
   1.0226294062216277       -3.4617009813224788       -3.3850982186329261     
   1.0022539539774988       -3.3927280742270378       -3.3850982186329261     
   1.0002253061687356       -3.3858609021433601       -3.3850982186329261     
   1.0000225297252159       -3.3851744839656206       -3.3850982186329261     
   1.0000022529636057       -3.3851058451360143       -3.3850982186329261     
   1.0000002252962714       -3.3850989812829333       -3.3850982186329261     
   1.0000000225296251       -3.3850982948979196       -3.3850982186329261     
   1.0000000022529627       -3.3850982262594260       -3.3850982186329261     
   1.0000000002252962       -3.3850982193955761       -3.3850982186329261     
 comp:           2
  0.97163510273381559        45.927803513897615        47.268571693914780     
  0.99727986766385635        47.139994923566839        47.268571693914780     
  0.99972906699193387        47.255765077598760        47.268571693914780     
  0.99997291742482741        47.267291539268577        47.268571693914780     
  0.99999729184966302        47.268443683516416        47.268571693914780     
  0.99999972918603808        47.268558892925604        47.268571693914780     
  0.99999997291861453        47.268570413816370        47.268571693914780     
  0.99999999729186173        47.268571565904949        47.268571693914780     
  0.99999999972918618        47.268571681113798        47.268571693914780     
  0.99999999997291855        47.268571692634680        47.268571693914780     
 comp:           3
   1.0000000000000000        50.579955526776530        50.579955526776530     
   1.0000000000000000        50.579955526776530        50.579955526776530     
   1.0000000000000000        50.579955526776530        50.579955526776530     
   1.0000000000000000        50.579955526776530        50.579955526776530     
   1.0000000000000000        50.579955526776530        50.579955526776530     
   1.0000000000000000        50.579955526776530        50.579955526776530     
   1.0000000000000000        50.579955526776530        50.579955526776530     
   1.0000000000000000        50.579955526776530        50.579955526776530     
   1.0000000000000000        50.579955526776530        50.579955526776530     
   1.0000000000000000        50.579955526776530        50.579955526776530     
 
 part:           7
 comp:           0
   30.402921822707366        0.0000000000000000     
   2.7878182837865291        0.0000000000000000     
  0.27650096000145447        0.0000000000000000     
   2.7627507398664583E-002   0.0000000000000000     
   2.7625250717874233E-003   0.0000000000000000     
   2.7625025071567529E-004   0.0000000000000000     
   2.7625002507154563E-005   0.0000000000000000     
   2.7625000250715440E-006   0.0000000000000000     
   2.7625000025071545E-007   0.0000000000000000     
   2.7625000002507162E-008   0.0000000000000000     
 comp:           1
   6.4081087908983285        0.0000000000000000     
  0.61098919999373624        0.0000000000000000     
   6.0823076965330292E-002   0.0000000000000000     
   6.0795697681041644E-003   0.0000000000000000     
   6.0792961785728020E-004   0.0000000000000000     
   6.0792688216510883E-005   0.0000000000000000     
   6.0792660859792303E-006   0.0000000000000000     
   6.0792658124122472E-007   0.0000000000000000     
   6.0792657850555513E-008   0.0000000000000000     
   6.0792657823198819E-009   0.0000000000000000     
 comp:           2
   10.755929726857090        0.0000000000000000     
   1.0255376607112798        0.0000000000000000     
  0.10209076701998403        0.0000000000000000     
   1.0204481123686771E-002   0.0000000000000000     
   1.0204021907111434E-003   0.0000000000000000     
   1.0203975988863618E-004   0.0000000000000000     
   1.0203971397072932E-005   0.0000000000000000     
   1.0203970937894202E-006   0.0000000000000000     
   1.0203970891976334E-007   0.0000000000000000     
   1.0203970887384548E-008   0.0000000000000000     
 comp:           3
  -27.705302250518390       -0.0000000000000000     
  -2.5193045642336145       -0.0000000000000000     
 -0.24966138964498849       -0.0000000000000000     
  -2.4943667763469363E-002  -0.0000000000000000     
  -2.4941422816627582E-003  -0.0000000000000000     
  -2.4941198343654823E-004  -0.0000000000000000     
  -2.4941175896574647E-005  -0.0000000000000000     
  -2.4941173651868794E-006  -0.0000000000000000     
  -2.4941173427398228E-007  -0.0000000000000000     
  -2.4941173404951179E-008  -0.0000000000000000     
 
 part: i_fks reduced
 comp:           0
   1.0540925533894596        291.19306787383823        276.25000000000000     
   1.0050378152592121        277.64169646535731        276.25000000000000     
   1.0005003753127737        276.38822868015376        276.25000000000000     
   1.0000500037503124        276.26381353602380        276.25000000000000     
   1.0000050000375003        276.25138126035944        276.25000000000000     
   1.0000005000003749        276.25013812510355        276.25000000000000     
   1.0000000500000037        276.25001381250104        276.25000000000000     
   1.0000000050000000        276.25000138125000        276.25000000000000     
   1.0000000004999998        276.25000013812496        276.25000000000000     
   1.0000000000500000        276.25000001381250        276.25000000000000     
 comp:           1
   1.0540925533894598        64.081087908983292        60.792657820159171     
   1.0050378152592121        61.098919999373628        60.792657820159171     
   1.0005003753127739        60.823076965330287        60.792657820159171     
   1.0000500037503124        60.795697681041638        60.792657820159171     
   1.0000050000375003        60.792961785728011        60.792657820159171     
   1.0000005000003749        60.792688216510868        60.792657820159171     
   1.0000000500000037        60.792660859792292        60.792657820159171     
   1.0000000050000000        60.792658124122461        60.792657820159171     
   1.0000000004999998        60.792657850555493        60.792657820159171     
   1.0000000000500000        60.792657823198809        60.792657820159171     
 comp:           2
   1.0540925533894596        107.55929726857090        102.03970886874347     
   1.0050378152592121        102.55376607112798        102.03970886874347     
   1.0005003753127737        102.09076701998401        102.03970886874347     
   1.0000500037503124        102.04481123686770        102.03970886874347     
   1.0000050000375000        102.04021907111432        102.03970886874347     
   1.0000005000003749        102.03975988863615        102.03970886874347     
   1.0000000500000037        102.03971397072930        102.03970886874347     
   1.0000000050000000        102.03970937894202        102.03970886874347     
   1.0000000004999998        102.03970891976331        102.03970886874347     
   1.0000000000500000        102.03970887384546        102.03970886874347     
 comp:           3
   1.1108259344281304       -277.05302250518389       -249.41173402457053     
   1.0100986523695101       -251.93045642336142       -249.41173402457053     
   1.0010009778465088       -249.66138964498847       -249.41173402457053     
   1.0001000097698716       -249.43667763469361       -249.41173402457053     
   1.0000100000976899       -249.41422816627582       -249.41173402457053     
   1.0000010000009767       -249.41198343654818       -249.41173402457053     
   1.0000001000000098       -249.41175896574640       -249.41173402457053     
   1.0000000100000002       -249.41173651868789       -249.41173402457053     
   1.0000000009999996       -249.41173427398220       -249.41173402457053     
   1.0000000001000000       -249.41173404951172       -249.41173402457053     
 
 part: i_fks full/reduced
 comp:           0
  0.10440812360230937        30.402921822707366        291.19306787383823     
   1.0041064866257863E-002   2.7878182837865291        277.64169646535731     
   1.0004078730915533E-003  0.27650096000145447        276.38822868015376     
   1.0000407597740648E-004   2.7627507398664583E-002   276.26381353602380     
   1.0000040757022744E-005   2.7625250717874233E-003   276.25138126035944     
   1.0000004075674768E-006   2.7625025071567529E-004   276.25013812510355     
   1.0000000407567204E-007   2.7625002507154563E-005   276.25001381250104     
   1.0000000040756721E-008   2.7625000250715440E-006   276.25000138125000     
   1.0000000004075675E-009   2.7625000025071545E-007   276.25000013812496     
   1.0000000000407570E-010   2.7625000002507162E-008   276.25000001381250     
 comp:           1
   9.9999999999999992E-002   6.4081087908983285        64.081087908983292     
   1.0000000000000000E-002  0.61098919999373624        61.098919999373628     
   1.0000000000000000E-003   6.0823076965330292E-002   60.823076965330287     
   1.0000000000000000E-004   6.0795697681041644E-003   60.795697681041638     
   1.0000000000000001E-005   6.0792961785728020E-004   60.792961785728011     
   1.0000000000000002E-006   6.0792688216510883E-005   60.792688216510868     
   1.0000000000000002E-007   6.0792660859792303E-006   60.792660859792292     
   1.0000000000000002E-008   6.0792658124122472E-007   60.792658124122461     
   1.0000000000000003E-009   6.0792657850555513E-008   60.792657850555493     
   1.0000000000000002E-010   6.0792657823198819E-009   60.792657823198809     
 comp:           2
  0.10000000000000001        10.755929726857090        107.55929726857090     
   1.0000000000000000E-002   1.0255376607112798        102.55376607112798     
   1.0000000000000002E-003  0.10209076701998403        102.09076701998401     
   1.0000000000000000E-004   1.0204481123686771E-002   102.04481123686770     
   1.0000000000000001E-005   1.0204021907111434E-003   102.04021907111432     
   1.0000000000000002E-006   1.0203975988863618E-004   102.03975988863615     
   1.0000000000000002E-007   1.0203971397072932E-005   102.03971397072930     
   1.0000000000000000E-008   1.0203970937894202E-006   102.03970937894202     
   1.0000000000000003E-009   1.0203970891976334E-007   102.03970891976331     
   1.0000000000000003E-010   1.0203970887384548E-008   102.03970887384546     
 comp:           3
  0.10000000000000001       -27.705302250518390       -277.05302250518389     
   1.0000000000000002E-002  -2.5193045642336145       -251.93045642336142     
   1.0000000000000000E-003 -0.24966138964498849       -249.66138964498847     
   1.0000000000000000E-004  -2.4943667763469363E-002  -249.43667763469361     
   1.0000000000000001E-005  -2.4941422816627582E-003  -249.41422816627582     
   1.0000000000000002E-006  -2.4941198343654823E-004  -249.41198343654818     
   1.0000000000000002E-007  -2.4941175896574647E-005  -249.41175896574640     
   1.0000000000000002E-008  -2.4941173651868794E-006  -249.41173651868789     
   1.0000000000000003E-009  -2.4941173427398228E-007  -249.41173427398220     
   1.0000000000000003E-010  -2.4941173404951179E-008  -249.41173404951172     
     
 Collinear #          17
 
 part:           1
 comp:           0
  0.99999969043997783        276.27158261717108        276.27166813983479     
  0.99999997045289579        276.27165997680703        276.27166813983479     
  0.99999999705868137        276.27166732723180        276.27166813983479     
  0.99999999970600129        276.27166805861128        276.27166813983479     
  0.99999999997060129        276.27166813171277        276.27166813983479     
  0.99999999999706024        276.27166813902261        276.27166813983479     
  0.99999999999970623        276.27166813975361        276.27166813983479     
  0.99999999999997058        276.27166813982666        276.27166813983479     
  0.99999999999999711        276.27166813983399        276.27166813983479     
   1.0000000000000000        276.27166813983479        276.27166813983479     
 comp:           1
   0.0000000000000000        0.0000000000000000     
   0.0000000000000000        0.0000000000000000     
   0.0000000000000000        0.0000000000000000     
   0.0000000000000000        0.0000000000000000     
   0.0000000000000000        0.0000000000000000     
   0.0000000000000000        0.0000000000000000     
   0.0000000000000000        0.0000000000000000     
   0.0000000000000000        0.0000000000000000     
   0.0000000000000000        0.0000000000000000     
   0.0000000000000000        0.0000000000000000     
 comp:           2
   0.0000000000000000        0.0000000000000000     
   0.0000000000000000        0.0000000000000000     
   0.0000000000000000        0.0000000000000000     
   0.0000000000000000        0.0000000000000000     
   0.0000000000000000        0.0000000000000000     
   0.0000000000000000        0.0000000000000000     
   0.0000000000000000        0.0000000000000000     
   0.0000000000000000        0.0000000000000000     
   0.0000000000000000        0.0000000000000000     
   0.0000000000000000        0.0000000000000000     
 comp:           3
  0.99999969043997783        276.27158261717108        276.27166813983479     
  0.99999997045289579        276.27165997680703        276.27166813983479     
  0.99999999705868137        276.27166732723180        276.27166813983479     
  0.99999999970600129        276.27166805861128        276.27166813983479     
  0.99999999997060129        276.27166813171277        276.27166813983479     
  0.99999999999706024        276.27166813902261        276.27166813983479     
  0.99999999999970623        276.27166813975361        276.27166813983479     
  0.99999999999997058        276.27166813982666        276.27166813983479     
  0.99999999999999711        276.27166813983399        276.27166813983479     
   1.0000000000000000        276.27166813983479        276.27166813983479     
 
 part:           2
 comp:           0
   1.0000041118015746        276.25113588518491        276.24999999999994     
   1.0000003939904412        276.25010883985931        276.24999999999994     
   1.0000000392349628        276.25001083865840        276.24999999999994     
   1.0000000039218628        276.25000108341453        276.24999999999994     
   1.0000000003921701        276.25000010833691        276.24999999999994     
   1.0000000000392169        276.25000001083362        276.24999999999994     
   1.0000000000039220        276.25000000108338        276.24999999999994     
   1.0000000000003921        276.25000000010829        276.24999999999994     
   1.0000000000000393        276.25000000001080        276.24999999999994     
   1.0000000000000042        276.25000000000108        276.24999999999994     
 comp:           1
   0.0000000000000000        0.0000000000000000     
   0.0000000000000000        0.0000000000000000     
   0.0000000000000000        0.0000000000000000     
   0.0000000000000000        0.0000000000000000     
   0.0000000000000000        0.0000000000000000     
   0.0000000000000000        0.0000000000000000     
   0.0000000000000000        0.0000000000000000     
   0.0000000000000000        0.0000000000000000     
   0.0000000000000000        0.0000000000000000     
   0.0000000000000000        0.0000000000000000     
 comp:           2
   0.0000000000000000        0.0000000000000000     
   0.0000000000000000        0.0000000000000000     
   0.0000000000000000        0.0000000000000000     
   0.0000000000000000        0.0000000000000000     
   0.0000000000000000        0.0000000000000000     
   0.0000000000000000        0.0000000000000000     
   0.0000000000000000        0.0000000000000000     
   0.0000000000000000        0.0000000000000000     
   0.0000000000000000        0.0000000000000000     
   0.0000000000000000        0.0000000000000000     
 comp:           3
   1.0000041118015746       -276.25113588518491       -276.24999999999994     
   1.0000003939904412       -276.25010883985931       -276.24999999999994     
   1.0000000392349628       -276.25001083865840       -276.24999999999994     
   1.0000000039218628       -276.25000108341453       -276.24999999999994     
   1.0000000003921701       -276.25000010833691       -276.24999999999994     
   1.0000000000392169       -276.25000001083362       -276.24999999999994     
   1.0000000000039220       -276.25000000108338       -276.24999999999994     
   1.0000000000003921       -276.25000000010829       -276.24999999999994     
   1.0000000000000393       -276.25000000001080       -276.24999999999994     
   1.0000000000000042       -276.25000000000108       -276.24999999999994     
 
 part:           3
 comp:           0
   1.0000015721340225        143.76215972368109        143.76193371065395     
   1.0000004874869974        143.76200379272737        143.76193371065395     
   1.0000001538583638        143.76195582962984        143.76193371065395     
   1.0000000486446470        143.76194070390247        143.76193371065395     
   1.0000000153824606        143.76193592206624        143.76193371065395     
   1.0000000048643485        143.76193440996209        143.76193371065395     
   1.0000000015382415        143.76193393179452        143.76193371065395     
   1.0000000004864347        143.76193378058474        143.76193371065395     
   1.0000000001538241        143.76193373276800        143.76193371065395     
   1.0000000000486435        143.76193371764703        143.76193371065395     
 comp:           1
   1.0000160261215421       -97.178127986492271       -97.176570622960426     
   1.0000049697240876       -97.177053563704192       -97.176570622960426     
   1.0000015685547996       -97.176723049736680       -97.176570622960426     
   1.0000004959256699       -97.176618815316317       -97.176570622960426     
   1.0000001568224646       -97.176585862429732       -97.176570622960426     
   1.0000000495915224       -97.176575442094517       -97.176570622960426     
   1.0000000156822133       -97.176572146904135       -97.176570622960426     
   1.0000000049591511       -97.176571104873730       -97.176570622960426     
   1.0000000015682213       -97.176570775354790       -97.176570622960426     
   1.0000000004959153       -97.176570671151765       -97.176570622960426     
 comp:           2
  0.99996454664089218        57.897040146316073        57.899092863647383     
  0.99998900586069572        57.898456312954849        57.899092863647383     
  0.99999653000656208        57.898891954175085        57.899092863647383     
  0.99999890290168936        57.899029342650415        57.899092863647383     
  0.99999965307369365        57.899072776928953        57.899092863647383     
  0.99999989029247949        57.899086511681467        57.899092863647383     
  0.99999996530744262        57.899090854979782        57.899092863647383     
  0.99999998902925025        57.899092228450925        57.899092863647383     
  0.99999999653074445        57.899092662780632        57.899092863647383     
  0.99999999890292490        57.899092800127733        57.899092863647383     
 comp:           3
   1.0000000000000000       -88.723744013392434       -88.723744013392434     
   1.0000000000000000       -88.723744013392434       -88.723744013392434     
   1.0000000000000000       -88.723744013392434       -88.723744013392434     
   1.0000000000000000       -88.723744013392434       -88.723744013392434     
   1.0000000000000000       -88.723744013392434       -88.723744013392434     
   1.0000000000000000       -88.723744013392434       -88.723744013392434     
   1.0000000000000000       -88.723744013392434       -88.723744013392434     
   1.0000000000000000       -88.723744013392434       -88.723744013392434     
   1.0000000000000000       -88.723744013392434       -88.723744013392434     
   1.0000000000000000       -88.723744013392434       -88.723744013392434     
 
 part:           4
 comp:           0
  0.99999158657744691        131.62124719993810        131.62235459442473     
  0.99999739094939666        131.62201118504106        131.62235459442473     
  0.99999917652247139        131.62224620637346        131.62235459442473     
  0.99999973964302147        131.62232032562619        131.62235459442473     
  0.99999991766943608        131.62234375788205        131.62235459442473     
  0.99999997396483609        131.62235116761516        131.62235459442473     
  0.99999999176695953        131.62235351077257        131.62235459442473     
  0.99999999739648393        131.62235425174381        131.62235459442473     
  0.99999999917669602        131.62235448605952        131.62235459442473     
  0.99999999973964848        131.62235456015665        131.62235459442473     
 comp:           1
   1.0000452351848823       -31.522224490119910       -31.520798640965751     
   1.0000140275463201       -31.521240800428735       -31.520798640965751     
   1.0000044274084503       -31.520938196416012       -31.520798640965751     
   1.0000013998020574       -31.520842763844541       -31.520798640965751     
   1.0000004426478502       -31.520812593579503       -31.520798640965751     
   1.0000001399772769       -31.520803053161313       -31.520798640965751     
   1.0000000442646935       -31.520800036224241       -31.520798640965751     
   1.0000000139977250       -31.520799082185221       -31.520798640965751     
   1.0000000044264692       -31.520798780491596       -31.520798640965751     
   1.0000000013997725       -31.520798685087698       -31.520798640965751     
 comp:           2
  0.99998147894215417        101.47028936474526        101.47216873665216     
  0.99999425657267660        101.47158593862568        101.47216873665216     
  0.99999818724543243        101.47198479251480        101.47216873665216     
  0.99999942686616738        101.47211057951920        101.47216873665216     
  0.99999981876261901        101.47215034610205        101.47216873665216     
  0.99999994268781589        101.47216292106054        101.47216873665216     
  0.99999998187629935        101.47216689760096        101.47216873665216     
  0.99999999426878272        101.47216815509312        101.47216873665216     
  0.99999999818762997        101.47216855274705        101.47216873665216     
  0.99999999942687823        101.47216867849626        101.47216873665216     
 comp:           3
   1.0000000000000000       -77.680644010567818       -77.680644010567818     
   1.0000000000000000       -77.680644010567818       -77.680644010567818     
   1.0000000000000000       -77.680644010567818       -77.680644010567818     
   1.0000000000000000       -77.680644010567818       -77.680644010567818     
   1.0000000000000000       -77.680644010567818       -77.680644010567818     
   1.0000000000000000       -77.680644010567818       -77.680644010567818     
   1.0000000000000000       -77.680644010567818       -77.680644010567818     
   1.0000000000000000       -77.680644010567818       -77.680644010567818     
   1.0000000000000000       -77.680644010567818       -77.680644010567818     
   1.0000000000000000       -77.680644010567818       -77.680644010567818     
 
 part:           5
 comp:           0
   1.0000032070078952        276.47481844348005        276.47393178939797     
   1.0000009944640877        276.47420673279436        276.47393178939797     
   1.0000003138715692        276.47401856670479        276.47393178939797     
   1.0000000992355860        276.47395922545059        276.47393178939797     
   1.0000000313804145        276.47394046526455        276.47393178939797     
   1.0000000099233362        276.47393453294171        276.47393178939797     
   1.0000000031380334        276.47393265698241        276.47393178939797     
   1.0000000009923331        276.47393206375222        276.47393178939797     
   1.0000000003138034        276.47393187615643        276.47393178939797     
   1.0000000000992333        276.47393181683339        276.47393178939797     
 comp:           1
  0.99997674592394359        128.79276025754189        128.79575528383100     
  0.99999278888055154        128.79482652225519        128.79575528383100     
  0.99999772401166354        128.79546214619418        128.79575528383100     
  0.99999928040704777        128.79566260331322        128.79575528383100     
  0.99999977244908844        128.79572597623948        128.79575528383100     
  0.99999992804222193        128.79574601597463        128.79575528383100     
  0.99999997724495704        128.79575235307806        128.79575528383100     
  0.99999999280422369        128.79575435704555        128.79575528383100     
  0.99999999772449577        128.79575499075571        128.79575528383100     
  0.99999999928042249        128.79575519115247        128.79575528383100     
 comp:           2
   1.0000247023713336       -159.81291356501049       -159.80896590459230     
   1.0000076602377113       -159.81019007925951       -159.80896590459230     
   1.0000024177399651       -159.80935228111596       -159.80896590459230     
   1.0000007644101736       -159.80908806419166       -159.80896590459230     
   1.0000002417230900       -159.80900453410933       -159.80896590459230     
   1.0000000764394057       -159.80897812029468       -159.80896590459230     
   1.0000000241722578       -159.80896976753581       -159.80896590459230     
   1.0000000076439390       -159.80896712616229       -159.80896590459230     
   1.0000000024172258       -159.80896629088664       -159.80896590459230     
   1.0000000007643939       -159.80896602674929       -159.80896590459230     
 comp:           3
   1.0000000000000000        166.86331784454765        166.86331784454765     
   1.0000000000000000        166.86331784454765        166.86331784454765     
   1.0000000000000000        166.86331784454765        166.86331784454765     
   1.0000000000000000        166.86331784454765        166.86331784454765     
   1.0000000000000000        166.86331784454765        166.86331784454765     
   1.0000000000000000        166.86331784454765        166.86331784454765     
   1.0000000000000000        166.86331784454765        166.86331784454765     
   1.0000000000000000        166.86331784454765        166.86331784454765     
   1.0000000000000000        166.86331784454765        166.86331784454765     
   1.0000000000000000        166.86331784454765        166.86331784454765     
 
 part:           6
 comp:           0
  0.99999192264715897       0.64177472164056182       0.64177990552330499     
  0.99999749516516978       0.64177829797064434       0.64177990552330499     
  0.99999920941527909       0.64177939814191753       0.64177990552330499     
  0.99999975004265096       0.64177974510570113       0.64177990552330499     
  0.99999992095802459       0.64177985479575350       0.64177990552330499     
  0.99999997500477722       0.64177988948187326       0.64177990552330499     
  0.99999999209581780       0.64177990045055966       0.64177990552330499     
  0.99999999750047808       0.64177990391916206       0.64177990552330499     
  0.99999999920958171       0.64177990501603044       0.64177990552330499     
  0.99999999975004772       0.64177990536289065       0.64177990552330499     
 comp:           1
   1.0000706637567796       -9.8392972230614079E-002  -9.8386019904833005E-002
   1.0000219130088459       -9.8388175838557496E-002  -9.8386019904833005E-002
   1.0000069162371565       -9.8386700365879556E-002  -9.8386019904833005E-002
   1.0000021866884434       -9.8386235044405732E-002  -9.8386019904833005E-002
   1.0000006914784343       -9.8386087936643996E-002  -9.8386019904833005E-002
   1.0000002186642682       -9.8386041418340051E-002  -9.8386019904833005E-002
   1.0000000691477002       -9.8386026708000021E-002  -9.8386019904833005E-002
   1.0000000218664225       -9.8386022056183284E-002  -9.8386019904833005E-002
   1.0000000069147699       -9.8386020585149683E-002  -9.8386019904833005E-002
   1.0000000021866424       -9.8386020119968040E-002  -9.8386019904833005E-002
 comp:           2
  0.99997906425376115       0.43769514062652698       0.43770430429276930     
  0.99999350777239371       0.43770146261680160       0.43770430429276930     
  0.99999795090733012       0.43770340739608782       0.43770430429276930     
  0.99999935214378011       0.43770402072331327       0.43770430429276930     
  0.99999979513377590       0.43770421462194120       0.43770430429276930     
  0.99999993521573383       0.43770427593641714       0.43770430429276930     
  0.99999997951342001       0.43770429532570504       0.43770430429276930     
  0.99999999352157465       0.43770430145713463       0.43770430429276930     
  0.99999999795134209       0.43770430339606292       0.43770430429276930     
  0.99999999935215755       0.43770430400920585       0.43770430429276930     
 comp:           3
   1.0000000000000000      -0.45892982058738657      -0.45892982058738657     
   1.0000000000000000      -0.45892982058738657      -0.45892982058738657     
   1.0000000000000000      -0.45892982058738657      -0.45892982058738657     
   1.0000000000000000      -0.45892982058738657      -0.45892982058738657     
   1.0000000000000000      -0.45892982058738657      -0.45892982058738657     
   1.0000000000000000      -0.45892982058738657      -0.45892982058738657     
   1.0000000000000000      -0.45892982058738657      -0.45892982058738657     
   1.0000000000000000      -0.45892982058738657      -0.45892982058738657     
   1.0000000000000000      -0.45892982058738657      -0.45892982058738657     
   1.0000000000000000      -0.45892982058738657      -0.45892982058738657     
 
 part:           7
 comp:           0
   1.0484708788725525        2.2718413616163429E-002   2.1668139834835586E-002
   1.0046459132498193        2.1768808132793187E-002   2.1668139834835586E-002
   1.0004626703177091        2.1678165039977132E-002   2.1668139834835586E-002
   1.0000462479083456        2.1669141940980685E-002   2.1668139834835586E-002
   1.0000046245996876        2.1668240041308299E-002   2.1668139834835586E-002
   1.0000004624580572        2.1668149855441434E-002   2.1668139834835586E-002
   1.0000000462457872        2.1668140836895770E-002   2.1668139834835586E-002
   1.0000000046245789        2.1668139935041610E-002   2.1668139834835586E-002
   1.0000000004624576        2.1668139844856184E-002   2.1668139834835586E-002
   1.0000000000462457        2.1668139835837642E-002   2.1668139834835586E-002
 comp:           1
   5.9851913008920647E-003   0.0000000000000000     
   1.8560177162911923E-003   0.0000000000000000     
   5.8580032436226115E-004   0.0000000000000000     
   1.8521089203511827E-004   0.0000000000000000     
   5.8567706391515692E-005   0.0000000000000000     
   1.8520699529359875E-005   0.0000000000000000     
   5.8567583154966460E-006   0.0000000000000000     
   1.8520695673793548E-006   0.0000000000000000     
   5.8567581123428824E-007   0.0000000000000000     
   1.8520696360067407E-007   0.0000000000000000     
 comp:           2
   7.8889133226669513E-003   0.0000000000000000     
   2.4463650622116558E-003   0.0000000000000000     
   7.7212703002413243E-004   0.0000000000000000     
   2.4412129875633261E-004   0.0000000000000000     
   7.7196456387485933E-005   0.0000000000000000     
   2.4411616257027891E-005   0.0000000000000000     
   7.7196293952835771E-006   0.0000000000000000     
   2.4411611175113706E-006   0.0000000000000000     
   7.7196291275122813E-007   0.0000000000000000     
   2.4411612079672094E-007   0.0000000000000000     
 comp:           3
  0.94363116271281022        2.0446731986169663E-002   2.1668139834835586E-002
  0.99460023389378294        2.1551136947770669E-002   2.1668139834835586E-002
  0.99946228603283049        2.1656488573403812E-002   2.1668139834835586E-002
  0.99994625112615898        2.1666975196721235E-002   2.1668139834835586E-002
  0.99999462533774264        2.1668023375902228E-002   2.1668139834835586E-002
  0.99999946253602512        2.1668128188991023E-002   2.1668139834835586E-002
  0.99999994625362543        2.1668138670251625E-002   2.1668139834835586E-002
  0.99999999462536326        2.1668139718377204E-002   2.1668139834835586E-002
  0.99999999946253604        2.1668139823189742E-002   2.1668139834835586E-002
  0.99999999994625355        2.1668139833671000E-002   2.1668139834835586E-002
 
 part: i_fks+j_fks
 comp:           0
   1.0000034917639731        276.29430103078727        276.29333627966963     
   1.0000003348081841        276.29342878493981        276.29333627966963     
   1.0000000333435553        276.29334549227178        276.29333627966963     
   1.0000000033329890        276.29333720055229        276.29333627966963     
   1.0000000003332852        276.29333637175409        276.29333627966963     
   1.0000000000333285        276.29333628887804        276.29333627966963     
   1.0000000000033329        276.29333628059049        276.29333627966963     
   1.0000000000003333        276.29333627976172        276.29333627966963     
   1.0000000000000333        276.29333627967884        276.29333627966963     
   1.0000000000000036        276.29333627967060        276.29333627966963     
 comp:           1
   5.9851913008920647E-003   0.0000000000000000     
   1.8560177162911923E-003   0.0000000000000000     
   5.8580032436226115E-004   0.0000000000000000     
   1.8521089203511827E-004   0.0000000000000000     
   5.8567706391515692E-005   0.0000000000000000     
   1.8520699529359875E-005   0.0000000000000000     
   5.8567583154966460E-006   0.0000000000000000     
   1.8520695673793548E-006   0.0000000000000000     
   5.8567581123428824E-007   0.0000000000000000     
   1.8520696360067407E-007   0.0000000000000000     
 comp:           2
   7.8889133226669513E-003   0.0000000000000000     
   2.4463650622116558E-003   0.0000000000000000     
   7.7212703002413243E-004   0.0000000000000000     
   2.4412129875633261E-004   0.0000000000000000     
   7.7196456387485933E-005   0.0000000000000000     
   2.4411616257027891E-005   0.0000000000000000     
   7.7196293952835771E-006   0.0000000000000000     
   2.4411611175113706E-006   0.0000000000000000     
   7.7196291275122813E-007   0.0000000000000000     
   2.4411612079672094E-007   0.0000000000000000     
 comp:           3
  0.99999526977186648        276.29202934915725        276.29333627966963     
  0.99999954698178206        276.29321111375481        276.29333627966963     
  0.99999995488901539        276.29332381580519        276.29333627966963     
  0.99999999549080099        276.29333503380798        276.29333627966963     
  0.99999999954909902        276.29333615508870        276.29333627966963     
  0.99999999995491018        276.29333626721160        276.29333627966963     
  0.99999999999549105        276.29333627842385        276.29333627966963     
  0.99999999999954903        276.29333627954503        276.29333627966963     
  0.99999999999995492        276.29333627965718        276.29333627966963     
  0.99999999999999567        276.29333627966844        276.29333627966963     
     
 Collinear #          18
 
 part:           1
 comp:           0
  0.99999925390091449        276.30205653142764        276.30226268029315     
  0.99999992878616772        276.30224300375016        276.30226268029315     
  0.99999999291089603        276.30226072155767        276.30226268029315     
  0.99999999929141070        276.30226248450833        276.30226268029315     
  0.99999999992914401        276.30226266071548        276.30226268029315     
  0.99999999999291445        276.30226267833541        276.30226268029315     
  0.99999999999929123        276.30226268009733        276.30226268029315     
  0.99999999999992906        276.30226268027354        276.30226268029315     
  0.99999999999999301        276.30226268029122        276.30226268029315     
  0.99999999999999922        276.30226268029293        276.30226268029315     
 comp:           1
   0.0000000000000000        0.0000000000000000     
   0.0000000000000000        0.0000000000000000     
   0.0000000000000000        0.0000000000000000     
   0.0000000000000000        0.0000000000000000     
   0.0000000000000000        0.0000000000000000     
   0.0000000000000000        0.0000000000000000     
   0.0000000000000000        0.0000000000000000     
   0.0000000000000000        0.0000000000000000     
   0.0000000000000000        0.0000000000000000     
   0.0000000000000000        0.0000000000000000     
 comp:           2
   0.0000000000000000        0.0000000000000000     
   0.0000000000000000        0.0000000000000000     
   0.0000000000000000        0.0000000000000000     
   0.0000000000000000        0.0000000000000000     
   0.0000000000000000        0.0000000000000000     
   0.0000000000000000        0.0000000000000000     
   0.0000000000000000        0.0000000000000000     
   0.0000000000000000        0.0000000000000000     
   0.0000000000000000        0.0000000000000000     
   0.0000000000000000        0.0000000000000000     
 comp:           3
  0.99999925390091449        276.30205653142764        276.30226268029315     
  0.99999992878616772        276.30224300375016        276.30226268029315     
  0.99999999291089603        276.30226072155767        276.30226268029315     
  0.99999999929141070        276.30226248450833        276.30226268029315     
  0.99999999992914401        276.30226266071548        276.30226268029315     
  0.99999999999291445        276.30226267833541        276.30226268029315     
  0.99999999999929123        276.30226268009733        276.30226268029315     
  0.99999999999992906        276.30226268027354        276.30226268029315     
  0.99999999999999301        276.30226268029122        276.30226268029315     
  0.99999999999999922        276.30226268029293        276.30226268029315     
 
 part:           2
 comp:           0
   1.0000099170060841        276.25273957293075        276.25000000000000     
   1.0000009502369682        276.25026250296247        276.25000000000000     
   1.0000000946279144        276.25002614096132        276.25000000000000     
   1.0000000094588517        276.25000261300778        276.25000000000000     
   1.0000000009458456        276.25000026128987        276.25000000000000     
   1.0000000000945841        276.25000002612887        276.25000000000000     
   1.0000000000094584        276.25000000261286        276.25000000000000     
   1.0000000000009457        276.25000000026125        276.25000000000000     
   1.0000000000000944        276.25000000002609        276.25000000000000     
   1.0000000000000093        276.25000000000256        276.25000000000000     
 comp:           1
   0.0000000000000000        0.0000000000000000     
   0.0000000000000000        0.0000000000000000     
   0.0000000000000000        0.0000000000000000     
   0.0000000000000000        0.0000000000000000     
   0.0000000000000000        0.0000000000000000     
   0.0000000000000000        0.0000000000000000     
   0.0000000000000000        0.0000000000000000     
   0.0000000000000000        0.0000000000000000     
   0.0000000000000000        0.0000000000000000     
   0.0000000000000000        0.0000000000000000     
 comp:           2
   0.0000000000000000        0.0000000000000000     
   0.0000000000000000        0.0000000000000000     
   0.0000000000000000        0.0000000000000000     
   0.0000000000000000        0.0000000000000000     
   0.0000000000000000        0.0000000000000000     
   0.0000000000000000        0.0000000000000000     
   0.0000000000000000        0.0000000000000000     
   0.0000000000000000        0.0000000000000000     
   0.0000000000000000        0.0000000000000000     
   0.0000000000000000        0.0000000000000000     
 comp:           3
   1.0000099170060841       -276.25273957293075       -276.25000000000000     
   1.0000009502369682       -276.25026250296247       -276.25000000000000     
   1.0000000946279144       -276.25002614096132       -276.25000000000000     
   1.0000000094588517       -276.25000261300778       -276.25000000000000     
   1.0000000009458456       -276.25000026128987       -276.25000000000000     
   1.0000000000945841       -276.25000002612887       -276.25000000000000     
   1.0000000000094584       -276.25000000261286       -276.25000000000000     
   1.0000000000009457       -276.25000000026125       -276.25000000000000     
   1.0000000000000944       -276.25000000002609       -276.25000000000000     
   1.0000000000000093       -276.25000000000256       -276.25000000000000     
 
 part:           3
 comp:           0
   1.0000297907001063        17.812589465960034        17.812058832257087     
   1.0000092379230479        17.812223378685903        17.812058832257087     
   1.0000029156731629        17.812110766398998        17.812058832257087     
   1.0000009218384813        17.812075252098349        17.812058832257087     
   1.0000002915051538        17.812064024564037        17.812058832257087     
   1.0000000921818279        17.812060474205229        17.812058832257087     
   1.0000000291504458        17.812059351486543        17.812058832257087     
   1.0000000092181800        17.812058996451853        17.812058832257087     
   1.0000000029150444        17.812058884180029        17.812058832257087     
   1.0000000009218180        17.812058848676564        17.812058832257087     
 comp:           1
   1.0000569267098189        13.463318958075657        13.462552579251556     
   1.0000176528425746        13.462790231572891        13.462552579251556     
   1.0000055716094360        13.462627587336540        13.462552579251556     
   1.0000017615587740        13.462576294329171        13.462552579251556     
   1.0000005570429644        13.462560078471752        13.462552579251556     
   1.0000001761520976        13.462554950708432        13.462552579251556     
   1.0000000557041719        13.462553329171898        13.462552579251556     
   1.0000000176152055        13.462552816397185        13.462552579251556     
   1.0000000055704168        13.462552654243586        13.462552579251556     
   1.0000000017615205        13.462552602966118        13.462552579251556     
 comp:           2
  0.99999362185270768       -11.651500345927351       -11.651574661386729     
  0.99999802215110567       -11.651551616332668       -11.651574661386729     
  0.99999937574917386       -11.651567387881620       -11.651574661386729     
  0.99999980263251886       -11.651572361744787       -11.651574661386729     
  0.99999993758813599       -11.651573934190235       -11.651574661386729     
  0.99999998026367531       -11.651574431427468       -11.651574661386729     
  0.99999999375882753       -11.651574588667241       -11.651574661386729     
  0.99999999802636808       -11.651574638390809       -11.651574661386729     
  0.99999999937588280       -11.651574654114780       -11.651574661386729     
  0.99999999980263687       -11.651574659087137       -11.651574661386729     
 comp:           3
   1.0000000000000000       0.51954384300572798       0.51954384300572798     
   1.0000000000000000       0.51954384300572798       0.51954384300572798     
   1.0000000000000000       0.51954384300572798       0.51954384300572798     
   1.0000000000000000       0.51954384300572798       0.51954384300572798     
   1.0000000000000000       0.51954384300572798       0.51954384300572798     
   1.0000000000000000       0.51954384300572798       0.51954384300572798     
   1.0000000000000000       0.51954384300572798       0.51954384300572798     
   1.0000000000000000       0.51954384300572798       0.51954384300572798     
   1.0000000000000000       0.51954384300572798       0.51954384300572798     
   1.0000000000000000       0.51954384300572798       0.51954384300572798     
 
 part:           4
 comp:           0
   1.0000120168173210        126.43472716352086        126.43320783875895     
   1.0000037262259918        126.43367895746421        126.43320783875895     
   1.0000011760598246        126.43335653177517        126.43320783875895     
   1.0000003718296859        126.43325485037890        126.43320783875895     
   1.0000001175804283        126.43322270482966        126.43320783875895     
   1.0000000371821056        126.43321253981183        126.43320783875895     
   1.0000000117580101        126.43320932536187        126.43320783875895     
   1.0000000037182091        126.43320830886405        126.43320783875895     
   1.0000000011758008        126.43320798741922        126.43320783875895     
   1.0000000003718210        126.43320788576946        126.43320783875895     
 comp:           1
   1.0002045512178874        26.599497325673667        26.594057478827807     
   1.0000634312539385        26.595744373241001        26.594057478827807     
   1.0000200202793430        26.594589899287396        26.594057478827807     
   1.0000063297544661        26.594225812681906        26.594057478827807     
   1.0000020016055700        26.594110709641384        26.594057478827807     
   1.0000006329620215        26.594074311856190        26.594057478827807     
   1.0000002001601251        26.594062801897682        26.594057478827807     
   1.0000000632961881        26.594059162130272        26.594057478827807     
   1.0000000200160117        26.594058011134774        26.594057478827807     
   1.0000000063296191        26.594057647158060        26.594057478827807     
 comp:           2
   1.0000058689302755        89.880595681838571        89.880068181985251     
   1.0000018199530196        89.880231759486733        89.880068181985251     
   1.0000005744166414        89.880119810592134        89.880068181985251     
   1.0000001816116668        89.880084505254246        89.880068181985251     
   1.0000000574295458        89.880073343756735        89.880068181985251     
   1.0000000181607815        89.880069814277533        89.880068181985251     
   1.0000000057429421        89.880068698161281        89.880068181985251     
   1.0000000018160777        89.880068345214440        89.880068181985251     
   1.0000000005742942        89.880068233602856        89.880068181985251     
   1.0000000001816076        89.880068198308166        89.880068181985251     
 comp:           3
   1.0000000000000000       -84.850960482562016       -84.850960482562016     
   1.0000000000000000       -84.850960482562016       -84.850960482562016     
   1.0000000000000000       -84.850960482562016       -84.850960482562016     
   1.0000000000000000       -84.850960482562016       -84.850960482562016     
   1.0000000000000000       -84.850960482562016       -84.850960482562016     
   1.0000000000000000       -84.850960482562016       -84.850960482562016     
   1.0000000000000000       -84.850960482562016       -84.850960482562016     
   1.0000000000000000       -84.850960482562016       -84.850960482562016     
   1.0000000000000000       -84.850960482562016       -84.850960482562016     
   1.0000000000000000       -84.850960482562016       -84.850960482562016     
 
 part:           5
 comp:           0
  0.99998876374766366        163.22074089558529        163.22257490562393     
  0.99999651542815315        163.22200614483464        163.22257490562393     
  0.99999890017274817        163.22239538898793        163.22257490562393     
  0.99999965226868825        163.22251814802385        163.22257490562393     
  0.99999989003961420        163.22255695760663        163.22257490562393     
  0.99999996522751988        163.22256922997019        163.22257490562393     
  0.99999998900397657        163.22257311082467        163.22257490562393     
  0.99999999652275207        163.22257433805856        163.22257490562393     
  0.99999999890039759        163.22257472614399        163.22257490562393     
  0.99999999965227526        163.22257484886740        163.22257490562393     
 comp:           1
  0.99986845180270778       -53.377552428413217       -53.384575073027285     
  0.99995920662744264       -53.382397336167514       -53.384575073027285     
  0.99998712469518747       -53.383887730350935       -53.384575073027285     
  0.99999592924853031       -53.384357757689848       -53.384575073027285     
  0.99999871273982843       -53.384506353190019       -53.384575073027285     
  0.99999959293335505       -53.384553341947417       -53.384575073027285     
  0.99999987127424739       -53.384568201057682       -53.384575073027285     
  0.99999995929334351       -53.384572899919725       -53.384575073027285     
  0.99999998712742522       -53.384574385830348       -53.384575073027285     
  0.99999999592933420       -53.384574855716522       -53.384575073027285     
 comp:           2
   1.0000061401235252        110.90775645799900        110.90707547485577     
   1.0000019040652146        110.90728664916024        110.90707547485577     
   1.0000006009657569        110.90714212621035        110.90707547485577     
   1.0000001900057727        110.90709654784034        110.90707547485577     
   1.0000000600839587        110.90708213859192        110.90707547485577     
   1.0000000190001805        110.90707758211022        110.90707547485577     
   1.0000000060083836        110.90707614122802        110.90707547485577     
   1.0000000019000177        110.90707568558118        110.90707547485577     
   1.0000000006008383        110.90707554149300        110.90707547485577     
   1.0000000001900018        110.90707549592831        110.90707547485577     
 comp:           3
   1.0000000000000000       -70.880891348362951       -70.880891348362951     
   1.0000000000000000       -70.880891348362951       -70.880891348362951     
   1.0000000000000000       -70.880891348362951       -70.880891348362951     
   1.0000000000000000       -70.880891348362951       -70.880891348362951     
   1.0000000000000000       -70.880891348362951       -70.880891348362951     
   1.0000000000000000       -70.880891348362951       -70.880891348362951     
   1.0000000000000000       -70.880891348362951       -70.880891348362951     
   1.0000000000000000       -70.880891348362951       -70.880891348362951     
   1.0000000000000000       -70.880891348362951       -70.880891348362951     
   1.0000000000000000       -70.880891348362951       -70.880891348362951     
 
 part:           6
 comp:           0
  0.99999912080016806        245.03194299112758        245.03215842336007     
  0.99999972715946062        245.03209156865381        245.03215842336007     
  0.99999991386609233        245.03213731778277        245.03215842336007     
  0.99999997276534280        245.03215174999323        245.03215842336007     
  0.99999999138761642        245.03215631304914        245.03215842336007     
  0.99999999727651112        245.03215775601771        245.03215842336007     
  0.99999999913875548        245.03215821232746        245.03215842336007     
  0.99999999972765052        245.03215835662570        245.03215842336007     
  0.99999999991387545        245.03215840225678        245.03215842336007     
  0.99999999997276501        245.03215841668663        245.03215842336007     
 comp:           1
   1.0007910099692094        13.338507568144024        13.327965014947925     
   1.0002452929781787        13.331234271179502        13.327965014947925     
   1.0000774198893958        13.328996864525253        13.327965014947925     
   1.0000244776355895        13.328291252018710        13.327965014947925     
   1.0000077403600223        13.328068178195505        13.327965014947925     
   1.0000024477120830        13.327997637968934        13.327965014947925     
   1.0000007740343764        13.327975331251013        13.327965014947925     
   1.0000002447711576        13.327968277249349        13.327965014947925     
   1.0000000774034350        13.327966046578197        13.327965014947925     
   1.0000000244771166        13.327965341178079        13.327965014947925     
 comp:           2
  0.99999459484364539       -189.13454668813165       -189.13556899545429     
  0.99999832385563858       -189.13525197693679       -189.13556899545429     
  0.99999947097176589       -189.13546893739823       -189.13556899545429     
  0.99999983273858395       -189.13553736037119       -189.13556899545429     
  0.99999994710830742       -189.13555899175392       -189.13556899545429     
  0.99999998327421014       -189.13556583201250       -189.13556899545429     
  0.99999999471084178       -189.13556799508635       -189.13556899545429     
  0.99999999832742137       -189.13556867911018       -189.13556899545429     
  0.99999999947108420       -189.13556889541749       -189.13556899545429     
  0.99999999983274213       -189.13556896381988       -189.13556899545429     
 comp:           3
   1.0000000000000000        155.21230798791925        155.21230798791925     
   1.0000000000000000        155.21230798791925        155.21230798791925     
   1.0000000000000000        155.21230798791925        155.21230798791925     
   1.0000000000000000        155.21230798791925        155.21230798791925     
   1.0000000000000000        155.21230798791925        155.21230798791925     
   1.0000000000000000        155.21230798791925        155.21230798791925     
   1.0000000000000000        155.21230798791925        155.21230798791925     
   1.0000000000000000        155.21230798791925        155.21230798791925     
   1.0000000000000000        155.21230798791925        155.21230798791925     
   1.0000000000000000        155.21230798791925        155.21230798791925     
 
 part:           7
 comp:           0
   1.0484649439570144        5.4795588164610887E-002   5.2262680293159544E-002
   1.0046453182208208        5.2505457074194295E-002   5.2262680293159544E-002
   1.0004626108122481        5.2286857574140228E-002   5.2262680293159544E-002
   1.0000462419577856        5.2265097021815421E-002   5.2262680293159544E-002
   1.0000046240046312        5.2262921956035262E-002   5.2262680293159544E-002
   1.0000004623985517        5.2262704459347213E-002   5.2262680293159544E-002
   1.0000000462398362        5.2262682709777318E-002   5.2262680293159544E-002
   1.0000000046239839        5.2262680534821332E-002   5.2262680293159544E-002
   1.0000000004623981        5.2262680317325706E-002   5.2262680293159544E-002
   1.0000000000462392        5.2262680295576132E-002   5.2262680293159544E-002
 comp:           1
  -2.3771423480127594E-002  -0.0000000000000000     
  -7.3715398258786735E-003  -0.0000000000000000     
  -2.3266207982548127E-003  -0.0000000000000000     
  -7.3560133993412654E-004  -0.0000000000000000     
  -2.3261311862257799E-004  -0.0000000000000000     
  -7.3558586139667987E-005  -0.0000000000000000     
  -2.3261262910550372E-005  -0.0000000000000000     
  -7.3558570824665975E-006  -0.0000000000000000     
  -2.3261262103626432E-006  -0.0000000000000000     
  -7.3558573550318397E-007  -0.0000000000000000     
 comp:           2
  -2.3051057785551813E-003  -0.0000000000000000     
  -7.1481537753461354E-004  -0.0000000000000000     
  -2.2561152263545680E-004  -0.0000000000000000     
  -7.1330978593377363E-005  -0.0000000000000000     
  -2.2556404514559106E-005  -0.0000000000000000     
  -7.1329477645563202E-006  -0.0000000000000000     
  -2.2556357046276967E-006  -0.0000000000000000     
  -7.1329462794664752E-007  -0.0000000000000000     
  -2.2556356263805932E-007  -0.0000000000000000     
  -7.1329465437719399E-008  -0.0000000000000000     
 comp:           3
  0.94363622799771929        4.9316958496887810E-002   5.2262680293159544E-002
  0.99460074562073308        5.1980500787714476E-002   5.2262680293159544E-002
  0.99946233724303213        5.2234580596386596E-002   5.2262680293159544E-002
  0.99994625624754119        5.2259871500607034E-002   5.2262680293159544E-002
  0.99999462584988419        5.2262399425670195E-002   5.2262680293159544E-002
  0.99999946258723937        5.2262652206528253E-002   5.2262680293159544E-002
  0.99999994625874666        5.2262677484497602E-002   5.2262680293159544E-002
  0.99999999462587508        5.2262680012293374E-002   5.2262680293159544E-002
  0.99999999946258722        5.2262680265072914E-002   5.2262680293159544E-002
  0.99999999994625821        5.2262680290350853E-002   5.2262680293159544E-002
 
 part: i_fks+j_fks
 comp:           0
   1.0000084194713399        276.35685211959225        276.35452536058631     
   1.0000008072972126        276.35474846082434        276.35452536058631     
   1.0000000803987033        276.35454757913180        276.35452536058631     
   1.0000000080365747        276.35452758153014        276.35452536058631     
   1.0000000008036243        276.35452558267150        276.35452536058631     
   1.0000000000803622        276.35452538279475        276.35452536058631     
   1.0000000000080360        276.35452536280712        276.35452536058631     
   1.0000000000008034        276.35452536080834        276.35452536058631     
   1.0000000000000804        276.35452536060853        276.35452536058631     
   1.0000000000000080        276.35452536058853        276.35452536058631     
 comp:           1
  -2.3771423480127594E-002   0.0000000000000000     
  -7.3715398258786735E-003   0.0000000000000000     
  -2.3266207982548127E-003   0.0000000000000000     
  -7.3560133993412654E-004   0.0000000000000000     
  -2.3261311862257799E-004   0.0000000000000000     
  -7.3558586139667987E-005   0.0000000000000000     
  -2.3261262910550372E-005   0.0000000000000000     
  -7.3558570824665975E-006   0.0000000000000000     
  -2.3261262103626432E-006   0.0000000000000000     
  -7.3558573550318397E-007   0.0000000000000000     
 comp:           2
  -2.3051057785551813E-003   0.0000000000000000     
  -7.1481537753461354E-004   0.0000000000000000     
  -2.2561152263545680E-004   0.0000000000000000     
  -7.1330978593377363E-005   0.0000000000000000     
  -2.2556404514559106E-005   0.0000000000000000     
  -7.1329477645563202E-006   0.0000000000000000     
  -2.2556357046276967E-006   0.0000000000000000     
  -7.1329462794664752E-007   0.0000000000000000     
  -2.2556356263805932E-007   0.0000000000000000     
  -7.1329465437719399E-008   0.0000000000000000     
 comp:           3
  0.99998859482884284        276.35137348992453        276.35452536058631     
  0.99999890772170974        276.35422350453786        276.35452536058631     
  0.99999989123235022        276.35449530215408        276.35452536058631     
  0.99999998912781562        276.35452235600894        276.35452536058631     
  0.99999999891282709        276.35452506014116        276.35452536058631     
  0.99999999989128330        276.35452533054195        276.35452536058631     
  0.99999999998912825        276.35452535758185        276.35452536058631     
  0.99999999999891276        276.35452536028583        276.35452536058631     
  0.99999999999989142        276.35452536055629        276.35452536058631     
  0.99999999999998912        276.35452536058330        276.35452536058631     
     
 Collinear #          31
 
 part:           1
 comp:           0
   1.0002821364374375        276.32794019084207        276.25000000000000     
   1.0000270276127712        276.25746637802803        276.25000000000000     
   1.0000026914432105        276.25074351118690        276.25000000000000     
   1.0000002690316578        276.25007431999546        276.25000000000000     
   1.0000000269020393        276.25000743168835        276.25000000000000     
   1.0000000026901927        276.25000074316574        276.25000000000000     
   1.0000000002690190        276.25000007431652        276.25000000000000     
   1.0000000000269018        276.25000000743165        276.25000000000000     
   1.0000000000026903        276.25000000074317        276.25000000000000     
   1.0000000000002689        276.25000000007429        276.25000000000000     
 comp:           1
   0.0000000000000000        0.0000000000000000     
   0.0000000000000000        0.0000000000000000     
   0.0000000000000000        0.0000000000000000     
   0.0000000000000000        0.0000000000000000     
   0.0000000000000000        0.0000000000000000     
   0.0000000000000000        0.0000000000000000     
   0.0000000000000000        0.0000000000000000     
   0.0000000000000000        0.0000000000000000     
   0.0000000000000000        0.0000000000000000     
   0.0000000000000000        0.0000000000000000     
 comp:           2
   0.0000000000000000        0.0000000000000000     
   0.0000000000000000        0.0000000000000000     
   0.0000000000000000        0.0000000000000000     
   0.0000000000000000        0.0000000000000000     
   0.0000000000000000        0.0000000000000000     
   0.0000000000000000        0.0000000000000000     
   0.0000000000000000        0.0000000000000000     
   0.0000000000000000        0.0000000000000000     
   0.0000000000000000        0.0000000000000000     
   0.0000000000000000        0.0000000000000000     
 comp:           3
   1.0002821364374375        276.32794019084207        276.25000000000000     
   1.0000270276127712        276.25746637802803        276.25000000000000     
   1.0000026914432105        276.25074351118690        276.25000000000000     
   1.0000002690316578        276.25007431999546        276.25000000000000     
   1.0000000269020393        276.25000743168835        276.25000000000000     
   1.0000000026901927        276.25000074316574        276.25000000000000     
   1.0000000002690190        276.25000007431652        276.25000000000000     
   1.0000000000269018        276.25000000743165        276.25000000000000     
   1.0000000000026903        276.25000000074317        276.25000000000000     
   1.0000000000002689        276.25000000007429        276.25000000000000     
 
 part:           2
 comp:           0
  0.99997945391351772        277.73462278726487        277.74032926408955     
  0.99999803938057696        277.73978472100544        277.74032926408955     
  0.99999980483119832        277.74027505784233        277.74032926408955     
  0.99999998049200689        277.74032384593312        277.74032926408955     
  0.99999999804928941        277.74032872229856        277.74032926408955     
  0.99999999980492993        277.74032920991073        277.74032926408955     
  0.99999999998049305        277.74032925867169        277.74032926408955     
  0.99999999999804934        277.74032926354778        277.74032926408955     
  0.99999999999980493        277.74032926403538        277.74032926408955     
  0.99999999999998057        277.74032926408415        277.74032926408955     
 comp:           1
   0.0000000000000000        0.0000000000000000     
   0.0000000000000000        0.0000000000000000     
   0.0000000000000000        0.0000000000000000     
   0.0000000000000000        0.0000000000000000     
   0.0000000000000000        0.0000000000000000     
   0.0000000000000000        0.0000000000000000     
   0.0000000000000000        0.0000000000000000     
   0.0000000000000000        0.0000000000000000     
   0.0000000000000000        0.0000000000000000     
   0.0000000000000000        0.0000000000000000     
 comp:           2
   0.0000000000000000        0.0000000000000000     
   0.0000000000000000        0.0000000000000000     
   0.0000000000000000        0.0000000000000000     
   0.0000000000000000        0.0000000000000000     
   0.0000000000000000        0.0000000000000000     
   0.0000000000000000        0.0000000000000000     
   0.0000000000000000        0.0000000000000000     
   0.0000000000000000        0.0000000000000000     
   0.0000000000000000        0.0000000000000000     
   0.0000000000000000        0.0000000000000000     
 comp:           3
  0.99997945391351772       -277.73462278726487       -277.74032926408955     
  0.99999803938057696       -277.73978472100544       -277.74032926408955     
  0.99999980483119832       -277.74027505784233       -277.74032926408955     
  0.99999998049200689       -277.74032384593312       -277.74032926408955     
  0.99999999804928941       -277.74032872229856       -277.74032926408955     
  0.99999999980492993       -277.74032920991073       -277.74032926408955     
  0.99999999998049305       -277.74032925867169       -277.74032926408955     
  0.99999999999804934       -277.74032926354778       -277.74032926408955     
  0.99999999999980493       -277.74032926403538       -277.74032926408955     
  0.99999999999998057       -277.74032926408415       -277.74032926408955     
 
 part:           3
 comp:           0
   1.0003049643531958        159.91688289029580        159.86812880979667     
   1.0000943972059011        159.88321991446895        159.86812880979667     
   1.0000297778194274        159.87288933406856        159.86812880979667     
   1.0000094131962258        159.86963367986343        159.86812880979667     
   1.0000029765002580        159.86860465732335        159.86812880979667     
   1.0000009412345681        159.86827928320582        159.86812880979667     
   1.0000002976428823        159.86817639340734        159.86812880979667     
   1.0000000941227858        159.86814385703030        159.86812880979667     
   1.0000000297642220        159.86813356814716        159.86812880979667     
   1.0000000094122725        159.86813031451908        159.86812880979667     
 comp:           1
  0.99879878609155581        11.743278547277102        11.757401701728384     
  0.99962758406358265        11.753023057963800        11.757401701728384     
  0.99988246237787692        11.756019764690016        11.757401701728384     
  0.99996283886974868        11.756964783392329        11.757401701728384     
  0.99998824888268090        11.757263539121618        11.757401701728384     
  0.99999628398135187        11.757358011004406        11.757401701728384     
  0.99999882489232894        11.757387885515453        11.757401701728384     
  0.99999962839837042        11.757397332658751        11.757401701728384     
  0.99999988248925265        11.757400320107323        11.757401701728384     
  0.99999996283983716        11.757401264821421        11.757401701728384     
 comp:           2
   1.0048419286517036       -40.696515396181759       -40.500415275055573     
   1.0015011576041650       -40.561212781417566       -40.500415275055573     
   1.0004737780475321       -40.519603482728826       -40.500415275055573     
   1.0001497914235165       -40.506481889912628       -40.500415275055573     
   1.0000473671435515       -40.502333664039803       -40.500415275055573     
   1.0000149787619308       -40.501021921134075       -40.500415275055573     
   1.0000047366979863       -40.500607113291053       -40.500415275055573     
   1.0000014978752449       -40.500475939625026       -40.500415275055573     
   1.0000004736697188       -40.500434458875887       -40.500415275055573     
   1.0000001497875239       -40.500421341512492       -40.500415275055573     
 comp:           3
   1.0000000000000000       -154.20537758754713       -154.20537758754713     
   1.0000000000000000       -154.20537758754713       -154.20537758754713     
   1.0000000000000000       -154.20537758754713       -154.20537758754713     
   1.0000000000000000       -154.20537758754713       -154.20537758754713     
   1.0000000000000000       -154.20537758754713       -154.20537758754713     
   1.0000000000000000       -154.20537758754713       -154.20537758754713     
   1.0000000000000000       -154.20537758754713       -154.20537758754713     
   1.0000000000000000       -154.20537758754713       -154.20537758754713     
   1.0000000000000000       -154.20537758754713       -154.20537758754713     
   1.0000000000000000       -154.20537758754713       -154.20537758754713     
 
 part:           4
 comp:           0
   1.0006571012332939        101.94970854347747        101.88276125540516     
   1.0002035827111631        101.90350282416232        101.88276125540516     
   1.0000642388014132        101.88930608187286        101.88276125540516     
   1.0000203086189201        101.88483035357801        101.88276125540516     
   1.0000064218691549        101.88341553316707        101.88276125540516     
   1.0000020307537811        101.88296815420782        101.88276125540516     
   1.0000006421790431        101.88282668237927        101.88276125540516     
   1.0000002030746842        101.88278194521473        101.88276125540516     
   1.0000000642178370        101.88276779809573        101.88276125540516     
   1.0000000203074628        101.88276332438554        101.88276125540516     
 comp:           1
  0.99982914053994454        52.678540208578028        52.687542373619635     
  0.99994703436359178        52.684751744407031        52.687542373619635     
  0.99998328422127247        52.686661660319622        52.687542373619635     
  0.99999471513971105        52.687263927319222        52.687542373619635     
  0.99999832882419026        52.687454323473347        52.687542373619635     
  0.99999947152998392        52.687514529833273        52.687542373619635     
  0.99999983288325567        52.687533568649087        52.687542373619635     
  0.99999994715305773        52.687539589244125        52.687542373619635     
  0.99999998328833095        52.687541493122865        52.687542373619635     
  0.99999999471530598        52.687542095182096        52.687542373619635     
 comp:           2
   1.0021433376291753       -58.442983584131369       -58.317988445039305     
   1.0006644246770424       -58.356736355677668       -58.317988445039305     
   1.0002096902187088       -58.330217156791001       -58.317988445039305     
   1.0000662956556143       -58.321854674317372       -58.317988445039305     
   1.0000209639782123       -58.319211022078449       -58.317988445039305     
   1.0000066293646890       -58.318375056252634       -58.317988445039305     
   1.0000020963873264       -58.318110702131179       -58.317988445039305     
   1.0000006629357243       -58.318027106117214       -58.317988445039305     
   1.0000002096386649       -58.318000670744539       -58.317988445039305     
   1.0000000662935691       -58.317992311146895       -58.317988445039305     
 comp:           3
   1.0000000000000000       -64.831567491293839       -64.831567491293839     
   1.0000000000000000       -64.831567491293839       -64.831567491293839     
   1.0000000000000000       -64.831567491293839       -64.831567491293839     
   1.0000000000000000       -64.831567491293839       -64.831567491293839     
   1.0000000000000000       -64.831567491293839       -64.831567491293839     
   1.0000000000000000       -64.831567491293839       -64.831567491293839     
   1.0000000000000000       -64.831567491293839       -64.831567491293839     
   1.0000000000000000       -64.831567491293839       -64.831567491293839     
   1.0000000000000000       -64.831567491293839       -64.831567491293839     
   1.0000000000000000       -64.831567491293839       -64.831567491293839     
 
 part:           5
 comp:           0
  0.99952853224993088        273.80850916643811        273.93766193957197     
  0.99985365238112467        273.89757181502682        273.93766193957197     
  0.99995379426236186        273.92500444783519        273.93766193957197     
  0.99998538970866635        273.93365963052378        273.93766193957197     
  0.99999537975260078        273.93639627980184        273.93766193957197     
  0.99999853893664847        273.93726169929351        273.93766193957197     
  0.99999953796972441        273.93753537207851        273.93766193957197     
  0.99999985389304424        273.93762191537411        273.93766193957197     
  0.99999995379690898        273.93764928280524        273.93766193957197     
  0.99999998538929746        273.93765793715028        273.93766193957197     
 comp:           1
   1.0004127623677288       -58.631645502397809       -58.607454550690903     
   1.0001280042323075       -58.614956552918159       -58.607454550690903     
   1.0000404025476100       -58.609822441163686       -58.607454550690903     
   1.0000127741510705       -58.608203211169190       -58.607454550690903     
   1.0000040394837237       -58.607691294549646       -58.607454550690903     
   1.0000012773964742       -58.607529415646709       -58.607454550690903     
   1.0000004039483572       -58.607478225075894       -58.607454550690903     
   1.0000001277397046       -58.607462037189840       -58.607454550690903     
   1.0000000403948428       -58.607456918129813       -58.607454550690903     
   1.0000000127739717       -58.607455299340870       -58.607454550690903     
 comp:           2
  0.99693797633780190        109.36005128674475        109.69594285942745     
  0.99905041733735622        109.59177749392578        109.69594285942745     
  0.99970027898261327        109.66306467983043        109.69594285942745     
  0.99990523663032160        109.68554770224203        109.69594285942745     
  0.99997003361810077        109.69265566891093        109.69594285942745     
  0.99999052380125708        109.69490335887161        109.69594285942745     
  0.99999700336192154        109.69561414038802        109.69594285942745     
  0.99999905237970110        109.69583890932529        109.69594285942745     
  0.99999970033614038        109.69590998751782        109.69594285942745     
  0.99999990523796045        109.69593246441617        109.69594285942745     
 comp:           3
   1.0000000000000000        230.44867772634026        230.44867772634026     
   1.0000000000000000        230.44867772634026        230.44867772634026     
   1.0000000000000000        230.44867772634026        230.44867772634026     
   1.0000000000000000        230.44867772634026        230.44867772634026     
   1.0000000000000000        230.44867772634026        230.44867772634026     
   1.0000000000000000        230.44867772634026        230.44867772634026     
   1.0000000000000000        230.44867772634026        230.44867772634026     
   1.0000000000000000        230.44867772634026        230.44867772634026     
   1.0000000000000000        230.44867772634026        230.44867772634026     
   1.0000000000000000        230.44867772634026        230.44867772634026     
 
 part:           6
 comp:           0
   1.0008249788755423        16.825317084689523        16.811447995226182     
   1.0002556357798049        16.815745602844093        16.811447995226182     
   1.0000806677207688        16.812804136418780        16.811447995226182     
   1.0000255028998277        16.811876735900363        16.811447995226182     
   1.0000080644134033        16.811583569692722        16.811447995226182     
   1.0000025501708802        16.811490867291315        16.811447995226182     
   1.0000008064331201        16.811461552534642        16.811447995226182     
   1.0000002550163833        16.811452282420849        16.811447995226182     
   1.0000000806432443        16.811449350955890        16.811447995226182     
   1.0000000255016328        16.811448423945556        16.811447995226182     
 comp:           1
   1.0002544847204502       -5.8389750765469222       -5.8374895246571086     
   1.0000788845111372       -5.8379500121645300       -5.8374895246571086     
   1.0000248952460327       -5.8376348503950384       -5.8374895246571086     
   1.0000078708363078       -5.8375354705816056       -5.8374895246571086     
   1.0000024889074000       -5.8375040536279839       -5.8374895246571086     
   1.0000007870579428       -5.8374941190996052       -5.8374895246571086     
   1.0000002488893101       -5.8374909775458486       -5.8374895246571086     
   1.0000000787056875       -5.8374899841007348       -5.8374895246571086     
   1.0000000248889211       -5.8374896699459251       -5.8374895246571086     
   1.0000000078705682       -5.8374895706014680       -5.8374895246571086     
 comp:           2
   1.0018962837562126       -10.898166040110073       -10.877539139332589     
   1.0005878051020969       -10.883933012336946       -10.877539139332589     
   1.0001855060318561       -10.879556988454684       -10.877539139332589     
   1.0000586492541157       -10.878177098889724       -10.877539139332589     
   1.0000185460041178       -10.877740874218258       -10.877539139332589     
   1.0000058647339991       -10.877602933206205       -10.877539139332589     
   1.0000018545897567       -10.877559312705253       -10.877539139332589     
   1.0000005864726040       -10.877545518711294       -10.877539139332589     
   1.0000001854589020       -10.877541156669054       -10.877539139332589     
   1.0000000586472562       -10.877539777270412       -10.877539139332589     
 comp:           3
   1.0000000000000000       -11.411732647499271       -11.411732647499271     
   1.0000000000000000       -11.411732647499271       -11.411732647499271     
   1.0000000000000000       -11.411732647499271       -11.411732647499271     
   1.0000000000000000       -11.411732647499271       -11.411732647499271     
   1.0000000000000000       -11.411732647499271       -11.411732647499271     
   1.0000000000000000       -11.411732647499271       -11.411732647499271     
   1.0000000000000000       -11.411732647499271       -11.411732647499271     
   1.0000000000000000       -11.411732647499271       -11.411732647499271     
   1.0000000000000000       -11.411732647499271       -11.411732647499271     
   1.0000000000000000       -11.411732647499271       -11.411732647499271     
 
 part:           7
 comp:           0
   1.0481880285429301        1.5621452932058923        1.4903292640895796     
   1.0046175557358468        1.4972109425312767        1.4903292640895796     
   1.0004598344545419        1.4910145688338201        1.4903292640895796     
   1.0000459643214694        1.4903977660629695        1.4903292640895796     
   1.0000045962409947        1.4903361140020388        1.4903292640895796     
   1.0000004596221879        1.4903299490779767        1.4903292640895796     
   1.0000000459621998        1.4903293325883911        1.4903292640895796     
   1.0000000045962201        1.4903292709394609        1.4903292640895796     
   1.0000000004596219        1.4903292647745674        1.4903292640895796     
   1.0000000000459619        1.4903292641580779        1.4903292640895796     
 comp:           1
   4.8801823089605852E-002   0.0000000000000000     
   1.5131762711868748E-002   0.0000000000000000     
   4.7758665490869046E-003   0.0000000000000000     
   1.5099710392547860E-003   0.0000000000000000     
   4.7748558267451648E-004   0.0000000000000000     
   1.5099390864564474E-004   0.0000000000000000     
   4.7748457215092376E-005   0.0000000000000000     
   1.5099387702854818E-005   0.0000000000000000     
   4.7748455553026887E-006   0.0000000000000000     
   1.5099388262170278E-006   0.0000000000000000     
 comp:           2
  0.67761373367842415        0.0000000000000000     
  0.21010465550638818        0.0000000000000000     
   6.6312948144060940E-002   0.0000000000000000     
   2.0965960877671583E-002   0.0000000000000000     
   6.6298914255645729E-003   0.0000000000000000     
   2.0965517212791604E-003   0.0000000000000000     
   6.6298773944357882E-004   0.0000000000000000     
   2.0965512822755027E-004   0.0000000000000000     
   6.6298771636578521E-005   0.0000000000000000     
   2.0965513599365023E-005   0.0000000000000000     
 comp:           3
  0.94387369980427727       -1.4066825964228173       -1.4903292640895796     
  0.99462473071874746       -1.4823183429773672       -1.4903292640895796     
  0.99946473745545616       -1.4895315466554748       -1.4903292640895796     
  0.99994649628519083       -1.4902495259376620       -1.4903292640895796     
  0.99999464985381259       -1.4903212906101493       -1.4903292640895796     
  0.99999946498763403       -1.4903284667449939       -1.4903292640895796     
  0.99999994649878621       -1.4903291843551549       -1.4903292640895796     
  0.99999999464987932       -1.4903292561161381       -1.4903292640895796     
  0.99999999946498763       -1.4903292632922349       -1.4903292640895796     
  0.99999999994649846       -1.4903292640098447       -1.4903292640895796     
 
 part: i_fks+j_fks
 comp:           0
   1.0002367560662577        279.29676808047077        279.23065852817911     
   1.0000226949841076        279.23699566353673        279.23065852817911     
   1.0000022601332546        279.23128962667613        279.23065852817911     
   1.0000002259200953        279.23072161199610        279.23065852817911     
   1.0000000225910777        279.23066483630060        279.23065852817911     
   1.0000000022590987        279.23065915898871        279.23065852817911     
   1.0000000002259100        279.23065859126007        279.23065852817911     
   1.0000000000225910        279.23065853448725        279.23065852817911     
   1.0000000000022593        279.23065852880995        279.23065852817911     
   1.0000000000002263        279.23065852824226        279.23065852817911     
 comp:           1
   4.8801823089605852E-002   0.0000000000000000     
   1.5131762711868748E-002   0.0000000000000000     
   4.7758665490869046E-003   0.0000000000000000     
   1.5099710392547860E-003   0.0000000000000000     
   4.7748558267451648E-004   0.0000000000000000     
   1.5099390864564474E-004   0.0000000000000000     
   4.7748457215092376E-005   0.0000000000000000     
   1.5099387702854818E-005   0.0000000000000000     
   4.7748455553026887E-006   0.0000000000000000     
   1.5099388262170278E-006   0.0000000000000000     
 comp:           2
  0.67761373367842415        0.0000000000000000     
  0.21010465550638818        0.0000000000000000     
   6.6312948144060940E-002   0.0000000000000000     
   2.0965960877671583E-002   0.0000000000000000     
   6.6298914255645729E-003   0.0000000000000000     
   2.0965517212791604E-003   0.0000000000000000     
   6.6298773944357882E-004   0.0000000000000000     
   2.0965512822755027E-004   0.0000000000000000     
   6.6298771636578521E-005   0.0000000000000000     
   2.0965513599365023E-005   0.0000000000000000     
 comp:           3
  0.99968000238597576       -279.14130538368767       -279.23065852817911     
  0.99996936058439490       -279.22210306398279       -279.23065852817911     
  0.99999694903243863       -279.22980660449781       -279.23065852817911     
  0.99999969503238373       -279.23057337187078       -279.23065852817911     
  0.99999996950452918       -279.23065001290871       -279.23065852817911     
  0.99999999695046593       -279.23065767665571       -279.23065852817911     
  0.99999999969504694       -279.23065844302687       -279.23065852817911     
  0.99999999996950473       -279.23065851966390       -279.23065852817911     
  0.99999999999695055       -279.23065852732759       -279.23065852817911     
  0.99999999999969524       -279.23065852809401       -279.23065852817911     
     
 Collinear #          72
 
 part:           1
 comp:           0
   1.0001913302242795        276.30285497445720        276.25000000000000     
   1.0000183301654924        276.25506370821728        276.25000000000000     
   1.0000018253543739        276.25050425414577        276.25000000000000     
   1.0000001824591651        276.25005040434434        276.25000000000000     
   1.0000000182451538        276.25000504022375        276.25000000000000     
   1.0000000018245077        276.25000050402025        276.25000000000000     
   1.0000000001824505        276.25000005040198        276.25000000000000     
   1.0000000000182447        276.25000000504014        276.25000000000000     
   1.0000000000018245        276.25000000050403        276.25000000000000     
   1.0000000000001825        276.25000000005042        276.25000000000000     
 comp:           1
   0.0000000000000000        0.0000000000000000     
   0.0000000000000000        0.0000000000000000     
   0.0000000000000000        0.0000000000000000     
   0.0000000000000000        0.0000000000000000     
   0.0000000000000000        0.0000000000000000     
   0.0000000000000000        0.0000000000000000     
   0.0000000000000000        0.0000000000000000     
   0.0000000000000000        0.0000000000000000     
   0.0000000000000000        0.0000000000000000     
   0.0000000000000000        0.0000000000000000     
 comp:           2
   0.0000000000000000        0.0000000000000000     
   0.0000000000000000        0.0000000000000000     
   0.0000000000000000        0.0000000000000000     
   0.0000000000000000        0.0000000000000000     
   0.0000000000000000        0.0000000000000000     
   0.0000000000000000        0.0000000000000000     
   0.0000000000000000        0.0000000000000000     
   0.0000000000000000        0.0000000000000000     
   0.0000000000000000        0.0000000000000000     
   0.0000000000000000        0.0000000000000000     
 comp:           3
   1.0001913302242795        276.30285497445720        276.25000000000000     
   1.0000183301654924        276.25506370821728        276.25000000000000     
   1.0000018253543739        276.25050425414577        276.25000000000000     
   1.0000001824591651        276.25005040434434        276.25000000000000     
   1.0000000182451538        276.25000504022375        276.25000000000000     
   1.0000000018245077        276.25000050402025        276.25000000000000     
   1.0000000001824505        276.25000005040198        276.25000000000000     
   1.0000000000182447        276.25000000504014        276.25000000000000     
   1.0000000000018245        276.25000000050403        276.25000000000000     
   1.0000000000001825        276.25000000005042        276.25000000000000     
 
 part:           2
 comp:           0
  0.99998591286101601        277.25597345882909        277.25987925728288     
  0.99999865562139367        277.25950651503280        277.25987925728288     
  0.99999986617353975        277.25984215257466        277.25987925728288     
  0.99999998662343748        277.25987554849877        277.25987925728288     
  0.99999999866240441        277.25987888642129        277.25987925728288     
  0.99999999986624122        277.25987922019692        277.25987925728288     
  0.99999999998662414        277.25987925357430        277.25987925728288     
  0.99999999999866251        277.25987925691203        277.25987925728288     
  0.99999999999986633        277.25987925724581        277.25987925728288     
  0.99999999999998668        277.25987925727918        277.25987925728288     
 comp:           1
   0.0000000000000000        0.0000000000000000     
   0.0000000000000000        0.0000000000000000     
   0.0000000000000000        0.0000000000000000     
   0.0000000000000000        0.0000000000000000     
   0.0000000000000000        0.0000000000000000     
   0.0000000000000000        0.0000000000000000     
   0.0000000000000000        0.0000000000000000     
   0.0000000000000000        0.0000000000000000     
   0.0000000000000000        0.0000000000000000     
   0.0000000000000000        0.0000000000000000     
 comp:           2
   0.0000000000000000        0.0000000000000000     
   0.0000000000000000        0.0000000000000000     
   0.0000000000000000        0.0000000000000000     
   0.0000000000000000        0.0000000000000000     
   0.0000000000000000        0.0000000000000000     
   0.0000000000000000        0.0000000000000000     
   0.0000000000000000        0.0000000000000000     
   0.0000000000000000        0.0000000000000000     
   0.0000000000000000        0.0000000000000000     
   0.0000000000000000        0.0000000000000000     
 comp:           3
  0.99998591286101601       -277.25597345882909       -277.25987925728288     
  0.99999865562139367       -277.25950651503280       -277.25987925728288     
  0.99999986617353975       -277.25984215257466       -277.25987925728288     
  0.99999998662343748       -277.25987554849877       -277.25987925728288     
  0.99999999866240441       -277.25987888642129       -277.25987925728288     
  0.99999999986624122       -277.25987922019692       -277.25987925728288     
  0.99999999998662414       -277.25987925357430       -277.25987925728288     
  0.99999999999866251       -277.25987925691203       -277.25987925728288     
  0.99999999999986633       -277.25987925724581       -277.25987925728288     
  0.99999999999998668       -277.25987925727918       -277.25987925728288     
 
 part:           3
 comp:           0
  0.99985429923100277        192.97436704370685        193.00248765457650     
  0.99995474710932331        192.99375373410234        193.00248765457650     
  0.99998571007050518        192.99972966263559        193.00248765457650     
  0.99999548127528703        193.00161552946588        193.00248765457650     
  0.99999857100923595        193.00221185580421        193.00248765457650     
  0.99999954810711289        193.00240043812514        193.00248765457650     
  0.99999985709822936        193.00246007417928        193.00248765457650     
  0.99999995481042114        193.00247893287536        193.00248765457650     
  0.99999998570979365        193.00248489653112        193.00248765457650     
  0.99999999548103902        193.00248678240578        193.00248765457650     
 comp:           1
  0.99534859477255844        34.437551721117345        34.598483287140702     
  0.99855763196154657        34.548579540668364        34.598483287140702     
  0.99954475303303647        34.582732432562693        34.598483287140702     
  0.99985606521095782        34.593503361747587        34.598483287140702     
  0.99995448462685821        34.596908524263746        34.598483287140702     
  0.99998560679583637        34.597985304106999        34.598483287140702     
  0.99999544846937338        34.598325811084386        34.598483287140702     
  0.99999856067959181        34.598433488837614        34.598483287140702     
  0.99999954484692377        34.598467539534603        34.598483287140702     
  0.99999985606795094        34.598478307310110        34.598483287140702     
 comp:           2
   1.0000075897292717        129.90934929499085        129.90836332568307     
   1.0000023535216536        129.90866906782912        129.90836332568307     
   1.0000007428295454        129.90845982545355        129.90836332568307     
   1.0000002348593657        129.90839383587888        129.90836332568307     
   1.0000000742677413        129.90837297368378        129.90836332568307     
   1.0000000234854882        129.90836637664441        129.90836332568307     
   1.0000000074267632        129.90836429048173        129.90836332568307     
   1.0000000023485489        129.90836363077921        129.90836332568307     
   1.0000000007426764        129.90836342216295        129.90836332568307     
   1.0000000002348550        129.90836335619269        129.90836332568307     
 comp:           3
   1.0000000000000000       -138.48004308609495       -138.48004308609495     
   1.0000000000000000       -138.48004308609495       -138.48004308609495     
   1.0000000000000000       -138.48004308609495       -138.48004308609495     
   1.0000000000000000       -138.48004308609495       -138.48004308609495     
   1.0000000000000000       -138.48004308609495       -138.48004308609495     
   1.0000000000000000       -138.48004308609495       -138.48004308609495     
   1.0000000000000000       -138.48004308609495       -138.48004308609495     
   1.0000000000000000       -138.48004308609495       -138.48004308609495     
   1.0000000000000000       -138.48004308609495       -138.48004308609495     
   1.0000000000000000       -138.48004308609495       -138.48004308609495     
 
 part:           4
 comp:           0
   1.0002202986169915        55.229350183435017        55.217185913744053     
   1.0000682352260482        55.220953670906624        55.217185913744053     
   1.0000215291672352        55.218374693773846        55.217185913744053     
   1.0000068060930443        55.217561727049031        55.217185913744053     
   1.0000021521622917        55.217304750089426        55.217185913744053     
   1.0000006805649690        55.217223492626474        55.217185913744053     
   1.0000002152127787        55.217197797188064        55.217185913744053     
   1.0000000680561831        55.217189671614967        55.217185913744053     
   1.0000000215212472        55.217187102086761        55.217185913744053     
   1.0000000068056156        55.217186289530993        55.217185913744053     
 comp:           1
   1.0032336363772822       -14.287063576175363       -14.241013317462654     
   1.0010026013030444       -14.255291375971414       -14.241013317462654     
   1.0003164334381467       -14.245519650269390       -14.241013317462654     
   1.0001000450868864       -14.242438060877351       -14.241013317462654     
   1.0000316363532420       -14.241463851190490       -14.241013317462654     
   1.0000100042667406       -14.241155788358538       -14.241013317462654     
   1.0000031636255777       -14.241058370696637       -14.241013317462654     
   1.0000010004261586       -14.241027564544902       -14.241013317462654     
   1.0000003163625162       -14.241017822785459       -14.241013317462654     
   1.0000001000426166       -14.241014742170890       -14.241013317462654     
 comp:           2
   1.0000053465221563        52.769767907296504        52.769485774071633     
   1.0000016577096047        52.769573250555034        52.769485774071633     
   1.0000005231937641        52.769513382737529        52.769485774071633     
   1.0000001654154058        52.769494502957535        52.769485774071633     
   1.0000000523078181        52.769488534328296        52.769485774071633     
   1.0000000165411405        52.769486646939114        52.769485774071633     
   1.0000000052307656        52.769486050096447        52.769485774071633     
   1.0000000016541131        52.769485861358334        52.769485774071633     
   1.0000000005230765        52.769485801674108        52.769485774071633     
   1.0000000001654112        52.769485782800302        52.769485774071633     
 comp:           3
   1.0000000000000000       -7.8429924815006160       -7.8429924815006160     
   1.0000000000000000       -7.8429924815006160       -7.8429924815006160     
   1.0000000000000000       -7.8429924815006160       -7.8429924815006160     
   1.0000000000000000       -7.8429924815006160       -7.8429924815006160     
   1.0000000000000000       -7.8429924815006160       -7.8429924815006160     
   1.0000000000000000       -7.8429924815006160       -7.8429924815006160     
   1.0000000000000000       -7.8429924815006160       -7.8429924815006160     
   1.0000000000000000       -7.8429924815006160       -7.8429924815006160     
   1.0000000000000000       -7.8429924815006160       -7.8429924815006160     
   1.0000000000000000       -7.8429924815006160       -7.8429924815006160     
 
 part:           5
 comp:           0
   1.0000894610259354        275.14834031245948        275.12372746154159     
   1.0000276654536000        275.13133888425796        275.12372746154159     
   1.0000087245437594        275.12612779054109        275.12372746154159     
   1.0000027576931527        275.12448616836099        275.12372746154159     
   1.0000008719704199        275.12396736129375        275.12372746154159     
   1.0000002757335307        275.12380332237836        275.12372746154159     
   1.0000000871938619        275.12375145064186        275.12372746154159     
   1.0000000275730476        275.12373504754123        275.12372746154159     
   1.0000000087193559        275.12372986044329        275.12372746154159     
   1.0000000027573019        275.12372822014078        275.12372746154159     
 comp:           1
   1.0074864870548836       -30.875826710861141       -30.646392887231997     
   1.0023213186479010       -30.717532930532027       -30.646392887231997     
   1.0007326472004912       -30.668845881185977       -30.646392887231997     
   1.0002316382053771       -30.653491762681675       -30.646392887231997     
   1.0000732489566522       -30.648637703536139       -30.646392887231997     
   1.0000231633025445       -30.647102758902342       -30.646392887231997     
   1.0000073248773182       -30.646617368300145       -30.646392887231997     
   1.0000023163294829       -30.646463874375389       -30.646392887231997     
   1.0000007324876776       -30.646415335337149       -30.646392887231997     
   1.0000002316329542       -30.646399985946513       -30.646392887231997     
 comp:           2
  0.99999308549583643       -203.28978478059122       -203.29119043837392     
  0.99999785603483471       -203.29075458914321       -203.29119043837392     
  0.99999932332854102       -203.29105287702748       -203.29119043837392     
  0.99999978605942630       -203.29114694614000       -203.29119043837392     
  0.99999993234741313       -203.29117668519899       -203.29119043837392     
  0.99999997860642109       -203.29118608924779       -203.29119043837392     
  0.99999999323475830       -203.29118906305987       -203.29119043837392     
  0.99999999786064286       -203.29119000346145       -203.29119043837392     
  0.99999999932347583       -203.29119030084252       -203.29119043837392     
  0.99999999978606435       -203.29119039488268       -203.29119043837392     
 comp:           3
   1.0000000000000000        164.19299604767639        164.19299604767639     
   1.0000000000000000        164.19299604767639        164.19299604767639     
   1.0000000000000000        164.19299604767639        164.19299604767639     
   1.0000000000000000        164.19299604767639        164.19299604767639     
   1.0000000000000000        164.19299604767639        164.19299604767639     
   1.0000000000000000        164.19299604767639        164.19299604767639     
   1.0000000000000000        164.19299604767639        164.19299604767639     
   1.0000000000000000        164.19299604767639        164.19299604767639     
   1.0000000000000000        164.19299604767639        164.19299604767639     
   1.0000000000000000        164.19299604767639        164.19299604767639     
 
 part:           6
 comp:           0
  0.99970969162842138        29.148134565370128        29.156598970137921     
  0.99990990756830422        29.153972181236721        29.156598970137921     
  0.99997155782352609        29.155769693004633        29.156598970137921     
  0.99999100680126263        29.156336759048877        29.156598970137921     
  0.99999715608348005        29.156516051204445        29.156598970137921     
  0.99999910066916120        29.156572748709312        29.156598970137921     
  0.99999971560595280        29.156590678174737        29.156598970137921     
  0.99999991006663536        29.156596347986873        29.156598970137921     
  0.99999997156056630        29.156598140940758        29.156598970137921     
  0.99999999100666026        29.156598707922722        29.156598970137921     
 comp:           1
  0.99763727119524725        10.264612983006769        10.288922917553954     
  0.99926729786496948        10.281384201765098        10.288922917553954     
  0.99976873756623275        10.286543476199197        10.288922917553954     
  0.99992688172990363        10.288170609309068        10.288922917553954     
  0.99997687834567173        10.288685020634844        10.288922917553954     
  0.99999268829783516        10.288847688013984        10.288922917553954     
  0.99999768783649223        10.288899127881850        10.288922917553954     
  0.99999926882964041        10.288915394598485        10.288922917553954     
  0.99999976878362773        10.288920538586522        10.288922917553954     
  0.99999992688295858        10.288922165258350        10.288922917553954     
 comp:           2
   1.0000072253277710        20.613490276766875        20.613341338619250     
   1.0000022406350968        20.613387525595314        20.613341338619250     
   1.0000007072106123        20.613355916593001        20.613341338619250     
   1.0000002235988601        20.613345947738875        20.613341338619250     
   1.0000000707070278        20.613342796127348        20.613341338619250     
   1.0000000223595042        20.613341799523344        20.613341338619250     
   1.0000000070706969        20.613341484369940        20.613341338619250     
   1.0000000022359508        20.613341384709667        20.613341338619250     
   1.0000000007070697        20.613341353194322        20.613341338619250     
   1.0000000002235951        20.613341343228292        20.613341338619250     
 comp:           3
   1.0000000000000000       -17.869960480080845       -17.869960480080845     
   1.0000000000000000       -17.869960480080845       -17.869960480080845     
   1.0000000000000000       -17.869960480080845       -17.869960480080845     
   1.0000000000000000       -17.869960480080845       -17.869960480080845     
   1.0000000000000000       -17.869960480080845       -17.869960480080845     
   1.0000000000000000       -17.869960480080845       -17.869960480080845     
   1.0000000000000000       -17.869960480080845       -17.869960480080845     
   1.0000000000000000       -17.869960480080845       -17.869960480080845     
   1.0000000000000000       -17.869960480080845       -17.869960480080845     
   1.0000000000000000       -17.869960480080845       -17.869960480080845     
 
 part:           7
 comp:           0
   1.0482800995072676        1.0586363283148648        1.0098792572829198     
   1.0046267862517140        1.0145517527464076        1.0098792572829198     
   1.0004607575402362        1.0103445667654412        1.0098792572829198     
   1.0000460566301976        1.0099257689184167        1.0098792572829198     
   1.0000046054718688        1.0098839082534301        1.0098792572829198     
   1.0000004605452752        1.0098797223780402        1.0098792572829198     
   1.0000000460545089        1.0098793037924130        1.0098792572829198     
   1.0000000046054507        1.0098792619338690        1.0098792572829198     
   1.0000000004605447        1.0098792577480145        1.0098792572829198     
   1.0000000000460540        1.0098792573294288        1.0098792572829198     
 comp:           1
  0.46072558291239629        0.0000000000000000     
  0.14286056406998324        0.0000000000000000     
   4.5089622693484419E-002   0.0000000000000000     
   1.4255852502381254E-002   0.0000000000000000     
   4.5080098280452620E-003   0.0000000000000000     
   1.4255551399075296E-003   0.0000000000000000     
   4.5080003054965298E-004   0.0000000000000000     
   1.4255548419735936E-004   0.0000000000000000     
   4.5080001487580359E-005   0.0000000000000000     
   1.4255548947850441E-005   0.0000000000000000     
 comp:           2
  -2.8226984629865959E-003  -0.0000000000000000     
  -8.7525483623603182E-004  -0.0000000000000000     
  -2.7624775656910790E-004  -0.0000000000000000     
  -8.7340435260106929E-005  -0.0000000000000000     
  -2.7618940394658637E-005  -0.0000000000000000     
  -8.7338590509412703E-006  -0.0000000000000000     
  -2.7618882053458004E-006  -0.0000000000000000     
  -8.7338572256081560E-007  -0.0000000000000000     
  -2.7618881093178125E-007  -0.0000000000000000     
  -8.7338575491647495E-008  -0.0000000000000000     
 comp:           3
  0.94379449572642049      -0.95311848437190538       -1.0098792572829198     
  0.99461673221999480       -1.0044428068154931       -1.0098792572829198     
  0.99946393704984160       -1.0093378984289569       -1.0098792572829198     
  0.99994641623927782       -1.0098251441544392       -1.0098792572829198     
  0.99999464184916775       -1.0098738461975370       -1.0098792572829198     
  0.99999946418716901       -1.0098787161766560       -1.0098792572829198     
  0.99999994641873968       -1.0098792031723165       -1.0098792572829198     
  0.99999999464187450       -1.0098792518718600       -1.0098792572829198     
  0.99999999946418694       -1.0098792567418133       -1.0098792572829198     
  0.99999999994641842       -1.0098792572288089       -1.0098792572829198     
 
 part: i_fks+j_fks
 comp:           0
   1.0001611791120155        278.31460978714398        278.26975851456581     
   1.0000154517445099        278.27405826777920        278.26975851456581     
   1.0000015388117509        278.27018671934013        278.26975851456581     
   1.0000001538178336        278.26980131741720        278.26975851456581     
   1.0000000153811499        278.26976279467470        278.26975851456581     
   1.0000000015381088        278.26975894257498        278.26975851456581     
   1.0000000001538107        278.26975855736669        278.26975851456581     
   1.0000000000153810        278.26975851884589        278.26975851456581     
   1.0000000000015381        278.26975851499384        278.26975851456581     
   1.0000000000001539        278.26975851460861        278.26975851456581     
 comp:           1
  0.46072558291239629        0.0000000000000000     
  0.14286056406998324        0.0000000000000000     
   4.5089622693484419E-002   0.0000000000000000     
   1.4255852502381254E-002   0.0000000000000000     
   4.5080098280452620E-003   0.0000000000000000     
   1.4255551399075296E-003   0.0000000000000000     
   4.5080003054965298E-004   0.0000000000000000     
   1.4255548419735936E-004   0.0000000000000000     
   4.5080001487580359E-005   0.0000000000000000     
   1.4255548947850441E-005   0.0000000000000000     
 comp:           2
  -2.8226984629865959E-003   0.0000000000000000     
  -8.7525483623603182E-004   0.0000000000000000     
  -2.7624775656910790E-004   0.0000000000000000     
  -8.7340435260106929E-005   0.0000000000000000     
  -2.7618940394658637E-005   0.0000000000000000     
  -8.7338590509412703E-006   0.0000000000000000     
  -2.7618882053458004E-006   0.0000000000000000     
  -8.7338572256081560E-007   0.0000000000000000     
  -2.7618881093178125E-007   0.0000000000000000     
  -8.7338575491647495E-008   0.0000000000000000     
 comp:           3
  0.99978198647352601       -278.20909194320097       -278.26975851456581     
  0.99997912388055210       -278.26394932184832       -278.26975851456581     
  0.99999792121297948       -278.26918005100362       -278.26975851456581     
  0.99999979220913937       -278.26970069265320       -278.26975851456581     
  0.99999997922179173       -278.26975273261883       -278.26975851456581     
  0.99999999792218808       -278.26975793637359       -278.26975851456581     
  0.99999999979221887       -278.26975845674662       -278.26975851456581     
  0.99999999997922184       -278.26975850878387       -278.26975851456581     
  0.99999999999792233       -278.26975851398765       -278.26975851456581     
  0.99999999999979228       -278.26975851450800       -278.26975851456581     
